<?xml version='1.0' encoding='utf-8'?>
<gpx xmlns="http://www.topografix.com/GPX/1/1" xmlns:ns1="http://www.garmin.com/xmlschemas/GpxExtensions/v3" creator="CALTOPO" version="1.1"><metadata><name>Bear 100 - Full Route (2026+)</name></metadata><trk><name>Bear 100 - Full Route (2026+)</name><extensions><ns1:TrackExtension><ns1:DisplayColor>Red</ns1:DisplayColor></ns1:TrackExtension></extensions><trkseg><trkpt lat="41.72852049283232" lon="-111.79962158203126"><ele>1477.00</ele><time>2026-05-16T06:00:00Z</time></trkpt><trkpt lat="41.72855026924593" lon="-111.79962130145093"><ele>1478.10</ele><time>2026-05-16T06:00:02Z</time></trkpt><trkpt lat="41.72855" lon="-111.79957"><ele>1479.20</ele><time>2026-05-16T06:00:04Z</time></trkpt><trkpt lat="41.72855" lon="-111.79957"><ele>1480.30</ele><time>2026-05-16T06:00:04Z</time></trkpt><trkpt lat="41.72992002643417" lon="-111.79958611795806"><ele>1481.40</ele><time>2026-05-16T06:01:40Z</time></trkpt><trkpt lat="41.72992002643417" lon="-111.79958611795806"><ele>1482.50</ele><time>2026-05-16T06:01:40Z</time></trkpt><trkpt lat="41.73105006230862" lon="-111.79959941249774"><ele>1483.60</ele><time>2026-05-16T06:03:00Z</time></trkpt><trkpt lat="41.73105006230862" lon="-111.79959941249774"><ele>1484.70</ele><time>2026-05-16T06:03:00Z</time></trkpt><trkpt lat="41.73177120266766" lon="-111.79960789650197"><ele>1485.80</ele><time>2026-05-16T06:03:50Z</time></trkpt><trkpt lat="41.73177120367128" lon="-111.79960789650197"><ele>1486.90</ele><time>2026-05-16T06:03:50Z</time></trkpt><trkpt lat="41.73195" lon="-111.79961"><ele>1488.00</ele><time>2026-05-16T06:04:03Z</time></trkpt><trkpt lat="41.73195" lon="-111.79961"><ele>1489.00</ele><time>2026-05-16T06:04:03Z</time></trkpt><trkpt lat="41.73195" lon="-111.79939"><ele>1490.00</ele><time>2026-05-16T06:04:14Z</time></trkpt><trkpt lat="41.73191" lon="-111.79901"><ele>1491.00</ele><time>2026-05-16T06:04:34Z</time></trkpt><trkpt lat="41.73185" lon="-111.7988"><ele>1492.00</ele><time>2026-05-16T06:04:46Z</time></trkpt><trkpt lat="41.731664245085476" lon="-111.79845550906761"><ele>1493.00</ele><time>2026-05-16T06:05:08Z</time></trkpt><trkpt lat="41.731664245085476" lon="-111.79845550906761"><ele>1494.00</ele><time>2026-05-16T06:05:08Z</time></trkpt><trkpt lat="41.7313" lon="-111.79778"><ele>1495.00</ele><time>2026-05-16T06:05:52Z</time></trkpt><trkpt lat="41.73121" lon="-111.79754"><ele>1496.00</ele><time>2026-05-16T06:06:06Z</time></trkpt><trkpt lat="41.73114" lon="-111.79688"><ele>1497.00</ele><time>2026-05-16T06:06:41Z</time></trkpt><trkpt lat="41.73114" lon="-111.79688"><ele>1498.00</ele><time>2026-05-16T06:06:41Z</time></trkpt><trkpt lat="41.73112918716916" lon="-111.7967401090009"><ele>1505.50</ele><time>2026-05-16T06:06:48Z</time></trkpt><trkpt lat="41.73112918716916" lon="-111.7967401090009"><ele>1513.00</ele><time>2026-05-16T06:06:48Z</time></trkpt><trkpt lat="41.73098" lon="-111.79481"><ele>1520.50</ele><time>2026-05-16T06:08:30Z</time></trkpt><trkpt lat="41.73099" lon="-111.79444"><ele>1528.00</ele><time>2026-05-16T06:08:49Z</time></trkpt><trkpt lat="41.73128773543444" lon="-111.79289921912675"><ele>1535.50</ele><time>2026-05-16T06:10:13Z</time></trkpt><trkpt lat="41.73128773543444" lon="-111.79289921912675"><ele>1543.00</ele><time>2026-05-16T06:10:13Z</time></trkpt><trkpt lat="41.73139" lon="-111.79237"><ele>1550.50</ele><time>2026-05-16T06:10:41Z</time></trkpt><trkpt lat="41.73137" lon="-111.79206"><ele>1558.00</ele><time>2026-05-16T06:10:58Z</time></trkpt><trkpt lat="41.73114985227681" lon="-111.7908727747785"><ele>1565.50</ele><time>2026-05-16T06:12:02Z</time></trkpt><trkpt lat="41.73114653964183" lon="-111.79085491021127"><ele>1573.00</ele><time>2026-05-16T06:12:03Z</time></trkpt><trkpt lat="41.73114336590645" lon="-111.79083779470973"><ele>1572.90</ele><time>2026-05-16T06:12:03Z</time></trkpt><trkpt lat="41.73114336590645" lon="-111.79083779470973"><ele>1572.80</ele><time>2026-05-16T06:12:03Z</time></trkpt><trkpt lat="41.73109" lon="-111.79055"><ele>1572.70</ele><time>2026-05-16T06:12:19Z</time></trkpt><trkpt lat="41.73109" lon="-111.79055"><ele>1572.60</ele><time>2026-05-16T06:12:19Z</time></trkpt><trkpt lat="41.73098" lon="-111.79021"><ele>1572.50</ele><time>2026-05-16T06:12:38Z</time></trkpt><trkpt lat="41.73084" lon="-111.78958"><ele>1572.40</ele><time>2026-05-16T06:13:13Z</time></trkpt><trkpt lat="41.73084" lon="-111.78958"><ele>1572.30</ele><time>2026-05-16T06:13:13Z</time></trkpt><trkpt lat="41.73084" lon="-111.78958"><ele>1572.20</ele><time>2026-05-16T06:13:13Z</time></trkpt><trkpt lat="41.73112" lon="-111.78927"><ele>1572.10</ele><time>2026-05-16T06:13:38Z</time></trkpt><trkpt lat="41.73112" lon="-111.78927"><ele>1572.00</ele><time>2026-05-16T06:13:38Z</time></trkpt><trkpt lat="41.73115" lon="-111.78917"><ele>1572.00</ele><time>2026-05-16T06:13:44Z</time></trkpt><trkpt lat="41.73105" lon="-111.78885"><ele>1572.00</ele><time>2026-05-16T06:14:02Z</time></trkpt><trkpt lat="41.73083" lon="-111.78855"><ele>1572.00</ele><time>2026-05-16T06:14:24Z</time></trkpt><trkpt lat="41.73071" lon="-111.78843"><ele>1572.00</ele><time>2026-05-16T06:14:35Z</time></trkpt><trkpt lat="41.73054" lon="-111.78818"><ele>1572.00</ele><time>2026-05-16T06:14:52Z</time></trkpt><trkpt lat="41.73039" lon="-111.788"><ele>1572.00</ele><time>2026-05-16T06:15:06Z</time></trkpt><trkpt lat="41.73032" lon="-111.78798"><ele>1572.00</ele><time>2026-05-16T06:15:11Z</time></trkpt><trkpt lat="41.7302" lon="-111.78804"><ele>1572.00</ele><time>2026-05-16T06:15:20Z</time></trkpt><trkpt lat="41.73016" lon="-111.7881"><ele>1572.00</ele><time>2026-05-16T06:15:25Z</time></trkpt><trkpt lat="41.72994" lon="-111.78778"><ele>1572.00</ele><time>2026-05-16T06:15:47Z</time></trkpt><trkpt lat="41.72989" lon="-111.78765"><ele>1576.20</ele><time>2026-05-16T06:15:55Z</time></trkpt><trkpt lat="41.72988" lon="-111.78745"><ele>1580.40</ele><time>2026-05-16T06:16:06Z</time></trkpt><trkpt lat="41.72983" lon="-111.78733"><ele>1584.60</ele><time>2026-05-16T06:16:13Z</time></trkpt><trkpt lat="41.72975" lon="-111.78693"><ele>1588.80</ele><time>2026-05-16T06:16:34Z</time></trkpt><trkpt lat="41.72961007240882" lon="-111.78667638124098"><ele>1593.00</ele><time>2026-05-16T06:16:51Z</time></trkpt><trkpt lat="41.72961007243068" lon="-111.78667638124097"><ele>1597.20</ele><time>2026-05-16T06:16:51Z</time></trkpt><trkpt lat="41.72959" lon="-111.78664"><ele>1601.40</ele><time>2026-05-16T06:16:53Z</time></trkpt><trkpt lat="41.72949" lon="-111.78637"><ele>1605.60</ele><time>2026-05-16T06:17:09Z</time></trkpt><trkpt lat="41.72932" lon="-111.78603"><ele>1609.80</ele><time>2026-05-16T06:17:31Z</time></trkpt><trkpt lat="41.72932" lon="-111.78594"><ele>1614.00</ele><time>2026-05-16T06:17:35Z</time></trkpt><trkpt lat="41.72912" lon="-111.78548"><ele>1618.80</ele><time>2026-05-16T06:18:03Z</time></trkpt><trkpt lat="41.72906" lon="-111.78541"><ele>1623.60</ele><time>2026-05-16T06:18:09Z</time></trkpt><trkpt lat="41.729" lon="-111.78516"><ele>1628.40</ele><time>2026-05-16T06:18:22Z</time></trkpt><trkpt lat="41.72903" lon="-111.78473"><ele>1633.20</ele><time>2026-05-16T06:18:45Z</time></trkpt><trkpt lat="41.72894" lon="-111.78451"><ele>1638.00</ele><time>2026-05-16T06:18:58Z</time></trkpt><trkpt lat="41.72892" lon="-111.78435"><ele>1642.80</ele><time>2026-05-16T06:19:07Z</time></trkpt><trkpt lat="41.72891" lon="-111.78395"><ele>1647.60</ele><time>2026-05-16T06:19:28Z</time></trkpt><trkpt lat="41.72888" lon="-111.78384"><ele>1652.40</ele><time>2026-05-16T06:19:34Z</time></trkpt><trkpt lat="41.72891" lon="-111.78354"><ele>1657.20</ele><time>2026-05-16T06:19:50Z</time></trkpt><trkpt lat="41.72897" lon="-111.7834"><ele>1662.00</ele><time>2026-05-16T06:19:58Z</time></trkpt><trkpt lat="41.729" lon="-111.78321"><ele>1663.10</ele><time>2026-05-16T06:20:08Z</time></trkpt><trkpt lat="41.729" lon="-111.78271"><ele>1664.20</ele><time>2026-05-16T06:20:34Z</time></trkpt><trkpt lat="41.72895" lon="-111.78254"><ele>1665.30</ele><time>2026-05-16T06:20:44Z</time></trkpt><trkpt lat="41.7289" lon="-111.78247"><ele>1666.40</ele><time>2026-05-16T06:20:49Z</time></trkpt><trkpt lat="41.72891" lon="-111.78227"><ele>1667.50</ele><time>2026-05-16T06:21:00Z</time></trkpt><trkpt lat="41.72888" lon="-111.78205"><ele>1668.60</ele><time>2026-05-16T06:21:11Z</time></trkpt><trkpt lat="41.72884" lon="-111.7819"><ele>1669.70</ele><time>2026-05-16T06:21:20Z</time></trkpt><trkpt lat="41.72877" lon="-111.78178"><ele>1670.80</ele><time>2026-05-16T06:21:28Z</time></trkpt><trkpt lat="41.72876" lon="-111.78164"><ele>1671.90</ele><time>2026-05-16T06:21:35Z</time></trkpt><trkpt lat="41.72885" lon="-111.78149"><ele>1673.00</ele><time>2026-05-16T06:21:45Z</time></trkpt><trkpt lat="41.72889" lon="-111.78137"><ele>1679.60</ele><time>2026-05-16T06:21:52Z</time></trkpt><trkpt lat="41.72894" lon="-111.78087"><ele>1686.20</ele><time>2026-05-16T06:22:18Z</time></trkpt><trkpt lat="41.72892" lon="-111.78061"><ele>1692.80</ele><time>2026-05-16T06:22:32Z</time></trkpt><trkpt lat="41.72895" lon="-111.78049"><ele>1699.40</ele><time>2026-05-16T06:22:39Z</time></trkpt><trkpt lat="41.72909" lon="-111.78029"><ele>1706.00</ele><time>2026-05-16T06:22:53Z</time></trkpt><trkpt lat="41.72911" lon="-111.78021"><ele>1712.60</ele><time>2026-05-16T06:22:57Z</time></trkpt><trkpt lat="41.7291" lon="-111.78007"><ele>1719.20</ele><time>2026-05-16T06:23:05Z</time></trkpt><trkpt lat="41.72904" lon="-111.7798"><ele>1725.80</ele><time>2026-05-16T06:23:19Z</time></trkpt><trkpt lat="41.72906" lon="-111.77927"><ele>1732.40</ele><time>2026-05-16T06:23:47Z</time></trkpt><trkpt lat="41.72921" lon="-111.77877"><ele>1739.00</ele><time>2026-05-16T06:24:15Z</time></trkpt><trkpt lat="41.72926" lon="-111.77873"><ele>1737.40</ele><time>2026-05-16T06:24:20Z</time></trkpt><trkpt lat="41.72938" lon="-111.77846"><ele>1735.80</ele><time>2026-05-16T06:24:36Z</time></trkpt><trkpt lat="41.72945" lon="-111.77836"><ele>1734.20</ele><time>2026-05-16T06:24:43Z</time></trkpt><trkpt lat="41.72958" lon="-111.77801"><ele>1732.60</ele><time>2026-05-16T06:25:04Z</time></trkpt><trkpt lat="41.72963" lon="-111.77769"><ele>1731.00</ele><time>2026-05-16T06:25:21Z</time></trkpt><trkpt lat="41.72959" lon="-111.77745"><ele>1729.40</ele><time>2026-05-16T06:25:34Z</time></trkpt><trkpt lat="41.72955" lon="-111.77734"><ele>1727.80</ele><time>2026-05-16T06:25:40Z</time></trkpt><trkpt lat="41.72969" lon="-111.77711"><ele>1726.20</ele><time>2026-05-16T06:25:56Z</time></trkpt><trkpt lat="41.72989" lon="-111.77689"><ele>1724.60</ele><time>2026-05-16T06:26:14Z</time></trkpt><trkpt lat="41.7299" lon="-111.77681"><ele>1723.00</ele><time>2026-05-16T06:26:18Z</time></trkpt><trkpt lat="41.72984" lon="-111.77634"><ele>1727.40</ele><time>2026-05-16T06:26:43Z</time></trkpt><trkpt lat="41.72988" lon="-111.77602"><ele>1731.80</ele><time>2026-05-16T06:27:00Z</time></trkpt><trkpt lat="41.72986" lon="-111.77581"><ele>1736.20</ele><time>2026-05-16T06:27:11Z</time></trkpt><trkpt lat="41.72982" lon="-111.77565"><ele>1740.60</ele><time>2026-05-16T06:27:20Z</time></trkpt><trkpt lat="41.72971" lon="-111.77541"><ele>1745.00</ele><time>2026-05-16T06:27:35Z</time></trkpt><trkpt lat="41.72969" lon="-111.77532"><ele>1749.40</ele><time>2026-05-16T06:27:39Z</time></trkpt><trkpt lat="41.72973" lon="-111.77522"><ele>1753.80</ele><time>2026-05-16T06:27:45Z</time></trkpt><trkpt lat="41.7297" lon="-111.7749"><ele>1758.20</ele><time>2026-05-16T06:28:02Z</time></trkpt><trkpt lat="41.7297" lon="-111.7749"><ele>1762.60</ele><time>2026-05-16T06:28:02Z</time></trkpt><trkpt lat="41.7296" lon="-111.77456"><ele>1767.00</ele><time>2026-05-16T06:28:21Z</time></trkpt><trkpt lat="41.72952" lon="-111.77394"><ele>1769.90</ele><time>2026-05-16T06:28:54Z</time></trkpt><trkpt lat="41.72949" lon="-111.77388"><ele>1772.80</ele><time>2026-05-16T06:28:58Z</time></trkpt><trkpt lat="41.72948" lon="-111.77378"><ele>1775.70</ele><time>2026-05-16T06:29:03Z</time></trkpt><trkpt lat="41.72953" lon="-111.77365"><ele>1778.60</ele><time>2026-05-16T06:29:11Z</time></trkpt><trkpt lat="41.72951" lon="-111.77324"><ele>1781.50</ele><time>2026-05-16T06:29:33Z</time></trkpt><trkpt lat="41.72955" lon="-111.77291"><ele>1784.40</ele><time>2026-05-16T06:29:50Z</time></trkpt><trkpt lat="41.72939" lon="-111.77247"><ele>1787.30</ele><time>2026-05-16T06:30:16Z</time></trkpt><trkpt lat="41.72938" lon="-111.77227"><ele>1790.20</ele><time>2026-05-16T06:30:26Z</time></trkpt><trkpt lat="41.72931" lon="-111.77214"><ele>1793.10</ele><time>2026-05-16T06:30:35Z</time></trkpt><trkpt lat="41.72923" lon="-111.77212"><ele>1796.00</ele><time>2026-05-16T06:30:40Z</time></trkpt><trkpt lat="41.72912" lon="-111.77193"><ele>1797.00</ele><time>2026-05-16T06:30:53Z</time></trkpt><trkpt lat="41.72888" lon="-111.77163"><ele>1798.00</ele><time>2026-05-16T06:31:16Z</time></trkpt><trkpt lat="41.72884" lon="-111.77162"><ele>1799.00</ele><time>2026-05-16T06:31:19Z</time></trkpt><trkpt lat="41.72875" lon="-111.77139"><ele>1800.00</ele><time>2026-05-16T06:31:32Z</time></trkpt><trkpt lat="41.72864" lon="-111.7713"><ele>1801.00</ele><time>2026-05-16T06:31:41Z</time></trkpt><trkpt lat="41.72863" lon="-111.77124"><ele>1802.00</ele><time>2026-05-16T06:31:45Z</time></trkpt><trkpt lat="41.72854" lon="-111.77115"><ele>1803.00</ele><time>2026-05-16T06:31:53Z</time></trkpt><trkpt lat="41.72842" lon="-111.77097"><ele>1804.00</ele><time>2026-05-16T06:32:05Z</time></trkpt><trkpt lat="41.72836" lon="-111.77093"><ele>1805.00</ele><time>2026-05-16T06:32:10Z</time></trkpt><trkpt lat="41.7283" lon="-111.7708"><ele>1806.00</ele><time>2026-05-16T06:32:18Z</time></trkpt><trkpt lat="41.72823" lon="-111.77073"><ele>1806.00</ele><time>2026-05-16T06:32:24Z</time></trkpt><trkpt lat="41.72821" lon="-111.77066"><ele>1806.00</ele><time>2026-05-16T06:32:28Z</time></trkpt><trkpt lat="41.7281" lon="-111.77052"><ele>1806.00</ele><time>2026-05-16T06:32:39Z</time></trkpt><trkpt lat="41.72809" lon="-111.77047"><ele>1806.00</ele><time>2026-05-16T06:32:41Z</time></trkpt><trkpt lat="41.72802" lon="-111.77037"><ele>1806.00</ele><time>2026-05-16T06:32:48Z</time></trkpt><trkpt lat="41.72795" lon="-111.77036"><ele>1806.00</ele><time>2026-05-16T06:32:53Z</time></trkpt><trkpt lat="41.72792" lon="-111.77033"><ele>1806.00</ele><time>2026-05-16T06:32:56Z</time></trkpt><trkpt lat="41.72788" lon="-111.7702"><ele>1806.00</ele><time>2026-05-16T06:33:03Z</time></trkpt><trkpt lat="41.72778" lon="-111.77007"><ele>1806.00</ele><time>2026-05-16T06:33:13Z</time></trkpt><trkpt lat="41.72775" lon="-111.7699"><ele>1806.00</ele><time>2026-05-16T06:33:22Z</time></trkpt><trkpt lat="41.72776" lon="-111.76977"><ele>1808.80</ele><time>2026-05-16T06:33:29Z</time></trkpt><trkpt lat="41.72769" lon="-111.76957"><ele>1811.60</ele><time>2026-05-16T06:33:41Z</time></trkpt><trkpt lat="41.72772" lon="-111.76943"><ele>1814.40</ele><time>2026-05-16T06:33:48Z</time></trkpt><trkpt lat="41.72771" lon="-111.7693"><ele>1817.20</ele><time>2026-05-16T06:33:55Z</time></trkpt><trkpt lat="41.72777" lon="-111.76903"><ele>1820.00</ele><time>2026-05-16T06:34:10Z</time></trkpt><trkpt lat="41.7277" lon="-111.76888"><ele>1822.80</ele><time>2026-05-16T06:34:19Z</time></trkpt><trkpt lat="41.7277" lon="-111.76882"><ele>1825.60</ele><time>2026-05-16T06:34:22Z</time></trkpt><trkpt lat="41.72779" lon="-111.76859"><ele>1828.40</ele><time>2026-05-16T06:34:36Z</time></trkpt><trkpt lat="41.72779" lon="-111.76844"><ele>1831.20</ele><time>2026-05-16T06:34:44Z</time></trkpt><trkpt lat="41.7279" lon="-111.76824"><ele>1834.00</ele><time>2026-05-16T06:34:57Z</time></trkpt><trkpt lat="41.72789" lon="-111.76812"><ele>1834.00</ele><time>2026-05-16T06:35:03Z</time></trkpt><trkpt lat="41.72791" lon="-111.76802"><ele>1834.00</ele><time>2026-05-16T06:35:08Z</time></trkpt><trkpt lat="41.72789" lon="-111.76791"><ele>1834.00</ele><time>2026-05-16T06:35:14Z</time></trkpt><trkpt lat="41.72765" lon="-111.76751"><ele>1834.00</ele><time>2026-05-16T06:35:41Z</time></trkpt><trkpt lat="41.72744" lon="-111.76738"><ele>1834.00</ele><time>2026-05-16T06:35:58Z</time></trkpt><trkpt lat="41.72736" lon="-111.76731"><ele>1834.00</ele><time>2026-05-16T06:36:04Z</time></trkpt><trkpt lat="41.72724" lon="-111.76727"><ele>1834.00</ele><time>2026-05-16T06:36:13Z</time></trkpt><trkpt lat="41.72719" lon="-111.76719"><ele>1834.00</ele><time>2026-05-16T06:36:18Z</time></trkpt><trkpt lat="41.72712" lon="-111.76714"><ele>1834.00</ele><time>2026-05-16T06:36:24Z</time></trkpt><trkpt lat="41.72709" lon="-111.76701"><ele>1834.00</ele><time>2026-05-16T06:36:31Z</time></trkpt><trkpt lat="41.72697" lon="-111.76685"><ele>1843.90</ele><time>2026-05-16T06:36:43Z</time></trkpt><trkpt lat="41.72698" lon="-111.76668"><ele>1853.80</ele><time>2026-05-16T06:36:52Z</time></trkpt><trkpt lat="41.72694" lon="-111.76644"><ele>1863.70</ele><time>2026-05-16T06:37:05Z</time></trkpt><trkpt lat="41.72698" lon="-111.76629"><ele>1873.60</ele><time>2026-05-16T06:37:13Z</time></trkpt><trkpt lat="41.72689" lon="-111.76587"><ele>1883.50</ele><time>2026-05-16T06:37:36Z</time></trkpt><trkpt lat="41.72688" lon="-111.76549"><ele>1893.40</ele><time>2026-05-16T06:37:56Z</time></trkpt><trkpt lat="41.72686" lon="-111.76542"><ele>1903.30</ele><time>2026-05-16T06:38:00Z</time></trkpt><trkpt lat="41.72677087483894" lon="-111.76527602858597"><ele>1913.20</ele><time>2026-05-16T06:38:10Z</time></trkpt><trkpt lat="41.72677087486729" lon="-111.76527602858597"><ele>1923.10</ele><time>2026-05-16T06:38:10Z</time></trkpt><trkpt lat="41.72673" lon="-111.76521"><ele>1933.00</ele><time>2026-05-16T06:38:14Z</time></trkpt><trkpt lat="41.7267" lon="-111.7651"><ele>1932.90</ele><time>2026-05-16T06:38:20Z</time></trkpt><trkpt lat="41.72667" lon="-111.76465"><ele>1932.80</ele><time>2026-05-16T06:38:44Z</time></trkpt><trkpt lat="41.72664" lon="-111.76446"><ele>1932.70</ele><time>2026-05-16T06:38:54Z</time></trkpt><trkpt lat="41.7266" lon="-111.76433"><ele>1932.60</ele><time>2026-05-16T06:39:01Z</time></trkpt><trkpt lat="41.72662" lon="-111.7642"><ele>1932.50</ele><time>2026-05-16T06:39:08Z</time></trkpt><trkpt lat="41.7266" lon="-111.76415"><ele>1932.40</ele><time>2026-05-16T06:39:11Z</time></trkpt><trkpt lat="41.72661" lon="-111.76406"><ele>1932.30</ele><time>2026-05-16T06:39:16Z</time></trkpt><trkpt lat="41.72654" lon="-111.76387"><ele>1932.20</ele><time>2026-05-16T06:39:27Z</time></trkpt><trkpt lat="41.72656" lon="-111.76379"><ele>1932.10</ele><time>2026-05-16T06:39:32Z</time></trkpt><trkpt lat="41.72652" lon="-111.7635"><ele>1932.00</ele><time>2026-05-16T06:39:47Z</time></trkpt><trkpt lat="41.72645" lon="-111.76313"><ele>1931.90</ele><time>2026-05-16T06:40:07Z</time></trkpt><trkpt lat="41.72633" lon="-111.76279"><ele>1931.80</ele><time>2026-05-16T06:40:27Z</time></trkpt><trkpt lat="41.72633" lon="-111.76262"><ele>1931.70</ele><time>2026-05-16T06:40:36Z</time></trkpt><trkpt lat="41.72624" lon="-111.76235"><ele>1931.60</ele><time>2026-05-16T06:40:51Z</time></trkpt><trkpt lat="41.72624" lon="-111.76229"><ele>1931.50</ele><time>2026-05-16T06:40:54Z</time></trkpt><trkpt lat="41.7262" lon="-111.76214"><ele>1931.40</ele><time>2026-05-16T06:41:03Z</time></trkpt><trkpt lat="41.72612" lon="-111.76172"><ele>1931.30</ele><time>2026-05-16T06:41:25Z</time></trkpt><trkpt lat="41.72609" lon="-111.76137"><ele>1931.20</ele><time>2026-05-16T06:41:44Z</time></trkpt><trkpt lat="41.72599" lon="-111.76118"><ele>1931.10</ele><time>2026-05-16T06:41:56Z</time></trkpt><trkpt lat="41.72594" lon="-111.76098"><ele>1931.00</ele><time>2026-05-16T06:42:07Z</time></trkpt><trkpt lat="41.72587" lon="-111.76088"><ele>1935.40</ele><time>2026-05-16T06:42:14Z</time></trkpt><trkpt lat="41.72582" lon="-111.76074"><ele>1939.80</ele><time>2026-05-16T06:42:22Z</time></trkpt><trkpt lat="41.72571" lon="-111.76033"><ele>1944.20</ele><time>2026-05-16T06:42:45Z</time></trkpt><trkpt lat="41.72565" lon="-111.76027"><ele>1948.60</ele><time>2026-05-16T06:42:50Z</time></trkpt><trkpt lat="41.72536" lon="-111.76009"><ele>1953.00</ele><time>2026-05-16T06:43:13Z</time></trkpt><trkpt lat="41.72531" lon="-111.75999"><ele>1957.40</ele><time>2026-05-16T06:43:19Z</time></trkpt><trkpt lat="41.72531" lon="-111.75985"><ele>1961.80</ele><time>2026-05-16T06:43:26Z</time></trkpt><trkpt lat="41.72527" lon="-111.75973"><ele>1966.20</ele><time>2026-05-16T06:43:33Z</time></trkpt><trkpt lat="41.72522" lon="-111.75964"><ele>1970.60</ele><time>2026-05-16T06:43:39Z</time></trkpt><trkpt lat="41.72512" lon="-111.75957"><ele>1975.00</ele><time>2026-05-16T06:43:47Z</time></trkpt><trkpt lat="41.72504" lon="-111.75943"><ele>1976.30</ele><time>2026-05-16T06:43:56Z</time></trkpt><trkpt lat="41.72493" lon="-111.75931"><ele>1977.60</ele><time>2026-05-16T06:44:06Z</time></trkpt><trkpt lat="41.72487" lon="-111.75906"><ele>1978.90</ele><time>2026-05-16T06:44:20Z</time></trkpt><trkpt lat="41.72476" lon="-111.75893"><ele>1980.20</ele><time>2026-05-16T06:44:30Z</time></trkpt><trkpt lat="41.72469" lon="-111.7587"><ele>1981.50</ele><time>2026-05-16T06:44:43Z</time></trkpt><trkpt lat="41.7246" lon="-111.75853"><ele>1982.80</ele><time>2026-05-16T06:44:54Z</time></trkpt><trkpt lat="41.72444" lon="-111.75834"><ele>1984.10</ele><time>2026-05-16T06:45:09Z</time></trkpt><trkpt lat="41.72434" lon="-111.75817"><ele>1985.40</ele><time>2026-05-16T06:45:20Z</time></trkpt><trkpt lat="41.72428" lon="-111.75796"><ele>1986.70</ele><time>2026-05-16T06:45:32Z</time></trkpt><trkpt lat="41.7241" lon="-111.75763"><ele>1988.00</ele><time>2026-05-16T06:45:54Z</time></trkpt><trkpt lat="41.72408" lon="-111.75753"><ele>1990.10</ele><time>2026-05-16T06:45:59Z</time></trkpt><trkpt lat="41.724" lon="-111.75744"><ele>1992.20</ele><time>2026-05-16T06:46:06Z</time></trkpt><trkpt lat="41.72389" lon="-111.75691"><ele>1994.30</ele><time>2026-05-16T06:46:35Z</time></trkpt><trkpt lat="41.72373" lon="-111.75685"><ele>1996.40</ele><time>2026-05-16T06:46:47Z</time></trkpt><trkpt lat="41.72361" lon="-111.75674"><ele>1998.50</ele><time>2026-05-16T06:46:57Z</time></trkpt><trkpt lat="41.7235" lon="-111.75645"><ele>2000.60</ele><time>2026-05-16T06:47:14Z</time></trkpt><trkpt lat="41.72348" lon="-111.75629"><ele>2002.70</ele><time>2026-05-16T06:47:23Z</time></trkpt><trkpt lat="41.72353" lon="-111.75587"><ele>2004.80</ele><time>2026-05-16T06:47:45Z</time></trkpt><trkpt lat="41.72341" lon="-111.7555"><ele>2006.90</ele><time>2026-05-16T06:48:06Z</time></trkpt><trkpt lat="41.72333" lon="-111.7554"><ele>2009.00</ele><time>2026-05-16T06:48:14Z</time></trkpt><trkpt lat="41.72331" lon="-111.7553"><ele>2013.10</ele><time>2026-05-16T06:48:19Z</time></trkpt><trkpt lat="41.72332" lon="-111.75514"><ele>2017.20</ele><time>2026-05-16T06:48:27Z</time></trkpt><trkpt lat="41.72328" lon="-111.75497"><ele>2021.30</ele><time>2026-05-16T06:48:37Z</time></trkpt><trkpt lat="41.72309" lon="-111.75473"><ele>2025.40</ele><time>2026-05-16T06:48:55Z</time></trkpt><trkpt lat="41.72306" lon="-111.75463"><ele>2029.50</ele><time>2026-05-16T06:49:01Z</time></trkpt><trkpt lat="41.72303" lon="-111.75433"><ele>2033.60</ele><time>2026-05-16T06:49:17Z</time></trkpt><trkpt lat="41.72292" lon="-111.75418"><ele>2037.70</ele><time>2026-05-16T06:49:28Z</time></trkpt><trkpt lat="41.72291" lon="-111.75403"><ele>2041.80</ele><time>2026-05-16T06:49:35Z</time></trkpt><trkpt lat="41.72275" lon="-111.75388"><ele>2045.90</ele><time>2026-05-16T06:49:49Z</time></trkpt><trkpt lat="41.72261" lon="-111.75381"><ele>2050.00</ele><time>2026-05-16T06:50:00Z</time></trkpt><trkpt lat="41.72244" lon="-111.75364"><ele>2053.40</ele><time>2026-05-16T06:50:15Z</time></trkpt><trkpt lat="41.72213" lon="-111.75309"><ele>2056.80</ele><time>2026-05-16T06:50:51Z</time></trkpt><trkpt lat="41.72213" lon="-111.75309"><ele>2060.20</ele><time>2026-05-16T06:50:51Z</time></trkpt><trkpt lat="41.72205" lon="-111.75293"><ele>2063.60</ele><time>2026-05-16T06:51:01Z</time></trkpt><trkpt lat="41.72205" lon="-111.75293"><ele>2067.00</ele><time>2026-05-16T06:51:01Z</time></trkpt><trkpt lat="41.7217" lon="-111.75255"><ele>2070.40</ele><time>2026-05-16T06:51:32Z</time></trkpt><trkpt lat="41.72157" lon="-111.75233"><ele>2073.80</ele><time>2026-05-16T06:51:47Z</time></trkpt><trkpt lat="41.72147" lon="-111.75225"><ele>2077.20</ele><time>2026-05-16T06:51:55Z</time></trkpt><trkpt lat="41.72139" lon="-111.7521"><ele>2080.60</ele><time>2026-05-16T06:52:05Z</time></trkpt><trkpt lat="41.72138" lon="-111.75204"><ele>2084.00</ele><time>2026-05-16T06:52:08Z</time></trkpt><trkpt lat="41.72142" lon="-111.75184"><ele>2088.00</ele><time>2026-05-16T06:52:19Z</time></trkpt><trkpt lat="41.72131" lon="-111.75143"><ele>2092.00</ele><time>2026-05-16T06:52:42Z</time></trkpt><trkpt lat="41.72134" lon="-111.75125"><ele>2096.00</ele><time>2026-05-16T06:52:51Z</time></trkpt><trkpt lat="41.72128" lon="-111.75108"><ele>2100.00</ele><time>2026-05-16T06:53:01Z</time></trkpt><trkpt lat="41.7211" lon="-111.75086"><ele>2104.00</ele><time>2026-05-16T06:53:18Z</time></trkpt><trkpt lat="41.7209" lon="-111.7508"><ele>2108.00</ele><time>2026-05-16T06:53:33Z</time></trkpt><trkpt lat="41.72088" lon="-111.75077"><ele>2112.00</ele><time>2026-05-16T06:53:35Z</time></trkpt><trkpt lat="41.72079" lon="-111.7508"><ele>2116.00</ele><time>2026-05-16T06:53:41Z</time></trkpt><trkpt lat="41.72065" lon="-111.75069"><ele>2120.00</ele><time>2026-05-16T06:53:53Z</time></trkpt><trkpt lat="41.72063" lon="-111.75054"><ele>2124.00</ele><time>2026-05-16T06:54:01Z</time></trkpt><trkpt lat="41.7205" lon="-111.75026"><ele>2123.30</ele><time>2026-05-16T06:54:18Z</time></trkpt><trkpt lat="41.72048" lon="-111.75016"><ele>2122.60</ele><time>2026-05-16T06:54:23Z</time></trkpt><trkpt lat="41.72037" lon="-111.75005"><ele>2121.90</ele><time>2026-05-16T06:54:33Z</time></trkpt><trkpt lat="41.72028" lon="-111.74985"><ele>2121.20</ele><time>2026-05-16T06:54:45Z</time></trkpt><trkpt lat="41.72015" lon="-111.74975"><ele>2120.50</ele><time>2026-05-16T06:54:56Z</time></trkpt><trkpt lat="41.72009" lon="-111.7496"><ele>2119.80</ele><time>2026-05-16T06:55:05Z</time></trkpt><trkpt lat="41.72001" lon="-111.74949"><ele>2119.10</ele><time>2026-05-16T06:55:13Z</time></trkpt><trkpt lat="41.71975" lon="-111.74862"><ele>2118.40</ele><time>2026-05-16T06:56:02Z</time></trkpt><trkpt lat="41.71972" lon="-111.74837"><ele>2117.70</ele><time>2026-05-16T06:56:15Z</time></trkpt><trkpt lat="41.7196" lon="-111.74825"><ele>2117.00</ele><time>2026-05-16T06:56:25Z</time></trkpt><trkpt lat="41.71946" lon="-111.74793"><ele>2120.00</ele><time>2026-05-16T06:56:45Z</time></trkpt><trkpt lat="41.71929" lon="-111.74763"><ele>2123.00</ele><time>2026-05-16T06:57:05Z</time></trkpt><trkpt lat="41.71928" lon="-111.74757"><ele>2126.00</ele><time>2026-05-16T06:57:08Z</time></trkpt><trkpt lat="41.71932" lon="-111.74749"><ele>2129.00</ele><time>2026-05-16T06:57:13Z</time></trkpt><trkpt lat="41.71928" lon="-111.74739"><ele>2132.00</ele><time>2026-05-16T06:57:19Z</time></trkpt><trkpt lat="41.71925" lon="-111.74726"><ele>2135.00</ele><time>2026-05-16T06:57:26Z</time></trkpt><trkpt lat="41.71924" lon="-111.74707"><ele>2138.00</ele><time>2026-05-16T06:57:36Z</time></trkpt><trkpt lat="41.71921" lon="-111.74689"><ele>2141.00</ele><time>2026-05-16T06:57:46Z</time></trkpt><trkpt lat="41.71921" lon="-111.74672"><ele>2144.00</ele><time>2026-05-16T06:57:54Z</time></trkpt><trkpt lat="41.71914" lon="-111.74658"><ele>2147.00</ele><time>2026-05-16T06:58:03Z</time></trkpt><trkpt lat="41.7191" lon="-111.74632"><ele>2154.10</ele><time>2026-05-16T06:58:17Z</time></trkpt><trkpt lat="41.71923" lon="-111.74595"><ele>2161.20</ele><time>2026-05-16T06:58:39Z</time></trkpt><trkpt lat="41.71916" lon="-111.74575"><ele>2168.30</ele><time>2026-05-16T06:58:50Z</time></trkpt><trkpt lat="41.71907" lon="-111.74568"><ele>2175.40</ele><time>2026-05-16T06:58:57Z</time></trkpt><trkpt lat="41.71904" lon="-111.74543"><ele>2182.50</ele><time>2026-05-16T06:59:11Z</time></trkpt><trkpt lat="41.71894" lon="-111.74538"><ele>2189.60</ele><time>2026-05-16T06:59:18Z</time></trkpt><trkpt lat="41.7189" lon="-111.7453"><ele>2196.70</ele><time>2026-05-16T06:59:23Z</time></trkpt><trkpt lat="41.71881" lon="-111.74528"><ele>2203.80</ele><time>2026-05-16T06:59:30Z</time></trkpt><trkpt lat="41.7188" lon="-111.74523"><ele>2210.90</ele><time>2026-05-16T06:59:32Z</time></trkpt><trkpt lat="41.71884" lon="-111.74518"><ele>2218.00</ele><time>2026-05-16T06:59:36Z</time></trkpt><trkpt lat="41.71883" lon="-111.74511"><ele>2216.70</ele><time>2026-05-16T06:59:40Z</time></trkpt><trkpt lat="41.7188" lon="-111.74505"><ele>2215.40</ele><time>2026-05-16T06:59:44Z</time></trkpt><trkpt lat="41.71878" lon="-111.74493"><ele>2214.10</ele><time>2026-05-16T06:59:50Z</time></trkpt><trkpt lat="41.71867" lon="-111.74482"><ele>2212.80</ele><time>2026-05-16T07:00:00Z</time></trkpt><trkpt lat="41.71848" lon="-111.74477"><ele>2211.50</ele><time>2026-05-16T07:00:13Z</time></trkpt><trkpt lat="41.71818" lon="-111.74475"><ele>2210.20</ele><time>2026-05-16T07:00:34Z</time></trkpt><trkpt lat="41.71811" lon="-111.74464"><ele>2208.90</ele><time>2026-05-16T07:00:42Z</time></trkpt><trkpt lat="41.71811" lon="-111.74446"><ele>2207.60</ele><time>2026-05-16T07:00:51Z</time></trkpt><trkpt lat="41.71807" lon="-111.74436"><ele>2206.30</ele><time>2026-05-16T07:00:57Z</time></trkpt><trkpt lat="41.71799" lon="-111.74425"><ele>2205.00</ele><time>2026-05-16T07:01:05Z</time></trkpt><trkpt lat="41.71798" lon="-111.7442"><ele>2207.60</ele><time>2026-05-16T07:01:08Z</time></trkpt><trkpt lat="41.71809" lon="-111.74409"><ele>2210.20</ele><time>2026-05-16T07:01:18Z</time></trkpt><trkpt lat="41.71819" lon="-111.74392"><ele>2212.80</ele><time>2026-05-16T07:01:29Z</time></trkpt><trkpt lat="41.71825" lon="-111.74388"><ele>2215.40</ele><time>2026-05-16T07:01:34Z</time></trkpt><trkpt lat="41.71837" lon="-111.74392"><ele>2218.00</ele><time>2026-05-16T07:01:42Z</time></trkpt><trkpt lat="41.71838" lon="-111.7439"><ele>2220.60</ele><time>2026-05-16T07:01:44Z</time></trkpt><trkpt lat="41.71837" lon="-111.74385"><ele>2223.20</ele><time>2026-05-16T07:01:46Z</time></trkpt><trkpt lat="41.71826" lon="-111.7437"><ele>2225.80</ele><time>2026-05-16T07:01:57Z</time></trkpt><trkpt lat="41.71826" lon="-111.74364"><ele>2228.40</ele><time>2026-05-16T07:02:01Z</time></trkpt><trkpt lat="41.7182" lon="-111.74349"><ele>2231.00</ele><time>2026-05-16T07:02:09Z</time></trkpt><trkpt lat="41.71815" lon="-111.74345"><ele>2231.00</ele><time>2026-05-16T07:02:14Z</time></trkpt><trkpt lat="41.71815" lon="-111.74334"><ele>2231.00</ele><time>2026-05-16T07:02:19Z</time></trkpt><trkpt lat="41.71812" lon="-111.74332"><ele>2231.00</ele><time>2026-05-16T07:02:22Z</time></trkpt><trkpt lat="41.71802" lon="-111.74336"><ele>2231.00</ele><time>2026-05-16T07:02:29Z</time></trkpt><trkpt lat="41.71776" lon="-111.74356"><ele>2231.00</ele><time>2026-05-16T07:02:50Z</time></trkpt><trkpt lat="41.71775" lon="-111.74354"><ele>2231.00</ele><time>2026-05-16T07:02:51Z</time></trkpt><trkpt lat="41.71797" lon="-111.74322"><ele>2231.00</ele><time>2026-05-16T07:03:14Z</time></trkpt><trkpt lat="41.71758" lon="-111.74316"><ele>2231.00</ele><time>2026-05-16T07:03:42Z</time></trkpt><trkpt lat="41.71734" lon="-111.74303"><ele>2231.00</ele><time>2026-05-16T07:04:00Z</time></trkpt><trkpt lat="41.71725" lon="-111.74301"><ele>2231.00</ele><time>2026-05-16T07:04:06Z</time></trkpt><trkpt lat="41.71713" lon="-111.74293"><ele>2231.00</ele><time>2026-05-16T07:04:16Z</time></trkpt><trkpt lat="41.71706" lon="-111.74283"><ele>2231.00</ele><time>2026-05-16T07:04:23Z</time></trkpt><trkpt lat="41.71692" lon="-111.74269"><ele>2231.00</ele><time>2026-05-16T07:04:35Z</time></trkpt><trkpt lat="41.71699" lon="-111.74267"><ele>2231.00</ele><time>2026-05-16T07:04:40Z</time></trkpt><trkpt lat="41.71703" lon="-111.74268"><ele>2231.00</ele><time>2026-05-16T07:04:43Z</time></trkpt><trkpt lat="41.71709" lon="-111.74262"><ele>2231.00</ele><time>2026-05-16T07:04:48Z</time></trkpt><trkpt lat="41.71719" lon="-111.74263"><ele>2231.00</ele><time>2026-05-16T07:04:55Z</time></trkpt><trkpt lat="41.71738" lon="-111.74245"><ele>2231.00</ele><time>2026-05-16T07:05:11Z</time></trkpt><trkpt lat="41.7175" lon="-111.74238"><ele>2231.00</ele><time>2026-05-16T07:05:21Z</time></trkpt><trkpt lat="41.71776" lon="-111.74206"><ele>2231.00</ele><time>2026-05-16T07:05:45Z</time></trkpt><trkpt lat="41.71783" lon="-111.74189"><ele>2238.60</ele><time>2026-05-16T07:05:56Z</time></trkpt><trkpt lat="41.71781" lon="-111.74186"><ele>2246.20</ele><time>2026-05-16T07:05:58Z</time></trkpt><trkpt lat="41.7177" lon="-111.7419"><ele>2253.80</ele><time>2026-05-16T07:06:06Z</time></trkpt><trkpt lat="41.71759" lon="-111.7419"><ele>2261.40</ele><time>2026-05-16T07:06:13Z</time></trkpt><trkpt lat="41.71752" lon="-111.74186"><ele>2269.00</ele><time>2026-05-16T07:06:19Z</time></trkpt><trkpt lat="41.71737" lon="-111.74184"><ele>2276.60</ele><time>2026-05-16T07:06:29Z</time></trkpt><trkpt lat="41.71719" lon="-111.7417"><ele>2284.20</ele><time>2026-05-16T07:06:44Z</time></trkpt><trkpt lat="41.71694" lon="-111.74135"><ele>2291.80</ele><time>2026-05-16T07:07:09Z</time></trkpt><trkpt lat="41.71667" lon="-111.74083"><ele>2299.40</ele><time>2026-05-16T07:07:42Z</time></trkpt><trkpt lat="41.71668" lon="-111.7408"><ele>2307.00</ele><time>2026-05-16T07:07:44Z</time></trkpt><trkpt lat="41.71698" lon="-111.74082"><ele>2307.00</ele><time>2026-05-16T07:08:05Z</time></trkpt><trkpt lat="41.71706" lon="-111.7408"><ele>2307.00</ele><time>2026-05-16T07:08:11Z</time></trkpt><trkpt lat="41.71726" lon="-111.74064"><ele>2307.00</ele><time>2026-05-16T07:08:27Z</time></trkpt><trkpt lat="41.71734" lon="-111.74061"><ele>2307.00</ele><time>2026-05-16T07:08:33Z</time></trkpt><trkpt lat="41.71755" lon="-111.74028"><ele>2307.00</ele><time>2026-05-16T07:08:56Z</time></trkpt><trkpt lat="41.71756" lon="-111.74021"><ele>2307.00</ele><time>2026-05-16T07:09:00Z</time></trkpt><trkpt lat="41.71761" lon="-111.7401"><ele>2307.00</ele><time>2026-05-16T07:09:06Z</time></trkpt><trkpt lat="41.71742" lon="-111.73994"><ele>2307.00</ele><time>2026-05-16T07:09:22Z</time></trkpt><trkpt lat="41.71734" lon="-111.73994"><ele>2307.00</ele><time>2026-05-16T07:09:28Z</time></trkpt><trkpt lat="41.71725" lon="-111.73982"><ele>2307.00</ele><time>2026-05-16T07:09:37Z</time></trkpt><trkpt lat="41.71718" lon="-111.73968"><ele>2312.90</ele><time>2026-05-16T07:09:45Z</time></trkpt><trkpt lat="41.71682" lon="-111.73947"><ele>2318.80</ele><time>2026-05-16T07:10:13Z</time></trkpt><trkpt lat="41.71674" lon="-111.73935"><ele>2324.70</ele><time>2026-05-16T07:10:21Z</time></trkpt><trkpt lat="41.71656" lon="-111.73919"><ele>2330.60</ele><time>2026-05-16T07:10:36Z</time></trkpt><trkpt lat="41.71645" lon="-111.73903"><ele>2336.50</ele><time>2026-05-16T07:10:48Z</time></trkpt><trkpt lat="41.71644" lon="-111.73899"><ele>2342.40</ele><time>2026-05-16T07:10:50Z</time></trkpt><trkpt lat="41.71652" lon="-111.73898"><ele>2348.30</ele><time>2026-05-16T07:10:56Z</time></trkpt><trkpt lat="41.71658" lon="-111.73892"><ele>2354.20</ele><time>2026-05-16T07:11:01Z</time></trkpt><trkpt lat="41.7167" lon="-111.7389"><ele>2360.10</ele><time>2026-05-16T07:11:09Z</time></trkpt><trkpt lat="41.71675" lon="-111.73879"><ele>2366.00</ele><time>2026-05-16T07:11:16Z</time></trkpt><trkpt lat="41.71673" lon="-111.73871"><ele>2371.00</ele><time>2026-05-16T07:11:21Z</time></trkpt><trkpt lat="41.71662" lon="-111.73852"><ele>2376.00</ele><time>2026-05-16T07:11:33Z</time></trkpt><trkpt lat="41.71635" lon="-111.73806"><ele>2381.00</ele><time>2026-05-16T07:12:04Z</time></trkpt><trkpt lat="41.71613" lon="-111.73774"><ele>2386.00</ele><time>2026-05-16T07:12:27Z</time></trkpt><trkpt lat="41.71609" lon="-111.73751"><ele>2391.00</ele><time>2026-05-16T07:12:39Z</time></trkpt><trkpt lat="41.7161" lon="-111.7374"><ele>2396.00</ele><time>2026-05-16T07:12:45Z</time></trkpt><trkpt lat="41.71614" lon="-111.73734"><ele>2401.00</ele><time>2026-05-16T07:12:49Z</time></trkpt><trkpt lat="41.71618" lon="-111.7372"><ele>2406.00</ele><time>2026-05-16T07:12:57Z</time></trkpt><trkpt lat="41.71617" lon="-111.73695"><ele>2411.00</ele><time>2026-05-16T07:13:10Z</time></trkpt><trkpt lat="41.71612" lon="-111.73675"><ele>2416.00</ele><time>2026-05-16T07:13:21Z</time></trkpt><trkpt lat="41.716" lon="-111.73651"><ele>2418.60</ele><time>2026-05-16T07:13:36Z</time></trkpt><trkpt lat="41.71596" lon="-111.7363"><ele>2421.20</ele><time>2026-05-16T07:13:47Z</time></trkpt><trkpt lat="41.71593" lon="-111.7359"><ele>2423.80</ele><time>2026-05-16T07:14:09Z</time></trkpt><trkpt lat="41.71588" lon="-111.73583"><ele>2426.40</ele><time>2026-05-16T07:14:14Z</time></trkpt><trkpt lat="41.71588" lon="-111.73583"><ele>2429.00</ele><time>2026-05-16T07:14:14Z</time></trkpt><trkpt lat="41.71588" lon="-111.73583"><ele>2431.60</ele><time>2026-05-16T07:14:14Z</time></trkpt><trkpt lat="41.71598" lon="-111.73563"><ele>2434.20</ele><time>2026-05-16T07:14:26Z</time></trkpt><trkpt lat="41.71596" lon="-111.73503"><ele>2436.80</ele><time>2026-05-16T07:14:58Z</time></trkpt><trkpt lat="41.7158" lon="-111.73479"><ele>2439.40</ele><time>2026-05-16T07:15:14Z</time></trkpt><trkpt lat="41.71577" lon="-111.73443"><ele>2442.00</ele><time>2026-05-16T07:15:33Z</time></trkpt><trkpt lat="41.71587" lon="-111.73391"><ele>2450.30</ele><time>2026-05-16T07:16:02Z</time></trkpt><trkpt lat="41.7158" lon="-111.73361"><ele>2458.60</ele><time>2026-05-16T07:16:18Z</time></trkpt><trkpt lat="41.71604" lon="-111.73331"><ele>2466.90</ele><time>2026-05-16T07:16:41Z</time></trkpt><trkpt lat="41.71594" lon="-111.73291"><ele>2475.20</ele><time>2026-05-16T07:17:03Z</time></trkpt><trkpt lat="41.71584" lon="-111.73278"><ele>2483.50</ele><time>2026-05-16T07:17:13Z</time></trkpt><trkpt lat="41.71587" lon="-111.73266"><ele>2491.80</ele><time>2026-05-16T07:17:20Z</time></trkpt><trkpt lat="41.71601" lon="-111.73267"><ele>2500.10</ele><time>2026-05-16T07:17:29Z</time></trkpt><trkpt lat="41.71636" lon="-111.73282"><ele>2508.40</ele><time>2026-05-16T07:17:55Z</time></trkpt><trkpt lat="41.71661" lon="-111.73281"><ele>2516.70</ele><time>2026-05-16T07:18:13Z</time></trkpt><trkpt lat="41.71716" lon="-111.73307"><ele>2525.00</ele><time>2026-05-16T07:18:54Z</time></trkpt><trkpt lat="41.7173" lon="-111.73309"><ele>2522.80</ele><time>2026-05-16T07:19:03Z</time></trkpt><trkpt lat="41.71757" lon="-111.73298"><ele>2520.60</ele><time>2026-05-16T07:19:23Z</time></trkpt><trkpt lat="41.71757" lon="-111.73298"><ele>2518.40</ele><time>2026-05-16T07:19:23Z</time></trkpt><trkpt lat="41.71804" lon="-111.73317"><ele>2516.20</ele><time>2026-05-16T07:19:58Z</time></trkpt><trkpt lat="41.71859" lon="-111.73373"><ele>2514.00</ele><time>2026-05-16T07:20:46Z</time></trkpt><trkpt lat="41.71943" lon="-111.73504"><ele>2511.80</ele><time>2026-05-16T07:22:17Z</time></trkpt><trkpt lat="41.71993" lon="-111.73569"><ele>2509.60</ele><time>2026-05-16T07:23:05Z</time></trkpt><trkpt lat="41.72023" lon="-111.73614"><ele>2507.40</ele><time>2026-05-16T07:23:37Z</time></trkpt><trkpt lat="41.72078" lon="-111.73647"><ele>2505.20</ele><time>2026-05-16T07:24:19Z</time></trkpt><trkpt lat="41.7209" lon="-111.7368"><ele>2503.00</ele><time>2026-05-16T07:24:39Z</time></trkpt><trkpt lat="41.72108" lon="-111.7371"><ele>2499.60</ele><time>2026-05-16T07:24:59Z</time></trkpt><trkpt lat="41.72132" lon="-111.73784"><ele>2496.20</ele><time>2026-05-16T07:25:41Z</time></trkpt><trkpt lat="41.72148" lon="-111.73795"><ele>2492.80</ele><time>2026-05-16T07:25:54Z</time></trkpt><trkpt lat="41.72178" lon="-111.73802"><ele>2489.40</ele><time>2026-05-16T07:26:15Z</time></trkpt><trkpt lat="41.72185" lon="-111.73811"><ele>2486.00</ele><time>2026-05-16T07:26:22Z</time></trkpt><trkpt lat="41.72182" lon="-111.73847"><ele>2482.60</ele><time>2026-05-16T07:26:41Z</time></trkpt><trkpt lat="41.72185" lon="-111.7386"><ele>2479.20</ele><time>2026-05-16T07:26:48Z</time></trkpt><trkpt lat="41.72196" lon="-111.73858"><ele>2475.80</ele><time>2026-05-16T07:26:56Z</time></trkpt><trkpt lat="41.72213" lon="-111.73848"><ele>2472.40</ele><time>2026-05-16T07:27:09Z</time></trkpt><trkpt lat="41.72213" lon="-111.73848"><ele>2469.00</ele><time>2026-05-16T07:27:09Z</time></trkpt><trkpt lat="41.72261" lon="-111.73821"><ele>2474.40</ele><time>2026-05-16T07:27:45Z</time></trkpt><trkpt lat="41.72282" lon="-111.73821"><ele>2479.80</ele><time>2026-05-16T07:28:00Z</time></trkpt><trkpt lat="41.72347" lon="-111.73861"><ele>2485.20</ele><time>2026-05-16T07:28:50Z</time></trkpt><trkpt lat="41.72375" lon="-111.73859"><ele>2490.60</ele><time>2026-05-16T07:29:10Z</time></trkpt><trkpt lat="41.72416" lon="-111.73886"><ele>2496.00</ele><time>2026-05-16T07:29:42Z</time></trkpt><trkpt lat="41.72444" lon="-111.7393"><ele>2501.40</ele><time>2026-05-16T07:30:12Z</time></trkpt><trkpt lat="41.72475" lon="-111.7396"><ele>2506.80</ele><time>2026-05-16T07:30:39Z</time></trkpt><trkpt lat="41.72497" lon="-111.73993"><ele>2512.20</ele><time>2026-05-16T07:31:02Z</time></trkpt><trkpt lat="41.7255" lon="-111.74021"><ele>2517.60</ele><time>2026-05-16T07:31:42Z</time></trkpt><trkpt lat="41.72573" lon="-111.74022"><ele>2523.00</ele><time>2026-05-16T07:31:58Z</time></trkpt><trkpt lat="41.7261" lon="-111.74"><ele>2522.50</ele><time>2026-05-16T07:32:27Z</time></trkpt><trkpt lat="41.72689" lon="-111.73978"><ele>2522.00</ele><time>2026-05-16T07:33:23Z</time></trkpt><trkpt lat="41.72726" lon="-111.73959"><ele>2521.50</ele><time>2026-05-16T07:33:51Z</time></trkpt><trkpt lat="41.72735" lon="-111.73933"><ele>2521.00</ele><time>2026-05-16T07:34:06Z</time></trkpt><trkpt lat="41.72758" lon="-111.73896"><ele>2520.50</ele><time>2026-05-16T07:34:31Z</time></trkpt><trkpt lat="41.72792" lon="-111.73807"><ele>2520.00</ele><time>2026-05-16T07:35:23Z</time></trkpt><trkpt lat="41.7279" lon="-111.73785"><ele>2519.50</ele><time>2026-05-16T07:35:35Z</time></trkpt><trkpt lat="41.72773" lon="-111.73738"><ele>2519.00</ele><time>2026-05-16T07:36:02Z</time></trkpt><trkpt lat="41.72767" lon="-111.73687"><ele>2518.50</ele><time>2026-05-16T07:36:29Z</time></trkpt><trkpt lat="41.72774" lon="-111.73667"><ele>2518.00</ele><time>2026-05-16T07:36:41Z</time></trkpt><trkpt lat="41.72777" lon="-111.73647"><ele>2519.00</ele><time>2026-05-16T07:36:52Z</time></trkpt><trkpt lat="41.72777" lon="-111.73634"><ele>2520.00</ele><time>2026-05-16T07:36:59Z</time></trkpt><trkpt lat="41.72785" lon="-111.73617"><ele>2521.00</ele><time>2026-05-16T07:37:09Z</time></trkpt><trkpt lat="41.72799" lon="-111.73605"><ele>2522.00</ele><time>2026-05-16T07:37:21Z</time></trkpt><trkpt lat="41.72807" lon="-111.73603"><ele>2523.00</ele><time>2026-05-16T07:37:26Z</time></trkpt><trkpt lat="41.72813" lon="-111.73598"><ele>2524.00</ele><time>2026-05-16T07:37:31Z</time></trkpt><trkpt lat="41.72817" lon="-111.73591"><ele>2525.00</ele><time>2026-05-16T07:37:36Z</time></trkpt><trkpt lat="41.72818" lon="-111.73531"><ele>2526.00</ele><time>2026-05-16T07:38:07Z</time></trkpt><trkpt lat="41.72825" lon="-111.73512"><ele>2527.00</ele><time>2026-05-16T07:38:18Z</time></trkpt><trkpt lat="41.7285" lon="-111.73476"><ele>2528.00</ele><time>2026-05-16T07:38:44Z</time></trkpt><trkpt lat="41.72866" lon="-111.73462"><ele>2523.60</ele><time>2026-05-16T07:38:58Z</time></trkpt><trkpt lat="41.72885" lon="-111.73451"><ele>2519.20</ele><time>2026-05-16T07:39:12Z</time></trkpt><trkpt lat="41.72891" lon="-111.73441"><ele>2514.80</ele><time>2026-05-16T07:39:19Z</time></trkpt><trkpt lat="41.72892" lon="-111.73422"><ele>2510.40</ele><time>2026-05-16T07:39:29Z</time></trkpt><trkpt lat="41.729" lon="-111.73408"><ele>2506.00</ele><time>2026-05-16T07:39:38Z</time></trkpt><trkpt lat="41.72904" lon="-111.73393"><ele>2501.60</ele><time>2026-05-16T07:39:46Z</time></trkpt><trkpt lat="41.72933" lon="-111.73349"><ele>2497.20</ele><time>2026-05-16T07:40:17Z</time></trkpt><trkpt lat="41.72941" lon="-111.73334"><ele>2492.80</ele><time>2026-05-16T07:40:27Z</time></trkpt><trkpt lat="41.72995" lon="-111.73307"><ele>2488.40</ele><time>2026-05-16T07:41:07Z</time></trkpt><trkpt lat="41.73018" lon="-111.73308"><ele>2484.00</ele><time>2026-05-16T07:41:23Z</time></trkpt><trkpt lat="41.73049" lon="-111.7329"><ele>2481.20</ele><time>2026-05-16T07:41:47Z</time></trkpt><trkpt lat="41.73073" lon="-111.73262"><ele>2478.40</ele><time>2026-05-16T07:42:09Z</time></trkpt><trkpt lat="41.73098" lon="-111.73245"><ele>2475.60</ele><time>2026-05-16T07:42:29Z</time></trkpt><trkpt lat="41.73108" lon="-111.73228"><ele>2472.80</ele><time>2026-05-16T07:42:40Z</time></trkpt><trkpt lat="41.73111" lon="-111.73209"><ele>2470.00</ele><time>2026-05-16T07:42:51Z</time></trkpt><trkpt lat="41.73111" lon="-111.73192"><ele>2467.20</ele><time>2026-05-16T07:42:59Z</time></trkpt><trkpt lat="41.73095" lon="-111.7315"><ele>2464.40</ele><time>2026-05-16T07:43:24Z</time></trkpt><trkpt lat="41.73059" lon="-111.73096"><ele>2461.60</ele><time>2026-05-16T07:44:02Z</time></trkpt><trkpt lat="41.73059" lon="-111.73096"><ele>2458.80</ele><time>2026-05-16T07:44:02Z</time></trkpt><trkpt lat="41.73047" lon="-111.73074"><ele>2456.00</ele><time>2026-05-16T07:44:16Z</time></trkpt><trkpt lat="41.73036" lon="-111.73067"><ele>2451.40</ele><time>2026-05-16T07:44:25Z</time></trkpt><trkpt lat="41.72992" lon="-111.73063"><ele>2446.80</ele><time>2026-05-16T07:44:56Z</time></trkpt><trkpt lat="41.72957" lon="-111.73044"><ele>2442.20</ele><time>2026-05-16T07:45:22Z</time></trkpt><trkpt lat="41.72934" lon="-111.73025"><ele>2437.60</ele><time>2026-05-16T07:45:41Z</time></trkpt><trkpt lat="41.7293" lon="-111.73011"><ele>2433.00</ele><time>2026-05-16T07:45:49Z</time></trkpt><trkpt lat="41.72931" lon="-111.72988"><ele>2428.40</ele><time>2026-05-16T07:46:01Z</time></trkpt><trkpt lat="41.72925" lon="-111.72952"><ele>2423.80</ele><time>2026-05-16T07:46:20Z</time></trkpt><trkpt lat="41.72918" lon="-111.72943"><ele>2419.20</ele><time>2026-05-16T07:46:27Z</time></trkpt><trkpt lat="41.72905" lon="-111.72934"><ele>2414.60</ele><time>2026-05-16T07:46:37Z</time></trkpt><trkpt lat="41.72887" lon="-111.72914"><ele>2410.00</ele><time>2026-05-16T07:46:54Z</time></trkpt><trkpt lat="41.72857" lon="-111.72911"><ele>2410.00</ele><time>2026-05-16T07:47:15Z</time></trkpt><trkpt lat="41.72848" lon="-111.72905"><ele>2410.00</ele><time>2026-05-16T07:47:22Z</time></trkpt><trkpt lat="41.72835" lon="-111.72908"><ele>2410.00</ele><time>2026-05-16T07:47:31Z</time></trkpt><trkpt lat="41.72829" lon="-111.72901"><ele>2410.00</ele><time>2026-05-16T07:47:37Z</time></trkpt><trkpt lat="41.72825" lon="-111.72884"><ele>2410.00</ele><time>2026-05-16T07:47:46Z</time></trkpt><trkpt lat="41.72816" lon="-111.72875"><ele>2410.00</ele><time>2026-05-16T07:47:54Z</time></trkpt><trkpt lat="41.7281" lon="-111.72857"><ele>2410.00</ele><time>2026-05-16T07:48:04Z</time></trkpt><trkpt lat="41.72803" lon="-111.72845"><ele>2410.00</ele><time>2026-05-16T07:48:12Z</time></trkpt><trkpt lat="41.72787" lon="-111.72835"><ele>2410.00</ele><time>2026-05-16T07:48:25Z</time></trkpt><trkpt lat="41.72785" lon="-111.72824"><ele>2410.00</ele><time>2026-05-16T07:48:31Z</time></trkpt><trkpt lat="41.72788" lon="-111.72814"><ele>2407.60</ele><time>2026-05-16T07:48:36Z</time></trkpt><trkpt lat="41.72784" lon="-111.72788"><ele>2405.20</ele><time>2026-05-16T07:48:50Z</time></trkpt><trkpt lat="41.72767" lon="-111.72768"><ele>2402.80</ele><time>2026-05-16T07:49:06Z</time></trkpt><trkpt lat="41.72739" lon="-111.72748"><ele>2400.40</ele><time>2026-05-16T07:49:28Z</time></trkpt><trkpt lat="41.72742" lon="-111.72741"><ele>2398.00</ele><time>2026-05-16T07:49:33Z</time></trkpt><trkpt lat="41.72742" lon="-111.72732"><ele>2395.60</ele><time>2026-05-16T07:49:37Z</time></trkpt><trkpt lat="41.72714" lon="-111.72701"><ele>2393.20</ele><time>2026-05-16T07:50:03Z</time></trkpt><trkpt lat="41.72714" lon="-111.72694"><ele>2390.80</ele><time>2026-05-16T07:50:06Z</time></trkpt><trkpt lat="41.72718" lon="-111.72685"><ele>2388.40</ele><time>2026-05-16T07:50:12Z</time></trkpt><trkpt lat="41.72731" lon="-111.72667"><ele>2386.00</ele><time>2026-05-16T07:50:25Z</time></trkpt><trkpt lat="41.72737" lon="-111.72631"><ele>2386.70</ele><time>2026-05-16T07:50:44Z</time></trkpt><trkpt lat="41.72728" lon="-111.72622"><ele>2387.40</ele><time>2026-05-16T07:50:52Z</time></trkpt><trkpt lat="41.72721" lon="-111.72609"><ele>2388.10</ele><time>2026-05-16T07:51:01Z</time></trkpt><trkpt lat="41.72706" lon="-111.7257"><ele>2388.80</ele><time>2026-05-16T07:51:24Z</time></trkpt><trkpt lat="41.7269" lon="-111.72551"><ele>2389.50</ele><time>2026-05-16T07:51:39Z</time></trkpt><trkpt lat="41.72666" lon="-111.72514"><ele>2390.20</ele><time>2026-05-16T07:52:04Z</time></trkpt><trkpt lat="41.72656" lon="-111.72508"><ele>2390.90</ele><time>2026-05-16T07:52:12Z</time></trkpt><trkpt lat="41.72635" lon="-111.72503"><ele>2391.60</ele><time>2026-05-16T07:52:27Z</time></trkpt><trkpt lat="41.7263" lon="-111.72485"><ele>2392.30</ele><time>2026-05-16T07:52:37Z</time></trkpt><trkpt lat="41.72603" lon="-111.72454"><ele>2393.00</ele><time>2026-05-16T07:53:02Z</time></trkpt><trkpt lat="41.72601" lon="-111.72443"><ele>2397.40</ele><time>2026-05-16T07:53:08Z</time></trkpt><trkpt lat="41.72582" lon="-111.72391"><ele>2401.80</ele><time>2026-05-16T07:53:38Z</time></trkpt><trkpt lat="41.72548" lon="-111.72379"><ele>2406.20</ele><time>2026-05-16T07:54:03Z</time></trkpt><trkpt lat="41.72499" lon="-111.72377"><ele>2410.60</ele><time>2026-05-16T07:54:37Z</time></trkpt><trkpt lat="41.72469" lon="-111.72366"><ele>2415.00</ele><time>2026-05-16T07:54:59Z</time></trkpt><trkpt lat="41.72454" lon="-111.72351"><ele>2419.40</ele><time>2026-05-16T07:55:12Z</time></trkpt><trkpt lat="41.72444" lon="-111.72323"><ele>2423.80</ele><time>2026-05-16T07:55:28Z</time></trkpt><trkpt lat="41.7244" lon="-111.72274"><ele>2428.20</ele><time>2026-05-16T07:55:54Z</time></trkpt><trkpt lat="41.72444" lon="-111.7226"><ele>2432.60</ele><time>2026-05-16T07:56:02Z</time></trkpt><trkpt lat="41.72471" lon="-111.72228"><ele>2437.00</ele><time>2026-05-16T07:56:27Z</time></trkpt><trkpt lat="41.72488" lon="-111.72201"><ele>2434.40</ele><time>2026-05-16T07:56:46Z</time></trkpt><trkpt lat="41.72515" lon="-111.72145"><ele>2431.80</ele><time>2026-05-16T07:57:21Z</time></trkpt><trkpt lat="41.72518" lon="-111.72132"><ele>2429.20</ele><time>2026-05-16T07:57:28Z</time></trkpt><trkpt lat="41.72512" lon="-111.72109"><ele>2426.60</ele><time>2026-05-16T07:57:41Z</time></trkpt><trkpt lat="41.72502" lon="-111.72096"><ele>2424.00</ele><time>2026-05-16T07:57:50Z</time></trkpt><trkpt lat="41.72497" lon="-111.72058"><ele>2421.40</ele><time>2026-05-16T07:58:11Z</time></trkpt><trkpt lat="41.72498" lon="-111.72039"><ele>2418.80</ele><time>2026-05-16T07:58:21Z</time></trkpt><trkpt lat="41.72486" lon="-111.72009"><ele>2416.20</ele><time>2026-05-16T07:58:38Z</time></trkpt><trkpt lat="41.72472" lon="-111.72001"><ele>2413.60</ele><time>2026-05-16T07:58:49Z</time></trkpt><trkpt lat="41.72468537715821" lon="-111.7200007672422"><ele>2411.00</ele><time>2026-05-16T07:58:52Z</time></trkpt><trkpt lat="41.72468537718928" lon="-111.7200007672422"><ele>2412.00</ele><time>2026-05-16T07:58:52Z</time></trkpt><trkpt lat="41.72457" lon="-111.71997"><ele>2413.00</ele><time>2026-05-16T07:59:00Z</time></trkpt><trkpt lat="41.72452" lon="-111.71987"><ele>2414.00</ele><time>2026-05-16T07:59:06Z</time></trkpt><trkpt lat="41.72453" lon="-111.71973"><ele>2415.00</ele><time>2026-05-16T07:59:13Z</time></trkpt><trkpt lat="41.72468" lon="-111.7193"><ele>2416.00</ele><time>2026-05-16T07:59:38Z</time></trkpt><trkpt lat="41.7246" lon="-111.71858"><ele>2417.00</ele><time>2026-05-16T08:00:16Z</time></trkpt><trkpt lat="41.72479" lon="-111.71819"><ele>2418.00</ele><time>2026-05-16T08:00:41Z</time></trkpt><trkpt lat="41.7248" lon="-111.7181"><ele>2419.00</ele><time>2026-05-16T08:00:46Z</time></trkpt><trkpt lat="41.72469" lon="-111.71806"><ele>2420.00</ele><time>2026-05-16T08:00:54Z</time></trkpt><trkpt lat="41.72449" lon="-111.71814"><ele>2421.00</ele><time>2026-05-16T08:01:08Z</time></trkpt><trkpt lat="41.72443" lon="-111.7181"><ele>2417.90</ele><time>2026-05-16T08:01:13Z</time></trkpt><trkpt lat="41.72428" lon="-111.7178"><ele>2414.80</ele><time>2026-05-16T08:01:32Z</time></trkpt><trkpt lat="41.7243" lon="-111.71762"><ele>2411.70</ele><time>2026-05-16T08:01:41Z</time></trkpt><trkpt lat="41.72443" lon="-111.71735"><ele>2408.60</ele><time>2026-05-16T08:01:58Z</time></trkpt><trkpt lat="41.72442" lon="-111.71693"><ele>2405.50</ele><time>2026-05-16T08:02:20Z</time></trkpt><trkpt lat="41.72448" lon="-111.71682"><ele>2402.40</ele><time>2026-05-16T08:02:27Z</time></trkpt><trkpt lat="41.72489" lon="-111.71658"><ele>2399.30</ele><time>2026-05-16T08:02:59Z</time></trkpt><trkpt lat="41.72505" lon="-111.71642"><ele>2396.20</ele><time>2026-05-16T08:03:13Z</time></trkpt><trkpt lat="41.72514" lon="-111.71611"><ele>2393.10</ele><time>2026-05-16T08:03:30Z</time></trkpt><trkpt lat="41.72512" lon="-111.71601"><ele>2390.00</ele><time>2026-05-16T08:03:35Z</time></trkpt><trkpt lat="41.72454" lon="-111.71621"><ele>2399.50</ele><time>2026-05-16T08:04:18Z</time></trkpt><trkpt lat="41.72446" lon="-111.71619"><ele>2409.00</ele><time>2026-05-16T08:04:23Z</time></trkpt><trkpt lat="41.72451" lon="-111.71609"><ele>2418.50</ele><time>2026-05-16T08:04:30Z</time></trkpt><trkpt lat="41.7247" lon="-111.71585"><ele>2428.00</ele><time>2026-05-16T08:04:48Z</time></trkpt><trkpt lat="41.72479" lon="-111.71557"><ele>2437.50</ele><time>2026-05-16T08:05:04Z</time></trkpt><trkpt lat="41.72484" lon="-111.7153"><ele>2447.00</ele><time>2026-05-16T08:05:18Z</time></trkpt><trkpt lat="41.72497" lon="-111.71498"><ele>2456.50</ele><time>2026-05-16T08:05:37Z</time></trkpt><trkpt lat="41.72505" lon="-111.71456"><ele>2466.00</ele><time>2026-05-16T08:06:00Z</time></trkpt><trkpt lat="41.72502" lon="-111.7144"><ele>2475.50</ele><time>2026-05-16T08:06:09Z</time></trkpt><trkpt lat="41.72444" lon="-111.71396"><ele>2485.00</ele><time>2026-05-16T08:06:56Z</time></trkpt><trkpt lat="41.72397" lon="-111.71376"><ele>2488.30</ele><time>2026-05-16T08:07:30Z</time></trkpt><trkpt lat="41.72315" lon="-111.71312"><ele>2491.60</ele><time>2026-05-16T08:08:37Z</time></trkpt><trkpt lat="41.72297" lon="-111.71278"><ele>2494.90</ele><time>2026-05-16T08:08:58Z</time></trkpt><trkpt lat="41.72266" lon="-111.71122"><ele>2498.20</ele><time>2026-05-16T08:10:23Z</time></trkpt><trkpt lat="41.72267" lon="-111.71098"><ele>2501.50</ele><time>2026-05-16T08:10:36Z</time></trkpt><trkpt lat="41.72283" lon="-111.71052"><ele>2504.80</ele><time>2026-05-16T08:11:02Z</time></trkpt><trkpt lat="41.72308" lon="-111.7101"><ele>2508.10</ele><time>2026-05-16T08:11:30Z</time></trkpt><trkpt lat="41.72319" lon="-111.71005"><ele>2511.40</ele><time>2026-05-16T08:11:38Z</time></trkpt><trkpt lat="41.72333" lon="-111.71007"><ele>2514.70</ele><time>2026-05-16T08:11:48Z</time></trkpt><trkpt lat="41.72341" lon="-111.70999"><ele>2518.00</ele><time>2026-05-16T08:11:55Z</time></trkpt><trkpt lat="41.72343" lon="-111.70986"><ele>2517.30</ele><time>2026-05-16T08:12:02Z</time></trkpt><trkpt lat="41.72316" lon="-111.70941"><ele>2516.60</ele><time>2026-05-16T08:12:32Z</time></trkpt><trkpt lat="41.72312" lon="-111.7091"><ele>2515.90</ele><time>2026-05-16T08:12:49Z</time></trkpt><trkpt lat="41.72315" lon="-111.70898"><ele>2515.20</ele><time>2026-05-16T08:12:56Z</time></trkpt><trkpt lat="41.72315" lon="-111.70898"><ele>2514.50</ele><time>2026-05-16T08:12:56Z</time></trkpt><trkpt lat="41.72324" lon="-111.7086"><ele>2513.80</ele><time>2026-05-16T08:13:16Z</time></trkpt><trkpt lat="41.72314" lon="-111.70812"><ele>2513.10</ele><time>2026-05-16T08:13:43Z</time></trkpt><trkpt lat="41.72316" lon="-111.70792"><ele>2512.40</ele><time>2026-05-16T08:13:53Z</time></trkpt><trkpt lat="41.7232" lon="-111.70782"><ele>2511.70</ele><time>2026-05-16T08:13:59Z</time></trkpt><trkpt lat="41.72306" lon="-111.70684"><ele>2511.00</ele><time>2026-05-16T08:14:51Z</time></trkpt><trkpt lat="41.72294" lon="-111.70536"><ele>2516.20</ele><time>2026-05-16T08:16:09Z</time></trkpt><trkpt lat="41.72262" lon="-111.70459"><ele>2521.40</ele><time>2026-05-16T08:16:55Z</time></trkpt><trkpt lat="41.7226" lon="-111.7043"><ele>2526.60</ele><time>2026-05-16T08:17:11Z</time></trkpt><trkpt lat="41.72251" lon="-111.70408"><ele>2531.80</ele><time>2026-05-16T08:17:24Z</time></trkpt><trkpt lat="41.72227" lon="-111.70385"><ele>2537.00</ele><time>2026-05-16T08:17:44Z</time></trkpt><trkpt lat="41.7222" lon="-111.70364"><ele>2542.20</ele><time>2026-05-16T08:17:57Z</time></trkpt><trkpt lat="41.72225" lon="-111.70339"><ele>2547.40</ele><time>2026-05-16T08:18:10Z</time></trkpt><trkpt lat="41.72221" lon="-111.70324"><ele>2552.60</ele><time>2026-05-16T08:18:18Z</time></trkpt><trkpt lat="41.72213" lon="-111.70313"><ele>2557.80</ele><time>2026-05-16T08:18:26Z</time></trkpt><trkpt lat="41.72213" lon="-111.70313"><ele>2563.00</ele><time>2026-05-16T08:18:26Z</time></trkpt><trkpt lat="41.7217" lon="-111.70249"><ele>2565.40</ele><time>2026-05-16T08:19:12Z</time></trkpt><trkpt lat="41.72165" lon="-111.70223"><ele>2567.80</ele><time>2026-05-16T08:19:26Z</time></trkpt><trkpt lat="41.72137" lon="-111.7017"><ele>2570.20</ele><time>2026-05-16T08:20:00Z</time></trkpt><trkpt lat="41.72135" lon="-111.70143"><ele>2572.60</ele><time>2026-05-16T08:20:14Z</time></trkpt><trkpt lat="41.7214" lon="-111.70124"><ele>2575.00</ele><time>2026-05-16T08:20:24Z</time></trkpt><trkpt lat="41.72147" lon="-111.70117"><ele>2577.40</ele><time>2026-05-16T08:20:30Z</time></trkpt><trkpt lat="41.72146" lon="-111.70079"><ele>2579.80</ele><time>2026-05-16T08:20:50Z</time></trkpt><trkpt lat="41.72193" lon="-111.69995"><ele>2582.20</ele><time>2026-05-16T08:21:45Z</time></trkpt><trkpt lat="41.72206" lon="-111.69979"><ele>2584.60</ele><time>2026-05-16T08:21:58Z</time></trkpt><trkpt lat="41.72213" lon="-111.69946"><ele>2587.00</ele><time>2026-05-16T08:22:16Z</time></trkpt><trkpt lat="41.72213" lon="-111.69946"><ele>2589.70</ele><time>2026-05-16T08:22:16Z</time></trkpt><trkpt lat="41.72216" lon="-111.69928"><ele>2592.40</ele><time>2026-05-16T08:22:25Z</time></trkpt><trkpt lat="41.72231" lon="-111.69901"><ele>2595.10</ele><time>2026-05-16T08:22:43Z</time></trkpt><trkpt lat="41.72242" lon="-111.69889"><ele>2597.80</ele><time>2026-05-16T08:22:53Z</time></trkpt><trkpt lat="41.72271" lon="-111.69871"><ele>2600.50</ele><time>2026-05-16T08:23:15Z</time></trkpt><trkpt lat="41.72319" lon="-111.69846"><ele>2603.20</ele><time>2026-05-16T08:23:51Z</time></trkpt><trkpt lat="41.72353" lon="-111.69838"><ele>2605.90</ele><time>2026-05-16T08:24:16Z</time></trkpt><trkpt lat="41.72378" lon="-111.69801"><ele>2608.60</ele><time>2026-05-16T08:24:42Z</time></trkpt><trkpt lat="41.72392" lon="-111.69789"><ele>2611.30</ele><time>2026-05-16T08:24:53Z</time></trkpt><trkpt lat="41.72397" lon="-111.69777"><ele>2614.00</ele><time>2026-05-16T08:25:01Z</time></trkpt><trkpt lat="41.72411" lon="-111.6976"><ele>2615.00</ele><time>2026-05-16T08:25:14Z</time></trkpt><trkpt lat="41.72411" lon="-111.6976"><ele>2616.00</ele><time>2026-05-16T08:25:14Z</time></trkpt><trkpt lat="41.72394" lon="-111.69733"><ele>2617.00</ele><time>2026-05-16T08:25:32Z</time></trkpt><trkpt lat="41.72384" lon="-111.69731"><ele>2618.00</ele><time>2026-05-16T08:25:39Z</time></trkpt><trkpt lat="41.72375" lon="-111.6974"><ele>2619.00</ele><time>2026-05-16T08:25:47Z</time></trkpt><trkpt lat="41.72366" lon="-111.69742"><ele>2620.00</ele><time>2026-05-16T08:25:54Z</time></trkpt><trkpt lat="41.72339" lon="-111.69719"><ele>2621.00</ele><time>2026-05-16T08:26:16Z</time></trkpt><trkpt lat="41.72304" lon="-111.69697"><ele>2622.00</ele><time>2026-05-16T08:26:43Z</time></trkpt><trkpt lat="41.72269" lon="-111.69656"><ele>2623.00</ele><time>2026-05-16T08:27:16Z</time></trkpt><trkpt lat="41.72258" lon="-111.69626"><ele>2624.00</ele><time>2026-05-16T08:27:33Z</time></trkpt><trkpt lat="41.72258" lon="-111.69626"><ele>2626.80</ele><time>2026-05-16T08:27:33Z</time></trkpt><trkpt lat="41.72258" lon="-111.69626"><ele>2629.60</ele><time>2026-05-16T08:27:33Z</time></trkpt><trkpt lat="41.72232" lon="-111.69608"><ele>2632.40</ele><time>2026-05-16T08:27:54Z</time></trkpt><trkpt lat="41.72228" lon="-111.69588"><ele>2635.20</ele><time>2026-05-16T08:28:05Z</time></trkpt><trkpt lat="41.72223" lon="-111.69582"><ele>2638.00</ele><time>2026-05-16T08:28:10Z</time></trkpt><trkpt lat="41.72223" lon="-111.69568"><ele>2640.80</ele><time>2026-05-16T08:28:17Z</time></trkpt><trkpt lat="41.72217" lon="-111.69555"><ele>2643.60</ele><time>2026-05-16T08:28:25Z</time></trkpt><trkpt lat="41.72213" lon="-111.69553"><ele>2646.40</ele><time>2026-05-16T08:28:28Z</time></trkpt><trkpt lat="41.72213" lon="-111.69553"><ele>2649.20</ele><time>2026-05-16T08:28:28Z</time></trkpt><trkpt lat="41.72183" lon="-111.69535"><ele>2652.00</ele><time>2026-05-16T08:28:51Z</time></trkpt><trkpt lat="41.72136" lon="-111.69526"><ele>2654.40</ele><time>2026-05-16T08:29:24Z</time></trkpt><trkpt lat="41.72058" lon="-111.69517"><ele>2656.80</ele><time>2026-05-16T08:30:19Z</time></trkpt><trkpt lat="41.71995" lon="-111.69498"><ele>2659.20</ele><time>2026-05-16T08:31:04Z</time></trkpt><trkpt lat="41.71981" lon="-111.69488"><ele>2661.60</ele><time>2026-05-16T08:31:16Z</time></trkpt><trkpt lat="41.71982" lon="-111.69475"><ele>2664.00</ele><time>2026-05-16T08:31:22Z</time></trkpt><trkpt lat="41.71992" lon="-111.69463"><ele>2666.40</ele><time>2026-05-16T08:31:32Z</time></trkpt><trkpt lat="41.72002" lon="-111.69456"><ele>2668.80</ele><time>2026-05-16T08:31:40Z</time></trkpt><trkpt lat="41.72016" lon="-111.69452"><ele>2671.20</ele><time>2026-05-16T08:31:50Z</time></trkpt><trkpt lat="41.72025" lon="-111.69439"><ele>2673.60</ele><time>2026-05-16T08:31:59Z</time></trkpt><trkpt lat="41.72019" lon="-111.69409"><ele>2676.00</ele><time>2026-05-16T08:32:15Z</time></trkpt><trkpt lat="41.72019" lon="-111.69409"><ele>2678.10</ele><time>2026-05-16T08:32:15Z</time></trkpt><trkpt lat="41.71992" lon="-111.69429"><ele>2680.20</ele><time>2026-05-16T08:32:37Z</time></trkpt><trkpt lat="41.71973" lon="-111.69432"><ele>2682.30</ele><time>2026-05-16T08:32:50Z</time></trkpt><trkpt lat="41.71922" lon="-111.69447"><ele>2684.40</ele><time>2026-05-16T08:33:27Z</time></trkpt><trkpt lat="41.71914" lon="-111.69446"><ele>2686.50</ele><time>2026-05-16T08:33:33Z</time></trkpt><trkpt lat="41.71895" lon="-111.69455"><ele>2688.60</ele><time>2026-05-16T08:33:47Z</time></trkpt><trkpt lat="41.71895" lon="-111.69455"><ele>2690.70</ele><time>2026-05-16T08:33:47Z</time></trkpt><trkpt lat="41.71895" lon="-111.69455"><ele>2692.80</ele><time>2026-05-16T08:33:47Z</time></trkpt><trkpt lat="41.71841" lon="-111.69464"><ele>2694.90</ele><time>2026-05-16T08:34:25Z</time></trkpt><trkpt lat="41.71795" lon="-111.69486"><ele>2697.00</ele><time>2026-05-16T08:34:59Z</time></trkpt><trkpt lat="41.7171" lon="-111.6954"><ele>2695.00</ele><time>2026-05-16T08:36:05Z</time></trkpt><trkpt lat="41.71665" lon="-111.6958"><ele>2693.00</ele><time>2026-05-16T08:36:43Z</time></trkpt><trkpt lat="41.71559" lon="-111.69654"><ele>2691.00</ele><time>2026-05-16T08:38:07Z</time></trkpt><trkpt lat="41.7153" lon="-111.69672"><ele>2689.00</ele><time>2026-05-16T08:38:29Z</time></trkpt><trkpt lat="41.71514" lon="-111.69676"><ele>2687.00</ele><time>2026-05-16T08:38:41Z</time></trkpt><trkpt lat="41.71494" lon="-111.69685"><ele>2685.00</ele><time>2026-05-16T08:38:56Z</time></trkpt><trkpt lat="41.7145" lon="-111.6971"><ele>2683.00</ele><time>2026-05-16T08:39:29Z</time></trkpt><trkpt lat="41.71369" lon="-111.69772"><ele>2681.00</ele><time>2026-05-16T08:40:35Z</time></trkpt><trkpt lat="41.71348" lon="-111.69794"><ele>2679.00</ele><time>2026-05-16T08:40:53Z</time></trkpt><trkpt lat="41.71285" lon="-111.69822"><ele>2677.00</ele><time>2026-05-16T08:41:40Z</time></trkpt><trkpt lat="41.7122" lon="-111.69832"><ele>2679.60</ele><time>2026-05-16T08:42:26Z</time></trkpt><trkpt lat="41.71204" lon="-111.6984"><ele>2682.20</ele><time>2026-05-16T08:42:38Z</time></trkpt><trkpt lat="41.71169" lon="-111.69848"><ele>2684.80</ele><time>2026-05-16T08:43:03Z</time></trkpt><trkpt lat="41.71112" lon="-111.69854"><ele>2687.40</ele><time>2026-05-16T08:43:43Z</time></trkpt><trkpt lat="41.71037" lon="-111.69881"><ele>2690.00</ele><time>2026-05-16T08:44:37Z</time></trkpt><trkpt lat="41.71006" lon="-111.69879"><ele>2692.60</ele><time>2026-05-16T08:44:59Z</time></trkpt><trkpt lat="41.71006" lon="-111.69879"><ele>2695.20</ele><time>2026-05-16T08:44:59Z</time></trkpt><trkpt lat="41.71" lon="-111.69868"><ele>2697.80</ele><time>2026-05-16T08:45:06Z</time></trkpt><trkpt lat="41.70985" lon="-111.69863"><ele>2700.40</ele><time>2026-05-16T08:45:17Z</time></trkpt><trkpt lat="41.70906" lon="-111.69867"><ele>2703.00</ele><time>2026-05-16T08:46:12Z</time></trkpt><trkpt lat="41.70838" lon="-111.69895"><ele>2701.30</ele><time>2026-05-16T08:47:02Z</time></trkpt><trkpt lat="41.70811" lon="-111.69915"><ele>2699.60</ele><time>2026-05-16T08:47:24Z</time></trkpt><trkpt lat="41.70789" lon="-111.69935"><ele>2697.90</ele><time>2026-05-16T08:47:43Z</time></trkpt><trkpt lat="41.70768" lon="-111.69946"><ele>2696.20</ele><time>2026-05-16T08:47:58Z</time></trkpt><trkpt lat="41.70729" lon="-111.69935"><ele>2694.50</ele><time>2026-05-16T08:48:26Z</time></trkpt><trkpt lat="41.70705" lon="-111.69932"><ele>2692.80</ele><time>2026-05-16T08:48:43Z</time></trkpt><trkpt lat="41.70686" lon="-111.69938"><ele>2691.10</ele><time>2026-05-16T08:48:57Z</time></trkpt><trkpt lat="41.70675" lon="-111.69952"><ele>2689.40</ele><time>2026-05-16T08:49:08Z</time></trkpt><trkpt lat="41.70664" lon="-111.69991"><ele>2687.70</ele><time>2026-05-16T08:49:29Z</time></trkpt><trkpt lat="41.70647" lon="-111.70014"><ele>2686.00</ele><time>2026-05-16T08:49:46Z</time></trkpt><trkpt lat="41.70626" lon="-111.7003"><ele>2685.30</ele><time>2026-05-16T08:50:03Z</time></trkpt><trkpt lat="41.70605" lon="-111.7004"><ele>2684.60</ele><time>2026-05-16T08:50:19Z</time></trkpt><trkpt lat="41.70582" lon="-111.70042"><ele>2683.90</ele><time>2026-05-16T08:50:35Z</time></trkpt><trkpt lat="41.70573" lon="-111.70046"><ele>2683.20</ele><time>2026-05-16T08:50:42Z</time></trkpt><trkpt lat="41.70573" lon="-111.70046"><ele>2682.50</ele><time>2026-05-16T08:50:42Z</time></trkpt><trkpt lat="41.70562" lon="-111.7005"><ele>2681.80</ele><time>2026-05-16T08:50:50Z</time></trkpt><trkpt lat="41.70539" lon="-111.7005"><ele>2681.10</ele><time>2026-05-16T08:51:06Z</time></trkpt><trkpt lat="41.70514" lon="-111.70072"><ele>2680.40</ele><time>2026-05-16T08:51:27Z</time></trkpt><trkpt lat="41.70492" lon="-111.70087"><ele>2679.70</ele><time>2026-05-16T08:51:44Z</time></trkpt><trkpt lat="41.70471" lon="-111.70095"><ele>2679.00</ele><time>2026-05-16T08:51:59Z</time></trkpt><trkpt lat="41.70389" lon="-111.70093"><ele>2675.10</ele><time>2026-05-16T08:52:57Z</time></trkpt><trkpt lat="41.7037" lon="-111.7009"><ele>2671.20</ele><time>2026-05-16T08:53:10Z</time></trkpt><trkpt lat="41.7035" lon="-111.70081"><ele>2667.30</ele><time>2026-05-16T08:53:25Z</time></trkpt><trkpt lat="41.70316" lon="-111.7008"><ele>2663.40</ele><time>2026-05-16T08:53:49Z</time></trkpt><trkpt lat="41.70266" lon="-111.70072"><ele>2659.50</ele><time>2026-05-16T08:54:24Z</time></trkpt><trkpt lat="41.70237" lon="-111.70076"><ele>2655.60</ele><time>2026-05-16T08:54:45Z</time></trkpt><trkpt lat="41.70208" lon="-111.70091"><ele>2651.70</ele><time>2026-05-16T08:55:07Z</time></trkpt><trkpt lat="41.7019" lon="-111.70097"><ele>2647.80</ele><time>2026-05-16T08:55:20Z</time></trkpt><trkpt lat="41.7013" lon="-111.70137"><ele>2643.90</ele><time>2026-05-16T08:56:07Z</time></trkpt><trkpt lat="41.7013" lon="-111.70137"><ele>2640.00</ele><time>2026-05-16T08:56:07Z</time></trkpt><trkpt lat="41.7013" lon="-111.70137"><ele>2637.90</ele><time>2026-05-16T08:56:07Z</time></trkpt><trkpt lat="41.70126" lon="-111.70132"><ele>2635.80</ele><time>2026-05-16T08:56:11Z</time></trkpt><trkpt lat="41.701" lon="-111.70144"><ele>2633.70</ele><time>2026-05-16T08:56:30Z</time></trkpt><trkpt lat="41.70072" lon="-111.7015"><ele>2631.60</ele><time>2026-05-16T08:56:50Z</time></trkpt><trkpt lat="41.7006" lon="-111.70147"><ele>2629.50</ele><time>2026-05-16T08:56:58Z</time></trkpt><trkpt lat="41.70011" lon="-111.7015"><ele>2627.40</ele><time>2026-05-16T08:57:33Z</time></trkpt><trkpt lat="41.69987" lon="-111.70164"><ele>2625.30</ele><time>2026-05-16T08:57:51Z</time></trkpt><trkpt lat="41.69969" lon="-111.70164"><ele>2623.20</ele><time>2026-05-16T08:58:04Z</time></trkpt><trkpt lat="41.69953" lon="-111.70167"><ele>2621.10</ele><time>2026-05-16T08:58:15Z</time></trkpt><trkpt lat="41.6993" lon="-111.70165"><ele>2619.00</ele><time>2026-05-16T08:58:31Z</time></trkpt><trkpt lat="41.69912" lon="-111.70167"><ele>2619.10</ele><time>2026-05-16T08:58:44Z</time></trkpt><trkpt lat="41.69886" lon="-111.70189"><ele>2619.20</ele><time>2026-05-16T08:59:05Z</time></trkpt><trkpt lat="41.69816" lon="-111.70187"><ele>2619.30</ele><time>2026-05-16T08:59:55Z</time></trkpt><trkpt lat="41.69798" lon="-111.7019"><ele>2619.40</ele><time>2026-05-16T09:00:07Z</time></trkpt><trkpt lat="41.69773" lon="-111.70209"><ele>2619.50</ele><time>2026-05-16T09:00:27Z</time></trkpt><trkpt lat="41.69738" lon="-111.70209"><ele>2619.60</ele><time>2026-05-16T09:00:52Z</time></trkpt><trkpt lat="41.69688" lon="-111.70228"><ele>2619.70</ele><time>2026-05-16T09:01:28Z</time></trkpt><trkpt lat="41.69665" lon="-111.70241"><ele>2619.80</ele><time>2026-05-16T09:01:46Z</time></trkpt><trkpt lat="41.69628" lon="-111.70269"><ele>2619.90</ele><time>2026-05-16T09:02:16Z</time></trkpt><trkpt lat="41.696" lon="-111.70298"><ele>2620.00</ele><time>2026-05-16T09:02:41Z</time></trkpt><trkpt lat="41.69573" lon="-111.70336"><ele>2618.20</ele><time>2026-05-16T09:03:08Z</time></trkpt><trkpt lat="41.69503" lon="-111.7042"><ele>2616.40</ele><time>2026-05-16T09:04:14Z</time></trkpt><trkpt lat="41.69488" lon="-111.70429"><ele>2614.60</ele><time>2026-05-16T09:04:25Z</time></trkpt><trkpt lat="41.69466" lon="-111.70431"><ele>2612.80</ele><time>2026-05-16T09:04:41Z</time></trkpt><trkpt lat="41.69448" lon="-111.70426"><ele>2611.00</ele><time>2026-05-16T09:04:54Z</time></trkpt><trkpt lat="41.69440248876611" lon="-111.70409793105641"><ele>2609.20</ele><time>2026-05-16T09:05:04Z</time></trkpt><trkpt lat="41.69440248876611" lon="-111.70409793105641"><ele>2607.40</ele><time>2026-05-16T09:05:04Z</time></trkpt><trkpt lat="41.69437" lon="-111.70403"><ele>2605.60</ele><time>2026-05-16T09:05:08Z</time></trkpt><trkpt lat="41.69434" lon="-111.70364"><ele>2603.80</ele><time>2026-05-16T09:05:29Z</time></trkpt><trkpt lat="41.69424" lon="-111.7034"><ele>2602.00</ele><time>2026-05-16T09:05:43Z</time></trkpt><trkpt lat="41.69399" lon="-111.70306"><ele>2602.00</ele><time>2026-05-16T09:06:08Z</time></trkpt><trkpt lat="41.69388340205669" lon="-111.70301610563425"><ele>2602.00</ele><time>2026-05-16T09:06:16Z</time></trkpt><trkpt lat="41.69387285173931" lon="-111.70306205749513"><ele>2602.00</ele><time>2026-05-16T09:06:18Z</time></trkpt><trkpt lat="41.693725342281944" lon="-111.70296434632812"><ele>2602.00</ele><time>2026-05-16T09:06:30Z</time></trkpt><trkpt lat="41.693635906032064" lon="-111.70291857920932"><ele>2602.00</ele><time>2026-05-16T09:06:37Z</time></trkpt><trkpt lat="41.69359484784325" lon="-111.70284750067043"><ele>2602.00</ele><time>2026-05-16T09:06:41Z</time></trkpt><trkpt lat="41.693624890423" lon="-111.70275764666843"><ele>2602.00</ele><time>2026-05-16T09:06:47Z</time></trkpt><trkpt lat="41.69381916543333" lon="-111.70258330308246"><ele>2602.00</ele><time>2026-05-16T09:07:03Z</time></trkpt><trkpt lat="41.69401343985686" lon="-111.70249210797596"><ele>2602.00</ele><time>2026-05-16T09:07:17Z</time></trkpt><trkpt lat="41.69416264952656" lon="-111.70246260367679"><ele>2602.00</ele><time>2026-05-16T09:07:28Z</time></trkpt><trkpt lat="41.69430785391693" lon="-111.70238750182438"><ele>2603.20</ele><time>2026-05-16T09:07:39Z</time></trkpt><trkpt lat="41.69435892572801" lon="-111.702320446599"><ele>2604.40</ele><time>2026-05-16T09:07:44Z</time></trkpt><trkpt lat="41.69437294543376" lon="-111.70219572387981"><ele>2605.60</ele><time>2026-05-16T09:07:51Z</time></trkpt><trkpt lat="41.69427781165615" lon="-111.70210721098232"><ele>2606.80</ele><time>2026-05-16T09:07:59Z</time></trkpt><trkpt lat="41.6941606467051" lon="-111.7020133336668"><ele>2608.00</ele><time>2026-05-16T09:08:08Z</time></trkpt><trkpt lat="41.6940665140257" lon="-111.70191677414226"><ele>2609.20</ele><time>2026-05-16T09:08:17Z</time></trkpt><trkpt lat="41.6940474871908" lon="-111.70186178885746"><ele>2610.40</ele><time>2026-05-16T09:08:20Z</time></trkpt><trkpt lat="41.69405149284073" lon="-111.70172231398868"><ele>2611.60</ele><time>2026-05-16T09:08:27Z</time></trkpt><trkpt lat="41.694020449047294" lon="-111.70150371395397"><ele>2612.80</ele><time>2026-05-16T09:08:39Z</time></trkpt><trkpt lat="41.69392932040586" lon="-111.7013481458311"><ele>2614.00</ele><time>2026-05-16T09:08:49Z</time></trkpt><trkpt lat="41.69375908323728" lon="-111.70121269427585"><ele>2613.60</ele><time>2026-05-16T09:09:03Z</time></trkpt><trkpt lat="41.69366795422553" lon="-111.70118721329021"><ele>2613.20</ele><time>2026-05-16T09:09:09Z</time></trkpt><trkpt lat="41.69356080492718" lon="-111.70117916666317"><ele>2612.80</ele><time>2026-05-16T09:09:17Z</time></trkpt><trkpt lat="41.69340458320358" lon="-111.70117380224514"><ele>2612.40</ele><time>2026-05-16T09:09:28Z</time></trkpt><trkpt lat="41.693329476470645" lon="-111.70111747585582"><ele>2612.00</ele><time>2026-05-16T09:09:34Z</time></trkpt><trkpt lat="41.693276402927886" lon="-111.70109065376568"><ele>2611.60</ele><time>2026-05-16T09:09:38Z</time></trkpt><trkpt lat="41.69317525897215" lon="-111.70099811755466"><ele>2611.20</ele><time>2026-05-16T09:09:47Z</time></trkpt><trkpt lat="41.693077119140305" lon="-111.70098202430057"><ele>2610.80</ele><time>2026-05-16T09:09:53Z</time></trkpt><trkpt lat="41.69297497489108" lon="-111.7009324034338"><ele>2610.40</ele><time>2026-05-16T09:10:01Z</time></trkpt><trkpt lat="41.69288184190717" lon="-111.70080231629657"><ele>2610.00</ele><time>2026-05-16T09:10:11Z</time></trkpt><trkpt lat="41.69278270019546" lon="-111.70060249172496"><ele>2610.00</ele><time>2026-05-16T09:10:23Z</time></trkpt><trkpt lat="41.692705589869576" lon="-111.70055018864917"><ele>2610.00</ele><time>2026-05-16T09:10:29Z</time></trkpt><trkpt lat="41.69263148375504" lon="-111.70049386225986"><ele>2610.00</ele><time>2026-05-16T09:10:35Z</time></trkpt><trkpt lat="41.69255437616204" lon="-111.70041741930294"><ele>2610.00</ele><time>2026-05-16T09:10:42Z</time></trkpt><trkpt lat="41.692451228196305" lon="-111.70031817756939"><ele>2610.00</ele><time>2026-05-16T09:10:51Z</time></trkpt><trkpt lat="41.69240315918486" lon="-111.7002846499567"><ele>2610.00</ele><time>2026-05-16T09:10:55Z</time></trkpt><trkpt lat="41.69233005639704" lon="-111.70027660332966"><ele>2610.00</ele><time>2026-05-16T09:11:00Z</time></trkpt><trkpt lat="41.692172831918214" lon="-111.70025380455303"><ele>2610.00</ele><time>2026-05-16T09:11:11Z</time></trkpt><trkpt lat="41.69206567756728" lon="-111.70028599106121"><ele>2610.00</ele><time>2026-05-16T09:11:19Z</time></trkpt><trkpt lat="41.69189142618555" lon="-111.70020016037273"><ele>2610.00</ele><time>2026-05-16T09:11:32Z</time></trkpt><trkpt lat="41.69174521489187" lon="-111.70013578735637"><ele>2609.50</ele><time>2026-05-16T09:11:42Z</time></trkpt><trkpt lat="41.69164106768719" lon="-111.70013176404285"><ele>2609.00</ele><time>2026-05-16T09:11:50Z</time></trkpt><trkpt lat="41.691578977758674" lon="-111.70015188061046"><ele>2608.50</ele><time>2026-05-16T09:11:54Z</time></trkpt><trkpt lat="41.691474826776265" lon="-111.70022832356739"><ele>2608.00</ele><time>2026-05-16T09:12:02Z</time></trkpt><trkpt lat="41.691408733191686" lon="-111.70023905240345"><ele>2607.50</ele><time>2026-05-16T09:12:07Z</time></trkpt><trkpt lat="41.69128455282622" lon="-111.7001237174158"><ele>2607.00</ele><time>2026-05-16T09:12:18Z</time></trkpt><trkpt lat="41.69116838388019" lon="-111.70004325114536"><ele>2606.50</ele><time>2026-05-16T09:12:27Z</time></trkpt><trkpt lat="41.69108426140901" lon="-111.70006470881748"><ele>2606.00</ele><time>2026-05-16T09:12:33Z</time></trkpt><trkpt lat="41.69086595386627" lon="-111.70007811986255"><ele>2605.50</ele><time>2026-05-16T09:12:48Z</time></trkpt><trkpt lat="41.6906896963051" lon="-111.70009421311664"><ele>2605.00</ele><time>2026-05-16T09:13:01Z</time></trkpt><trkpt lat="41.690555499883565" lon="-111.70007007323551"><ele>2606.60</ele><time>2026-05-16T09:13:10Z</time></trkpt><trkpt lat="41.69036122857105" lon="-111.70005666219043"><ele>2608.20</ele><time>2026-05-16T09:13:24Z</time></trkpt><trkpt lat="41.6902230255762" lon="-111.70005666219043"><ele>2609.80</ele><time>2026-05-16T09:13:33Z</time></trkpt><trkpt lat="41.69014491070866" lon="-111.70004593335437"><ele>2611.40</ele><time>2026-05-16T09:13:39Z</time></trkpt><trkpt lat="41.69004276035413" lon="-111.70001106463718"><ele>2613.00</ele><time>2026-05-16T09:13:46Z</time></trkpt><trkpt lat="41.68993059507211" lon="-111.7000137468462"><ele>2614.60</ele><time>2026-05-16T09:13:54Z</time></trkpt><trkpt lat="41.68981442368101" lon="-111.70018272601413"><ele>2616.20</ele><time>2026-05-16T09:14:06Z</time></trkpt><trkpt lat="41.68968023243833" lon="-111.70024709903049"><ele>2617.80</ele><time>2026-05-16T09:14:16Z</time></trkpt><trkpt lat="41.689550039841215" lon="-111.70023905240345"><ele>2619.40</ele><time>2026-05-16T09:14:25Z</time></trkpt><trkpt lat="41.689375781645026" lon="-111.70025514565754"><ele>2621.00</ele><time>2026-05-16T09:14:38Z</time></trkpt><trkpt lat="41.689235573558285" lon="-111.70029269658374"><ele>2623.70</ele><time>2026-05-16T09:14:48Z</time></trkpt><trkpt lat="41.6889511505008" lon="-111.70026855670261"><ele>2626.40</ele><time>2026-05-16T09:15:08Z</time></trkpt><trkpt lat="41.68885103141084" lon="-111.70033024750995"><ele>2629.10</ele><time>2026-05-16T09:15:15Z</time></trkpt><trkpt lat="41.68864472343725" lon="-111.7004831334238"><ele>2631.80</ele><time>2026-05-16T09:15:32Z</time></trkpt><trkpt lat="41.68842038780253" lon="-111.70067893468189"><ele>2634.50</ele><time>2026-05-16T09:15:51Z</time></trkpt><trkpt lat="41.688266156599845" lon="-111.7007701297884"><ele>2637.20</ele><time>2026-05-16T09:16:03Z</time></trkpt><trkpt lat="41.68807987686209" lon="-111.70079426966953"><ele>2639.90</ele><time>2026-05-16T09:16:16Z</time></trkpt><trkpt lat="41.6878555392577" lon="-111.70083450280475"><ele>2642.60</ele><time>2026-05-16T09:16:32Z</time></trkpt><trkpt lat="41.68756712054036" lon="-111.70101689301777"><ele>2645.30</ele><time>2026-05-16T09:16:54Z</time></trkpt><trkpt lat="41.687334769012324" lon="-111.70111613475132"><ele>2648.00</ele><time>2026-05-16T09:17:11Z</time></trkpt><trkpt lat="41.687188547361885" lon="-111.70115100346851"><ele>2648.00</ele><time>2026-05-16T09:17:21Z</time></trkpt><trkpt lat="41.686982234057" lon="-111.70119928323078"><ele>2648.00</ele><time>2026-05-16T09:17:36Z</time></trkpt><trkpt lat="41.686854039048846" lon="-111.70126902066517"><ele>2648.00</ele><time>2026-05-16T09:17:46Z</time></trkpt><trkpt lat="41.68671584427866" lon="-111.7014004489069"><ele>2648.00</ele><time>2026-05-16T09:17:58Z</time></trkpt><trkpt lat="41.686537572287946" lon="-111.70154797040271"><ele>2648.00</ele><time>2026-05-16T09:18:12Z</time></trkpt><trkpt lat="41.68641538558202" lon="-111.7016713520174"><ele>2648.00</ele><time>2026-05-16T09:18:23Z</time></trkpt><trkpt lat="41.68632725076484" lon="-111.7017249961977"><ele>2648.00</ele><time>2026-05-16T09:18:30Z</time></trkpt><trkpt lat="41.686215079004725" lon="-111.70186178885746"><ele>2648.00</ele><time>2026-05-16T09:18:41Z</time></trkpt><trkpt lat="41.686072860956294" lon="-111.70196371280002"><ele>2648.00</ele><time>2026-05-16T09:18:52Z</time></trkpt><trkpt lat="41.68595868567581" lon="-111.70200394593525"><ele>2648.00</ele><time>2026-05-16T09:19:00Z</time></trkpt><trkpt lat="41.68581247426753" lon="-111.7020683189516"><ele>2646.00</ele><time>2026-05-16T09:19:11Z</time></trkpt><trkpt lat="41.68572033245598" lon="-111.70213269196796"><ele>2644.00</ele><time>2026-05-16T09:19:18Z</time></trkpt><trkpt lat="41.68554406079665" lon="-111.70229898892688"><ele>2642.00</ele><time>2026-05-16T09:19:33Z</time></trkpt><trkpt lat="41.685403844359115" lon="-111.70234190427112"><ele>2640.00</ele><time>2026-05-16T09:19:44Z</time></trkpt><trkpt lat="41.68520553773294" lon="-111.70236067973423"><ele>2638.00</ele><time>2026-05-16T09:19:57Z</time></trkpt><trkpt lat="41.68501524292103" lon="-111.70244382821369"><ele>2636.00</ele><time>2026-05-16T09:20:12Z</time></trkpt><trkpt lat="41.68486701288813" lon="-111.70250551902103"><ele>2634.00</ele><time>2026-05-16T09:20:22Z</time></trkpt><trkpt lat="41.684596621351545" lon="-111.70258598529148"><ele>2632.00</ele><time>2026-05-16T09:20:42Z</time></trkpt><trkpt lat="41.68439430598638" lon="-111.70267718039798"><ele>2630.00</ele><time>2026-05-16T09:20:57Z</time></trkpt><trkpt lat="41.684234055740674" lon="-111.70276301108646"><ele>2628.00</ele><time>2026-05-16T09:21:09Z</time></trkpt><trkpt lat="41.68407180196029" lon="-111.70285152398395"><ele>2628.40</ele><time>2026-05-16T09:21:21Z</time></trkpt><trkpt lat="41.683871488086794" lon="-111.70288102828312"><ele>2628.80</ele><time>2026-05-16T09:21:35Z</time></trkpt><trkpt lat="41.68373026743029" lon="-111.7028957804327"><ele>2629.20</ele><time>2026-05-16T09:21:45Z</time></trkpt><trkpt lat="41.68362610374103" lon="-111.70292796694088"><ele>2629.60</ele><time>2026-05-16T09:21:53Z</time></trkpt><trkpt lat="41.68328156668404" lon="-111.70292796694088"><ele>2630.00</ele><time>2026-05-16T09:22:17Z</time></trkpt><trkpt lat="41.68278278253946" lon="-111.70291187368679"><ele>2630.40</ele><time>2026-05-16T09:22:52Z</time></trkpt><trkpt lat="41.68258847419873" lon="-111.70294540129947"><ele>2630.80</ele><time>2026-05-16T09:23:06Z</time></trkpt><trkpt lat="41.68236512273187" lon="-111.70296551786709"><ele>2631.20</ele><time>2026-05-16T09:23:21Z</time></trkpt><trkpt lat="41.68222189457696" lon="-111.70294808350849"><ele>2631.60</ele><time>2026-05-16T09:23:31Z</time></trkpt><trkpt lat="41.68201356766639" lon="-111.70296417676258"><ele>2632.00</ele><time>2026-05-16T09:23:46Z</time></trkpt><trkpt lat="41.68179622013271" lon="-111.70294808350849"><ele>2633.60</ele><time>2026-05-16T09:24:01Z</time></trkpt><trkpt lat="41.68159590213428" lon="-111.70295747124004"><ele>2635.20</ele><time>2026-05-16T09:24:15Z</time></trkpt><trkpt lat="41.681507760715355" lon="-111.70296551786709"><ele>2636.80</ele><time>2026-05-16T09:24:22Z</time></trkpt><trkpt lat="41.68107506907669" lon="-111.70301782094288"><ele>2638.40</ele><time>2026-05-16T09:24:52Z</time></trkpt><trkpt lat="41.68073652693032" lon="-111.70305000745105"><ele>2640.00</ele><time>2026-05-16T09:25:16Z</time></trkpt><trkpt lat="41.680499145126284" lon="-111.70310901604938"><ele>2641.60</ele><time>2026-05-16T09:25:33Z</time></trkpt><trkpt lat="41.680289805491356" lon="-111.70317875348377"><ele>2643.20</ele><time>2026-05-16T09:25:48Z</time></trkpt><trkpt lat="41.67991019540657" lon="-111.70331420503902"><ele>2644.80</ele><time>2026-05-16T09:26:16Z</time></trkpt><trkpt lat="41.679694844040405" lon="-111.70343088113117"><ele>2646.40</ele><time>2026-05-16T09:26:32Z</time></trkpt><trkpt lat="41.679503531292035" lon="-111.70353012286472"><ele>2648.00</ele><time>2026-05-16T09:26:46Z</time></trkpt><trkpt lat="41.679322234393084" lon="-111.70362668238926"><ele>2646.80</ele><time>2026-05-16T09:27:00Z</time></trkpt><trkpt lat="41.679146953371735" lon="-111.70370178424167"><ele>2645.60</ele><time>2026-05-16T09:27:13Z</time></trkpt><trkpt lat="41.67897767523454" lon="-111.70372726522731"><ele>2644.40</ele><time>2026-05-16T09:27:25Z</time></trkpt><trkpt lat="41.678852471481676" lon="-111.70377420388508"><ele>2643.20</ele><time>2026-05-16T09:27:34Z</time></trkpt><trkpt lat="41.67873227348366" lon="-111.70386405788707"><ele>2642.00</ele><time>2026-05-16T09:27:44Z</time></trkpt><trkpt lat="41.67852392975523" lon="-111.70394318305301"><ele>2640.80</ele><time>2026-05-16T09:27:59Z</time></trkpt><trkpt lat="41.67829956241275" lon="-111.70403437815952"><ele>2639.60</ele><time>2026-05-16T09:28:15Z</time></trkpt><trkpt lat="41.678136292008055" lon="-111.70409204565334"><ele>2638.40</ele><time>2026-05-16T09:28:27Z</time></trkpt><trkpt lat="41.67810724385585" lon="-111.70411618553447"><ele>2637.20</ele><time>2026-05-16T09:28:29Z</time></trkpt><trkpt lat="41.67777469601246" lon="-111.70423152052211"><ele>2636.00</ele><time>2026-05-16T09:28:54Z</time></trkpt><trkpt lat="41.677518269050914" lon="-111.7043012579565"><ele>2637.50</ele><time>2026-05-16T09:29:12Z</time></trkpt><trkpt lat="41.677371028211184" lon="-111.70436026655483"><ele>2639.00</ele><time>2026-05-16T09:29:23Z</time></trkpt><trkpt lat="41.67716468502755" lon="-111.70447291933345"><ele>2640.50</ele><time>2026-05-16T09:29:38Z</time></trkpt><trkpt lat="41.676958339581425" lon="-111.7045895954256"><ele>2642.00</ele><time>2026-05-16T09:29:54Z</time></trkpt><trkpt lat="41.67672695511613" lon="-111.70474114023494"><ele>2643.50</ele><time>2026-05-16T09:30:12Z</time></trkpt><trkpt lat="41.67657970767458" lon="-111.70481221877384"><ele>2645.00</ele><time>2026-05-16T09:30:23Z</time></trkpt><trkpt lat="41.676496567813885" lon="-111.70484440528202"><ele>2646.50</ele><time>2026-05-16T09:30:29Z</time></trkpt><trkpt lat="41.67639339410249" lon="-111.70491950713443"><ele>2648.00</ele><time>2026-05-16T09:30:37Z</time></trkpt><trkpt lat="41.67622711899902" lon="-111.70502813659954"><ele>2649.50</ele><time>2026-05-16T09:30:50Z</time></trkpt><trkpt lat="41.67609790087101" lon="-111.70511396728801"><ele>2651.00</ele><time>2026-05-16T09:31:00Z</time></trkpt><trkpt lat="41.675884543586655" lon="-111.70522796117115"><ele>2654.10</ele><time>2026-05-16T09:31:17Z</time></trkpt><trkpt lat="41.675619096297815" lon="-111.70538352929401"><ele>2657.20</ele><time>2026-05-16T09:31:37Z</time></trkpt><trkpt lat="41.6755139177778" lon="-111.70544522010135"><ele>2660.30</ele><time>2026-05-16T09:31:45Z</time></trkpt><trkpt lat="41.67517835134971" lon="-111.70567589007663"><ele>2663.40</ele><time>2026-05-16T09:32:11Z</time></trkpt><trkpt lat="41.67487683895351" lon="-111.70568259559917"><ele>2666.50</ele><time>2026-05-16T09:32:33Z</time></trkpt><trkpt lat="41.67474761811456" lon="-111.70571746431636"><ele>2669.60</ele><time>2026-05-16T09:32:42Z</time></trkpt><trkpt lat="41.67464945017206" lon="-111.70574428640651"><ele>2672.70</ele><time>2026-05-16T09:32:49Z</time></trkpt><trkpt lat="41.674509209900656" lon="-111.70571746431636"><ele>2675.80</ele><time>2026-05-16T09:32:59Z</time></trkpt><trkpt lat="41.674421058775486" lon="-111.70567857228565"><ele>2678.90</ele><time>2026-05-16T09:33:05Z</time></trkpt><trkpt lat="41.67424576196281" lon="-111.70563833915043"><ele>2682.00</ele><time>2026-05-16T09:33:18Z</time></trkpt><trkpt lat="41.67414158292093" lon="-111.70560078822422"><ele>2682.00</ele><time>2026-05-16T09:33:25Z</time></trkpt><trkpt lat="41.67406745879977" lon="-111.70562492810535"><ele>2682.00</ele><time>2026-05-16T09:33:31Z</time></trkpt><trkpt lat="41.67402538639817" lon="-111.70571075879383"><ele>2682.00</ele><time>2026-05-16T09:33:36Z</time></trkpt><trkpt lat="41.67394124151243" lon="-111.70591058336544"><ele>2682.00</ele><time>2026-05-16T09:33:48Z</time></trkpt><trkpt lat="41.67389816730216" lon="-111.70597227417278"><ele>2682.00</ele><time>2026-05-16T09:33:53Z</time></trkpt><trkpt lat="41.67384207061303" lon="-111.70601518951702"><ele>2682.00</ele><time>2026-05-16T09:33:57Z</time></trkpt><trkpt lat="41.673804004974706" lon="-111.70605676375675"><ele>2682.00</ele><time>2026-05-16T09:34:01Z</time></trkpt><trkpt lat="41.673755922030956" lon="-111.70613052450466"><ele>2682.00</ele><time>2026-05-16T09:34:06Z</time></trkpt><trkpt lat="41.67365074198449" lon="-111.70623110734272"><ele>2682.00</ele><time>2026-05-16T09:34:15Z</time></trkpt><trkpt lat="41.673575612190206" lon="-111.70629279815006"><ele>2682.00</ele><time>2026-05-16T09:34:21Z</time></trkpt><trkpt lat="41.673510502983696" lon="-111.70643495522785"><ele>2682.30</ele><time>2026-05-16T09:34:30Z</time></trkpt><trkpt lat="41.67344939729121" lon="-111.7066240509634"><ele>2682.60</ele><time>2026-05-16T09:34:40Z</time></trkpt><trkpt lat="41.673331192672215" lon="-111.70689629517841"><ele>2682.90</ele><time>2026-05-16T09:34:57Z</time></trkpt><trkpt lat="41.673170916800814" lon="-111.70718731485653"><ele>2683.20</ele><time>2026-05-16T09:35:16Z</time></trkpt><trkpt lat="41.67307575167049" lon="-111.70728789769458"><ele>2683.50</ele><time>2026-05-16T09:35:24Z</time></trkpt><trkpt lat="41.67292849587578" lon="-111.70746626459407"><ele>2683.80</ele><time>2026-05-16T09:35:38Z</time></trkpt><trkpt lat="41.67283433212979" lon="-111.70765401922512"><ele>2684.10</ele><time>2026-05-16T09:35:50Z</time></trkpt><trkpt lat="41.672805281584615" lon="-111.70769827567386"><ele>2684.40</ele><time>2026-05-16T09:35:53Z</time></trkpt><trkpt lat="41.672700101391705" lon="-111.70791553460407"><ele>2684.70</ele><time>2026-05-16T09:36:07Z</time></trkpt><trkpt lat="41.6725798919034" lon="-111.70813011132526"><ele>2685.00</ele><time>2026-05-16T09:36:21Z</time></trkpt><trkpt lat="41.67249775356585" lon="-111.70827629171657"><ele>2682.10</ele><time>2026-05-16T09:36:30Z</time></trkpt><trkpt lat="41.67239657694344" lon="-111.70836212240505"><ele>2679.20</ele><time>2026-05-16T09:36:39Z</time></trkpt><trkpt lat="41.67235650695002" lon="-111.70841710768985"><ele>2676.30</ele><time>2026-05-16T09:36:43Z</time></trkpt><trkpt lat="41.672267351125136" lon="-111.70854451261806"><ele>2673.40</ele><time>2026-05-16T09:36:52Z</time></trkpt><trkpt lat="41.67218721095243" lon="-111.70863973103809"><ele>2670.50</ele><time>2026-05-16T09:37:00Z</time></trkpt><trkpt lat="41.67211408767442" lon="-111.70872556172657"><ele>2667.60</ele><time>2026-05-16T09:37:06Z</time></trkpt><trkpt lat="41.67207401750517" lon="-111.70885296665477"><ele>2664.70</ele><time>2026-05-16T09:37:14Z</time></trkpt><trkpt lat="41.672003894648924" lon="-111.70896293722438"><ele>2661.80</ele><time>2026-05-16T09:37:21Z</time></trkpt><trkpt lat="41.67189169792001" lon="-111.70910777651119"><ele>2658.90</ele><time>2026-05-16T09:37:32Z</time></trkpt><trkpt lat="41.67181055552101" lon="-111.70924188696193"><ele>2656.00</ele><time>2026-05-16T09:37:41Z</time></trkpt><trkpt lat="41.671733420059226" lon="-111.7093089421873"><ele>2653.30</ele><time>2026-05-16T09:37:48Z</time></trkpt><trkpt lat="41.6715921717662" lon="-111.70935185753154"><ele>2650.60</ele><time>2026-05-16T09:37:58Z</time></trkpt><trkpt lat="41.67146695562262" lon="-111.70940550171184"><ele>2647.90</ele><time>2026-05-16T09:38:07Z</time></trkpt><trkpt lat="41.671420874462534" lon="-111.70943634711551"><ele>2645.20</ele><time>2026-05-16T09:38:11Z</time></trkpt><trkpt lat="41.671362772083256" lon="-111.70951815449047"><ele>2642.50</ele><time>2026-05-16T09:38:17Z</time></trkpt><trkpt lat="41.67128563608488" lon="-111.70974614225673"><ele>2639.80</ele><time>2026-05-16T09:38:30Z</time></trkpt><trkpt lat="41.67110331687373" lon="-111.71021284662532"><ele>2637.10</ele><time>2026-05-16T09:38:57Z</time></trkpt><trkpt lat="41.67097709377407" lon="-111.71046631537723"><ele>2634.40</ele><time>2026-05-16T09:39:13Z</time></trkpt><trkpt lat="41.67092900871865" lon="-111.71062590681362"><ele>2631.70</ele><time>2026-05-16T09:39:22Z</time></trkpt><trkpt lat="41.67092800960356" lon="-111.71080561481762"><ele>2629.00</ele><time>2026-05-16T09:39:32Z</time></trkpt><trkpt lat="41.670830837609536" lon="-111.71102153264331"><ele>2623.60</ele><time>2026-05-16T09:39:45Z</time></trkpt><trkpt lat="41.6707647204988" lon="-111.71120124064731"><ele>2618.20</ele><time>2026-05-16T09:39:55Z</time></trkpt><trkpt lat="41.67070561575146" lon="-111.71145336829471"><ele>2612.80</ele><time>2026-05-16T09:40:09Z</time></trkpt><trkpt lat="41.67063549140455" lon="-111.7115593155508"><ele>2607.40</ele><time>2026-05-16T09:40:17Z</time></trkpt><trkpt lat="41.67046919621931" lon="-111.71178730331707"><ele>2602.00</ele><time>2026-05-16T09:40:33Z</time></trkpt><trkpt lat="41.670412094761446" lon="-111.71200188003826"><ele>2596.60</ele><time>2026-05-16T09:40:45Z</time></trkpt><trkpt lat="41.67032494263143" lon="-111.7123344739561"><ele>2591.20</ele><time>2026-05-16T09:41:04Z</time></trkpt><trkpt lat="41.67026583748029" lon="-111.71254368625927"><ele>2585.80</ele><time>2026-05-16T09:41:15Z</time></trkpt><trkpt lat="41.6701716710136" lon="-111.71272741757679"><ele>2580.40</ele><time>2026-05-16T09:41:27Z</time></trkpt><trkpt lat="41.67005947109124" lon="-111.71290176116275"><ele>2575.00</ele><time>2026-05-16T09:41:39Z</time></trkpt><trkpt lat="41.66996931029762" lon="-111.71306403480816"><ele>2575.00</ele><time>2026-05-16T09:41:50Z</time></trkpt><trkpt lat="41.66986512433441" lon="-111.71313109003353"><ele>2575.00</ele><time>2026-05-16T09:41:58Z</time></trkpt><trkpt lat="41.66981603665868" lon="-111.71315522991466"><ele>2575.00</ele><time>2026-05-16T09:42:02Z</time></trkpt><trkpt lat="41.66979900623183" lon="-111.71324776612568"><ele>2575.00</ele><time>2026-05-16T09:42:07Z</time></trkpt><trkpt lat="41.66983908091321" lon="-111.71337114774036"><ele>2575.00</ele><time>2026-05-16T09:42:14Z</time></trkpt><trkpt lat="41.66982605765065" lon="-111.7134851416235"><ele>2575.00</ele><time>2026-05-16T09:42:20Z</time></trkpt><trkpt lat="41.66976995741273" lon="-111.71358706556606"><ele>2575.00</ele><time>2026-05-16T09:42:26Z</time></trkpt><trkpt lat="41.669713857125934" lon="-111.71365814410495"><ele>2575.00</ele><time>2026-05-16T09:42:32Z</time></trkpt><trkpt lat="41.669668776502895" lon="-111.71384455763149"><ele>2575.00</ele><time>2026-05-16T09:42:42Z</time></trkpt><trkpt lat="41.66967278367066" lon="-111.71400012575435"><ele>2575.00</ele><time>2026-05-16T09:42:50Z</time></trkpt><trkpt lat="41.66965374962153" lon="-111.71407388650226"><ele>2573.20</ele><time>2026-05-16T09:42:54Z</time></trkpt><trkpt lat="41.66961367944803" lon="-111.71413825951862"><ele>2571.40</ele><time>2026-05-16T09:42:59Z</time></trkpt><trkpt lat="41.66952852700106" lon="-111.7142066558485"><ele>2569.60</ele><time>2026-05-16T09:43:06Z</time></trkpt><trkpt lat="41.669413320569966" lon="-111.71428578101444"><ele>2567.80</ele><time>2026-05-16T09:43:15Z</time></trkpt><trkpt lat="41.669337184032806" lon="-111.71437295280742"><ele>2566.00</ele><time>2026-05-16T09:43:22Z</time></trkpt><trkpt lat="41.66922298330454" lon="-111.71455400191593"><ele>2564.20</ele><time>2026-05-16T09:43:34Z</time></trkpt><trkpt lat="41.669160871742065" lon="-111.71461032830524"><ele>2562.40</ele><time>2026-05-16T09:43:39Z</time></trkpt><trkpt lat="41.669059689874906" lon="-111.7146934767847"><ele>2560.60</ele><time>2026-05-16T09:43:48Z</time></trkpt><trkpt lat="41.6689504964855" lon="-111.71484502159404"><ele>2558.80</ele><time>2026-05-16T09:43:59Z</time></trkpt><trkpt lat="41.66888738285604" lon="-111.71498315535831"><ele>2557.00</ele><time>2026-05-16T09:44:07Z</time></trkpt><trkpt lat="41.66867800545162" lon="-111.71538414560604"><ele>2554.80</ele><time>2026-05-16T09:44:33Z</time></trkpt><trkpt lat="41.66854175950216" lon="-111.71566041313457"><ele>2552.60</ele><time>2026-05-16T09:44:50Z</time></trkpt><trkpt lat="41.66846462474708" lon="-111.71578513585376"><ele>2550.40</ele><time>2026-05-16T09:44:59Z</time></trkpt><trkpt lat="41.668444588529724" lon="-111.71585621439266"><ele>2548.20</ele><time>2026-05-16T09:45:03Z</time></trkpt><trkpt lat="41.668446592151746" lon="-111.71601312362003"><ele>2546.00</ele><time>2026-05-16T09:45:11Z</time></trkpt><trkpt lat="41.668432566796305" lon="-111.71613248192119"><ele>2543.80</ele><time>2026-05-16T09:45:17Z</time></trkpt><trkpt lat="41.668329383452615" lon="-111.71636315189647"><ele>2541.60</ele><time>2026-05-16T09:45:31Z</time></trkpt><trkpt lat="41.668259256517246" lon="-111.71642484270382"><ele>2539.40</ele><time>2026-05-16T09:45:37Z</time></trkpt><trkpt lat="41.66821718031936" lon="-111.71650262676525"><ele>2537.20</ele><time>2026-05-16T09:45:42Z</time></trkpt><trkpt lat="41.66819213495041" lon="-111.71663673721599"><ele>2535.00</ele><time>2026-05-16T09:45:49Z</time></trkpt><trkpt lat="41.66805288529034" lon="-111.71681242190647"><ele>2533.30</ele><time>2026-05-16T09:46:03Z</time></trkpt><trkpt lat="41.667986765326496" lon="-111.71691300474453"><ele>2531.60</ele><time>2026-05-16T09:46:10Z</time></trkpt><trkpt lat="41.66798075441732" lon="-111.7170162697916"><ele>2529.90</ele><time>2026-05-16T09:46:15Z</time></trkpt><trkpt lat="41.66800880532198" lon="-111.71710880600261"><ele>2528.20</ele><time>2026-05-16T09:46:21Z</time></trkpt><trkpt lat="41.66799277623511" lon="-111.71720000110912"><ele>2526.50</ele><time>2026-05-16T09:46:25Z</time></trkpt><trkpt lat="41.667918641656364" lon="-111.71739177905368"><ele>2524.80</ele><time>2026-05-16T09:46:37Z</time></trkpt><trkpt lat="41.66785151973443" lon="-111.71760099135685"><ele>2523.10</ele><time>2026-05-16T09:46:49Z</time></trkpt><trkpt lat="41.66777438127025" lon="-111.71773241959858"><ele>2521.40</ele><time>2026-05-16T09:46:57Z</time></trkpt><trkpt lat="41.66762611152442" lon="-111.71797515951442"><ele>2519.70</ele><time>2026-05-16T09:47:14Z</time></trkpt><trkpt lat="41.667534945497685" lon="-111.7181320687418"><ele>2518.00</ele><time>2026-05-16T09:47:24Z</time></trkpt><trkpt lat="41.6674497932601" lon="-111.71827154361057"><ele>2515.40</ele><time>2026-05-16T09:47:34Z</time></trkpt><trkpt lat="41.66737866353901" lon="-111.71843381725597"><ele>2512.80</ele><time>2026-05-16T09:47:44Z</time></trkpt><trkpt lat="41.66729250630683" lon="-111.71864168845462"><ele>2510.20</ele><time>2026-05-16T09:47:56Z</time></trkpt><trkpt lat="41.6672123599408" lon="-111.71884821854877"><ele>2507.60</ele><time>2026-05-16T09:48:08Z</time></trkpt><trkpt lat="41.66714223455749" lon="-111.71906815968799"><ele>2505.00</ele><time>2026-05-16T09:48:21Z</time></trkpt><trkpt lat="41.66711117777998" lon="-111.71914728485393"><ele>2502.40</ele><time>2026-05-16T09:48:25Z</time></trkpt><trkpt lat="41.667103163125304" lon="-111.71925457321453"><ele>2499.80</ele><time>2026-05-16T09:48:31Z</time></trkpt><trkpt lat="41.66714924737612" lon="-111.71945305668163"><ele>2497.20</ele><time>2026-05-16T09:48:42Z</time></trkpt><trkpt lat="41.667229393820726" lon="-111.71968506776142"><ele>2494.60</ele><time>2026-05-16T09:48:55Z</time></trkpt><trkpt lat="41.66729150622696" lon="-111.71985538803386"><ele>2492.00</ele><time>2026-05-16T09:49:05Z</time></trkpt><trkpt lat="41.66732857388809" lon="-111.71998547517109"><ele>2489.20</ele><time>2026-05-16T09:49:13Z</time></trkpt><trkpt lat="41.66734861045276" lon="-111.72010617457676"><ele>2486.40</ele><time>2026-05-16T09:49:19Z</time></trkpt><trkpt lat="41.667363637848375" lon="-111.72049375377941"><ele>2483.60</ele><time>2026-05-16T09:49:39Z</time></trkpt><trkpt lat="41.667363637848375" lon="-111.7206895550375"><ele>2480.80</ele><time>2026-05-16T09:49:50Z</time></trkpt><trkpt lat="41.66734660677275" lon="-111.72088401519107"><ele>2478.00</ele><time>2026-05-16T09:50:00Z</time></trkpt><trkpt lat="41.667325568379" lon="-111.72102349005985"><ele>2475.20</ele><time>2026-05-16T09:50:07Z</time></trkpt><trkpt lat="41.66728750001069" lon="-111.72129036985683"><ele>2472.40</ele><time>2026-05-16T09:50:22Z</time></trkpt><trkpt lat="41.66726145245066" lon="-111.72151299320507"><ele>2469.60</ele><time>2026-05-16T09:50:33Z</time></trkpt><trkpt lat="41.66725043232592" lon="-111.7215907772665"><ele>2466.80</ele><time>2026-05-16T09:50:38Z</time></trkpt><trkpt lat="41.6672253865809" lon="-111.72170477114963"><ele>2464.00</ele><time>2026-05-16T09:50:44Z</time></trkpt><trkpt lat="41.66721937560063" lon="-111.72180937730121"><ele>2461.80</ele><time>2026-05-16T09:50:49Z</time></trkpt><trkpt lat="41.66729050549772" lon="-111.7220601638441"><ele>2459.60</ele><time>2026-05-16T09:51:03Z</time></trkpt><trkpt lat="41.6673145485799" lon="-111.7221500178461"><ele>2457.40</ele><time>2026-05-16T09:51:08Z</time></trkpt><trkpt lat="41.667346607087374" lon="-111.7223297258501"><ele>2455.20</ele><time>2026-05-16T09:51:18Z</time></trkpt><trkpt lat="41.667349612571655" lon="-111.7224732240324"><ele>2453.00</ele><time>2026-05-16T09:51:26Z</time></trkpt><trkpt lat="41.66735862902358" lon="-111.7225268682127"><ele>2450.80</ele><time>2026-05-16T09:51:28Z</time></trkpt><trkpt lat="41.667422745978705" lon="-111.72265829645443"><ele>2448.60</ele><time>2026-05-16T09:51:37Z</time></trkpt><trkpt lat="41.6674638199099" lon="-111.72290237747478"><ele>2446.40</ele><time>2026-05-16T09:51:50Z</time></trkpt><trkpt lat="41.66746782721491" lon="-111.72315986954021"><ele>2444.20</ele><time>2026-05-16T09:52:03Z</time></trkpt><trkpt lat="41.66745480347267" lon="-111.72342272602367"><ele>2442.00</ele><time>2026-05-16T09:52:17Z</time></trkpt><trkpt lat="41.66744077790119" lon="-111.7236453493719"><ele>2442.00</ele><time>2026-05-16T09:52:29Z</time></trkpt><trkpt lat="41.66743075963396" lon="-111.72377275430011"><ele>2442.00</ele><time>2026-05-16T09:52:36Z</time></trkpt><trkpt lat="41.66744678886077" lon="-111.72386663161564"><ele>2442.00</ele><time>2026-05-16T09:52:41Z</time></trkpt><trkpt lat="41.66747083269352" lon="-111.72396453224468"><ele>2442.00</ele><time>2026-05-16T09:52:46Z</time></trkpt><trkpt lat="41.66751090572811" lon="-111.72403024636554"><ele>2442.00</ele><time>2026-05-16T09:52:50Z</time></trkpt><trkpt lat="41.66755298238758" lon="-111.72407450281429"><ele>2442.00</ele><time>2026-05-16T09:52:54Z</time></trkpt><trkpt lat="41.66761709905537" lon="-111.7242019077425"><ele>2442.00</ele><time>2026-05-16T09:53:02Z</time></trkpt><trkpt lat="41.66763513188307" lon="-111.72427835069942"><ele>2442.00</ele><time>2026-05-16T09:53:06Z</time></trkpt><trkpt lat="41.66763112458846" lon="-111.72438966237354"><ele>2442.00</ele><time>2026-05-16T09:53:12Z</time></trkpt><trkpt lat="41.66765516835235" lon="-111.72449829183864"><ele>2442.00</ele><time>2026-05-16T09:53:18Z</time></trkpt><trkpt lat="41.667718283189835" lon="-111.72456534706401"><ele>2439.00</ele><time>2026-05-16T09:53:24Z</time></trkpt><trkpt lat="41.66781045077787" lon="-111.72469409309673"><ele>2436.00</ele><time>2026-05-16T09:53:33Z</time></trkpt><trkpt lat="41.6678364981158" lon="-111.72477187715816"><ele>2433.00</ele><time>2026-05-16T09:53:38Z</time></trkpt><trkpt lat="41.66802784336719" lon="-111.72501864038753"><ele>2430.00</ele><time>2026-05-16T09:53:56Z</time></trkpt><trkpt lat="41.668118006879865" lon="-111.7251755496149"><ele>2427.00</ele><time>2026-05-16T09:54:07Z</time></trkpt><trkpt lat="41.668188133969096" lon="-111.72531770669269"><ele>2424.00</ele><time>2026-05-16T09:54:16Z</time></trkpt><trkpt lat="41.66826226823753" lon="-111.72543706499386"><ele>2421.00</ele><time>2026-05-16T09:54:24Z</time></trkpt><trkpt lat="41.66832137522821" lon="-111.72548400365162"><ele>2418.00</ele><time>2026-05-16T09:54:29Z</time></trkpt><trkpt lat="41.66845461621153" lon="-111.72555776439953"><ele>2415.00</ele><time>2026-05-16T09:54:39Z</time></trkpt><trkpt lat="41.668513721979274" lon="-111.72556715213108"><ele>2412.00</ele><time>2026-05-16T09:54:43Z</time></trkpt><trkpt lat="41.668696051131654" lon="-111.72546791039753"><ele>2412.90</ele><time>2026-05-16T09:54:57Z</time></trkpt><trkpt lat="41.66876417397916" lon="-111.72547059260654"><ele>2413.80</ele><time>2026-05-16T09:55:01Z</time></trkpt><trkpt lat="41.66881426426221" lon="-111.7255000969057"><ele>2414.70</ele><time>2026-05-16T09:55:05Z</time></trkpt><trkpt lat="41.66884832563244" lon="-111.72558324538517"><ele>2415.60</ele><time>2026-05-16T09:55:10Z</time></trkpt><trkpt lat="41.66886435450629" lon="-111.72573613129902"><ele>2416.50</ele><time>2026-05-16T09:55:18Z</time></trkpt><trkpt lat="41.66886635704696" lon="-111.72586487733173"><ele>2417.40</ele><time>2026-05-16T09:55:25Z</time></trkpt><trkpt lat="41.66892245807233" lon="-111.72616796695041"><ele>2418.30</ele><time>2026-05-16T09:55:41Z</time></trkpt><trkpt lat="41.66893147430398" lon="-111.726544817317"><ele>2419.20</ele><time>2026-05-16T09:56:01Z</time></trkpt><trkpt lat="41.66894950676352" lon="-111.72682644926357"><ele>2420.10</ele><time>2026-05-16T09:56:16Z</time></trkpt><trkpt lat="41.668952511625996" lon="-111.72696860634136"><ele>2421.00</ele><time>2026-05-16T09:56:23Z</time></trkpt><trkpt lat="41.668983567515205" lon="-111.7270665069704"><ele>2417.80</ele><time>2026-05-16T09:56:29Z</time></trkpt><trkpt lat="41.66903566123126" lon="-111.72727303706455"><ele>2414.60</ele><time>2026-05-16T09:56:40Z</time></trkpt><trkpt lat="41.669083747700974" lon="-111.72744067512798"><ele>2411.40</ele><time>2026-05-16T09:56:50Z</time></trkpt><trkpt lat="41.66912682513289" lon="-111.72763379417705"><ele>2408.20</ele><time>2026-05-16T09:57:00Z</time></trkpt><trkpt lat="41.66915587675701" lon="-111.72790469728756"><ele>2405.00</ele><time>2026-05-16T09:57:15Z</time></trkpt><trkpt lat="41.6691899379465" lon="-111.72814207278537"><ele>2401.80</ele><time>2026-05-16T09:57:27Z</time></trkpt><trkpt lat="41.66923802430096" lon="-111.72830032311725"><ele>2398.60</ele><time>2026-05-16T09:57:36Z</time></trkpt><trkpt lat="41.66930815017016" lon="-111.72868119679737"><ele>2395.40</ele><time>2026-05-16T09:57:57Z</time></trkpt><trkpt lat="41.669341209155945" lon="-111.72878312073993"><ele>2392.20</ele><time>2026-05-16T09:58:03Z</time></trkpt><trkpt lat="41.66935823970389" lon="-111.72891052566814"><ele>2389.00</ele><time>2026-05-16T09:58:10Z</time></trkpt><trkpt lat="41.66936825767118" lon="-111.72905402385044"><ele>2385.80</ele><time>2026-05-16T09:58:17Z</time></trkpt><trkpt lat="41.66933219298166" lon="-111.7292082508688"><ele>2382.60</ele><time>2026-05-16T09:58:26Z</time></trkpt><trkpt lat="41.66930414265363" lon="-111.72930078707981"><ele>2379.40</ele><time>2026-05-16T09:58:31Z</time></trkpt><trkpt lat="41.66930514445126" lon="-111.72952475153255"><ele>2376.20</ele><time>2026-05-16T09:58:43Z</time></trkpt><trkpt lat="41.66929813186746" lon="-111.72974603377628"><ele>2373.00</ele><time>2026-05-16T09:58:54Z</time></trkpt><trkpt lat="41.66929813164049" lon="-111.72988014422702"><ele>2369.80</ele><time>2026-05-16T09:59:01Z</time></trkpt><trkpt lat="41.669347219711135" lon="-111.73010276757526"><ele>2366.60</ele><time>2026-05-16T09:59:13Z</time></trkpt><trkpt lat="41.66939530594809" lon="-111.73032404981899"><ele>2363.40</ele><time>2026-05-16T09:59:25Z</time></trkpt><trkpt lat="41.66944439394464" lon="-111.7305426498537"><ele>2360.20</ele><time>2026-05-16T09:59:37Z</time></trkpt><trkpt lat="41.66950450049555" lon="-111.73071699343967"><ele>2357.00</ele><time>2026-05-16T09:59:47Z</time></trkpt><trkpt lat="41.66963773903022" lon="-111.7309195002203"><ele>2354.10</ele><time>2026-05-16T10:00:02Z</time></trkpt><trkpt lat="41.66976396475604" lon="-111.73112871252346"><ele>2351.20</ele><time>2026-05-16T10:00:16Z</time></trkpt><trkpt lat="41.669805038153136" lon="-111.73120247327137"><ele>2348.30</ele><time>2026-05-16T10:00:20Z</time></trkpt><trkpt lat="41.66989018913492" lon="-111.73128562175083"><ele>2345.40</ele><time>2026-05-16T10:00:28Z</time></trkpt><trkpt lat="41.66994228211732" lon="-111.73130439721393"><ele>2342.50</ele><time>2026-05-16T10:00:32Z</time></trkpt><trkpt lat="41.670015412579176" lon="-111.73128428064632"><ele>2339.60</ele><time>2026-05-16T10:00:37Z</time></trkpt><trkpt lat="41.67011458851816" lon="-111.73123600088405"><ele>2336.70</ele><time>2026-05-16T10:00:44Z</time></trkpt><trkpt lat="41.67016668131898" lon="-111.73119844995784"><ele>2333.80</ele><time>2026-05-16T10:00:48Z</time></trkpt><trkpt lat="41.67028589267851" lon="-111.73124941192913"><ele>2330.90</ele><time>2026-05-16T10:00:57Z</time></trkpt><trkpt lat="41.67036703699937" lon="-111.7313352426176"><ele>2328.00</ele><time>2026-05-16T10:01:04Z</time></trkpt><trkpt lat="41.67041412069423" lon="-111.73141436778354"><ele>2328.00</ele><time>2026-05-16T10:01:10Z</time></trkpt><trkpt lat="41.6704271438378" lon="-111.73156457148838"><ele>2328.00</ele><time>2026-05-16T10:01:18Z</time></trkpt><trkpt lat="41.670458199015634" lon="-111.73177110158252"><ele>2328.00</ele><time>2026-05-16T10:01:29Z</time></trkpt><trkpt lat="41.670484245282296" lon="-111.73190252982425"><ele>2328.00</ele><time>2026-05-16T10:01:36Z</time></trkpt><trkpt lat="41.670491256996286" lon="-111.7321090599184"><ele>2328.00</ele><time>2026-05-16T10:01:47Z</time></trkpt><trkpt lat="41.67048023742441" lon="-111.73231156669902"><ele>2328.00</ele><time>2026-05-16T10:01:57Z</time></trkpt><trkpt lat="41.670468216071136" lon="-111.73247786365795"><ele>2328.00</ele><time>2026-05-16T10:02:06Z</time></trkpt><trkpt lat="41.67046120361402" lon="-111.7325945397501"><ele>2328.00</ele><time>2026-05-16T10:02:12Z</time></trkpt><trkpt lat="41.670494262333726" lon="-111.73275547229099"><ele>2328.00</ele><time>2026-05-16T10:02:21Z</time></trkpt><trkpt lat="41.67053433348638" lon="-111.73287214838314"><ele>2328.00</ele><time>2026-05-16T10:02:28Z</time></trkpt><trkpt lat="41.67061046860771" lon="-111.73301162325191"><ele>2330.00</ele><time>2026-05-16T10:02:37Z</time></trkpt><trkpt lat="41.670650539688026" lon="-111.7330625852232"><ele>2332.00</ele><time>2026-05-16T10:02:41Z</time></trkpt><trkpt lat="41.67076674458422" lon="-111.7331712146883"><ele>2334.00</ele><time>2026-05-16T10:02:51Z</time></trkpt><trkpt lat="41.67100717010827" lon="-111.73332946502018"><ele>2336.00</ele><time>2026-05-16T10:03:09Z</time></trkpt><trkpt lat="41.671132390263224" lon="-111.73341663681316"><ele>2338.00</ele><time>2026-05-16T10:03:19Z</time></trkpt><trkpt lat="41.67119550169171" lon="-111.73349844418811"><ele>2340.00</ele><time>2026-05-16T10:03:25Z</time></trkpt><trkpt lat="41.67122956180204" lon="-111.73356952272701"><ele>2342.00</ele><time>2026-05-16T10:03:30Z</time></trkpt><trkpt lat="41.67127664486602" lon="-111.7336942454462"><ele>2344.00</ele><time>2026-05-16T10:03:37Z</time></trkpt><trkpt lat="41.67129066960184" lon="-111.733839084733"><ele>2346.00</ele><time>2026-05-16T10:03:45Z</time></trkpt><trkpt lat="41.67127464133208" lon="-111.73396112524318"><ele>2348.00</ele><time>2026-05-16T10:03:51Z</time></trkpt><trkpt lat="41.67121152998118" lon="-111.73406573139476"><ele>2348.00</ele><time>2026-05-16T10:03:58Z</time></trkpt><trkpt lat="41.671131388585565" lon="-111.73415960871029"><ele>2348.00</ele><time>2026-05-16T10:04:06Z</time></trkpt><trkpt lat="41.67108530718527" lon="-111.73422666393566"><ele>2348.00</ele><time>2026-05-16T10:04:11Z</time></trkpt><trkpt lat="41.67103722221066" lon="-111.73436345659542"><ele>2348.00</ele><time>2026-05-16T10:04:19Z</time></trkpt><trkpt lat="41.671032213357066" lon="-111.7344130774622"><ele>2348.00</ele><time>2026-05-16T10:04:21Z</time></trkpt><trkpt lat="41.671055254080336" lon="-111.73452573024082"><ele>2348.00</ele><time>2026-05-16T10:04:27Z</time></trkpt><trkpt lat="41.67110033373248" lon="-111.73460351430225"><ele>2348.00</ele><time>2026-05-16T10:04:32Z</time></trkpt><trkpt lat="41.67112738150859" lon="-111.73471214376735"><ele>2348.00</ele><time>2026-05-16T10:04:38Z</time></trkpt><trkpt lat="41.671131388585565" lon="-111.73482479654598"><ele>2348.00</ele><time>2026-05-16T10:04:44Z</time></trkpt><trkpt lat="41.6711404043799" lon="-111.7350259622221"><ele>2348.00</ele><time>2026-05-16T10:04:55Z</time></trkpt><trkpt lat="41.671195501655326" lon="-111.73525931440639"><ele>2346.40</ele><time>2026-05-16T10:05:08Z</time></trkpt><trkpt lat="41.67123557237147" lon="-111.73539074264812"><ele>2344.80</ele><time>2026-05-16T10:05:15Z</time></trkpt><trkpt lat="41.67126462362506" lon="-111.73546718560505"><ele>2343.20</ele><time>2026-05-16T10:05:20Z</time></trkpt><trkpt lat="41.67128666249837" lon="-111.73557447396564"><ele>2341.60</ele><time>2026-05-16T10:05:25Z</time></trkpt><trkpt lat="41.67128766426516" lon="-111.73570321999836"><ele>2340.00</ele><time>2026-05-16T10:05:32Z</time></trkpt><trkpt lat="41.67128666249837" lon="-111.73583330713558"><ele>2338.40</ele><time>2026-05-16T10:05:39Z</time></trkpt><trkpt lat="41.67126061655638" lon="-111.73591511451053"><ele>2336.80</ele><time>2026-05-16T10:05:44Z</time></trkpt><trkpt lat="41.671218542320155" lon="-111.73600496851253"><ele>2335.20</ele><time>2026-05-16T10:05:49Z</time></trkpt><trkpt lat="41.67119449988711" lon="-111.73614042006778"><ele>2333.60</ele><time>2026-05-16T10:05:57Z</time></trkpt><trkpt lat="41.671206521104764" lon="-111.7362141808157"><ele>2332.00</ele><time>2026-05-16T10:06:00Z</time></trkpt><trkpt lat="41.671232567068614" lon="-111.73629732929516"><ele>2328.40</ele><time>2026-05-16T10:06:05Z</time></trkpt><trkpt lat="41.67123657413905" lon="-111.73634829126644"><ele>2324.80</ele><time>2026-05-16T10:06:08Z</time></trkpt><trkpt lat="41.671218542320155" lon="-111.73641668759632"><ele>2321.20</ele><time>2026-05-16T10:06:12Z</time></trkpt><trkpt lat="41.671184482204005" lon="-111.73643009864139"><ele>2317.60</ele><time>2026-05-16T10:06:14Z</time></trkpt><trkpt lat="41.67110835009987" lon="-111.73642741643238"><ele>2314.00</ele><time>2026-05-16T10:06:20Z</time></trkpt><trkpt lat="41.67099114295327" lon="-111.73638584219265"><ele>2310.40</ele><time>2026-05-16T10:06:28Z</time></trkpt><trkpt lat="41.67090799785754" lon="-111.73640059434223"><ele>2306.80</ele><time>2026-05-16T10:06:34Z</time></trkpt><trkpt lat="41.670848893241704" lon="-111.73639388881969"><ele>2303.20</ele><time>2026-05-16T10:06:38Z</time></trkpt><trkpt lat="41.670812829381674" lon="-111.73638852440166"><ele>2299.60</ele><time>2026-05-16T10:06:41Z</time></trkpt><trkpt lat="41.67069261636897" lon="-111.73645692073154"><ele>2296.00</ele><time>2026-05-16T10:06:50Z</time></trkpt><trkpt lat="41.67057240313177" lon="-111.73649313055324"><ele>2296.00</ele><time>2026-05-16T10:06:58Z</time></trkpt><trkpt lat="41.67048224305657" lon="-111.73653068147945"><ele>2296.00</ele><time>2026-05-16T10:07:05Z</time></trkpt><trkpt lat="41.670394086416465" lon="-111.73663662873554"><ele>2296.00</ele><time>2026-05-16T10:07:13Z</time></trkpt><trkpt lat="41.670292911907026" lon="-111.736719777215"><ele>2296.00</ele><time>2026-05-16T10:07:22Z</time></trkpt><trkpt lat="41.67017971041195" lon="-111.73679756127643"><ele>2296.00</ele><time>2026-05-16T10:07:31Z</time></trkpt><trkpt lat="41.67017772270214" lon="-111.73679756127643"><ele>2296.00</ele><time>2026-05-16T10:07:31Z</time></trkpt><trkpt lat="41.670095140498944" lon="-111.73683064806306"><ele>2296.00</ele><time>2026-05-16T10:07:37Z</time></trkpt><trkpt lat="41.669884765234" lon="-111.73687624561632"><ele>2296.00</ele><time>2026-05-16T10:07:52Z</time></trkpt><trkpt lat="41.669884759581635" lon="-111.73687717583744"><ele>2296.00</ele><time>2026-05-16T10:07:52Z</time></trkpt><trkpt lat="41.66967943867134" lon="-111.73687514295716"><ele>2296.00</ele><time>2026-05-16T10:08:06Z</time></trkpt><trkpt lat="41.669195556754495" lon="-111.73694061863267"><ele>2294.00</ele><time>2026-05-16T10:08:40Z</time></trkpt><trkpt lat="41.66905129748821" lon="-111.73701572048509"><ele>2292.00</ele><time>2026-05-16T10:08:51Z</time></trkpt><trkpt lat="41.66886295851509" lon="-111.73720079290712"><ele>2290.00</ele><time>2026-05-16T10:09:08Z</time></trkpt><trkpt lat="41.66869465513682" lon="-111.73725443708742"><ele>2288.00</ele><time>2026-05-16T10:09:20Z</time></trkpt><trkpt lat="41.668612506899514" lon="-111.7372517548784"><ele>2286.00</ele><time>2026-05-16T10:09:25Z</time></trkpt><trkpt lat="41.668394119916194" lon="-111.73726248371446"><ele>2284.00</ele><time>2026-05-16T10:09:41Z</time></trkpt><trkpt lat="41.66817772820168" lon="-111.73736440765703"><ele>2282.00</ele><time>2026-05-16T10:09:57Z</time></trkpt><trkpt lat="41.6679793684911" lon="-111.7374126874193"><ele>2280.00</ele><time>2026-05-16T10:10:11Z</time></trkpt><trkpt lat="41.667819077369415" lon="-111.73749583589876"><ele>2278.00</ele><time>2026-05-16T10:10:23Z</time></trkpt><trkpt lat="41.66745844137547" lon="-111.73747437822664"><ele>2276.00</ele><time>2026-05-16T10:10:48Z</time></trkpt><trkpt lat="41.66714987811423" lon="-111.73737245428407"><ele>2276.80</ele><time>2026-05-16T10:11:11Z</time></trkpt><trkpt lat="41.66693548588665" lon="-111.73725443708742"><ele>2277.60</ele><time>2026-05-16T10:11:27Z</time></trkpt><trkpt lat="41.666727103971915" lon="-111.73704522478425"><ele>2278.40</ele><time>2026-05-16T10:11:45Z</time></trkpt><trkpt lat="41.66653277348704" lon="-111.73669117319429"><ele>2279.20</ele><time>2026-05-16T10:12:08Z</time></trkpt><trkpt lat="41.66642457459256" lon="-111.7365141473993"><ele>2280.00</ele><time>2026-05-16T10:12:20Z</time></trkpt><trkpt lat="41.66629032756334" lon="-111.73636126148546"><ele>2280.80</ele><time>2026-05-16T10:12:33Z</time></trkpt><trkpt lat="41.66625569977827" lon="-111.73633840705423"><ele>2281.60</ele><time>2026-05-16T10:12:35Z</time></trkpt><trkpt lat="41.66617955950678" lon="-111.7363142671731"><ele>2282.40</ele><time>2026-05-16T10:12:41Z</time></trkpt><trkpt lat="41.66606334835352" lon="-111.73627537514238"><ele>2283.20</ele><time>2026-05-16T10:12:49Z</time></trkpt><trkpt lat="41.66595314497058" lon="-111.73627671624689"><ele>2284.00</ele><time>2026-05-16T10:12:57Z</time></trkpt><trkpt lat="41.665795854360944" lon="-111.73629012729197"><ele>2284.00</ele><time>2026-05-16T10:13:08Z</time></trkpt><trkpt lat="41.66566060416643" lon="-111.73632365490465"><ele>2284.00</ele><time>2026-05-16T10:13:18Z</time></trkpt><trkpt lat="41.66554840125507" lon="-111.7364054622796"><ele>2284.00</ele><time>2026-05-16T10:13:27Z</time></trkpt><trkpt lat="41.665464245288426" lon="-111.73645240093737"><ele>2284.00</ele><time>2026-05-16T10:13:33Z</time></trkpt><trkpt lat="41.66537107248278" lon="-111.73646447087793"><ele>2284.00</ele><time>2026-05-16T10:13:40Z</time></trkpt><trkpt lat="41.66521578417371" lon="-111.73649665738611"><ele>2284.00</ele><time>2026-05-16T10:13:51Z</time></trkpt><trkpt lat="41.66513262963488" lon="-111.73654359604387"><ele>2284.00</ele><time>2026-05-16T10:13:57Z</time></trkpt><trkpt lat="41.66508053276066" lon="-111.73658114697008"><ele>2284.00</ele><time>2026-05-16T10:14:01Z</time></trkpt><trkpt lat="41.66495129742038" lon="-111.73669648195772"><ele>2284.00</ele><time>2026-05-16T10:14:12Z</time></trkpt><trkpt lat="41.6648450996023" lon="-111.73677292491465"><ele>2284.00</ele><time>2026-05-16T10:14:20Z</time></trkpt><trkpt lat="41.664750924032184" lon="-111.73683461572199"><ele>2286.10</ele><time>2026-05-16T10:14:28Z</time></trkpt><trkpt lat="41.664680793199" lon="-111.73685205008059"><ele>2288.20</ele><time>2026-05-16T10:14:33Z</time></trkpt><trkpt lat="41.66461767538381" lon="-111.73683461572199"><ele>2290.30</ele><time>2026-05-16T10:14:37Z</time></trkpt><trkpt lat="41.66457259580844" lon="-111.73680377031832"><ele>2292.40</ele><time>2026-05-16T10:14:41Z</time></trkpt><trkpt lat="41.66443354336508" lon="-111.73669163959414"><ele>2294.50</ele><time>2026-05-16T10:14:52Z</time></trkpt><trkpt lat="41.66420912332377" lon="-111.73650656717211"><ele>2296.60</ele><time>2026-05-16T10:15:11Z</time></trkpt><trkpt lat="41.66393260446093" lon="-111.73629199045092"><ele>2298.70</ele><time>2026-05-16T10:15:33Z</time></trkpt><trkpt lat="41.6638183898991" lon="-111.73625712173373"><ele>2300.80</ele><time>2026-05-16T10:15:41Z</time></trkpt><trkpt lat="41.663680129895255" lon="-111.73627857940585"><ele>2302.90</ele><time>2026-05-16T10:15:51Z</time></trkpt><trkpt lat="41.66362851578134" lon="-111.7363007599622"><ele>2305.00</ele><time>2026-05-16T10:15:55Z</time></trkpt><trkpt lat="41.663458194942116" lon="-111.73639329617322"><ele>2301.70</ele><time>2026-05-16T10:16:08Z</time></trkpt><trkpt lat="41.66334799032359" lon="-111.7364442581445"><ele>2298.40</ele><time>2026-05-16T10:16:16Z</time></trkpt><trkpt lat="41.66321774444906" lon="-111.73645364587605"><ele>2295.10</ele><time>2026-05-16T10:16:25Z</time></trkpt><trkpt lat="41.66298330121094" lon="-111.73633831088841"><ele>2291.80</ele><time>2026-05-16T10:16:43Z</time></trkpt><trkpt lat="41.66280096060337" lon="-111.73628869002164"><ele>2288.50</ele><time>2026-05-16T10:16:56Z</time></trkpt><trkpt lat="41.662552489211414" lon="-111.73619749491513"><ele>2285.20</ele><time>2026-05-16T10:17:14Z</time></trkpt><trkpt lat="41.66244528927237" lon="-111.7361921304971"><ele>2281.90</ele><time>2026-05-16T10:17:21Z</time></trkpt><trkpt lat="41.66234509875693" lon="-111.73621627037824"><ele>2278.60</ele><time>2026-05-16T10:17:28Z</time></trkpt><trkpt lat="41.662256933344935" lon="-111.73629271333516"><ele>2275.30</ele><time>2026-05-16T10:17:36Z</time></trkpt><trkpt lat="41.662124681444766" lon="-111.73648851459325"><ele>2272.00</ele><time>2026-05-16T10:17:50Z</time></trkpt><trkpt lat="41.662009461764896" lon="-111.73670309131444"><ele>2272.00</ele><time>2026-05-16T10:18:04Z</time></trkpt><trkpt lat="41.661919292645365" lon="-111.73681306188405"><ele>2272.00</ele><time>2026-05-16T10:18:12Z</time></trkpt><trkpt lat="41.6617940534537" lon="-111.73689889257253"><ele>2272.00</ele><time>2026-05-16T10:18:22Z</time></trkpt><trkpt lat="41.66170788874836" lon="-111.73692035024465"><ele>2272.00</ele><time>2026-05-16T10:18:28Z</time></trkpt><trkpt lat="41.66153656343974" lon="-111.73698606436551"><ele>2272.00</ele><time>2026-05-16T10:18:41Z</time></trkpt><trkpt lat="41.66140330813949" lon="-111.73697533552945"><ele>2272.00</ele><time>2026-05-16T10:18:50Z</time></trkpt><trkpt lat="41.66113278901269" lon="-111.736984723261"><ele>2272.00</ele><time>2026-05-16T10:19:09Z</time></trkpt><trkpt lat="41.661010559248155" lon="-111.73695387785733"><ele>2272.00</ele><time>2026-05-16T10:19:18Z</time></trkpt><trkpt lat="41.66087930671691" lon="-111.73691498582662"><ele>2272.00</ele><time>2026-05-16T10:19:27Z</time></trkpt><trkpt lat="41.66076308287818" lon="-111.73696326558888"><ele>2272.00</ele><time>2026-05-16T10:19:36Z</time></trkpt><trkpt lat="41.6606438530325" lon="-111.73705848400891"><ele>2271.50</ele><time>2026-05-16T10:19:45Z</time></trkpt><trkpt lat="41.660461501076846" lon="-111.7372730607301"><ele>2271.00</ele><time>2026-05-16T10:20:02Z</time></trkpt><trkpt lat="41.660355298287364" lon="-111.73735084479154"><ele>2270.50</ele><time>2026-05-16T10:20:11Z</time></trkpt><trkpt lat="41.66017494939405" lon="-111.7374152178079"><ele>2270.00</ele><time>2026-05-16T10:20:24Z</time></trkpt><trkpt lat="41.65997757038306" lon="-111.7374715441972"><ele>2269.50</ele><time>2026-05-16T10:20:38Z</time></trkpt><trkpt lat="41.65978720097534" lon="-111.73755737488568"><ele>2269.00</ele><time>2026-05-16T10:20:52Z</time></trkpt><trkpt lat="41.65963290564327" lon="-111.73763918226064"><ele>2268.50</ele><time>2026-05-16T10:21:04Z</time></trkpt><trkpt lat="41.65958280821714" lon="-111.73767270987332"><ele>2268.00</ele><time>2026-05-16T10:21:08Z</time></trkpt><trkpt lat="41.65951267175512" lon="-111.7377598816663"><ele>2267.50</ele><time>2026-05-16T10:21:15Z</time></trkpt><trkpt lat="41.65946858593986" lon="-111.73788862769902"><ele>2267.00</ele><time>2026-05-16T10:21:22Z</time></trkpt><trkpt lat="41.659463576186226" lon="-111.73797311728299"><ele>2266.10</ele><time>2026-05-16T10:21:26Z</time></trkpt><trkpt lat="41.65950365420444" lon="-111.73816623633206"><ele>2265.20</ele><time>2026-05-16T10:21:37Z</time></trkpt><trkpt lat="41.65961286707167" lon="-111.73860075419248"><ele>2264.30</ele><time>2026-05-16T10:22:01Z</time></trkpt><trkpt lat="41.65970204042149" lon="-111.73889847939313"><ele>2263.40</ele><time>2026-05-16T10:22:18Z</time></trkpt><trkpt lat="41.659750133862254" lon="-111.73912914936841"><ele>2262.50</ele><time>2026-05-16T10:22:30Z</time></trkpt><trkpt lat="41.6597531397011" lon="-111.73932897394002"><ele>2261.60</ele><time>2026-05-16T10:22:41Z</time></trkpt><trkpt lat="41.6597461260769" lon="-111.73952075188458"><ele>2260.70</ele><time>2026-05-16T10:22:51Z</time></trkpt><trkpt lat="41.65974612574576" lon="-111.73969643657506"><ele>2259.80</ele><time>2026-05-16T10:23:00Z</time></trkpt><trkpt lat="41.65974412185299" lon="-111.73988955562413"><ele>2258.90</ele><time>2026-05-16T10:23:10Z</time></trkpt><trkpt lat="41.659710055666295" lon="-111.7400638992101"><ele>2258.00</ele><time>2026-05-16T10:23:20Z</time></trkpt><trkpt lat="41.65969101867179" lon="-111.74013229553998"><ele>2258.00</ele><time>2026-05-16T10:23:23Z</time></trkpt><trkpt lat="41.65964292518686" lon="-111.74023153727353"><ele>2258.00</ele><time>2026-05-16T10:23:30Z</time></trkpt><trkpt lat="41.65955375175518" lon="-111.74040185754598"><ele>2258.00</ele><time>2026-05-16T10:23:41Z</time></trkpt><trkpt lat="41.65948962696394" lon="-111.74052255695165"><ele>2258.00</ele><time>2026-05-16T10:23:48Z</time></trkpt><trkpt lat="41.659422498449366" lon="-111.74061106984914"><ele>2258.00</ele><time>2026-05-16T10:23:55Z</time></trkpt><trkpt lat="41.65932029932481" lon="-111.74077066128552"><ele>2258.00</ele><time>2026-05-16T10:24:06Z</time></trkpt><trkpt lat="41.65927220556304" lon="-111.74084442203343"><ele>2258.00</ele><time>2026-05-16T10:24:11Z</time></trkpt><trkpt lat="41.65920908244619" lon="-111.74106302206815"><ele>2258.00</ele><time>2026-05-16T10:24:23Z</time></trkpt><trkpt lat="41.65912391623811" lon="-111.74135270064176"><ele>2258.00</ele><time>2026-05-16T10:24:40Z</time></trkpt><trkpt lat="41.65908684385352" lon="-111.74147205894292"><ele>2258.00</ele><time>2026-05-16T10:24:46Z</time></trkpt><trkpt lat="41.65903073631107" lon="-111.74167590682805"><ele>2259.20</ele><time>2026-05-16T10:24:58Z</time></trkpt><trkpt lat="41.65900568736867" lon="-111.74174832647145"><ele>2260.40</ele><time>2026-05-16T10:25:02Z</time></trkpt><trkpt lat="41.65897061883292" lon="-111.74185829704106"><ele>2261.60</ele><time>2026-05-16T10:25:08Z</time></trkpt><trkpt lat="41.65892252481001" lon="-111.74197631423772"><ele>2262.80</ele><time>2026-05-16T10:25:15Z</time></trkpt><trkpt lat="41.65887543271109" lon="-111.74217479770482"><ele>2264.00</ele><time>2026-05-16T10:25:26Z</time></trkpt><trkpt lat="41.65882433444808" lon="-111.7423880333215"><ele>2265.20</ele><time>2026-05-16T10:25:38Z</time></trkpt><trkpt lat="41.658749187350764" lon="-111.7427112395078"><ele>2266.40</ele><time>2026-05-16T10:25:56Z</time></trkpt><trkpt lat="41.658719128487284" lon="-111.74284534995854"><ele>2267.60</ele><time>2026-05-16T10:26:03Z</time></trkpt><trkpt lat="41.65866402053449" lon="-111.74306126778424"><ele>2268.80</ele><time>2026-05-16T10:26:15Z</time></trkpt><trkpt lat="41.65862795125876" lon="-111.74332814758122"><ele>2270.00</ele><time>2026-05-16T10:26:29Z</time></trkpt><trkpt lat="41.65858987662432" lon="-111.74347298686803"><ele>2267.90</ele><time>2026-05-16T10:26:37Z</time></trkpt><trkpt lat="41.658532764630465" lon="-111.74365001266301"><ele>2265.80</ele><time>2026-05-16T10:26:47Z</time></trkpt><trkpt lat="41.658506713528716" lon="-111.74373047893346"><ele>2263.70</ele><time>2026-05-16T10:26:52Z</time></trkpt><trkpt lat="41.65846062309211" lon="-111.74389543478787"><ele>2261.60</ele><time>2026-05-16T10:27:01Z</time></trkpt><trkpt lat="41.65841854189162" lon="-111.74405368511975"><ele>2259.50</ele><time>2026-05-16T10:27:10Z</time></trkpt><trkpt lat="41.65837345335966" lon="-111.7442776495725"><ele>2257.40</ele><time>2026-05-16T10:27:22Z</time></trkpt><trkpt lat="41.65827926832438" lon="-111.74465315883458"><ele>2255.30</ele><time>2026-05-16T10:27:43Z</time></trkpt><trkpt lat="41.65823818757436" lon="-111.7448556656152"><ele>2253.20</ele><time>2026-05-16T10:27:54Z</time></trkpt><trkpt lat="41.658198110481635" lon="-111.7450353736192"><ele>2251.10</ele><time>2026-05-16T10:28:04Z</time></trkpt><trkpt lat="41.65816504544809" lon="-111.74510108774007"><ele>2249.00</ele><time>2026-05-16T10:28:08Z</time></trkpt><trkpt lat="41.658128974483084" lon="-111.74516411965192"><ele>2249.00</ele><time>2026-05-16T10:28:12Z</time></trkpt><trkpt lat="41.658095909414044" lon="-111.74517484848798"><ele>2249.00</ele><time>2026-05-16T10:28:14Z</time></trkpt><trkpt lat="41.65807787391471" lon="-111.74514802639783"><ele>2249.00</ele><time>2026-05-16T10:28:16Z</time></trkpt><trkpt lat="41.65805583051975" lon="-111.74510075084987"><ele>2249.00</ele><time>2026-05-16T10:28:19Z</time></trkpt><trkpt lat="41.65802577133266" lon="-111.74494920604053"><ele>2249.00</ele><time>2026-05-16T10:28:27Z</time></trkpt><trkpt lat="41.65800573186681" lon="-111.74479497902217"><ele>2249.00</ele><time>2026-05-16T10:28:36Z</time></trkpt><trkpt lat="41.65799170423699" lon="-111.74449725382152"><ele>2249.00</ele><time>2026-05-16T10:28:51Z</time></trkpt><trkpt lat="41.65797968055187" lon="-111.74436582557979"><ele>2249.00</ele><time>2026-05-16T10:28:58Z</time></trkpt><trkpt lat="41.65796064304582" lon="-111.74424780838314"><ele>2249.00</ele><time>2026-05-16T10:29:05Z</time></trkpt><trkpt lat="41.65794962132923" lon="-111.74415258996311"><ele>2249.00</ele><time>2026-05-16T10:29:10Z</time></trkpt><trkpt lat="41.657944611457424" lon="-111.74403859607997"><ele>2247.40</ele><time>2026-05-16T10:29:16Z</time></trkpt><trkpt lat="41.657940603559716" lon="-111.7439339899284"><ele>2245.80</ele><time>2026-05-16T10:29:21Z</time></trkpt><trkpt lat="41.65792156604213" lon="-111.74382938377681"><ele>2244.20</ele><time>2026-05-16T10:29:27Z</time></trkpt><trkpt lat="41.657876477162205" lon="-111.7437368475658"><ele>2242.60</ele><time>2026-05-16T10:29:32Z</time></trkpt><trkpt lat="41.657857439625666" lon="-111.74370868437114"><ele>2241.00</ele><time>2026-05-16T10:29:34Z</time></trkpt><trkpt lat="41.6578263809529" lon="-111.74364297025028"><ele>2239.40</ele><time>2026-05-16T10:29:39Z</time></trkpt><trkpt lat="41.65781935835481" lon="-111.74359518255619"><ele>2237.80</ele><time>2026-05-16T10:29:41Z</time></trkpt><trkpt lat="41.657793978229165" lon="-111.74354899674654"><ele>2236.20</ele><time>2026-05-16T10:29:44Z</time></trkpt><trkpt lat="41.657618042081594" lon="-111.74315496347845"><ele>2234.60</ele><time>2026-05-16T10:30:08Z</time></trkpt><trkpt lat="41.65741394273937" lon="-111.74287199042737"><ele>2233.00</ele><time>2026-05-16T10:30:29Z</time></trkpt><trkpt lat="41.65722803212702" lon="-111.74267300404608"><ele>2230.10</ele><time>2026-05-16T10:30:45Z</time></trkpt><trkpt lat="41.65714295580983" lon="-111.74243495799601"><ele>2227.20</ele><time>2026-05-16T10:30:59Z</time></trkpt><trkpt lat="41.657145051285625" lon="-111.74214192666113"><ele>2224.30</ele><time>2026-05-16T10:31:15Z</time></trkpt><trkpt lat="41.65720405988395" lon="-111.74185208044946"><ele>2221.40</ele><time>2026-05-16T10:31:30Z</time></trkpt><trkpt lat="41.65724697522819" lon="-111.74114095978439"><ele>2218.50</ele><time>2026-05-16T10:32:08Z</time></trkpt><trkpt lat="41.65726306848228" lon="-111.74105504527688"><ele>2215.60</ele><time>2026-05-16T10:32:12Z</time></trkpt><trkpt lat="41.65726306848228" lon="-111.74100005999207"><ele>2212.70</ele><time>2026-05-16T10:32:15Z</time></trkpt><trkpt lat="41.65722702629864" lon="-111.74088003113866"><ele>2209.80</ele><time>2026-05-16T10:32:22Z</time></trkpt><trkpt lat="41.65717807598412" lon="-111.74082605168223"><ele>2206.90</ele><time>2026-05-16T10:32:27Z</time></trkpt><trkpt lat="41.65667608380318" lon="-111.74056101590395"><ele>2204.00</ele><time>2026-05-16T10:33:04Z</time></trkpt><trkpt lat="41.656501991674304" lon="-111.74055397510529"><ele>2205.10</ele><time>2026-05-16T10:33:17Z</time></trkpt><trkpt lat="41.6562760155648" lon="-111.74049898982048"><ele>2206.20</ele><time>2026-05-16T10:33:33Z</time></trkpt><trkpt lat="41.65591207332909" lon="-111.74047996290028"><ele>2207.30</ele><time>2026-05-16T10:33:58Z</time></trkpt><trkpt lat="41.65554502978921" lon="-111.7403700761497"><ele>2208.40</ele><time>2026-05-16T10:34:25Z</time></trkpt><trkpt lat="41.655338080599904" lon="-111.74023604951799"><ele>2209.50</ele><time>2026-05-16T10:34:41Z</time></trkpt><trkpt lat="41.6551049798727" lon="-111.740051060915"><ele>2210.60</ele><time>2026-05-16T10:35:00Z</time></trkpt><trkpt lat="41.65500791743398" lon="-111.73993899486959"><ele>2211.70</ele><time>2026-05-16T10:35:09Z</time></trkpt><trkpt lat="41.65497195906937" lon="-111.73984805122018"><ele>2212.80</ele><time>2026-05-16T10:35:14Z</time></trkpt><trkpt lat="41.65496801957488" lon="-111.73977605067194"><ele>2213.90</ele><time>2026-05-16T10:35:18Z</time></trkpt><trkpt lat="41.655045971274376" lon="-111.73961696214974"><ele>2215.00</ele><time>2026-05-16T10:35:28Z</time></trkpt><trkpt lat="41.65508293546736" lon="-111.73949098214507"><ele>2212.00</ele><time>2026-05-16T10:35:35Z</time></trkpt><trkpt lat="41.65513599291444" lon="-111.73940096050501"><ele>2209.00</ele><time>2026-05-16T10:35:41Z</time></trkpt><trkpt lat="41.655171951279044" lon="-111.73927607014775"><ele>2206.00</ele><time>2026-05-16T10:35:48Z</time></trkpt><trkpt lat="41.65529206395149" lon="-111.7390420474112"><ele>2203.00</ele><time>2026-05-16T10:36:03Z</time></trkpt><trkpt lat="41.65544293820858" lon="-111.73867408186197"><ele>2200.00</ele><time>2026-05-16T10:36:25Z</time></trkpt><trkpt lat="41.65546699427068" lon="-111.73857500776649"><ele>2197.00</ele><time>2026-05-16T10:36:30Z</time></trkpt><trkpt lat="41.65547093376517" lon="-111.7384669650346"><ele>2194.00</ele><time>2026-05-16T10:36:36Z</time></trkpt><trkpt lat="41.65543606504798" lon="-111.7379629611969"><ele>2191.00</ele><time>2026-05-16T10:37:03Z</time></trkpt><trkpt lat="41.65540002286434" lon="-111.73781200312078"><ele>2188.00</ele><time>2026-05-16T10:37:11Z</time></trkpt><trkpt lat="41.655300948768854" lon="-111.73755099065602"><ele>2185.00</ele><time>2026-05-16T10:37:26Z</time></trkpt><trkpt lat="41.65520598180592" lon="-111.7373759765178"><ele>2182.60</ele><time>2026-05-16T10:37:38Z</time></trkpt><trkpt lat="41.6551829315722" lon="-111.73728503286839"><ele>2180.20</ele><time>2026-05-16T10:37:43Z</time></trkpt><trkpt lat="41.655189050361514" lon="-111.73717590048909"><ele>2177.80</ele><time>2026-05-16T10:37:48Z</time></trkpt><trkpt lat="41.65526792407036" lon="-111.73688496463001"><ele>2175.40</ele><time>2026-05-16T10:38:05Z</time></trkpt><trkpt lat="41.655257027596235" lon="-111.73682905733585"><ele>2173.00</ele><time>2026-05-16T10:38:08Z</time></trkpt><trkpt lat="41.65526700206101" lon="-111.7367490939796"><ele>2170.60</ele><time>2026-05-16T10:38:12Z</time></trkpt><trkpt lat="41.65537906810641" lon="-111.73645497299731"><ele>2168.20</ele><time>2026-05-16T10:38:29Z</time></trkpt><trkpt lat="41.65543790906668" lon="-111.73640099354088"><ele>2165.80</ele><time>2026-05-16T10:38:34Z</time></trkpt><trkpt lat="41.65547797456384" lon="-111.73627492971718"><ele>2163.40</ele><time>2026-05-16T10:38:41Z</time></trkpt><trkpt lat="41.65549507364631" lon="-111.7360809724778"><ele>2161.00</ele><time>2026-05-16T10:38:52Z</time></trkpt><trkpt lat="41.65548208169639" lon="-111.73598198220134"><ele>2159.70</ele><time>2026-05-16T10:38:57Z</time></trkpt><trkpt lat="41.6554850153625" lon="-111.73565994948149"><ele>2158.40</ele><time>2026-05-16T10:39:14Z</time></trkpt><trkpt lat="41.65543606504798" lon="-111.73532199114561"><ele>2157.10</ele><time>2026-05-16T10:39:32Z</time></trkpt><trkpt lat="41.655411925166845" lon="-111.73529298976064"><ele>2155.80</ele><time>2026-05-16T10:39:34Z</time></trkpt><trkpt lat="41.65539298206568" lon="-111.73517296090722"><ele>2154.50</ele><time>2026-05-16T10:39:40Z</time></trkpt><trkpt lat="41.655427012592554" lon="-111.73488202504814"><ele>2153.20</ele><time>2026-05-16T10:39:56Z</time></trkpt><trkpt lat="41.655518040061" lon="-111.73446997068822"><ele>2151.90</ele><time>2026-05-16T10:40:18Z</time></trkpt><trkpt lat="41.65552290156484" lon="-111.7343419790268"><ele>2150.60</ele><time>2026-05-16T10:40:25Z</time></trkpt><trkpt lat="41.65540102869272" lon="-111.73397191800177"><ele>2149.30</ele><time>2026-05-16T10:40:46Z</time></trkpt><trkpt lat="41.65529893711209" lon="-111.73383101820946"><ele>2148.00</ele><time>2026-05-16T10:40:57Z</time></trkpt><trkpt lat="41.655257027596235" lon="-111.7337460257113"><ele>2140.30</ele><time>2026-05-16T10:41:02Z</time></trkpt><trkpt lat="41.655154936015606" lon="-111.73362993635237"><ele>2132.60</ele><time>2026-05-16T10:41:11Z</time></trkpt><trkpt lat="41.65510908700526" lon="-111.73351703211665"><ele>2124.90</ele><time>2026-05-16T10:41:18Z</time></trkpt><trkpt lat="41.65509299375117" lon="-111.73343505710363"><ele>2117.20</ele><time>2026-05-16T10:41:23Z</time></trkpt><trkpt lat="41.65500104427338" lon="-111.73327504657209"><ele>2109.50</ele><time>2026-05-16T10:41:33Z</time></trkpt><trkpt lat="41.654932983219624" lon="-111.7331899702549"><ele>2101.80</ele><time>2026-05-16T10:41:40Z</time></trkpt><trkpt lat="41.654847990721464" lon="-111.73311805352569"><ele>2094.10</ele><time>2026-05-16T10:41:47Z</time></trkpt><trkpt lat="41.65455898270011" lon="-111.73296198248863"><ele>2086.40</ele><time>2026-05-16T10:42:09Z</time></trkpt><trkpt lat="41.65445395745337" lon="-111.73295108601451"><ele>2078.70</ele><time>2026-05-16T10:42:16Z</time></trkpt><trkpt lat="41.65440903045237" lon="-111.73291102051735"><ele>2071.00</ele><time>2026-05-16T10:42:20Z</time></trkpt><trkpt lat="41.65434893220663" lon="-111.73260499723256"><ele>2073.90</ele><time>2026-05-16T10:42:36Z</time></trkpt><trkpt lat="41.65434801019728" lon="-111.73235706053674"><ele>2076.80</ele><time>2026-05-16T10:42:49Z</time></trkpt><trkpt lat="41.654373072087765" lon="-111.73198699951172"><ele>2079.70</ele><time>2026-05-16T10:43:09Z</time></trkpt><trkpt lat="41.65435806848109" lon="-111.73176303505898"><ele>2082.60</ele><time>2026-05-16T10:43:21Z</time></trkpt><trkpt lat="41.654335018247366" lon="-111.7316549923271"><ele>2085.50</ele><time>2026-05-16T10:43:26Z</time></trkpt><trkpt lat="41.65423703379929" lon="-111.73155700787902"><ele>2088.40</ele><time>2026-05-16T10:43:35Z</time></trkpt><trkpt lat="41.65396495722234" lon="-111.7314319498837"><ele>2091.30</ele><time>2026-05-16T10:43:55Z</time></trkpt><trkpt lat="41.65387200191617" lon="-111.73132298514247"><ele>2094.20</ele><time>2026-05-16T10:44:04Z</time></trkpt><trkpt lat="41.65379907935858" lon="-111.73104797489941"><ele>2097.10</ele><time>2026-05-16T10:44:19Z</time></trkpt><trkpt lat="41.65369497612119" lon="-111.73079391941428"><ele>2100.00</ele><time>2026-05-16T10:44:34Z</time></trkpt><trkpt lat="41.65363596752286" lon="-111.73070297576487"><ele>2100.00</ele><time>2026-05-16T10:44:41Z</time></trkpt><trkpt lat="41.65355005301535" lon="-111.73050700686872"><ele>2100.00</ele><time>2026-05-16T10:44:53Z</time></trkpt><trkpt lat="41.65346707217395" lon="-111.73039401881397"><ele>2100.00</ele><time>2026-05-16T10:45:01Z</time></trkpt><trkpt lat="41.65300908498466" lon="-111.72998699359596"><ele>2100.00</ele><time>2026-05-16T10:45:39Z</time></trkpt><trkpt lat="41.65280196815729" lon="-111.72986193560064"><ele>2100.00</ele><time>2026-05-16T10:45:55Z</time></trkpt><trkpt lat="41.652762070298195" lon="-111.729854978621"><ele>2100.00</ele><time>2026-05-16T10:45:58Z</time></trkpt><trkpt lat="41.65271697565913" lon="-111.7298050224781"><ele>2100.00</ele><time>2026-05-16T10:46:02Z</time></trkpt><trkpt lat="41.652681939303875" lon="-111.72980200499296"><ele>2100.00</ele><time>2026-05-16T10:46:05Z</time></trkpt><trkpt lat="41.65263198316097" lon="-111.72976001165807"><ele>2100.00</ele><time>2026-05-16T10:46:09Z</time></trkpt><trkpt lat="41.65254497900605" lon="-111.72974207438529"><ele>2100.00</ele><time>2026-05-16T10:46:15Z</time></trkpt><trkpt lat="41.65239301510155" lon="-111.72974391840398"><ele>2098.80</ele><time>2026-05-16T10:46:26Z</time></trkpt><trkpt lat="41.65226493962109" lon="-111.72966697253287"><ele>2097.60</ele><time>2026-05-16T10:46:36Z</time></trkpt><trkpt lat="41.65214801207185" lon="-111.72966504469514"><ele>2096.40</ele><time>2026-05-16T10:46:44Z</time></trkpt><trkpt lat="41.65205296128988" lon="-111.72966898418963"><ele>2095.20</ele><time>2026-05-16T10:46:50Z</time></trkpt><trkpt lat="41.65202496573329" lon="-111.7297119833529"><ele>2094.00</ele><time>2026-05-16T10:46:53Z</time></trkpt><trkpt lat="41.6519880015403" lon="-111.72972908243537"><ele>2092.80</ele><time>2026-05-16T10:46:56Z</time></trkpt><trkpt lat="41.651950031518936" lon="-111.72972405329347"><ele>2091.60</ele><time>2026-05-16T10:46:59Z</time></trkpt><trkpt lat="41.65178298018873" lon="-111.72958005219698"><ele>2090.40</ele><time>2026-05-16T10:47:13Z</time></trkpt><trkpt lat="41.65161802433431" lon="-111.72955700196326"><ele>2089.20</ele><time>2026-05-16T10:47:24Z</time></trkpt><trkpt lat="41.65140001103282" lon="-111.72944200225174"><ele>2088.00</ele><time>2026-05-16T10:47:41Z</time></trkpt><trkpt lat="41.65116003714502" lon="-111.72927000559866"><ele>2086.20</ele><time>2026-05-16T10:48:00Z</time></trkpt><trkpt lat="41.651052916422486" lon="-111.72923991456628"><ele>2084.40</ele><time>2026-05-16T10:48:08Z</time></trkpt><trkpt lat="41.65099206380546" lon="-111.72924695536494"><ele>2082.60</ele><time>2026-05-16T10:48:12Z</time></trkpt><trkpt lat="41.650898018851876" lon="-111.72930395230651"><ele>2080.80</ele><time>2026-05-16T10:48:19Z</time></trkpt><trkpt lat="41.6507500782609" lon="-111.72943403944373"><ele>2079.00</ele><time>2026-05-16T10:48:32Z</time></trkpt><trkpt lat="41.65062795393169" lon="-111.7295689880848"><ele>2077.20</ele><time>2026-05-16T10:48:43Z</time></trkpt><trkpt lat="41.650164015591145" lon="-111.72993301413953"><ele>2075.40</ele><time>2026-05-16T10:49:20Z</time></trkpt><trkpt lat="41.65009109303355" lon="-111.7299020010978"><ele>2073.60</ele><time>2026-05-16T10:49:26Z</time></trkpt><trkpt lat="41.650014063343406" lon="-111.72992002218962"><ele>2071.80</ele><time>2026-05-16T10:49:31Z</time></trkpt><trkpt lat="41.649827985093" lon="-111.72992203384638"><ele>2070.00</ele><time>2026-05-16T10:49:44Z</time></trkpt><trkpt lat="41.64966403506696" lon="-111.72987995669246"><ele>2061.20</ele><time>2026-05-16T10:49:56Z</time></trkpt><trkpt lat="41.64942800067365" lon="-111.72978197224438"><ele>2052.40</ele><time>2026-05-16T10:50:13Z</time></trkpt><trkpt lat="41.649310905486345" lon="-111.729854978621"><ele>2043.60</ele><time>2026-05-16T10:50:22Z</time></trkpt><trkpt lat="41.64920403622091" lon="-111.7299519572407"><ele>2034.80</ele><time>2026-05-16T10:50:32Z</time></trkpt><trkpt lat="41.64913094602525" lon="-111.72998598776758"><ele>2026.00</ele><time>2026-05-16T10:50:37Z</time></trkpt><trkpt lat="41.649026004597545" lon="-111.72972296364605"><ele>2017.20</ele><time>2026-05-16T10:50:53Z</time></trkpt><trkpt lat="41.64897596463561" lon="-111.72949698753655"><ele>2008.40</ele><time>2026-05-16T10:51:05Z</time></trkpt><trkpt lat="41.64891502819955" lon="-111.72938802279532"><ele>1999.60</ele><time>2026-05-16T10:51:12Z</time></trkpt><trkpt lat="41.648664912208915" lon="-111.72921502031386"><ele>1990.80</ele><time>2026-05-16T10:51:32Z</time></trkpt><trkpt lat="41.64855100214481" lon="-111.7290560156107"><ele>1982.00</ele><time>2026-05-16T10:51:43Z</time></trkpt><trkpt lat="41.64834598079324" lon="-111.7288570292294"><ele>1985.80</ele><time>2026-05-16T10:52:01Z</time></trkpt><trkpt lat="41.6482700407505" lon="-111.72883699648082"><ele>1989.60</ele><time>2026-05-16T10:52:07Z</time></trkpt><trkpt lat="41.64800802245736" lon="-111.72884403727949"><ele>1993.40</ele><time>2026-05-16T10:52:25Z</time></trkpt><trkpt lat="41.64789402857423" lon="-111.72882903367281"><ele>1997.20</ele><time>2026-05-16T10:52:33Z</time></trkpt><trkpt lat="41.64743495173752" lon="-111.72892106696963"><ele>2001.00</ele><time>2026-05-16T10:53:06Z</time></trkpt><trkpt lat="41.64727997034788" lon="-111.72891997732222"><ele>2004.80</ele><time>2026-05-16T10:53:16Z</time></trkpt><trkpt lat="41.64720905944705" lon="-111.72832092270255"><ele>2008.60</ele><time>2026-05-16T10:53:48Z</time></trkpt><trkpt lat="41.64713094010949" lon="-111.72799394465983"><ele>2012.40</ele><time>2026-05-16T10:54:06Z</time></trkpt><trkpt lat="41.64707897230983" lon="-111.72791305929422"><ele>2016.20</ele><time>2026-05-16T10:54:12Z</time></trkpt><trkpt lat="41.646919967606664" lon="-111.72783192247152"><ele>2020.00</ele><time>2026-05-16T10:54:24Z</time></trkpt><trkpt lat="41.646855007857084" lon="-111.72775598242879"><ele>2015.60</ele><time>2026-05-16T10:54:30Z</time></trkpt><trkpt lat="41.646836986765265" lon="-111.72762891277671"><ele>2011.20</ele><time>2026-05-16T10:54:37Z</time></trkpt><trkpt lat="41.64684494957328" lon="-111.72740897163749"><ele>2006.80</ele><time>2026-05-16T10:54:48Z</time></trkpt><trkpt lat="41.64683296345174" lon="-111.7272789683193"><ele>2002.40</ele><time>2026-05-16T10:54:55Z</time></trkpt><trkpt lat="41.64684997871518" lon="-111.72714904882014"><ele>1998.00</ele><time>2026-05-16T10:55:02Z</time></trkpt><trkpt lat="41.646854002028704" lon="-111.72689901664853"><ele>1993.60</ele><time>2026-05-16T10:55:15Z</time></trkpt><trkpt lat="41.64677705615759" lon="-111.7265640757978"><ele>1989.20</ele><time>2026-05-16T10:55:33Z</time></trkpt><trkpt lat="41.646597012877464" lon="-111.72620901837945"><ele>1984.80</ele><time>2026-05-16T10:55:56Z</time></trkpt><trkpt lat="41.646576980128884" lon="-111.72610298730433"><ele>1980.40</ele><time>2026-05-16T10:56:02Z</time></trkpt><trkpt lat="41.64652207866311" lon="-111.72595001757145"><ele>1976.00</ele><time>2026-05-16T10:56:10Z</time></trkpt><trkpt lat="41.64644597098231" lon="-111.72544391825795"><ele>1980.40</ele><time>2026-05-16T10:56:38Z</time></trkpt><trkpt lat="41.646446976810694" lon="-111.72540603205562"><ele>1984.80</ele><time>2026-05-16T10:56:40Z</time></trkpt><trkpt lat="41.64648695848882" lon="-111.72563695348799"><ele>1989.20</ele><time>2026-05-16T10:56:52Z</time></trkpt><trkpt lat="41.64657102897763" lon="-111.72588204033673"><ele>1993.60</ele><time>2026-05-16T10:57:06Z</time></trkpt><trkpt lat="41.64670002646744" lon="-111.72609200701118"><ele>1998.00</ele><time>2026-05-16T10:57:20Z</time></trkpt><trkpt lat="41.64679893292487" lon="-111.72617808915675"><ele>2002.40</ele><time>2026-05-16T10:57:29Z</time></trkpt><trkpt lat="41.64689306169748" lon="-111.7263309750706"><ele>2006.80</ele><time>2026-05-16T10:57:39Z</time></trkpt><trkpt lat="41.64698802866042" lon="-111.72674403525889"><ele>2011.20</ele><time>2026-05-16T10:58:02Z</time></trkpt><trkpt lat="41.64701401256025" lon="-111.72714904882014"><ele>2015.60</ele><time>2026-05-16T10:58:23Z</time></trkpt><trkpt lat="41.647135969251394" lon="-111.72723898664117"><ele>2020.00</ele><time>2026-05-16T10:58:33Z</time></trkpt><trkpt lat="41.64720704779029" lon="-111.72725298441947"><ele>2016.20</ele><time>2026-05-16T10:58:38Z</time></trkpt><trkpt lat="41.64725398644805" lon="-111.7273030243814"><ele>2012.40</ele><time>2026-05-16T10:58:42Z</time></trkpt><trkpt lat="41.64728902280331" lon="-111.72747502103448"><ele>2008.60</ele><time>2026-05-16T10:58:51Z</time></trkpt><trkpt lat="41.64737795479596" lon="-111.7277779430151"><ele>2004.80</ele><time>2026-05-16T10:59:08Z</time></trkpt><trkpt lat="41.64741097949445" lon="-111.7278019990772"><ele>2001.00</ele><time>2026-05-16T10:59:11Z</time></trkpt><trkpt lat="41.64751005358994" lon="-111.72779294662178"><ele>1997.20</ele><time>2026-05-16T10:59:18Z</time></trkpt><trkpt lat="41.6481460724026" lon="-111.72744593583047"><ele>1993.40</ele><time>2026-05-16T11:00:06Z</time></trkpt><trkpt lat="41.64828705601394" lon="-111.72741307877004"><ele>1989.60</ele><time>2026-05-16T11:00:16Z</time></trkpt><trkpt lat="41.64848302491009" lon="-111.72732607461512"><ele>1985.80</ele><time>2026-05-16T11:00:31Z</time></trkpt><trkpt lat="41.648573046550155" lon="-111.72731802798808"><ele>1982.00</ele><time>2026-05-16T11:00:37Z</time></trkpt><trkpt lat="41.648789970204234" lon="-111.72741500660777"><ele>1982.00</ele><time>2026-05-16T11:00:53Z</time></trkpt><trkpt lat="41.64886800572276" lon="-111.72749698162079"><ele>1982.00</ele><time>2026-05-16T11:01:00Z</time></trkpt><trkpt lat="41.64892701432109" lon="-111.72765305265784"><ele>1982.00</ele><time>2026-05-16T11:01:09Z</time></trkpt><trkpt lat="41.64898895658553" lon="-111.7277499474585"><ele>1982.00</ele><time>2026-05-16T11:01:16Z</time></trkpt><trkpt lat="41.64904293604195" lon="-111.72788799740374"><ele>1982.00</ele><time>2026-05-16T11:01:24Z</time></trkpt><trkpt lat="41.64908300153911" lon="-111.72795295715332"><ele>1982.00</ele><time>2026-05-16T11:01:28Z</time></trkpt><trkpt lat="41.64912700653076" lon="-111.72795999795198"><ele>1982.00</ele><time>2026-05-16T11:01:32Z</time></trkpt><trkpt lat="41.64918492548168" lon="-111.72789797186852"><ele>1982.00</ele><time>2026-05-16T11:01:37Z</time></trkpt><trkpt lat="41.6493150126189" lon="-111.72769295051694"><ele>1982.00</ele><time>2026-05-16T11:01:51Z</time></trkpt><trkpt lat="41.649438980966806" lon="-111.72758398577571"><ele>1982.00</ele><time>2026-05-16T11:02:01Z</time></trkpt><trkpt lat="41.64961399510503" lon="-111.72749899327755"><ele>1976.60</ele><time>2026-05-16T11:02:14Z</time></trkpt><trkpt lat="41.649693958461285" lon="-111.72751106321812"><ele>1971.20</ele><time>2026-05-16T11:02:20Z</time></trkpt><trkpt lat="41.649796050041914" lon="-111.7275929544121"><ele>1965.80</ele><time>2026-05-16T11:02:28Z</time></trkpt><trkpt lat="41.64983502589166" lon="-111.72760401852429"><ele>1960.40</ele><time>2026-05-16T11:02:31Z</time></trkpt><trkpt lat="41.649911971762776" lon="-111.72753302380443"><ele>1955.00</ele><time>2026-05-16T11:02:38Z</time></trkpt><trkpt lat="41.650020936504006" lon="-111.72733998857439"><ele>1949.60</ele><time>2026-05-16T11:02:50Z</time></trkpt><trkpt lat="41.650295946747065" lon="-111.72722800634801"><ele>1944.20</ele><time>2026-05-16T11:03:10Z</time></trkpt><trkpt lat="41.65052494034171" lon="-111.72708199359477"><ele>1938.80</ele><time>2026-05-16T11:03:28Z</time></trkpt><trkpt lat="41.65069702081382" lon="-111.72689197584987"><ele>1933.40</ele><time>2026-05-16T11:03:44Z</time></trkpt><trkpt lat="41.650895001366735" lon="-111.7265659198165"><ele>1928.00</ele><time>2026-05-16T11:04:06Z</time></trkpt><trkpt lat="41.650959039106965" lon="-111.72650096006691"><ele>1927.30</ele><time>2026-05-16T11:04:12Z</time></trkpt><trkpt lat="41.65103196166456" lon="-111.7264980264008"><ele>1926.60</ele><time>2026-05-16T11:04:17Z</time></trkpt><trkpt lat="41.65116799995303" lon="-111.72658503055573"><ele>1925.90</ele><time>2026-05-16T11:04:27Z</time></trkpt><trkpt lat="41.6514890268445" lon="-111.72666004858911"><ele>1925.20</ele><time>2026-05-16T11:04:50Z</time></trkpt><trkpt lat="41.65172698907554" lon="-111.72641202807426"><ele>1924.50</ele><time>2026-05-16T11:05:11Z</time></trkpt><trkpt lat="41.652017924934626" lon="-111.72630599699914"><ele>1923.80</ele><time>2026-05-16T11:05:32Z</time></trkpt><trkpt lat="41.65208397433162" lon="-111.72624900005758"><ele>1923.10</ele><time>2026-05-16T11:05:38Z</time></trkpt><trkpt lat="41.652207020670176" lon="-111.72622502781451"><ele>1922.40</ele><time>2026-05-16T11:05:47Z</time></trkpt><trkpt lat="41.65224297903478" lon="-111.72613894566894"><ele>1921.70</ele><time>2026-05-16T11:05:52Z</time></trkpt><trkpt lat="41.65228698402643" lon="-111.72586200758815"><ele>1921.00</ele><time>2026-05-16T11:06:07Z</time></trkpt><trkpt lat="41.65234004147351" lon="-111.72567198984325"><ele>1921.00</ele><time>2026-05-16T11:06:17Z</time></trkpt><trkpt lat="41.652336940169334" lon="-111.72562002204359"><ele>1921.00</ele><time>2026-05-16T11:06:20Z</time></trkpt><trkpt lat="41.65238496847451" lon="-111.72546805813909"><ele>1921.00</ele><time>2026-05-16T11:06:29Z</time></trkpt><trkpt lat="41.65249301120639" lon="-111.72543704509735"><ele>1921.00</ele><time>2026-05-16T11:06:36Z</time></trkpt><trkpt lat="41.652701972052455" lon="-111.72558196820319"><ele>1921.00</ele><time>2026-05-16T11:06:53Z</time></trkpt><trkpt lat="41.65277506224811" lon="-111.72555699013174"><ele>1921.00</ele><time>2026-05-16T11:06:58Z</time></trkpt><trkpt lat="41.65283205918968" lon="-111.72556897625327"><ele>1921.00</ele><time>2026-05-16T11:07:02Z</time></trkpt><trkpt lat="41.652874974533916" lon="-111.72559202648699"><ele>1921.00</ele><time>2026-05-16T11:07:06Z</time></trkpt><trkpt lat="41.65290799923241" lon="-111.72564399428666"><ele>1921.00</ele><time>2026-05-16T11:07:09Z</time></trkpt><trkpt lat="41.65298796258867" lon="-111.72584901563823"><ele>1921.00</ele><time>2026-05-16T11:07:21Z</time></trkpt><trkpt lat="41.653084019199014" lon="-111.72595504671335"><ele>1929.20</ele><time>2026-05-16T11:07:30Z</time></trkpt><trkpt lat="41.65309206582606" lon="-111.72599997371435"><ele>1937.40</ele><time>2026-05-16T11:07:32Z</time></trkpt><trkpt lat="41.653151074424386" lon="-111.72611103393137"><ele>1945.60</ele><time>2026-05-16T11:07:40Z</time></trkpt><trkpt lat="41.65325299836695" lon="-111.72662794589996"><ele>1953.80</ele><time>2026-05-16T11:08:08Z</time></trkpt><trkpt lat="41.65328803472221" lon="-111.7267279420048"><ele>1962.00</ele><time>2026-05-16T11:08:13Z</time></trkpt><trkpt lat="41.65337394922972" lon="-111.72690404579043"><ele>1970.20</ele><time>2026-05-16T11:08:24Z</time></trkpt><trkpt lat="41.65357100777328" lon="-111.72714401967824"><ele>1978.40</ele><time>2026-05-16T11:08:43Z</time></trkpt><trkpt lat="41.6537409927696" lon="-111.72724795527756"><ele>1986.60</ele><time>2026-05-16T11:08:56Z</time></trkpt><trkpt lat="41.65381005965173" lon="-111.72732305712998"><ele>1994.80</ele><time>2026-05-16T11:09:02Z</time></trkpt><trkpt lat="41.65389203466475" lon="-111.72733697108924"><ele>2003.00</ele><time>2026-05-16T11:09:08Z</time></trkpt><trkpt lat="41.654011979699135" lon="-111.7274409905076"><ele>1993.40</ele><time>2026-05-16T11:09:18Z</time></trkpt><trkpt lat="41.65415799245238" lon="-111.72744593583047"><ele>1983.80</ele><time>2026-05-16T11:09:28Z</time></trkpt><trkpt lat="41.65423703379929" lon="-111.72748398967087"><ele>1974.20</ele><time>2026-05-16T11:09:34Z</time></trkpt><trkpt lat="41.65432093665004" lon="-111.72749496996403"><ele>1964.60</ele><time>2026-05-16T11:09:40Z</time></trkpt><trkpt lat="41.65442705154419" lon="-111.72757199965417"><ele>1955.00</ele><time>2026-05-16T11:09:49Z</time></trkpt><trkpt lat="41.65449796244502" lon="-111.72758901491761"><ele>1945.40</ele><time>2026-05-16T11:09:54Z</time></trkpt><trkpt lat="41.65467297658324" lon="-111.72769906930625"><ele>1935.80</ele><time>2026-05-16T11:10:07Z</time></trkpt><trkpt lat="41.65488000959158" lon="-111.72775698825717"><ele>1926.20</ele><time>2026-05-16T11:10:22Z</time></trkpt><trkpt lat="41.6549479868263" lon="-111.7278070282191"><ele>1916.60</ele><time>2026-05-16T11:10:28Z</time></trkpt><trkpt lat="41.65509701706469" lon="-111.72796594910324"><ele>1907.00</ele><time>2026-05-16T11:10:41Z</time></trkpt><trkpt lat="41.655169017612934" lon="-111.72801003791392"><ele>1907.00</ele><time>2026-05-16T11:10:47Z</time></trkpt><trkpt lat="41.655215034261346" lon="-111.72808304429054"><ele>1907.00</ele><time>2026-05-16T11:10:52Z</time></trkpt><trkpt lat="41.655253088101745" lon="-111.72807206399739"><ele>1907.00</ele><time>2026-05-16T11:10:54Z</time></trkpt><trkpt lat="41.65526499040425" lon="-111.7280060146004"><ele>1907.00</ele><time>2026-05-16T11:10:58Z</time></trkpt><trkpt lat="41.65522894822061" lon="-111.72789704985917"><ele>1907.00</ele><time>2026-05-16T11:11:04Z</time></trkpt><trkpt lat="41.655150996521115" lon="-111.72777199186385"><ele>1907.00</ele><time>2026-05-16T11:11:13Z</time></trkpt><trkpt lat="41.65504898875952" lon="-111.7277050204575"><ele>1907.00</ele><time>2026-05-16T11:11:21Z</time></trkpt><trkpt lat="41.65490398183465" lon="-111.7275480274111"><ele>1907.00</ele><time>2026-05-16T11:11:34Z</time></trkpt><trkpt lat="41.65484296157956" lon="-111.72751106321812"><ele>1907.00</ele><time>2026-05-16T11:11:38Z</time></trkpt><trkpt lat="41.65478001348674" lon="-111.72740997746587"><ele>1907.00</ele><time>2026-05-16T11:11:45Z</time></trkpt><trkpt lat="41.65470398962498" lon="-111.72732791863382"><ele>1908.40</ele><time>2026-05-16T11:11:52Z</time></trkpt><trkpt lat="41.65454808622599" lon="-111.72703396528959"><ele>1909.80</ele><time>2026-05-16T11:12:11Z</time></trkpt><trkpt lat="41.654502069577575" lon="-111.72697495669127"><ele>1911.20</ele><time>2026-05-16T11:12:16Z</time></trkpt><trkpt lat="41.65444800630212" lon="-111.72682592645288"><ele>1912.60</ele><time>2026-05-16T11:12:24Z</time></trkpt><trkpt lat="41.65436401963234" lon="-111.7267110105604"><ele>1914.00</ele><time>2026-05-16T11:12:33Z</time></trkpt><trkpt lat="41.65420996025205" lon="-111.72639803029597"><ele>1915.40</ele><time>2026-05-16T11:12:52Z</time></trkpt><trkpt lat="41.654028072953224" lon="-111.7261359281838"><ele>1916.80</ele><time>2026-05-16T11:13:11Z</time></trkpt><trkpt lat="41.65399504825473" lon="-111.72604003921151"><ele>1918.20</ele><time>2026-05-16T11:13:17Z</time></trkpt><trkpt lat="41.65396495722234" lon="-111.72585597261786"><ele>1919.60</ele><time>2026-05-16T11:13:26Z</time></trkpt><trkpt lat="41.65399898774922" lon="-111.72573401592672"><ele>1921.00</ele><time>2026-05-16T11:13:33Z</time></trkpt><trkpt lat="41.653929920867085" lon="-111.72553595155478"><ele>1911.90</ele><time>2026-05-16T11:13:45Z</time></trkpt><trkpt lat="41.6538929566741" lon="-111.72536806203425"><ele>1902.80</ele><time>2026-05-16T11:13:54Z</time></trkpt><trkpt lat="41.653815004974604" lon="-111.72520402818918"><ele>1893.70</ele><time>2026-05-16T11:14:04Z</time></trkpt><trkpt lat="41.653754990547895" lon="-111.72516404651105"><ele>1884.60</ele><time>2026-05-16T11:14:09Z</time></trkpt><trkpt lat="41.65372598916292" lon="-111.72508701682091"><ele>1875.50</ele><time>2026-05-16T11:14:13Z</time></trkpt><trkpt lat="41.65365901775658" lon="-111.72500504180789"><ele>1866.40</ele><time>2026-05-16T11:14:20Z</time></trkpt><trkpt lat="41.653622053563595" lon="-111.72490395605564"><ele>1857.30</ele><time>2026-05-16T11:14:26Z</time></trkpt><trkpt lat="41.65361903607845" lon="-111.72481401823461"><ele>1848.20</ele><time>2026-05-16T11:14:30Z</time></trkpt><trkpt lat="41.65358802303672" lon="-111.72470496967435"><ele>1839.10</ele><time>2026-05-16T11:14:36Z</time></trkpt><trkpt lat="41.65332902222872" lon="-111.72440003603697"><ele>1830.00</ele><time>2026-05-16T11:15:01Z</time></trkpt><trkpt lat="41.65320798754692" lon="-111.72417405992746"><ele>1830.00</ele><time>2026-05-16T11:15:15Z</time></trkpt><trkpt lat="41.65313699282706" lon="-111.72409795224667"><ele>1830.00</ele><time>2026-05-16T11:15:22Z</time></trkpt><trkpt lat="41.65300698950887" lon="-111.72400902025402"><ele>1830.00</ele><time>2026-05-16T11:15:32Z</time></trkpt><trkpt lat="41.65296700783074" lon="-111.72393593005836"><ele>1830.00</ele><time>2026-05-16T11:15:37Z</time></trkpt><trkpt lat="41.65262695401907" lon="-111.72375597059727"><ele>1830.00</ele><time>2026-05-16T11:16:02Z</time></trkpt><trkpt lat="41.65256199426949" lon="-111.72367801889777"><ele>1830.00</ele><time>2026-05-16T11:16:08Z</time></trkpt><trkpt lat="41.652505081146955" lon="-111.7236439883709"><ele>1830.00</ele><time>2026-05-16T11:16:13Z</time></trkpt><trkpt lat="41.65247096680105" lon="-111.72364792786539"><ele>1830.00</ele><time>2026-05-16T11:16:15Z</time></trkpt><trkpt lat="41.65236795321107" lon="-111.72361004166305"><ele>1830.00</ele><time>2026-05-16T11:16:23Z</time></trkpt><trkpt lat="41.652229987084866" lon="-111.72361305914819"><ele>1830.00</ele><time>2026-05-16T11:16:32Z</time></trkpt><trkpt lat="41.65213200263679" lon="-111.72357902862132"><ele>1825.80</ele><time>2026-05-16T11:16:39Z</time></trkpt><trkpt lat="41.65206100791693" lon="-111.7236109636724"><ele>1821.60</ele><time>2026-05-16T11:16:45Z</time></trkpt><trkpt lat="41.651865961030126" lon="-111.72361699864268"><ele>1817.40</ele><time>2026-05-16T11:16:58Z</time></trkpt><trkpt lat="41.65178298018873" lon="-111.72366293147206"><ele>1813.20</ele><time>2026-05-16T11:17:05Z</time></trkpt><trkpt lat="41.65161098353565" lon="-111.72362806275487"><ele>1809.00</ele><time>2026-05-16T11:17:17Z</time></trkpt><trkpt lat="41.65142700076103" lon="-111.72369000501931"><ele>1804.80</ele><time>2026-05-16T11:17:30Z</time></trkpt><trkpt lat="41.65129305794835" lon="-111.72365295700729"><ele>1800.60</ele><time>2026-05-16T11:17:40Z</time></trkpt><trkpt lat="41.65121493861079" lon="-111.72366905026138"><ele>1796.40</ele><time>2026-05-16T11:17:45Z</time></trkpt><trkpt lat="41.65084102191031" lon="-111.72366293147206"><ele>1792.20</ele><time>2026-05-16T11:18:11Z</time></trkpt><trkpt lat="41.65059199556708" lon="-111.72351691871881"><ele>1788.00</ele><time>2026-05-16T11:18:31Z</time></trkpt><trkpt lat="41.650508008897305" lon="-111.72340703196824"><ele>1783.80</ele><time>2026-05-16T11:18:39Z</time></trkpt><trkpt lat="41.65049300529063" lon="-111.723342994228"><ele>1779.60</ele><time>2026-05-16T11:18:42Z</time></trkpt><trkpt lat="41.65046299807727" lon="-111.72330292873085"><ele>1775.40</ele><time>2026-05-16T11:18:45Z</time></trkpt><trkpt lat="41.650406923145056" lon="-111.723268982023"><ele>1771.20</ele><time>2026-05-16T11:18:50Z</time></trkpt><trkpt lat="41.650356044992805" lon="-111.72326303087175"><ele>1767.00</ele><time>2026-05-16T11:18:53Z</time></trkpt><trkpt lat="41.65024599060416" lon="-111.72316395677626"><ele>1762.80</ele><time>2026-05-16T11:19:02Z</time></trkpt><trkpt lat="41.65015303529799" lon="-111.72312296926975"><ele>1758.60</ele><time>2026-05-16T11:19:09Z</time></trkpt><trkpt lat="41.64991498924792" lon="-111.72289204783738"><ele>1754.40</ele><time>2026-05-16T11:19:30Z</time></trkpt><trkpt lat="41.649776017293334" lon="-111.72284695319831"><ele>1750.20</ele><time>2026-05-16T11:19:40Z</time></trkpt><trkpt lat="41.64971801452339" lon="-111.7227890342474"><ele>1746.00</ele><time>2026-05-16T11:19:45Z</time></trkpt><trkpt lat="41.64966001175344" lon="-111.72276698984206"><ele>1746.00</ele><time>2026-05-16T11:19:49Z</time></trkpt><trkpt lat="41.649435963481665" lon="-111.72271099872887"><ele>1746.00</ele><time>2026-05-16T11:20:05Z</time></trkpt><trkpt lat="41.64920898154378" lon="-111.72256398014724"><ele>1746.00</ele><time>2026-05-16T11:20:23Z</time></trkpt><trkpt lat="41.64905802346766" lon="-111.7224190570414"><ele>1746.00</ele><time>2026-05-16T11:20:36Z</time></trkpt><trkpt lat="41.64898803457618" lon="-111.72241997905076"><ele>1746.00</ele><time>2026-05-16T11:20:41Z</time></trkpt><trkpt lat="41.648924918845296" lon="-111.72252592630684"><ele>1746.00</ele><time>2026-05-16T11:20:48Z</time></trkpt><trkpt lat="41.64880095049739" lon="-111.72258795239031"><ele>1746.00</ele><time>2026-05-16T11:20:57Z</time></trkpt><trkpt lat="41.648705983534455" lon="-111.72260697931051"><ele>1746.00</ele><time>2026-05-16T11:21:04Z</time></trkpt><trkpt lat="41.6485879663378" lon="-111.72257194295526"><ele>1746.00</ele><time>2026-05-16T11:21:13Z</time></trkpt><trkpt lat="41.64852501824498" lon="-111.72258795239031"><ele>1746.00</ele><time>2026-05-16T11:21:17Z</time></trkpt><trkpt lat="41.64846299216151" lon="-111.72253204509616"><ele>1746.00</ele><time>2026-05-16T11:21:22Z</time></trkpt><trkpt lat="41.64843801409006" lon="-111.72244596295059"><ele>1746.00</ele><time>2026-05-16T11:21:27Z</time></trkpt><trkpt lat="41.648359978571534" lon="-111.7224039696157"><ele>1746.00</ele><time>2026-05-16T11:21:33Z</time></trkpt><trkpt lat="41.64828705601394" lon="-111.7222929932177"><ele>1746.00</ele><time>2026-05-16T11:21:41Z</time></trkpt><trkpt lat="41.64822100661695" lon="-111.72224203124642"><ele>1746.00</ele><time>2026-05-16T11:21:46Z</time></trkpt><trkpt lat="41.64820692501962" lon="-111.72219894826412"><ele>1746.00</ele><time>2026-05-16T11:21:49Z</time></trkpt><trkpt lat="41.6482599824667" lon="-111.72206793911755"><ele>1746.00</ele><time>2026-05-16T11:21:56Z</time></trkpt><trkpt lat="41.648231064900756" lon="-111.7219100240618"><ele>1746.00</ele><time>2026-05-16T11:22:05Z</time></trkpt><trkpt lat="41.64819896221161" lon="-111.72187599353492"><ele>1746.00</ele><time>2026-05-16T11:22:08Z</time></trkpt><trkpt lat="41.64809703826904" lon="-111.72185394912958"><ele>1746.00</ele><time>2026-05-16T11:22:15Z</time></trkpt><trkpt lat="41.64799000136554" lon="-111.72175395302474"><ele>1743.60</ele><time>2026-05-16T11:22:24Z</time></trkpt><trkpt lat="41.64789495058358" lon="-111.72150400467217"><ele>1741.20</ele><time>2026-05-16T11:22:39Z</time></trkpt><trkpt lat="41.6478680446744" lon="-111.72129093669355"><ele>1738.80</ele><time>2026-05-16T11:22:50Z</time></trkpt><trkpt lat="41.64772404357791" lon="-111.72099698334932"><ele>1736.40</ele><time>2026-05-16T11:23:09Z</time></trkpt><trkpt lat="41.64764408022165" lon="-111.72088005580008"><ele>1734.00</ele><time>2026-05-16T11:23:17Z</time></trkpt><trkpt lat="41.647521033883095" lon="-111.72075198031962"><ele>1731.60</ele><time>2026-05-16T11:23:28Z</time></trkpt><trkpt lat="41.647308971732855" lon="-111.72058501280844"><ele>1729.20</ele><time>2026-05-16T11:23:45Z</time></trkpt><trkpt lat="41.647263038903475" lon="-111.72053094953299"><ele>1726.80</ele><time>2026-05-16T11:23:49Z</time></trkpt><trkpt lat="41.64720403030515" lon="-111.72041796147823"><ele>1724.40</ele><time>2026-05-16T11:23:57Z</time></trkpt><trkpt lat="41.64721408858895" lon="-111.72024797648191"><ele>1722.00</ele><time>2026-05-16T11:24:06Z</time></trkpt><trkpt lat="41.64734199643135" lon="-111.71988998539746"><ele>1721.30</ele><time>2026-05-16T11:24:26Z</time></trkpt><trkpt lat="41.6474050283432" lon="-111.71965898014605"><ele>1720.60</ele><time>2026-05-16T11:24:39Z</time></trkpt><trkpt lat="41.64744199253619" lon="-111.7193559743464"><ele>1719.90</ele><time>2026-05-16T11:24:55Z</time></trkpt><trkpt lat="41.64744601584971" lon="-111.71920593827963"><ele>1719.20</ele><time>2026-05-16T11:25:03Z</time></trkpt><trkpt lat="41.64749597199261" lon="-111.7189590074122"><ele>1718.50</ele><time>2026-05-16T11:25:17Z</time></trkpt><trkpt lat="41.64751600474119" lon="-111.71872791834176"><ele>1717.80</ele><time>2026-05-16T11:25:29Z</time></trkpt><trkpt lat="41.64761499501765" lon="-111.71843899413943"><ele>1717.10</ele><time>2026-05-16T11:25:45Z</time></trkpt><trkpt lat="41.64766101166606" lon="-111.71825693920255"><ele>1716.40</ele><time>2026-05-16T11:25:56Z</time></trkpt><trkpt lat="41.647672075778246" lon="-111.71810396946967"><ele>1715.70</ele><time>2026-05-16T11:26:04Z</time></trkpt><trkpt lat="41.64765799418092" lon="-111.71787497587502"><ele>1715.00</ele><time>2026-05-16T11:26:16Z</time></trkpt><trkpt lat="41.64759303443134" lon="-111.71768495813012"><ele>1709.20</ele><time>2026-05-16T11:26:27Z</time></trkpt><trkpt lat="41.64758398197591" lon="-111.71764304861426"><ele>1703.40</ele><time>2026-05-16T11:26:29Z</time></trkpt><trkpt lat="41.64754995144904" lon="-111.71748102642596"><ele>1697.60</ele><time>2026-05-16T11:26:38Z</time></trkpt><trkpt lat="41.64757392369211" lon="-111.71722998842597"><ele>1691.80</ele><time>2026-05-16T11:26:51Z</time></trkpt><trkpt lat="41.64756705053151" lon="-111.7170989792794"><ele>1686.00</ele><time>2026-05-16T11:26:58Z</time></trkpt><trkpt lat="41.64747199974954" lon="-111.7167210392654"><ele>1680.20</ele><time>2026-05-16T11:27:19Z</time></trkpt><trkpt lat="41.64737502112985" lon="-111.71652398072183"><ele>1674.40</ele><time>2026-05-16T11:27:31Z</time></trkpt><trkpt lat="41.647353982552886" lon="-111.7163359746337"><ele>1668.60</ele><time>2026-05-16T11:27:41Z</time></trkpt><trkpt lat="41.64729698561132" lon="-111.71610798686743"><ele>1662.80</ele><time>2026-05-16T11:27:54Z</time></trkpt><trkpt lat="41.6471460275352" lon="-111.71584697440267"><ele>1657.00</ele><time>2026-05-16T11:28:11Z</time></trkpt><trkpt lat="41.6470580175519" lon="-111.7155640013516"><ele>1657.00</ele><time>2026-05-16T11:28:27Z</time></trkpt><trkpt lat="41.646901024505496" lon="-111.71542201191187"><ele>1657.00</ele><time>2026-05-16T11:28:40Z</time></trkpt><trkpt lat="41.64686707779765" lon="-111.71533299610019"><ele>1657.00</ele><time>2026-05-16T11:28:46Z</time></trkpt><trkpt lat="41.646814020350575" lon="-111.71507391147316"><ele>1657.00</ele><time>2026-05-16T11:29:00Z</time></trkpt><trkpt lat="41.64678392931819" lon="-111.71501305885613"><ele>1657.00</ele><time>2026-05-16T11:29:03Z</time></trkpt><trkpt lat="41.64666700176895" lon="-111.71489596366882"><ele>1657.00</ele><time>2026-05-16T11:29:14Z</time></trkpt><trkpt lat="41.64663196541369" lon="-111.71483100391924"><ele>1657.00</ele><time>2026-05-16T11:29:18Z</time></trkpt><trkpt lat="41.64661595597863" lon="-111.71477107331157"><ele>1657.00</ele><time>2026-05-16T11:29:21Z</time></trkpt><trkpt lat="41.64660598151386" lon="-111.71458994038403"><ele>1657.00</ele><time>2026-05-16T11:29:31Z</time></trkpt><trkpt lat="41.64656398817897" lon="-111.71443294733763"><ele>1657.00</ele><time>2026-05-16T11:29:40Z</time></trkpt><trkpt lat="41.64648000150919" lon="-111.71423697844148"><ele>1653.00</ele><time>2026-05-16T11:29:51Z</time></trkpt><trkpt lat="41.64641797542572" lon="-111.71403690241277"><ele>1649.00</ele><time>2026-05-16T11:30:03Z</time></trkpt><trkpt lat="41.64632502011955" lon="-111.71364295296371"><ele>1645.00</ele><time>2026-05-16T11:30:24Z</time></trkpt><trkpt lat="41.646296018734574" lon="-111.71360305510461"><ele>1641.00</ele><time>2026-05-16T11:30:27Z</time></trkpt><trkpt lat="41.64620700292289" lon="-111.71355100348592"><ele>1637.00</ele><time>2026-05-16T11:30:34Z</time></trkpt><trkpt lat="41.6461100243032" lon="-111.71345402486622"><ele>1633.00</ele><time>2026-05-16T11:30:43Z</time></trkpt><trkpt lat="41.64588203653693" lon="-111.71300400048494"><ele>1629.00</ele><time>2026-05-16T11:31:11Z</time></trkpt><trkpt lat="41.645827973261476" lon="-111.71268297359347"><ele>1625.00</ele><time>2026-05-16T11:31:28Z</time></trkpt><trkpt lat="41.64574800990522" lon="-111.7124639544636"><ele>1621.00</ele><time>2026-05-16T11:31:41Z</time></trkpt><trkpt lat="41.64570601657033" lon="-111.71222196891904"><ele>1617.00</ele><time>2026-05-16T11:31:54Z</time></trkpt><trkpt lat="41.64554097689688" lon="-111.71186305582523"><ele>1616.90</ele><time>2026-05-16T11:32:16Z</time></trkpt><trkpt lat="41.645460929721594" lon="-111.71175501309335"><ele>1616.80</ele><time>2026-05-16T11:32:24Z</time></trkpt><trkpt lat="41.64536001160741" lon="-111.7114969342947"><ele>1616.70</ele><time>2026-05-16T11:32:39Z</time></trkpt><trkpt lat="41.645306032150984" lon="-111.71127196401358"><ele>1616.60</ele><time>2026-05-16T11:32:52Z</time></trkpt><trkpt lat="41.64518499746919" lon="-111.71095504425466"><ele>1616.50</ele><time>2026-05-16T11:33:11Z</time></trkpt><trkpt lat="41.645100926980376" lon="-111.7108599934727"><ele>1616.40</ele><time>2026-05-16T11:33:18Z</time></trkpt><trkpt lat="41.644942006096244" lon="-111.71082797460258"><ele>1616.30</ele><time>2026-05-16T11:33:30Z</time></trkpt><trkpt lat="41.64485206827521" lon="-111.71075697988272"><ele>1616.20</ele><time>2026-05-16T11:33:37Z</time></trkpt><trkpt lat="41.64469197392464" lon="-111.71049294993281"><ele>1616.10</ele><time>2026-05-16T11:33:55Z</time></trkpt><trkpt lat="41.64429601281881" lon="-111.71004904434085"><ele>1616.00</ele><time>2026-05-16T11:34:31Z</time></trkpt><trkpt lat="41.64401195012033" lon="-111.70975400134921"><ele>1612.20</ele><time>2026-05-16T11:34:56Z</time></trkpt><trkpt lat="41.643895944580436" lon="-111.70970706269145"><ele>1608.40</ele><time>2026-05-16T11:35:05Z</time></trkpt><trkpt lat="41.64379703812301" lon="-111.70963891781867"><ele>1604.60</ele><time>2026-05-16T11:35:12Z</time></trkpt><trkpt lat="41.64353895932436" lon="-111.70917103998363"><ele>1600.80</ele><time>2026-05-16T11:35:43Z</time></trkpt><trkpt lat="41.64338196627796" lon="-111.70895302668214"><ele>1597.00</ele><time>2026-05-16T11:35:59Z</time></trkpt><trkpt lat="41.64326000958681" lon="-111.70861498452723"><ele>1593.20</ele><time>2026-05-16T11:36:18Z</time></trkpt><trkpt lat="41.643165964633226" lon="-111.70822497457266"><ele>1589.40</ele><time>2026-05-16T11:36:40Z</time></trkpt><trkpt lat="41.643120031803846" lon="-111.70790302567184"><ele>1585.60</ele><time>2026-05-16T11:36:57Z</time></trkpt><trkpt lat="41.64306697435677" lon="-111.70768400654197"><ele>1581.80</ele><time>2026-05-16T11:37:09Z</time></trkpt><trkpt lat="41.643053060397506" lon="-111.70758199878037"><ele>1578.00</ele><time>2026-05-16T11:37:15Z</time></trkpt><trkpt lat="41.64305901154876" lon="-111.70746004208922"><ele>1577.20</ele><time>2026-05-16T11:37:21Z</time></trkpt><trkpt lat="41.64310896769166" lon="-111.70719190500677"><ele>1576.40</ele><time>2026-05-16T11:37:36Z</time></trkpt><trkpt lat="41.6431119851768" lon="-111.7070590518415"><ele>1575.60</ele><time>2026-05-16T11:37:42Z</time></trkpt><trkpt lat="41.64309396408498" lon="-111.70694396831095"><ele>1574.80</ele><time>2026-05-16T11:37:49Z</time></trkpt><trkpt lat="41.64300503209233" lon="-111.70675101689994"><ele>1574.00</ele><time>2026-05-16T11:38:01Z</time></trkpt><trkpt lat="41.64300394244492" lon="-111.70670298859477"><ele>1573.20</ele><time>2026-05-16T11:38:03Z</time></trkpt><trkpt lat="41.64303604513407" lon="-111.7066409625113"><ele>1572.40</ele><time>2026-05-16T11:38:07Z</time></trkpt><trkpt lat="41.6431690659374" lon="-111.7064839694649"><ele>1571.60</ele><time>2026-05-16T11:38:19Z</time></trkpt><trkpt lat="41.64322195574641" lon="-111.70631398446858"><ele>1570.80</ele><time>2026-05-16T11:38:29Z</time></trkpt><trkpt lat="41.643525045365095" lon="-111.70621298253536"><ele>1570.00</ele><time>2026-05-16T11:38:51Z</time></trkpt><trkpt lat="41.64394196122885" lon="-111.70603503473103"><ele>1571.10</ele><time>2026-05-16T11:39:22Z</time></trkpt><trkpt lat="41.64426600560546" lon="-111.70587502419949"><ele>1572.20</ele><time>2026-05-16T11:39:46Z</time></trkpt><trkpt lat="41.64439793676138" lon="-111.70578399673104"><ele>1573.30</ele><time>2026-05-16T11:39:56Z</time></trkpt><trkpt lat="41.6453190241009" lon="-111.70498595573008"><ele>1574.40</ele><time>2026-05-16T11:41:13Z</time></trkpt><trkpt lat="41.64641998708248" lon="-111.70394299551845"><ele>1575.50</ele><time>2026-05-16T11:42:48Z</time></trkpt><trkpt lat="41.64677403867245" lon="-111.7036360502243"><ele>1576.60</ele><time>2026-05-16T11:43:18Z</time></trkpt><trkpt lat="41.647202018648386" lon="-111.70323003083467"><ele>1577.70</ele><time>2026-05-16T11:43:54Z</time></trkpt><trkpt lat="41.64742397144437" lon="-111.70306599698961"><ele>1578.80</ele><time>2026-05-16T11:44:12Z</time></trkpt><trkpt lat="41.648466009646654" lon="-111.70244598761201"><ele>1579.90</ele><time>2026-05-16T11:45:32Z</time></trkpt><trkpt lat="41.6489870287478" lon="-111.7020529601723"><ele>1581.00</ele><time>2026-05-16T11:46:14Z</time></trkpt><trkpt lat="41.649196995422244" lon="-111.70182505622506"><ele>1582.80</ele><time>2026-05-16T11:46:33Z</time></trkpt><trkpt lat="41.64947292767465" lon="-111.70139506459236"><ele>1584.60</ele><time>2026-05-16T11:47:03Z</time></trkpt><trkpt lat="41.65000107139349" lon="-111.70040901750326"><ele>1586.40</ele><time>2026-05-16T11:48:06Z</time></trkpt><trkpt lat="41.65009796619415" lon="-111.70016803778708"><ele>1588.20</ele><time>2026-05-16T11:48:21Z</time></trkpt><trkpt lat="41.65017994120717" lon="-111.6998369526118"><ele>1590.00</ele><time>2026-05-16T11:48:39Z</time></trkpt><trkpt lat="41.650248086079955" lon="-111.6996350325644"><ele>1591.80</ele><time>2026-05-16T11:48:51Z</time></trkpt><trkpt lat="41.65037096478045" lon="-111.69937804341316"><ele>1593.60</ele><time>2026-05-16T11:49:07Z</time></trkpt><trkpt lat="41.6505220066756" lon="-111.69911208562553"><ele>1595.40</ele><time>2026-05-16T11:49:24Z</time></trkpt><trkpt lat="41.65061295032501" lon="-111.69900001958013"><ele>1597.20</ele><time>2026-05-16T11:49:33Z</time></trkpt><trkpt lat="41.65071797557175" lon="-111.69892097823322"><ele>1599.00</ele><time>2026-05-16T11:49:41Z</time></trkpt><trkpt lat="41.65135399438441" lon="-111.69862601906061"><ele>1601.00</ele><time>2026-05-16T11:50:28Z</time></trkpt><trkpt lat="41.651566978544" lon="-111.69843801297247"><ele>1603.00</ele><time>2026-05-16T11:50:46Z</time></trkpt><trkpt lat="41.6518119815737" lon="-111.69817398302257"><ele>1605.00</ele><time>2026-05-16T11:51:08Z</time></trkpt><trkpt lat="41.651928992941976" lon="-111.697998046875"><ele>1607.00</ele><time>2026-05-16T11:51:21Z</time></trkpt><trkpt lat="41.65201608091593" lon="-111.69781104661524"><ele>1609.00</ele><time>2026-05-16T11:51:32Z</time></trkpt><trkpt lat="41.6521780192852" lon="-111.69728692620993"><ele>1611.00</ele><time>2026-05-16T11:52:02Z</time></trkpt><trkpt lat="41.65249301120639" lon="-111.69651797041297"><ele>1613.00</ele><time>2026-05-16T11:52:48Z</time></trkpt><trkpt lat="41.65273197926581" lon="-111.69619794934988"><ele>1615.00</ele><time>2026-05-16T11:53:12Z</time></trkpt><trkpt lat="41.65284597314894" lon="-111.69606300070882"><ele>1617.00</ele><time>2026-05-16T11:53:22Z</time></trkpt><trkpt lat="41.65303691290319" lon="-111.69588002376258"><ele>1619.00</ele><time>2026-05-16T11:53:39Z</time></trkpt><trkpt lat="41.6531349811703" lon="-111.69574297964573"><ele>1622.30</ele><time>2026-05-16T11:53:49Z</time></trkpt><trkpt lat="41.65322600863874" lon="-111.69548498466611"><ele>1625.60</ele><time>2026-05-16T11:54:04Z</time></trkpt><trkpt lat="41.65329096838832" lon="-111.69503202661872"><ele>1628.90</ele><time>2026-05-16T11:54:28Z</time></trkpt><trkpt lat="41.65341602638364" lon="-111.69439307413995"><ele>1632.20</ele><time>2026-05-16T11:55:03Z</time></trkpt><trkpt lat="41.65363999083638" lon="-111.69339596293867"><ele>1635.50</ele><time>2026-05-16T11:55:57Z</time></trkpt><trkpt lat="41.65397501550615" lon="-111.69245894998312"><ele>1638.80</ele><time>2026-05-16T11:56:52Z</time></trkpt><trkpt lat="41.654115999117494" lon="-111.6921459697187"><ele>1642.10</ele><time>2026-05-16T11:57:11Z</time></trkpt><trkpt lat="41.65425505489111" lon="-111.69158698059618"><ele>1645.40</ele><time>2026-05-16T11:57:42Z</time></trkpt><trkpt lat="41.65430601686239" lon="-111.69132303446531"><ele>1648.70</ele><time>2026-05-16T11:57:56Z</time></trkpt><trkpt lat="41.654373994097114" lon="-111.69114198535681"><ele>1652.00</ele><time>2026-05-16T11:58:06Z</time></trkpt><trkpt lat="41.65445102378726" lon="-111.69085096567869"><ele>1648.70</ele><time>2026-05-16T11:58:23Z</time></trkpt><trkpt lat="41.65453693829477" lon="-111.6906160209328"><ele>1645.40</ele><time>2026-05-16T11:58:36Z</time></trkpt><trkpt lat="41.654593013226986" lon="-111.6905119176954"><ele>1642.10</ele><time>2026-05-16T11:58:43Z</time></trkpt><trkpt lat="41.65480901487172" lon="-111.69018401764333"><ele>1638.80</ele><time>2026-05-16T11:59:06Z</time></trkpt><trkpt lat="41.65494890883565" lon="-111.68993197381496"><ele>1635.50</ele><time>2026-05-16T11:59:22Z</time></trkpt><trkpt lat="41.65514596737921" lon="-111.68970096856356"><ele>1632.20</ele><time>2026-05-16T11:59:41Z</time></trkpt><trkpt lat="41.6554799862206" lon="-111.68915497139096"><ele>1628.90</ele><time>2026-05-16T12:00:18Z</time></trkpt><trkpt lat="41.65644398890436" lon="-111.68787505477667"><ele>1625.60</ele><time>2026-05-16T12:01:53Z</time></trkpt><trkpt lat="41.65661891922355" lon="-111.68766701593995"><ele>1622.30</ele><time>2026-05-16T12:02:09Z</time></trkpt><trkpt lat="41.65681103244424" lon="-111.68737398460507"><ele>1619.00</ele><time>2026-05-16T12:02:30Z</time></trkpt><trkpt lat="41.6571600548923" lon="-111.68698498047888"><ele>1622.30</ele><time>2026-05-16T12:03:02Z</time></trkpt><trkpt lat="41.65749600157142" lon="-111.6866559907794"><ele>1625.60</ele><time>2026-05-16T12:03:31Z</time></trkpt><trkpt lat="41.65782700292766" lon="-111.68637000024319"><ele>1628.90</ele><time>2026-05-16T12:03:59Z</time></trkpt><trkpt lat="41.6578645770761" lon="-111.68631522116743"><ele>1632.20</ele><time>2026-05-16T12:04:02Z</time></trkpt><trkpt lat="41.657932368804296" lon="-111.68616233018435"><ele>1635.50</ele><time>2026-05-16T12:04:12Z</time></trkpt><trkpt lat="41.65809368548367" lon="-111.68589679149187"><ele>1638.80</ele><time>2026-05-16T12:04:30Z</time></trkpt><trkpt lat="41.658187870790364" lon="-111.68559236076868"><ele>1642.10</ele><time>2026-05-16T12:04:47Z</time></trkpt><trkpt lat="41.65822895157246" lon="-111.6854703202585"><ele>1645.40</ele><time>2026-05-16T12:04:54Z</time></trkpt><trkpt lat="41.658321131716804" lon="-111.68516588953531"><ele>1648.70</ele><time>2026-05-16T12:05:11Z</time></trkpt><trkpt lat="41.658417320624984" lon="-111.68489766863382"><ele>1652.00</ele><time>2026-05-16T12:05:27Z</time></trkpt><trkpt lat="41.658501484989635" lon="-111.68466968086756"><ele>1651.50</ele><time>2026-05-16T12:05:40Z</time></trkpt><trkpt lat="41.658565610764796" lon="-111.68444973972834"><ele>1651.00</ele><time>2026-05-16T12:05:53Z</time></trkpt><trkpt lat="41.658602683449445" lon="-111.68426869061983"><ele>1650.50</ele><time>2026-05-16T12:06:02Z</time></trkpt><trkpt lat="41.658673822079926" lon="-111.68412251022852"><ele>1650.00</ele><time>2026-05-16T12:06:12Z</time></trkpt><trkpt lat="41.65889325161503" lon="-111.68385294822252"><ele>1649.50</ele><time>2026-05-16T12:06:32Z</time></trkpt><trkpt lat="41.659027512965" lon="-111.68370676783121"><ele>1649.00</ele><time>2026-05-16T12:06:45Z</time></trkpt><trkpt lat="41.65912971255417" lon="-111.68345061687029"><ele>1648.50</ele><time>2026-05-16T12:07:00Z</time></trkpt><trkpt lat="41.65914975119928" lon="-111.68324274567163"><ele>1648.00</ele><time>2026-05-16T12:07:11Z</time></trkpt><trkpt lat="41.65906558686971" lon="-111.68276128915346"><ele>1647.50</ele><time>2026-05-16T12:07:37Z</time></trkpt><trkpt lat="41.659036530135374" lon="-111.6825333013872"><ele>1647.00</ele><time>2026-05-16T12:07:49Z</time></trkpt><trkpt lat="41.65907059667836" lon="-111.68230933693445"><ele>1649.10</ele><time>2026-05-16T12:08:01Z</time></trkpt><trkpt lat="41.65919984898634" lon="-111.68189359453714"><ele>1651.20</ele><time>2026-05-16T12:08:24Z</time></trkpt><trkpt lat="41.65921187244367" lon="-111.68172729757822"><ele>1653.30</ele><time>2026-05-16T12:08:33Z</time></trkpt><trkpt lat="41.65915776686802" lon="-111.6815086975435"><ele>1655.40</ele><time>2026-05-16T12:08:45Z</time></trkpt><trkpt lat="41.65905556809931" lon="-111.68120426682032"><ele>1657.50</ele><time>2026-05-16T12:09:03Z</time></trkpt><trkpt lat="41.658918299828215" lon="-111.6808944716791"><ele>1659.60</ele><time>2026-05-16T12:09:22Z</time></trkpt><trkpt lat="41.65885517636448" lon="-111.68074158576525"><ele>1661.70</ele><time>2026-05-16T12:09:31Z</time></trkpt><trkpt lat="41.65878404066881" lon="-111.68037144092119"><ele>1663.80</ele><time>2026-05-16T12:09:51Z</time></trkpt><trkpt lat="41.65872392296037" lon="-111.68015015867746"><ele>1665.90</ele><time>2026-05-16T12:10:03Z</time></trkpt><trkpt lat="41.658666811085354" lon="-111.67980147150553"><ele>1668.00</ele><time>2026-05-16T12:10:22Z</time></trkpt><trkpt lat="41.65859066306558" lon="-111.67920065668619"><ele>1669.70</ele><time>2026-05-16T12:10:54Z</time></trkpt><trkpt lat="41.658578639492276" lon="-111.67884660509623"><ele>1671.40</ele><time>2026-05-16T12:11:12Z</time></trkpt><trkpt lat="41.65856260805772" lon="-111.67852474001444"><ele>1673.10</ele><time>2026-05-16T12:11:29Z</time></trkpt><trkpt lat="41.658529543857824" lon="-111.67801512030161"><ele>1674.80</ele><time>2026-05-16T12:11:56Z</time></trkpt><trkpt lat="41.65845940624868" lon="-111.6774907484392"><ele>1676.50</ele><time>2026-05-16T12:12:24Z</time></trkpt><trkpt lat="41.65840329610638" lon="-111.67706025389231"><ele>1678.20</ele><time>2026-05-16T12:12:47Z</time></trkpt><trkpt lat="41.65838325665847" lon="-111.67668474463022"><ele>1679.90</ele><time>2026-05-16T12:13:07Z</time></trkpt><trkpt lat="41.65839628225364" lon="-111.67649698999918"><ele>1681.60</ele><time>2026-05-16T12:13:16Z</time></trkpt><trkpt lat="41.65845439633505" lon="-111.67634276298082"><ele>1683.30</ele><time>2026-05-16T12:13:25Z</time></trkpt><trkpt lat="41.65860268720163" lon="-111.67621401694811"><ele>1685.00</ele><time>2026-05-16T12:13:38Z</time></trkpt><trkpt lat="41.6587579903245" lon="-111.67610941079653"><ele>1681.50</ele><time>2026-05-16T12:13:50Z</time></trkpt><trkpt lat="41.65888123150121" lon="-111.6759417727331"><ele>1678.00</ele><time>2026-05-16T12:14:02Z</time></trkpt><trkpt lat="41.65904254577131" lon="-111.67555955794847"><ele>1674.50</ele><time>2026-05-16T12:14:25Z</time></trkpt><trkpt lat="41.659223899790454" lon="-111.67506200817621"><ele>1671.00</ele><time>2026-05-16T12:14:54Z</time></trkpt><trkpt lat="41.659319085397264" lon="-111.67467308786905"><ele>1667.50</ele><time>2026-05-16T12:15:16Z</time></trkpt><trkpt lat="41.65947839444036" lon="-111.67382550982035"><ele>1664.00</ele><time>2026-05-16T12:16:02Z</time></trkpt><trkpt lat="41.659551536787994" lon="-111.67355728891886"><ele>1660.50</ele><time>2026-05-16T12:16:17Z</time></trkpt><trkpt lat="41.65956656602723" lon="-111.67346743491686"><ele>1657.00</ele><time>2026-05-16T12:16:21Z</time></trkpt><trkpt lat="41.65957658551809" lon="-111.67328504470385"><ele>1653.50</ele><time>2026-05-16T12:16:31Z</time></trkpt><trkpt lat="41.65958860890508" lon="-111.67297390845812"><ele>1650.00</ele><time>2026-05-16T12:16:47Z</time></trkpt><trkpt lat="41.65959762644384" lon="-111.67276469615496"><ele>1650.00</ele><time>2026-05-16T12:16:58Z</time></trkpt><trkpt lat="41.65961666253929" lon="-111.67245221880472"><ele>1650.00</ele><time>2026-05-16T12:17:15Z</time></trkpt><trkpt lat="41.65965573851445" lon="-111.67216388133562"><ele>1650.00</ele><time>2026-05-16T12:17:30Z</time></trkpt><trkpt lat="41.65970984367172" lon="-111.67182458189524"><ele>1650.00</ele><time>2026-05-16T12:17:48Z</time></trkpt><trkpt lat="41.65977096174749" lon="-111.67149869349993"><ele>1650.00</ele><time>2026-05-16T12:18:06Z</time></trkpt><trkpt lat="41.65982807264329" lon="-111.67110172656572"><ele>1650.00</ele><time>2026-05-16T12:18:27Z</time></trkpt><trkpt lat="41.659917244889535" lon="-111.6707195117811"><ele>1650.00</ele><time>2026-05-16T12:18:48Z</time></trkpt><trkpt lat="41.66001743832946" lon="-111.67035607245958"><ele>1650.00</ele><time>2026-05-16T12:19:08Z</time></trkpt><trkpt lat="41.66007154317686" lon="-111.67018172887362"><ele>1650.00</ele><time>2026-05-16T12:19:18Z</time></trkpt><trkpt lat="41.660074549000704" lon="-111.66992826012171"><ele>1650.00</ele><time>2026-05-16T12:19:32Z</time></trkpt><trkpt lat="41.660041484930616" lon="-111.66976330426729"><ele>1651.00</ele><time>2026-05-16T12:19:41Z</time></trkpt><trkpt lat="41.65995832405549" lon="-111.66929794100321"><ele>1652.00</ele><time>2026-05-16T12:20:06Z</time></trkpt><trkpt lat="41.6599082268825" lon="-111.66892913726366"><ele>1653.00</ele><time>2026-05-16T12:20:25Z</time></trkpt><trkpt lat="41.65988918994656" lon="-111.66869444397486"><ele>1654.00</ele><time>2026-05-16T12:20:38Z</time></trkpt><trkpt lat="41.65984410289985" lon="-111.66836453226603"><ele>1655.00</ele><time>2026-05-16T12:20:55Z</time></trkpt><trkpt lat="41.6598130426021" lon="-111.66817007211245"><ele>1656.00</ele><time>2026-05-16T12:21:06Z</time></trkpt><trkpt lat="41.659805027038956" lon="-111.66806546596086"><ele>1657.00</ele><time>2026-05-16T12:21:11Z</time></trkpt><trkpt lat="41.65985011456864" lon="-111.66768056896723"><ele>1658.00</ele><time>2026-05-16T12:21:32Z</time></trkpt><trkpt lat="41.65990822733811" lon="-111.66743648794687"><ele>1659.00</ele><time>2026-05-16T12:21:45Z</time></trkpt><trkpt lat="41.660006417760464" lon="-111.6672085001806"><ele>1660.00</ele><time>2026-05-16T12:21:59Z</time></trkpt><trkpt lat="41.66020480114052" lon="-111.66694698480165"><ele>1660.40</ele><time>2026-05-16T12:22:18Z</time></trkpt><trkpt lat="41.660336054079615" lon="-111.66671363261736"><ele>1660.80</ele><time>2026-05-16T12:22:34Z</time></trkpt><trkpt lat="41.66039516834685" lon="-111.66659695652521"><ele>1661.20</ele><time>2026-05-16T12:22:41Z</time></trkpt><trkpt lat="41.66068272341516" lon="-111.6663260534147"><ele>1661.60</ele><time>2026-05-16T12:23:06Z</time></trkpt><trkpt lat="41.660918175136935" lon="-111.6661087944845"><ele>1662.00</ele><time>2026-05-16T12:23:26Z</time></trkpt><trkpt lat="41.661109543126464" lon="-111.66594249752558"><ele>1662.40</ele><time>2026-05-16T12:23:42Z</time></trkpt><trkpt lat="41.66124079404761" lon="-111.66576949504412"><ele>1662.80</ele><time>2026-05-16T12:23:55Z</time></trkpt><trkpt lat="41.66129589979539" lon="-111.66541946676767"><ele>1663.20</ele><time>2026-05-16T12:24:13Z</time></trkpt><trkpt lat="41.66133297090831" lon="-111.66519416121042"><ele>1663.60</ele><time>2026-05-16T12:24:25Z</time></trkpt><trkpt lat="41.661452198548716" lon="-111.66485620287455"><ele>1664.00</ele><time>2026-05-16T12:24:45Z</time></trkpt><trkpt lat="41.66153435592209" lon="-111.66456384209192"><ele>1666.30</ele><time>2026-05-16T12:25:01Z</time></trkpt><trkpt lat="41.66167662716545" lon="-111.66421515491999"><ele>1668.60</ele><time>2026-05-16T12:25:22Z</time></trkpt><trkpt lat="41.66184094032614" lon="-111.66390670088327"><ele>1670.90</ele><time>2026-05-16T12:25:42Z</time></trkpt><trkpt lat="41.662004252064875" lon="-111.66394961622751"><ele>1673.20</ele><time>2026-05-16T12:25:54Z</time></trkpt><trkpt lat="41.66206636945866" lon="-111.66397912052668"><ele>1675.50</ele><time>2026-05-16T12:25:58Z</time></trkpt><trkpt lat="41.662203631019466" lon="-111.6639107241968"><ele>1677.80</ele><time>2026-05-16T12:26:09Z</time></trkpt><trkpt lat="41.662204632059584" lon="-111.6639107241968"><ele>1680.10</ele><time>2026-05-16T12:26:09Z</time></trkpt><trkpt lat="41.66221949033714" lon="-111.66390112380202"><ele>1682.40</ele><time>2026-05-16T12:26:10Z</time></trkpt><trkpt lat="41.66236194781959" lon="-111.66379795409739"><ele>1684.70</ele><time>2026-05-16T12:26:21Z</time></trkpt><trkpt lat="41.66251198388636" lon="-111.66375696659088"><ele>1687.00</ele><time>2026-05-16T12:26:32Z</time></trkpt><trkpt lat="41.66274407878518" lon="-111.66360793635249"><ele>1687.00</ele><time>2026-05-16T12:26:50Z</time></trkpt><trkpt lat="41.66282703734278" lon="-111.66352503933012"><ele>1687.00</ele><time>2026-05-16T12:26:57Z</time></trkpt><trkpt lat="41.66293708775396" lon="-111.66342739015818"><ele>1687.00</ele><time>2026-05-16T12:27:07Z</time></trkpt><trkpt lat="41.66300503226098" lon="-111.66337240487337"><ele>1687.00</ele><time>2026-05-16T12:27:12Z</time></trkpt><trkpt lat="41.663082972141254" lon="-111.6632831376046"><ele>1687.00</ele><time>2026-05-16T12:27:19Z</time></trkpt><trkpt lat="41.663157007934615" lon="-111.66325187310576"><ele>1687.00</ele><time>2026-05-16T12:27:25Z</time></trkpt><trkpt lat="41.66322696022689" lon="-111.66322505101562"><ele>1687.00</ele><time>2026-05-16T12:27:30Z</time></trkpt><trkpt lat="41.66330005042255" lon="-111.66327299550176"><ele>1687.00</ele><time>2026-05-16T12:27:36Z</time></trkpt><trkpt lat="41.663335002958775" lon="-111.66332303546369"><ele>1687.00</ele><time>2026-05-16T12:27:39Z</time></trkpt><trkpt lat="41.66339694522321" lon="-111.6634879913181"><ele>1687.00</ele><time>2026-05-16T12:27:49Z</time></trkpt><trkpt lat="41.663450965550055" lon="-111.66362901683897"><ele>1692.30</ele><time>2026-05-16T12:27:57Z</time></trkpt><trkpt lat="41.663547065109015" lon="-111.66370298713446"><ele>1697.60</ele><time>2026-05-16T12:28:05Z</time></trkpt><trkpt lat="41.663892064243555" lon="-111.66387498378754"><ele>1702.90</ele><time>2026-05-16T12:28:31Z</time></trkpt><trkpt lat="41.66401442899011" lon="-111.66398646309972"><ele>1708.20</ele><time>2026-05-16T12:28:41Z</time></trkpt><trkpt lat="41.66419490240514" lon="-111.66405502706766"><ele>1713.50</ele><time>2026-05-16T12:28:54Z</time></trkpt><trkpt lat="41.66433705948293" lon="-111.66421495378017"><ele>1718.80</ele><time>2026-05-16T12:29:07Z</time></trkpt><trkpt lat="41.664445038171586" lon="-111.66438938118517"><ele>1724.10</ele><time>2026-05-16T12:29:19Z</time></trkpt><trkpt lat="41.664537979349966" lon="-111.66448841337115"><ele>1729.40</ele><time>2026-05-16T12:29:28Z</time></trkpt><trkpt lat="41.664649955928326" lon="-111.66456196457148"><ele>1734.70</ele><time>2026-05-16T12:29:36Z</time></trkpt><trkpt lat="41.66509503102152" lon="-111.66462658904493"><ele>1740.00</ele><time>2026-05-16T12:30:08Z</time></trkpt><trkpt lat="41.66529905050993" lon="-111.66457202285528"><ele>1739.00</ele><time>2026-05-16T12:30:22Z</time></trkpt><trkpt lat="41.665448986874814" lon="-111.6644851025194"><ele>1738.00</ele><time>2026-05-16T12:30:34Z</time></trkpt><trkpt lat="41.66564193797315" lon="-111.66440086439252"><ele>1737.00</ele><time>2026-05-16T12:30:48Z</time></trkpt><trkpt lat="41.665925055077075" lon="-111.66422811336815"><ele>1736.00</ele><time>2026-05-16T12:31:10Z</time></trkpt><trkpt lat="41.666139017162884" lon="-111.66408671066165"><ele>1735.00</ele><time>2026-05-16T12:31:27Z</time></trkpt><trkpt lat="41.66622403335375" lon="-111.66399970650673"><ele>1734.00</ele><time>2026-05-16T12:31:34Z</time></trkpt><trkpt lat="41.6662500214125" lon="-111.66395075619221"><ele>1733.00</ele><time>2026-05-16T12:31:37Z</time></trkpt><trkpt lat="41.66628808337959" lon="-111.66391236707568"><ele>1732.00</ele><time>2026-05-16T12:31:41Z</time></trkpt><trkpt lat="41.66646005194189" lon="-111.66380306705832"><ele>1731.00</ele><time>2026-05-16T12:31:54Z</time></trkpt><trkpt lat="41.66660301122031" lon="-111.66378244757652"><ele>1730.00</ele><time>2026-05-16T12:32:04Z</time></trkpt><trkpt lat="41.66668502211534" lon="-111.66381019167602"><ele>1730.70</ele><time>2026-05-16T12:32:10Z</time></trkpt><trkpt lat="41.666776880109126" lon="-111.66377846617252"><ele>1731.40</ele><time>2026-05-16T12:32:17Z</time></trkpt><trkpt lat="41.66691097058742" lon="-111.66369018377736"><ele>1732.10</ele><time>2026-05-16T12:32:27Z</time></trkpt><trkpt lat="41.666993043227755" lon="-111.66366213583387"><ele>1732.80</ele><time>2026-05-16T12:32:33Z</time></trkpt><trkpt lat="41.667047064451985" lon="-111.6636179946363"><ele>1733.50</ele><time>2026-05-16T12:32:37Z</time></trkpt><trkpt lat="41.66710309941445" lon="-111.66355513036251"><ele>1734.20</ele><time>2026-05-16T12:32:43Z</time></trkpt><trkpt lat="41.66719344881102" lon="-111.66350136045367"><ele>1734.90</ele><time>2026-05-16T12:32:50Z</time></trkpt><trkpt lat="41.667297823686546" lon="-111.66349318809807"><ele>1735.60</ele><time>2026-05-16T12:32:57Z</time></trkpt><trkpt lat="41.66746101458321" lon="-111.66338514536619"><ele>1736.30</ele><time>2026-05-16T12:33:10Z</time></trkpt><trkpt lat="41.667668007490555" lon="-111.66329520754516"><ele>1737.00</ele><time>2026-05-16T12:33:25Z</time></trkpt><trkpt lat="41.667870007581" lon="-111.66327693499625"><ele>1740.30</ele><time>2026-05-16T12:33:39Z</time></trkpt><trkpt lat="41.66805297251524" lon="-111.66319697163999"><ele>1743.60</ele><time>2026-05-16T12:33:53Z</time></trkpt><trkpt lat="41.6681490347336" lon="-111.66314056143165"><ele>1746.90</ele><time>2026-05-16T12:34:00Z</time></trkpt><trkpt lat="41.66819700971246" lon="-111.66316998191178"><ele>1750.20</ele><time>2026-05-16T12:34:04Z</time></trkpt><trkpt lat="41.668254006654024" lon="-111.66319705545902"><ele>1753.50</ele><time>2026-05-16T12:34:08Z</time></trkpt><trkpt lat="41.66842550062135" lon="-111.66324361693114"><ele>1756.80</ele><time>2026-05-16T12:34:20Z</time></trkpt><trkpt lat="41.6685969941318" lon="-111.66325799189508"><ele>1760.10</ele><time>2026-05-16T12:34:32Z</time></trkpt><trkpt lat="41.668661007747986" lon="-111.66324416175485"><ele>1763.40</ele><time>2026-05-16T12:34:37Z</time></trkpt><trkpt lat="41.66880948763904" lon="-111.66320350952446"><ele>1766.70</ele><time>2026-05-16T12:34:47Z</time></trkpt><trkpt lat="41.6689739960342" lon="-111.66319772601128"><ele>1770.00</ele><time>2026-05-16T12:34:59Z</time></trkpt><trkpt lat="41.66906649039637" lon="-111.66314592584968"><ele>1770.00</ele><time>2026-05-16T12:35:06Z</time></trkpt><trkpt lat="41.66915698102583" lon="-111.66308607906103"><ele>1770.00</ele><time>2026-05-16T12:35:13Z</time></trkpt><trkpt lat="41.669185039430495" lon="-111.66307473205961"><ele>1770.00</ele><time>2026-05-16T12:35:15Z</time></trkpt><trkpt lat="41.669229126605984" lon="-111.66307411389425"><ele>1770.00</ele><time>2026-05-16T12:35:18Z</time></trkpt><trkpt lat="41.669291254127565" lon="-111.6630836063996"><ele>1770.00</ele><time>2026-05-16T12:35:23Z</time></trkpt><trkpt lat="41.6696569413537" lon="-111.66300200857222"><ele>1770.00</ele><time>2026-05-16T12:35:49Z</time></trkpt><trkpt lat="41.66974700239126" lon="-111.662961775437"><ele>1770.00</ele><time>2026-05-16T12:35:55Z</time></trkpt><trkpt lat="41.669846016873606" lon="-111.66290142573416"><ele>1770.00</ele><time>2026-05-16T12:36:03Z</time></trkpt><trkpt lat="41.670026976175414" lon="-111.66269523091614"><ele>1770.00</ele><time>2026-05-16T12:36:20Z</time></trkpt><trkpt lat="41.67010501063415" lon="-111.66263689287007"><ele>1770.00</ele><time>2026-05-16T12:36:26Z</time></trkpt><trkpt lat="41.67031000368297" lon="-111.66255500167608"><ele>1774.20</ele><time>2026-05-16T12:36:41Z</time></trkpt><trkpt lat="41.67042902670801" lon="-111.66248878464103"><ele>1778.40</ele><time>2026-05-16T12:36:50Z</time></trkpt><trkpt lat="41.670534973964095" lon="-111.66246699169278"><ele>1782.60</ele><time>2026-05-16T12:36:57Z</time></trkpt><trkpt lat="41.670614015311" lon="-111.66241301223636"><ele>1786.80</ele><time>2026-05-16T12:37:04Z</time></trkpt><trkpt lat="41.6706850938499" lon="-111.66240999475121"><ele>1791.00</ele><time>2026-05-16T12:37:09Z</time></trkpt><trkpt lat="41.67081903666258" lon="-111.66235199198127"><ele>1795.20</ele><time>2026-05-16T12:37:18Z</time></trkpt><trkpt lat="41.671004025265574" lon="-111.66234193369746"><ele>1799.40</ele><time>2026-05-16T12:37:31Z</time></trkpt><trkpt lat="41.6710820607841" lon="-111.66230496950448"><ele>1803.60</ele><time>2026-05-16T12:37:37Z</time></trkpt><trkpt lat="41.6712340246886" lon="-111.6623000241816"><ele>1807.80</ele><time>2026-05-16T12:37:48Z</time></trkpt><trkpt lat="41.671758983284235" lon="-111.66233204305172"><ele>1812.00</ele><time>2026-05-16T12:38:25Z</time></trkpt><trkpt lat="41.67189502157271" lon="-111.66236808523536"><ele>1811.40</ele><time>2026-05-16T12:38:35Z</time></trkpt><trkpt lat="41.672080010175705" lon="-111.6623779758811"><ele>1810.80</ele><time>2026-05-16T12:38:48Z</time></trkpt><trkpt lat="41.672399025410414" lon="-111.66226800531149"><ele>1810.20</ele><time>2026-05-16T12:39:11Z</time></trkpt><trkpt lat="41.67266204953194" lon="-111.66222500614822"><ele>1809.60</ele><time>2026-05-16T12:39:29Z</time></trkpt><trkpt lat="41.67279993183911" lon="-111.66217002086341"><ele>1809.00</ele><time>2026-05-16T12:39:39Z</time></trkpt><trkpt lat="41.67300557899184" lon="-111.662080376409"><ele>1808.40</ele><time>2026-05-16T12:39:54Z</time></trkpt><trkpt lat="41.67312908301384" lon="-111.6620497405529"><ele>1807.80</ele><time>2026-05-16T12:40:03Z</time></trkpt><trkpt lat="41.67323409805596" lon="-111.66201076470315"><ele>1807.20</ele><time>2026-05-16T12:40:11Z</time></trkpt><trkpt lat="41.67330093884493" lon="-111.66199685074389"><ele>1806.60</ele><time>2026-05-16T12:40:16Z</time></trkpt><trkpt lat="41.67346283856983" lon="-111.66189995594323"><ele>1806.00</ele><time>2026-05-16T12:40:28Z</time></trkpt><trkpt lat="41.67389703914523" lon="-111.6616580542177"><ele>1809.40</ele><time>2026-05-16T12:41:01Z</time></trkpt><trkpt lat="41.674076998606324" lon="-111.66156996041536"><ele>1812.80</ele><time>2026-05-16T12:41:15Z</time></trkpt><trkpt lat="41.67426207102835" lon="-111.6615079343319"><ele>1816.20</ele><time>2026-05-16T12:41:28Z</time></trkpt><trkpt lat="41.6743840277195" lon="-111.6615079343319"><ele>1819.60</ele><time>2026-05-16T12:41:36Z</time></trkpt><trkpt lat="41.67473497800529" lon="-111.66137197986245"><ele>1823.00</ele><time>2026-05-16T12:42:02Z</time></trkpt><trkpt lat="41.67486405931413" lon="-111.66136804036796"><ele>1826.40</ele><time>2026-05-16T12:42:11Z</time></trkpt><trkpt lat="41.675109984353185" lon="-111.66153500787914"><ele>1829.80</ele><time>2026-05-16T12:42:31Z</time></trkpt><trkpt lat="41.675302013754845" lon="-111.66155193932354"><ele>1833.20</ele><time>2026-05-16T12:42:44Z</time></trkpt><trkpt lat="41.67621002532542" lon="-111.66151698678732"><ele>1836.60</ele><time>2026-05-16T12:43:48Z</time></trkpt><trkpt lat="41.676659965887666" lon="-111.66153894737363"><ele>1840.00</ele><time>2026-05-16T12:44:19Z</time></trkpt><trkpt lat="41.676959954202175" lon="-111.66152000427246"><ele>1843.20</ele><time>2026-05-16T12:44:40Z</time></trkpt><trkpt lat="41.677167071029544" lon="-111.66148697957397"><ele>1846.40</ele><time>2026-05-16T12:44:55Z</time></trkpt><trkpt lat="41.67739497497678" lon="-111.6614249534905"><ele>1849.60</ele><time>2026-05-16T12:45:11Z</time></trkpt><trkpt lat="41.67742892168462" lon="-111.6613800264895"><ele>1852.80</ele><time>2026-05-16T12:45:15Z</time></trkpt><trkpt lat="41.677413918077946" lon="-111.66128698736429"><ele>1856.00</ele><time>2026-05-16T12:45:20Z</time></trkpt><trkpt lat="41.67716396972537" lon="-111.66099504567683"><ele>1859.20</ele><time>2026-05-16T12:45:43Z</time></trkpt><trkpt lat="41.67698895558715" lon="-111.66073503904045"><ele>1862.40</ele><time>2026-05-16T12:46:01Z</time></trkpt><trkpt lat="41.677261954173446" lon="-111.66068005375564"><ele>1865.60</ele><time>2026-05-16T12:46:21Z</time></trkpt><trkpt lat="41.677345018833876" lon="-111.66067804209888"><ele>1868.80</ele><time>2026-05-16T12:46:26Z</time></trkpt><trkpt lat="41.67755498550832" lon="-111.66086998768151"><ele>1872.00</ele><time>2026-05-16T12:46:44Z</time></trkpt><trkpt lat="41.67772497050464" lon="-111.6608839854598"><ele>1872.00</ele><time>2026-05-16T12:46:56Z</time></trkpt><trkpt lat="41.678028994632285" lon="-111.6610047686845"><ele>1872.00</ele><time>2026-05-16T12:47:18Z</time></trkpt><trkpt lat="41.67809250443006" lon="-111.66102765128016"><ele>1872.00</ele><time>2026-05-16T12:47:23Z</time></trkpt><trkpt lat="41.6781520075255" lon="-111.66104248724878"><ele>1872.00</ele><time>2026-05-16T12:47:27Z</time></trkpt><trkpt lat="41.67826400194422" lon="-111.66105070151389"><ele>1872.00</ele><time>2026-05-16T12:47:35Z</time></trkpt><trkpt lat="41.678397031500936" lon="-111.66117408312857"><ele>1872.00</ele><time>2026-05-16T12:47:47Z</time></trkpt><trkpt lat="41.67850150814926" lon="-111.66134142782539"><ele>1872.00</ele><time>2026-05-16T12:47:58Z</time></trkpt><trkpt lat="41.678503815952666" lon="-111.6614899970591"><ele>1872.00</ele><time>2026-05-16T12:48:06Z</time></trkpt><trkpt lat="41.678608443995834" lon="-111.66155504062772"><ele>1872.00</ele><time>2026-05-16T12:48:14Z</time></trkpt><trkpt lat="41.678687028932" lon="-111.66159057989717"><ele>1872.00</ele><time>2026-05-16T12:48:20Z</time></trkpt><trkpt lat="41.67880505836876" lon="-111.66156409308314"><ele>1881.50</ele><time>2026-05-16T12:48:28Z</time></trkpt><trkpt lat="41.67889310619122" lon="-111.66151908226311"><ele>1891.00</ele><time>2026-05-16T12:48:35Z</time></trkpt><trkpt lat="41.67901805954753" lon="-111.66144745890051"><ele>1900.50</ele><time>2026-05-16T12:48:44Z</time></trkpt><trkpt lat="41.67912097647786" lon="-111.66134096682072"><ele>1910.00</ele><time>2026-05-16T12:48:53Z</time></trkpt><trkpt lat="41.67925592511892" lon="-111.66130903176963"><ele>1919.50</ele><time>2026-05-16T12:49:03Z</time></trkpt><trkpt lat="41.67937302030623" lon="-111.66124105453491"><ele>1929.00</ele><time>2026-05-16T12:49:12Z</time></trkpt><trkpt lat="41.67948106303811" lon="-111.66110694408417"><ele>1938.50</ele><time>2026-05-16T12:49:22Z</time></trkpt><trkpt lat="41.67952599003911" lon="-111.66107593104243"><ele>1948.00</ele><time>2026-05-16T12:49:26Z</time></trkpt><trkpt lat="41.679561948403716" lon="-111.66101600043476"><ele>1957.50</ele><time>2026-05-16T12:49:30Z</time></trkpt><trkpt lat="41.67965993285179" lon="-111.66094508953393"><ele>1967.00</ele><time>2026-05-16T12:49:38Z</time></trkpt><trkpt lat="41.679900996387005" lon="-111.66070100851357"><ele>1967.00</ele><time>2026-05-16T12:49:59Z</time></trkpt><trkpt lat="41.68001297861338" lon="-111.66065004654229"><ele>1967.00</ele><time>2026-05-16T12:50:07Z</time></trkpt><trkpt lat="41.68009897693992" lon="-111.66059003211558"><ele>1967.00</ele><time>2026-05-16T12:50:14Z</time></trkpt><trkpt lat="41.68019000440836" lon="-111.66050302796066"><ele>1967.00</ele><time>2026-05-16T12:50:22Z</time></trkpt><trkpt lat="41.680292934179306" lon="-111.66047796607018"><ele>1967.00</ele><time>2026-05-16T12:50:29Z</time></trkpt><trkpt lat="41.68042302131653" lon="-111.66050805710256"><ele>1967.00</ele><time>2026-05-16T12:50:38Z</time></trkpt><trkpt lat="41.68049301020801" lon="-111.66050001047552"><ele>1967.00</ele><time>2026-05-16T12:50:43Z</time></trkpt><trkpt lat="41.68055000714958" lon="-111.66047092527151"><ele>1967.00</ele><time>2026-05-16T12:50:48Z</time></trkpt><trkpt lat="41.68078604154289" lon="-111.66047394275665"><ele>1967.00</ele><time>2026-05-16T12:51:04Z</time></trkpt><trkpt lat="41.68106901459396" lon="-111.66043790057302"><ele>1967.00</ele><time>2026-05-16T12:51:24Z</time></trkpt><trkpt lat="41.68113506399095" lon="-111.66047503240407"><ele>1970.40</ele><time>2026-05-16T12:51:29Z</time></trkpt><trkpt lat="41.681170016527176" lon="-111.66051601991057"><ele>1973.80</ele><time>2026-05-16T12:51:32Z</time></trkpt><trkpt lat="41.68135793879628" lon="-111.66056899353862"><ele>1977.20</ele><time>2026-05-16T12:51:46Z</time></trkpt><trkpt lat="41.681403033435345" lon="-111.66053404100239"><ele>1980.60</ele><time>2026-05-16T12:51:49Z</time></trkpt><trkpt lat="41.68156899511814" lon="-111.66047092527151"><ele>1984.00</ele><time>2026-05-16T12:52:02Z</time></trkpt><trkpt lat="41.68168290518224" lon="-111.6604730207473"><ele>1987.40</ele><time>2026-05-16T12:52:10Z</time></trkpt><trkpt lat="41.68180502951145" lon="-111.66044292971492"><ele>1990.80</ele><time>2026-05-16T12:52:18Z</time></trkpt><trkpt lat="41.681897062808275" lon="-111.66044703684747"><ele>1994.20</ele><time>2026-05-16T12:52:25Z</time></trkpt><trkpt lat="41.681962022557855" lon="-111.66048391722143"><ele>1997.60</ele><time>2026-05-16T12:52:30Z</time></trkpt><trkpt lat="41.68213292956352" lon="-111.66052607819438"><ele>2001.00</ele><time>2026-05-16T12:52:42Z</time></trkpt><trkpt lat="41.682178946211934" lon="-111.66049305349588"><ele>2002.40</ele><time>2026-05-16T12:52:46Z</time></trkpt><trkpt lat="41.68218305334449" lon="-111.66039498522878"><ele>2003.80</ele><time>2026-05-16T12:52:51Z</time></trkpt><trkpt lat="41.68234398588538" lon="-111.66042105294764"><ele>2005.20</ele><time>2026-05-16T12:53:02Z</time></trkpt><trkpt lat="41.682459991425276" lon="-111.66046706959605"><ele>2006.60</ele><time>2026-05-16T12:53:11Z</time></trkpt><trkpt lat="41.6825829539448" lon="-111.66046002879739"><ele>2008.00</ele><time>2026-05-16T12:53:19Z</time></trkpt><trkpt lat="41.682733073830605" lon="-111.66049900464714"><ele>2009.40</ele><time>2026-05-16T12:53:30Z</time></trkpt><trkpt lat="41.68282703496516" lon="-111.66048601269722"><ele>2010.80</ele><time>2026-05-16T12:53:37Z</time></trkpt><trkpt lat="41.68303004465997" lon="-111.66041099466383"><ele>2012.20</ele><time>2026-05-16T12:53:51Z</time></trkpt><trkpt lat="41.68310699053109" lon="-111.66041895747185"><ele>2013.60</ele><time>2026-05-16T12:53:57Z</time></trkpt><trkpt lat="41.68317605741322" lon="-111.66040303185582"><ele>2015.00</ele><time>2026-05-16T12:54:02Z</time></trkpt><trkpt lat="41.68334403075278" lon="-111.66043404489756"><ele>2016.20</ele><time>2026-05-16T12:54:14Z</time></trkpt><trkpt lat="41.68347503989935" lon="-111.66041602380574"><ele>2017.40</ele><time>2026-05-16T12:54:23Z</time></trkpt><trkpt lat="41.68357000686228" lon="-111.66043999604881"><ele>2018.60</ele><time>2026-05-16T12:54:30Z</time></trkpt><trkpt lat="41.683686934411526" lon="-111.66054108180106"><ele>2019.80</ele><time>2026-05-16T12:54:39Z</time></trkpt><trkpt lat="41.68376002460718" lon="-111.66054292581975"><ele>2021.00</ele><time>2026-05-16T12:54:44Z</time></trkpt><trkpt lat="41.6838179435581" lon="-111.66058508679271"><ele>2022.20</ele><time>2026-05-16T12:54:49Z</time></trkpt><trkpt lat="41.68384694494307" lon="-111.66054108180106"><ele>2023.40</ele><time>2026-05-16T12:54:52Z</time></trkpt><trkpt lat="41.68388608843088" lon="-111.66054292581975"><ele>2024.60</ele><time>2026-05-16T12:54:55Z</time></trkpt><trkpt lat="41.68414106592536" lon="-111.66064895689487"><ele>2025.80</ele><time>2026-05-16T12:55:14Z</time></trkpt><trkpt lat="41.68425204232335" lon="-111.66067007929087"><ele>2027.00</ele><time>2026-05-16T12:55:21Z</time></trkpt><trkpt lat="41.68431608006358" lon="-111.66071198880672"><ele>2027.00</ele><time>2026-05-16T12:55:26Z</time></trkpt><trkpt lat="41.68464004062116" lon="-111.66079899296165"><ele>2027.00</ele><time>2026-05-16T12:55:50Z</time></trkpt><trkpt lat="41.6846779268235" lon="-111.66078105568886"><ele>2027.00</ele><time>2026-05-16T12:55:52Z</time></trkpt><trkpt lat="41.684798039495945" lon="-111.66061107069254"><ele>2027.00</ele><time>2026-05-16T12:56:05Z</time></trkpt><trkpt lat="41.68487498536706" lon="-111.66058198548853"><ele>2027.00</ele><time>2026-05-16T12:56:10Z</time></trkpt><trkpt lat="41.68496500700712" lon="-111.66051400825381"><ele>2027.00</ele><time>2026-05-16T12:56:18Z</time></trkpt><trkpt lat="41.68501605279744" lon="-111.66057201102376"><ele>2027.00</ele><time>2026-05-16T12:56:22Z</time></trkpt><trkpt lat="41.684996942058206" lon="-111.66061794385314"><ele>2027.00</ele><time>2026-05-16T12:56:25Z</time></trkpt><trkpt lat="41.68501605279744" lon="-111.66067804209888"><ele>2027.00</ele><time>2026-05-16T12:56:28Z</time></trkpt><trkpt lat="41.685079000890255" lon="-111.66070905514061"><ele>2027.00</ele><time>2026-05-16T12:56:33Z</time></trkpt><trkpt lat="41.68518804945052" lon="-111.66061903350055"><ele>2025.60</ele><time>2026-05-16T12:56:42Z</time></trkpt><trkpt lat="41.685367016624966" lon="-111.66062355972826"><ele>2024.20</ele><time>2026-05-16T12:56:55Z</time></trkpt><trkpt lat="41.68551715055844" lon="-111.6605523135513"><ele>2022.80</ele><time>2026-05-16T12:57:06Z</time></trkpt><trkpt lat="41.68560514265602" lon="-111.66034460999072"><ele>2021.40</ele><time>2026-05-16T12:57:18Z</time></trkpt><trkpt lat="41.685638044943275" lon="-111.66026556864381"><ele>2020.00</ele><time>2026-05-16T12:57:23Z</time></trkpt><trkpt lat="41.68567406939731" lon="-111.66015182621777"><ele>2018.60</ele><time>2026-05-16T12:57:30Z</time></trkpt><trkpt lat="41.685769112021724" lon="-111.66003934107721"><ele>2017.20</ele><time>2026-05-16T12:57:39Z</time></trkpt><trkpt lat="41.68593518301753" lon="-111.65990028530359"><ele>2015.80</ele><time>2026-05-16T12:57:52Z</time></trkpt><trkpt lat="41.686010948387846" lon="-111.65979626588523"><ele>2014.40</ele><time>2026-05-16T12:58:00Z</time></trkpt><trkpt lat="41.68611609401624" lon="-111.65970934554935"><ele>2013.00</ele><time>2026-05-16T12:58:09Z</time></trkpt><trkpt lat="41.686252976768564" lon="-111.6596032306552"><ele>2013.00</ele><time>2026-05-16T12:58:20Z</time></trkpt><trkpt lat="41.68637208357926" lon="-111.65950172580779"><ele>2013.00</ele><time>2026-05-16T12:58:30Z</time></trkpt><trkpt lat="41.686511038301994" lon="-111.65939091704786"><ele>2013.00</ele><time>2026-05-16T12:58:41Z</time></trkpt><trkpt lat="41.68664001002488" lon="-111.65929125621915"><ele>2013.00</ele><time>2026-05-16T12:58:51Z</time></trkpt><trkpt lat="41.686770154903776" lon="-111.65919126011431"><ele>2013.00</ele><time>2026-05-16T12:59:02Z</time></trkpt><trkpt lat="41.686831099731016" lon="-111.65914976969361"><ele>2013.00</ele><time>2026-05-16T12:59:07Z</time></trkpt><trkpt lat="41.68689019634996" lon="-111.65908522903919"><ele>2013.00</ele><time>2026-05-16T12:59:12Z</time></trkpt><trkpt lat="41.687004138386605" lon="-111.65891826152802"><ele>2013.00</ele><time>2026-05-16T12:59:24Z</time></trkpt><trkpt lat="41.68712422700176" lon="-111.65881575085223"><ele>2013.00</ele><time>2026-05-16T12:59:34Z</time></trkpt><trkpt lat="41.68716415723043" lon="-111.65876654908061"><ele>2013.00</ele><time>2026-05-16T12:59:38Z</time></trkpt><trkpt lat="41.68721220232813" lon="-111.65868164040148"><ele>2017.30</ele><time>2026-05-16T12:59:43Z</time></trkpt><trkpt lat="41.687256147665614" lon="-111.65859891101718"><ele>2021.60</ele><time>2026-05-16T12:59:49Z</time></trkpt><trkpt lat="41.68732727501647" lon="-111.65849505923688"><ele>2025.90</ele><time>2026-05-16T12:59:56Z</time></trkpt><trkpt lat="41.687333239082676" lon="-111.65827947668731"><ele>2030.20</ele><time>2026-05-16T13:00:07Z</time></trkpt><trkpt lat="41.68735424702974" lon="-111.6580709349364"><ele>2034.50</ele><time>2026-05-16T13:00:18Z</time></trkpt><trkpt lat="41.68738224487794" lon="-111.65785216726363"><ele>2038.80</ele><time>2026-05-16T13:00:30Z</time></trkpt><trkpt lat="41.687433296775346" lon="-111.6577152069658"><ele>2043.10</ele><time>2026-05-16T13:00:38Z</time></trkpt><trkpt lat="41.687532237985984" lon="-111.65753767825663"><ele>2047.40</ele><time>2026-05-16T13:00:49Z</time></trkpt><trkpt lat="41.68757413505821" lon="-111.65741463191807"><ele>2051.70</ele><time>2026-05-16T13:00:57Z</time></trkpt><trkpt lat="41.68764110205083" lon="-111.65727683342993"><ele>2056.00</ele><time>2026-05-16T13:01:05Z</time></trkpt><trkpt lat="41.68769419943668" lon="-111.6570851393044"><ele>2052.10</ele><time>2026-05-16T13:01:16Z</time></trkpt><trkpt lat="41.687707326317316" lon="-111.6569125559181"><ele>2048.20</ele><time>2026-05-16T13:01:25Z</time></trkpt><trkpt lat="41.68769413784157" lon="-111.65672723203897"><ele>2044.30</ele><time>2026-05-16T13:01:35Z</time></trkpt><trkpt lat="41.687719522223944" lon="-111.65657593868673"><ele>2040.40</ele><time>2026-05-16T13:01:43Z</time></trkpt><trkpt lat="41.68776693982635" lon="-111.6564273275435"><ele>2036.50</ele><time>2026-05-16T13:01:51Z</time></trkpt><trkpt lat="41.68785994350654" lon="-111.65617980994284"><ele>2032.60</ele><time>2026-05-16T13:02:06Z</time></trkpt><trkpt lat="41.68798448751058" lon="-111.65591418743134"><ele>2028.70</ele><time>2026-05-16T13:02:22Z</time></trkpt><trkpt lat="41.68812705836028" lon="-111.6556619759649"><ele>2024.80</ele><time>2026-05-16T13:02:39Z</time></trkpt><trkpt lat="41.68820092454553" lon="-111.65559005923569"><ele>2020.90</ele><time>2026-05-16T13:02:45Z</time></trkpt><trkpt lat="41.68825401986742" lon="-111.65555376559496"><ele>2017.00</ele><time>2026-05-16T13:02:49Z</time></trkpt><trkpt lat="41.68829408534589" lon="-111.65552317164838"><ele>2018.50</ele><time>2026-05-16T13:02:53Z</time></trkpt><trkpt lat="41.6883449532102" lon="-111.65549534372985"><ele>2020.00</ele><time>2026-05-16T13:02:57Z</time></trkpt><trkpt lat="41.688392991757105" lon="-111.65547816082835"><ele>2021.50</ele><time>2026-05-16T13:03:00Z</time></trkpt><trkpt lat="41.688481117820615" lon="-111.65546081028879"><ele>2023.00</ele><time>2026-05-16T13:03:06Z</time></trkpt><trkpt lat="41.68855682984393" lon="-111.65545485913754"><ele>2024.50</ele><time>2026-05-16T13:03:12Z</time></trkpt><trkpt lat="41.68867786410494" lon="-111.65551881305873"><ele>2026.00</ele><time>2026-05-16T13:03:21Z</time></trkpt><trkpt lat="41.68885097581673" lon="-111.6555586270988"><ele>2027.50</ele><time>2026-05-16T13:03:33Z</time></trkpt><trkpt lat="41.689177001509904" lon="-111.65554295293987"><ele>2029.00</ele><time>2026-05-16T13:03:56Z</time></trkpt><trkpt lat="41.68935198090907" lon="-111.65555426850915"><ele>2030.50</ele><time>2026-05-16T13:04:08Z</time></trkpt><trkpt lat="41.68963290627206" lon="-111.65563490241766"><ele>2032.00</ele><time>2026-05-16T13:04:28Z</time></trkpt><trkpt lat="41.689784113076136" lon="-111.65566482581198"><ele>2032.00</ele><time>2026-05-16T13:04:39Z</time></trkpt><trkpt lat="41.689875128547456" lon="-111.65557941421866"><ele>2032.00</ele><time>2026-05-16T13:04:47Z</time></trkpt><trkpt lat="41.68994317845783" lon="-111.65553381666541"><ele>2032.00</ele><time>2026-05-16T13:04:52Z</time></trkpt><trkpt lat="41.69005614896377" lon="-111.65543859824538"><ele>2032.00</ele><time>2026-05-16T13:05:02Z</time></trkpt><trkpt lat="41.690244232063904" lon="-111.65529903955758"><ele>2032.00</ele><time>2026-05-16T13:05:17Z</time></trkpt><trkpt lat="41.69056109402749" lon="-111.65509921498597"><ele>2032.00</ele><time>2026-05-16T13:05:41Z</time></trkpt><trkpt lat="41.69076297724139" lon="-111.65502444840968"><ele>2032.00</ele><time>2026-05-16T13:05:56Z</time></trkpt><trkpt lat="41.69094594542435" lon="-111.65498966351151"><ele>2032.00</ele><time>2026-05-16T13:06:09Z</time></trkpt><trkpt lat="41.691289991140366" lon="-111.6549920104444"><ele>2032.00</ele><time>2026-05-16T13:06:33Z</time></trkpt><trkpt lat="41.691381027357544" lon="-111.65503500960767"><ele>2032.00</ele><time>2026-05-16T13:06:40Z</time></trkpt><trkpt lat="41.6914779972285" lon="-111.65504096075892"><ele>2033.60</ele><time>2026-05-16T13:06:47Z</time></trkpt><trkpt lat="41.69157899916172" lon="-111.65506694465876"><ele>2035.20</ele><time>2026-05-16T13:06:54Z</time></trkpt><trkpt lat="41.6918465402239" lon="-111.65507131562379"><ele>2036.80</ele><time>2026-05-16T13:07:13Z</time></trkpt><trkpt lat="41.692020976915956" lon="-111.65505504235625"><ele>2038.40</ele><time>2026-05-16T13:07:25Z</time></trkpt><trkpt lat="41.692177044040214" lon="-111.6550319083035"><ele>2040.00</ele><time>2026-05-16T13:07:36Z</time></trkpt><trkpt lat="41.6924090590328" lon="-111.65496694855392"><ele>2041.60</ele><time>2026-05-16T13:07:52Z</time></trkpt><trkpt lat="41.69248198159039" lon="-111.65492596104741"><ele>2043.20</ele><time>2026-05-16T13:07:58Z</time></trkpt><trkpt lat="41.69259997682058" lon="-111.65493601933122"><ele>2044.80</ele><time>2026-05-16T13:08:06Z</time></trkpt><trkpt lat="41.69268199609608" lon="-111.65492654778063"><ele>2046.40</ele><time>2026-05-16T13:08:12Z</time></trkpt><trkpt lat="41.69283304675182" lon="-111.6548709757626"><ele>2048.00</ele><time>2026-05-16T13:08:23Z</time></trkpt><trkpt lat="41.69295096691169" lon="-111.65483116172254"><ele>2053.50</ele><time>2026-05-16T13:08:32Z</time></trkpt><trkpt lat="41.69313799813021" lon="-111.65479805320501"><ele>2059.00</ele><time>2026-05-16T13:08:45Z</time></trkpt><trkpt lat="41.69330500961084" lon="-111.65475094690919"><ele>2064.50</ele><time>2026-05-16T13:08:57Z</time></trkpt><trkpt lat="41.69341603907273" lon="-111.65473937988281"><ele>2070.00</ele><time>2026-05-16T13:09:05Z</time></trkpt><trkpt lat="41.69356700145548" lon="-111.65468590334058"><ele>2075.50</ele><time>2026-05-16T13:09:16Z</time></trkpt><trkpt lat="41.69371094948439" lon="-111.6546346899122"><ele>2081.00</ele><time>2026-05-16T13:09:26Z</time></trkpt><trkpt lat="41.693798028628464" lon="-111.65459227748215"><ele>2086.50</ele><time>2026-05-16T13:09:33Z</time></trkpt><trkpt lat="41.69382712261954" lon="-111.65449496358633"><ele>2092.00</ele><time>2026-05-16T13:09:38Z</time></trkpt><trkpt lat="41.69387919624135" lon="-111.65442916564643"><ele>2097.50</ele><time>2026-05-16T13:09:43Z</time></trkpt><trkpt lat="41.694007659986724" lon="-111.65437870658934"><ele>2103.00</ele><time>2026-05-16T13:09:52Z</time></trkpt><trkpt lat="41.69412711077473" lon="-111.65431081317365"><ele>2098.50</ele><time>2026-05-16T13:10:02Z</time></trkpt><trkpt lat="41.694234046128095" lon="-111.65425641462207"><ele>2094.00</ele><time>2026-05-16T13:10:10Z</time></trkpt><trkpt lat="41.69437405052051" lon="-111.6541547421366"><ele>2089.50</ele><time>2026-05-16T13:10:21Z</time></trkpt><trkpt lat="41.69448810588111" lon="-111.65404795669019"><ele>2085.00</ele><time>2026-05-16T13:10:30Z</time></trkpt><trkpt lat="41.69456103259824" lon="-111.65390747599304"><ele>2080.50</ele><time>2026-05-16T13:10:39Z</time></trkpt><trkpt lat="41.69463504105806" lon="-111.65372299030423"><ele>2076.00</ele><time>2026-05-16T13:10:50Z</time></trkpt><trkpt lat="41.694766050204635" lon="-111.6536190547049"><ele>2071.50</ele><time>2026-05-16T13:11:01Z</time></trkpt><trkpt lat="41.694810946211724" lon="-111.6536058112979"><ele>2067.00</ele><time>2026-05-16T13:11:04Z</time></trkpt><trkpt lat="41.69495301980608" lon="-111.65365610271692"><ele>2062.50</ele><time>2026-05-16T13:11:15Z</time></trkpt><trkpt lat="41.695047939201245" lon="-111.6537453699857"><ele>2058.00</ele><time>2026-05-16T13:11:23Z</time></trkpt><trkpt lat="41.69514893554151" lon="-111.65375601500273"><ele>2060.40</ele><time>2026-05-16T13:11:30Z</time></trkpt><trkpt lat="41.69518992304802" lon="-111.65378795005381"><ele>2062.80</ele><time>2026-05-16T13:11:33Z</time></trkpt><trkpt lat="41.69541494706953" lon="-111.65397335775197"><ele>2065.20</ele><time>2026-05-16T13:11:52Z</time></trkpt><trkpt lat="41.69559100599461" lon="-111.6540442686528"><ele>2067.60</ele><time>2026-05-16T13:12:05Z</time></trkpt><trkpt lat="41.69570102098486" lon="-111.65413420647383"><ele>2070.00</ele><time>2026-05-16T13:12:14Z</time></trkpt><trkpt lat="41.695929039269686" lon="-111.65416396223009"><ele>2072.40</ele><time>2026-05-16T13:12:30Z</time></trkpt><trkpt lat="41.696120984852314" lon="-111.65425507351756"><ele>2074.80</ele><time>2026-05-16T13:12:44Z</time></trkpt><trkpt lat="41.6963249825703" lon="-111.65426898747683"><ele>2077.20</ele><time>2026-05-16T13:12:58Z</time></trkpt><trkpt lat="41.696444023400545" lon="-111.65433000773191"><ele>2079.60</ele><time>2026-05-16T13:13:07Z</time></trkpt><trkpt lat="41.696588937595564" lon="-111.65436546318233"><ele>2082.00</ele><time>2026-05-16T13:13:18Z</time></trkpt><trkpt lat="41.696684028487155" lon="-111.65435121394694"><ele>2082.00</ele><time>2026-05-16T13:13:24Z</time></trkpt><trkpt lat="41.69676605393446" lon="-111.65439685340971"><ele>2082.00</ele><time>2026-05-16T13:13:31Z</time></trkpt><trkpt lat="41.69684807927717" lon="-111.65443176403642"><ele>2082.00</ele><time>2026-05-16T13:13:37Z</time></trkpt><trkpt lat="41.69689853834778" lon="-111.65448318701237"><ele>2082.00</ele><time>2026-05-16T13:13:41Z</time></trkpt><trkpt lat="41.696940986439586" lon="-111.6545480210334"><ele>2082.00</ele><time>2026-05-16T13:13:46Z</time></trkpt><trkpt lat="41.696962037457645" lon="-111.65456880815327"><ele>2082.00</ele><time>2026-05-16T13:13:47Z</time></trkpt><trkpt lat="41.69698206668827" lon="-111.65458641014993"><ele>2082.00</ele><time>2026-05-16T13:13:49Z</time></trkpt><trkpt lat="41.69701805883458" lon="-111.6546259727329"><ele>2082.00</ele><time>2026-05-16T13:13:52Z</time></trkpt><trkpt lat="41.69708605195353" lon="-111.65470962412655"><ele>2082.00</ele><time>2026-05-16T13:13:59Z</time></trkpt><trkpt lat="41.697193021338315" lon="-111.65475136600435"><ele>2082.00</ele><time>2026-05-16T13:14:07Z</time></trkpt><trkpt lat="41.69722893951408" lon="-111.65477651171386"><ele>2081.00</ele><time>2026-05-16T13:14:09Z</time></trkpt><trkpt lat="41.69730403034817" lon="-111.65485303848982"><ele>2080.00</ele><time>2026-05-16T13:14:16Z</time></trkpt><trkpt lat="41.697341049157146" lon="-111.65490970015526"><ele>2079.00</ele><time>2026-05-16T13:14:20Z</time></trkpt><trkpt lat="41.697401000965925" lon="-111.65494720917195"><ele>2078.00</ele><time>2026-05-16T13:14:25Z</time></trkpt><trkpt lat="41.69756309129298" lon="-111.65509200654924"><ele>2077.00</ele><time>2026-05-16T13:14:38Z</time></trkpt><trkpt lat="41.69767406769097" lon="-111.65512301959097"><ele>2076.00</ele><time>2026-05-16T13:14:46Z</time></trkpt><trkpt lat="41.697821002453566" lon="-111.65510701015592"><ele>2075.00</ele><time>2026-05-16T13:14:57Z</time></trkpt><trkpt lat="41.6979400254786" lon="-111.65514196269214"><ele>2074.00</ele><time>2026-05-16T13:15:05Z</time></trkpt><trkpt lat="41.69807807542384" lon="-111.65514305233955"><ele>2073.00</ele><time>2026-05-16T13:15:15Z</time></trkpt><trkpt lat="41.6981699410826" lon="-111.65518001653254"><ele>2072.00</ele><time>2026-05-16T13:15:22Z</time></trkpt><trkpt lat="41.69827703176787" lon="-111.65520759299397"><ele>2072.00</ele><time>2026-05-16T13:15:29Z</time></trkpt><trkpt lat="41.698379991576076" lon="-111.65529199875891"><ele>2072.00</ele><time>2026-05-16T13:15:38Z</time></trkpt><trkpt lat="41.69854293577373" lon="-111.655279006809"><ele>2072.00</ele><time>2026-05-16T13:15:49Z</time></trkpt><trkpt lat="41.69874494111509" lon="-111.65533248335123"><ele>2072.00</ele><time>2026-05-16T13:16:04Z</time></trkpt><trkpt lat="41.69881542481002" lon="-111.6553435055539"><ele>2072.00</ele><time>2026-05-16T13:16:09Z</time></trkpt><trkpt lat="41.69889772948448" lon="-111.65534633444622"><ele>2072.00</ele><time>2026-05-16T13:16:14Z</time></trkpt><trkpt lat="41.69900707011214" lon="-111.65530088357627"><ele>2072.00</ele><time>2026-05-16T13:16:22Z</time></trkpt><trkpt lat="41.69916312285694" lon="-111.65520046837628"><ele>2072.00</ele><time>2026-05-16T13:16:35Z</time></trkpt><trkpt lat="41.69924709784132" lon="-111.65516895242035"><ele>2072.00</ele><time>2026-05-16T13:16:41Z</time></trkpt><trkpt lat="41.69939006987463" lon="-111.65506966877729"><ele>2072.00</ele><time>2026-05-16T13:16:52Z</time></trkpt><trkpt lat="41.69952402964549" lon="-111.65495965629816"><ele>2075.40</ele><time>2026-05-16T13:17:03Z</time></trkpt><trkpt lat="41.69959804180558" lon="-111.65488304570317"><ele>2078.80</ele><time>2026-05-16T13:17:10Z</time></trkpt><trkpt lat="41.699839951470494" lon="-111.65469596162438"><ele>2082.20</ele><time>2026-05-16T13:17:29Z</time></trkpt><trkpt lat="41.70003205116411" lon="-111.65461733937263"><ele>2085.60</ele><time>2026-05-16T13:17:43Z</time></trkpt><trkpt lat="41.70025603984237" lon="-111.65452023502439"><ele>2089.00</ele><time>2026-05-16T13:18:00Z</time></trkpt><trkpt lat="41.70048303167744" lon="-111.65444458834827"><ele>2092.40</ele><time>2026-05-16T13:18:16Z</time></trkpt><trkpt lat="41.70063254236908" lon="-111.65436957031488"><ele>2095.80</ele><time>2026-05-16T13:18:27Z</time></trkpt><trkpt lat="41.700775043559105" lon="-111.6542596835643"><ele>2099.20</ele><time>2026-05-16T13:18:39Z</time></trkpt><trkpt lat="41.70089498403955" lon="-111.65417477488518"><ele>2102.60</ele><time>2026-05-16T13:18:48Z</time></trkpt><trkpt lat="41.70101204998311" lon="-111.65407926309854"><ele>2106.00</ele><time>2026-05-16T13:18:58Z</time></trkpt><trkpt lat="41.70109206751966" lon="-111.654002526775"><ele>2105.60</ele><time>2026-05-16T13:19:05Z</time></trkpt><trkpt lat="41.70133494772017" lon="-111.65374604053795"><ele>2105.20</ele><time>2026-05-16T13:19:27Z</time></trkpt><trkpt lat="41.70154097490013" lon="-111.65361997671425"><ele>2104.80</ele><time>2026-05-16T13:19:43Z</time></trkpt><trkpt lat="41.701621039021894" lon="-111.65356838610023"><ele>2104.40</ele><time>2026-05-16T13:19:49Z</time></trkpt><trkpt lat="41.70167206553047" lon="-111.65350740775466"><ele>2104.00</ele><time>2026-05-16T13:19:54Z</time></trkpt><trkpt lat="41.701773069798946" lon="-111.65343197062612"><ele>2103.60</ele><time>2026-05-16T13:20:02Z</time></trkpt><trkpt lat="41.70213500037789" lon="-111.6530389431864"><ele>2103.20</ele><time>2026-05-16T13:20:34Z</time></trkpt><trkpt lat="41.702187927457835" lon="-111.65295889601111"><ele>2102.80</ele><time>2026-05-16T13:20:40Z</time></trkpt><trkpt lat="41.70236801728606" lon="-111.6528510209173"><ele>2102.40</ele><time>2026-05-16T13:20:54Z</time></trkpt><trkpt lat="41.7025129403919" lon="-111.65273300372064"><ele>2102.00</ele><time>2026-05-16T13:21:06Z</time></trkpt><trkpt lat="41.70289507135749" lon="-111.65247408673167"><ele>2104.70</ele><time>2026-05-16T13:21:36Z</time></trkpt><trkpt lat="41.7029720172286" lon="-111.65239596739411"><ele>2107.40</ele><time>2026-05-16T13:21:42Z</time></trkpt><trkpt lat="41.70302254280353" lon="-111.65235011838377"><ele>2110.10</ele><time>2026-05-16T13:21:47Z</time></trkpt><trkpt lat="41.70305304289603" lon="-111.65229354053736"><ele>2112.80</ele><time>2026-05-16T13:21:50Z</time></trkpt><trkpt lat="41.70311055644566" lon="-111.6522159660235"><ele>2115.50</ele><time>2026-05-16T13:21:56Z</time></trkpt><trkpt lat="41.703168069943786" lon="-111.65216789580882"><ele>2118.20</ele><time>2026-05-16T13:22:01Z</time></trkpt><trkpt lat="41.70321596277168" lon="-111.65213596075773"><ele>2120.90</ele><time>2026-05-16T13:22:05Z</time></trkpt><trkpt lat="41.70328788601554" lon="-111.65213353000581"><ele>2123.60</ele><time>2026-05-16T13:22:10Z</time></trkpt><trkpt lat="41.70338290337573" lon="-111.65211718529463"><ele>2126.30</ele><time>2026-05-16T13:22:16Z</time></trkpt><trkpt lat="41.7035740420285" lon="-111.6519680712372"><ele>2129.00</ele><time>2026-05-16T13:22:32Z</time></trkpt><trkpt lat="41.703627914493254" lon="-111.65191400796175"><ele>2128.80</ele><time>2026-05-16T13:22:37Z</time></trkpt><trkpt lat="41.703706813276256" lon="-111.65187205653638"><ele>2128.60</ele><time>2026-05-16T13:22:43Z</time></trkpt><trkpt lat="41.70400098269187" lon="-111.65156456641853"><ele>2128.40</ele><time>2026-05-16T13:23:09Z</time></trkpt><trkpt lat="41.70411702178359" lon="-111.65140824392438"><ele>2128.20</ele><time>2026-05-16T13:23:20Z</time></trkpt><trkpt lat="41.70416986612343" lon="-111.65134177543223"><ele>2128.00</ele><time>2026-05-16T13:23:25Z</time></trkpt><trkpt lat="41.70425485250731" lon="-111.65128603577614"><ele>2127.80</ele><time>2026-05-16T13:23:32Z</time></trkpt><trkpt lat="41.70435002041527" lon="-111.65121135301888"><ele>2127.60</ele><time>2026-05-16T13:23:40Z</time></trkpt><trkpt lat="41.70441592506537" lon="-111.65114731527865"><ele>2127.40</ele><time>2026-05-16T13:23:46Z</time></trkpt><trkpt lat="41.70454802348554" lon="-111.65108696557581"><ele>2127.20</ele><time>2026-05-16T13:23:55Z</time></trkpt><trkpt lat="41.70468616861632" lon="-111.65100272744894"><ele>2127.00</ele><time>2026-05-16T13:24:06Z</time></trkpt><trkpt lat="41.70477227759969" lon="-111.65095402859151"><ele>2127.00</ele><time>2026-05-16T13:24:13Z</time></trkpt><trkpt lat="41.70488123557385" lon="-111.65086216293275"><ele>2127.00</ele><time>2026-05-16T13:24:22Z</time></trkpt><trkpt lat="41.7049683501823" lon="-111.65077314712107"><ele>2127.00</ele><time>2026-05-16T13:24:29Z</time></trkpt><trkpt lat="41.70502126268077" lon="-111.65070232003927"><ele>2127.00</ele><time>2026-05-16T13:24:34Z</time></trkpt><trkpt lat="41.705111348795306" lon="-111.65061422623694"><ele>2127.00</ele><time>2026-05-16T13:24:42Z</time></trkpt><trkpt lat="41.705219409319426" lon="-111.65052705444396"><ele>2127.00</ele><time>2026-05-16T13:24:51Z</time></trkpt><trkpt lat="41.70533238053697" lon="-111.65042915381491"><ele>2127.00</ele><time>2026-05-16T13:25:01Z</time></trkpt><trkpt lat="41.705375394511684" lon="-111.65038607083261"><ele>2127.00</ele><time>2026-05-16T13:25:04Z</time></trkpt><trkpt lat="41.70543848611939" lon="-111.65037458762527"><ele>2127.00</ele><time>2026-05-16T13:25:09Z</time></trkpt><trkpt lat="41.70551345906927" lon="-111.65032806806266"><ele>2127.00</ele><time>2026-05-16T13:25:15Z</time></trkpt><trkpt lat="41.70556522522724" lon="-111.65025807917118"><ele>2127.00</ele><time>2026-05-16T13:25:20Z</time></trkpt><trkpt lat="41.70560324906261" lon="-111.6502208635211"><ele>2127.00</ele><time>2026-05-16T13:25:23Z</time></trkpt><trkpt lat="41.70564329720398" lon="-111.65019043721259"><ele>2127.00</ele><time>2026-05-16T13:25:26Z</time></trkpt><trkpt lat="41.7056873089702" lon="-111.6501690633595"><ele>2127.00</ele><time>2026-05-16T13:25:30Z</time></trkpt><trkpt lat="41.705708123767366" lon="-111.65016889572144"><ele>2127.00</ele><time>2026-05-16T13:25:31Z</time></trkpt><trkpt lat="41.70577790935038" lon="-111.65014961734414"><ele>2127.00</ele><time>2026-05-16T13:25:36Z</time></trkpt><trkpt lat="41.705812398147614" lon="-111.65013088379055"><ele>2127.00</ele><time>2026-05-16T13:25:39Z</time></trkpt><trkpt lat="41.70584688692639" lon="-111.65012556128204"><ele>2127.00</ele><time>2026-05-16T13:25:41Z</time></trkpt><trkpt lat="41.70594587278332" lon="-111.65012815967202"><ele>2127.00</ele><time>2026-05-16T13:25:48Z</time></trkpt><trkpt lat="41.70605887760957" lon="-111.65013000369072"><ele>2127.00</ele><time>2026-05-16T13:25:56Z</time></trkpt><trkpt lat="41.70628187251757" lon="-111.65014718659222"><ele>2130.30</ele><time>2026-05-16T13:26:12Z</time></trkpt><trkpt lat="41.706468029831704" lon="-111.65012606419623"><ele>2133.60</ele><time>2026-05-16T13:26:25Z</time></trkpt><trkpt lat="41.70664799932326" lon="-111.65019026957452"><ele>2136.90</ele><time>2026-05-16T13:26:38Z</time></trkpt><trkpt lat="41.70682906223351" lon="-111.65027601644397"><ele>2140.20</ele><time>2026-05-16T13:26:51Z</time></trkpt><trkpt lat="41.707057999795445" lon="-111.65030325762928"><ele>2143.50</ele><time>2026-05-16T13:27:07Z</time></trkpt><trkpt lat="41.70729995222355" lon="-111.65028758347034"><ele>2146.80</ele><time>2026-05-16T13:27:24Z</time></trkpt><trkpt lat="41.70739498914161" lon="-111.65027350187302"><ele>2150.10</ele><time>2026-05-16T13:27:31Z</time></trkpt><trkpt lat="41.70748988855423" lon="-111.65025024209172"><ele>2153.40</ele><time>2026-05-16T13:27:38Z</time></trkpt><trkpt lat="41.70756876859717" lon="-111.65026989765465"><ele>2156.70</ele><time>2026-05-16T13:27:43Z</time></trkpt><trkpt lat="41.70774793990342" lon="-111.65019823238254"><ele>2160.00</ele><time>2026-05-16T13:27:57Z</time></trkpt><trkpt lat="41.707919914013445" lon="-111.65012430399656"><ele>2158.00</ele><time>2026-05-16T13:28:09Z</time></trkpt><trkpt lat="41.70803638699638" lon="-111.6500955959782"><ele>2156.00</ele><time>2026-05-16T13:28:18Z</time></trkpt><trkpt lat="41.708157698586035" lon="-111.65006246650591"><ele>2154.00</ele><time>2026-05-16T13:28:26Z</time></trkpt><trkpt lat="41.70826098850784" lon="-111.65002129040658"><ele>2152.00</ele><time>2026-05-16T13:28:34Z</time></trkpt><trkpt lat="41.70833695640153" lon="-111.64999346248806"><ele>2150.00</ele><time>2026-05-16T13:28:39Z</time></trkpt><trkpt lat="41.708398060804114" lon="-111.64996270090342"><ele>2148.00</ele><time>2026-05-16T13:28:44Z</time></trkpt><trkpt lat="41.70850397065891" lon="-111.64990989491343"><ele>2146.00</ele><time>2026-05-16T13:28:52Z</time></trkpt><trkpt lat="41.708566028995726" lon="-111.64982247166336"><ele>2144.00</ele><time>2026-05-16T13:28:58Z</time></trkpt><trkpt lat="41.708652984488786" lon="-111.64975579362363"><ele>2142.00</ele><time>2026-05-16T13:29:05Z</time></trkpt><trkpt lat="41.70875395643496" lon="-111.64971593767405"><ele>2140.00</ele><time>2026-05-16T13:29:13Z</time></trkpt><trkpt lat="41.708886036649346" lon="-111.64956900291145"><ele>2140.00</ele><time>2026-05-16T13:29:25Z</time></trkpt><trkpt lat="41.70907103537481" lon="-111.64944285526872"><ele>2140.00</ele><time>2026-05-16T13:29:39Z</time></trkpt><trkpt lat="41.70909728684625" lon="-111.64941022871062"><ele>2140.00</ele><time>2026-05-16T13:29:42Z</time></trkpt><trkpt lat="41.709139557149086" lon="-111.64934675674886"><ele>2140.00</ele><time>2026-05-16T13:29:46Z</time></trkpt><trkpt lat="41.70922610002376" lon="-111.64926541037858"><ele>2140.00</ele><time>2026-05-16T13:29:54Z</time></trkpt><trkpt lat="41.70929304804004" lon="-111.6491729579866"><ele>2140.00</ele><time>2026-05-16T13:30:00Z</time></trkpt><trkpt lat="41.709378976374865" lon="-111.64901303127408"><ele>2140.00</ele><time>2026-05-16T13:30:11Z</time></trkpt><trkpt lat="41.70948879570902" lon="-111.64898505667225"><ele>2140.00</ele><time>2026-05-16T13:30:18Z</time></trkpt><trkpt lat="41.70958259612785" lon="-111.64891684893519"><ele>2140.00</ele><time>2026-05-16T13:30:26Z</time></trkpt><trkpt lat="41.709599306339214" lon="-111.64883657125756"><ele>2140.00</ele><time>2026-05-16T13:30:30Z</time></trkpt><trkpt lat="41.70957997441292" lon="-111.648767022416"><ele>2140.50</ele><time>2026-05-16T13:30:34Z</time></trkpt><trkpt lat="41.709918938577175" lon="-111.64843400940299"><ele>2141.00</ele><time>2026-05-16T13:31:04Z</time></trkpt><trkpt lat="41.70997844576849" lon="-111.64834252092987"><ele>2141.50</ele><time>2026-05-16T13:31:10Z</time></trkpt><trkpt lat="41.71009301687459" lon="-111.64825371466577"><ele>2142.00</ele><time>2026-05-16T13:31:19Z</time></trkpt><trkpt lat="41.71016291729635" lon="-111.64822546765208"><ele>2142.50</ele><time>2026-05-16T13:31:24Z</time></trkpt><trkpt lat="41.71026998668752" lon="-111.64802748709917"><ele>2143.00</ele><time>2026-05-16T13:31:37Z</time></trkpt><trkpt lat="41.71037994325161" lon="-111.64788792841136"><ele>2143.50</ele><time>2026-05-16T13:31:48Z</time></trkpt><trkpt lat="41.71056401422458" lon="-111.64773755706847"><ele>2144.00</ele><time>2026-05-16T13:32:03Z</time></trkpt><trkpt lat="41.7106360103935" lon="-111.64741803891957"><ele>2144.50</ele><time>2026-05-16T13:32:20Z</time></trkpt><trkpt lat="41.7107240203768" lon="-111.64730094373226"><ele>2145.00</ele><time>2026-05-16T13:32:29Z</time></trkpt><trkpt lat="41.71084698289633" lon="-111.6470919828862"><ele>2146.10</ele><time>2026-05-16T13:32:43Z</time></trkpt><trkpt lat="41.71099846701843" lon="-111.64678005035967"><ele>2147.20</ele><time>2026-05-16T13:33:03Z</time></trkpt><trkpt lat="41.711123920977116" lon="-111.64646007120609"><ele>2148.30</ele><time>2026-05-16T13:33:22Z</time></trkpt><trkpt lat="41.71135291457176" lon="-111.64610099047422"><ele>2149.40</ele><time>2026-05-16T13:33:46Z</time></trkpt><trkpt lat="41.7114270105958" lon="-111.64595791138709"><ele>2150.50</ele><time>2026-05-16T13:33:55Z</time></trkpt><trkpt lat="41.711464980617166" lon="-111.64585900492966"><ele>2151.60</ele><time>2026-05-16T13:34:01Z</time></trkpt><trkpt lat="41.71150194481015" lon="-111.64564392529428"><ele>2152.70</ele><time>2026-05-16T13:34:13Z</time></trkpt><trkpt lat="41.711567072197795" lon="-111.64550604298711"><ele>2153.80</ele><time>2026-05-16T13:34:21Z</time></trkpt><trkpt lat="41.71164502389729" lon="-111.64543496444821"><ele>2154.90</ele><time>2026-05-16T13:34:28Z</time></trkpt><trkpt lat="41.71174252460633" lon="-111.64535437244922"><ele>2156.00</ele><time>2026-05-16T13:34:36Z</time></trkpt><trkpt lat="41.711866054683924" lon="-111.64531401358545"><ele>2156.90</ele><time>2026-05-16T13:34:45Z</time></trkpt><trkpt lat="41.71193193644285" lon="-111.64525106549263"><ele>2157.80</ele><time>2026-05-16T13:34:51Z</time></trkpt><trkpt lat="41.71203697179361" lon="-111.64504260756075"><ele>2158.70</ele><time>2026-05-16T13:35:04Z</time></trkpt><trkpt lat="41.71214932997344" lon="-111.64492647629231"><ele>2159.60</ele><time>2026-05-16T13:35:14Z</time></trkpt><trkpt lat="41.71222252819337" lon="-111.64481878979132"><ele>2160.50</ele><time>2026-05-16T13:35:21Z</time></trkpt><trkpt lat="41.712288160004285" lon="-111.64472337230109"><ele>2161.40</ele><time>2026-05-16T13:35:28Z</time></trkpt><trkpt lat="41.7123093786431" lon="-111.64470976873417"><ele>2162.30</ele><time>2026-05-16T13:35:30Z</time></trkpt><trkpt lat="41.71233059727492" lon="-111.64472566946642"><ele>2163.20</ele><time>2026-05-16T13:35:31Z</time></trkpt><trkpt lat="41.71237703902601" lon="-111.64480306848418"><ele>2164.10</ele><time>2026-05-16T13:35:37Z</time></trkpt><trkpt lat="41.71249995618965" lon="-111.64474597200751"><ele>2165.00</ele><time>2026-05-16T13:35:46Z</time></trkpt><trkpt lat="41.71257896464062" lon="-111.64467338472605"><ele>2165.00</ele><time>2026-05-16T13:35:53Z</time></trkpt><trkpt lat="41.712637995906874" lon="-111.6446140408516"><ele>2165.00</ele><time>2026-05-16T13:35:58Z</time></trkpt><trkpt lat="41.71269302790384" lon="-111.64457747479901"><ele>2165.00</ele><time>2026-05-16T13:36:02Z</time></trkpt><trkpt lat="41.71274805985366" lon="-111.6445382265374"><ele>2165.00</ele><time>2026-05-16T13:36:06Z</time></trkpt><trkpt lat="41.712839132082536" lon="-111.64446410955861"><ele>2165.00</ele><time>2026-05-16T13:36:14Z</time></trkpt><trkpt lat="41.71291819075958" lon="-111.64438060484827"><ele>2165.00</ele><time>2026-05-16T13:36:21Z</time></trkpt><trkpt lat="41.71299199187081" lon="-111.6442993003875"><ele>2165.00</ele><time>2026-05-16T13:36:28Z</time></trkpt><trkpt lat="41.7130971102415" lon="-111.64420718327165"><ele>2165.00</ele><time>2026-05-16T13:36:36Z</time></trkpt><trkpt lat="41.7131951389242" lon="-111.64415408391505"><ele>2165.00</ele><time>2026-05-16T13:36:44Z</time></trkpt><trkpt lat="41.713288161893104" lon="-111.64408220909536"><ele>2165.00</ele><time>2026-05-16T13:36:51Z</time></trkpt><trkpt lat="41.71335701091981" lon="-111.64404843002558"><ele>2165.20</ele><time>2026-05-16T13:36:57Z</time></trkpt><trkpt lat="41.713536973908525" lon="-111.6439972165972"><ele>2165.40</ele><time>2026-05-16T13:37:09Z</time></trkpt><trkpt lat="41.71364899175552" lon="-111.64394818246365"><ele>2165.60</ele><time>2026-05-16T13:37:18Z</time></trkpt><trkpt lat="41.71376501382936" lon="-111.64385623298585"><ele>2165.80</ele><time>2026-05-16T13:37:27Z</time></trkpt><trkpt lat="41.71385235828131" lon="-111.6438161674887"><ele>2166.00</ele><time>2026-05-16T13:37:34Z</time></trkpt><trkpt lat="41.71396272797362" lon="-111.64374525658786"><ele>2166.20</ele><time>2026-05-16T13:37:42Z</time></trkpt><trkpt lat="41.71412367814384" lon="-111.64362137205899"><ele>2166.40</ele><time>2026-05-16T13:37:55Z</time></trkpt><trkpt lat="41.71424145118776" lon="-111.6435775347054"><ele>2166.60</ele><time>2026-05-16T13:38:04Z</time></trkpt><trkpt lat="41.71436853467039" lon="-111.64349996019155"><ele>2166.80</ele><time>2026-05-16T13:38:14Z</time></trkpt><trkpt lat="41.71449661899588" lon="-111.64346530102193"><ele>2167.00</ele><time>2026-05-16T13:38:23Z</time></trkpt><trkpt lat="41.71481124778044" lon="-111.64319276344031"><ele>2165.60</ele><time>2026-05-16T13:38:49Z</time></trkpt><trkpt lat="41.71497256594197" lon="-111.64308130508289"><ele>2164.20</ele><time>2026-05-16T13:39:02Z</time></trkpt><trkpt lat="41.715129879361875" lon="-111.64302080869675"><ele>2162.80</ele><time>2026-05-16T13:39:13Z</time></trkpt><trkpt lat="41.71544791236283" lon="-111.64296372793615"><ele>2161.40</ele><time>2026-05-16T13:39:36Z</time></trkpt><trkpt lat="41.71560780239472" lon="-111.64285752922297"><ele>2160.00</ele><time>2026-05-16T13:39:48Z</time></trkpt><trkpt lat="41.7158033907949" lon="-111.64276067633182"><ele>2158.60</ele><time>2026-05-16T13:40:03Z</time></trkpt><trkpt lat="41.71589417726603" lon="-111.64270085049793"><ele>2157.20</ele><time>2026-05-16T13:40:10Z</time></trkpt><trkpt lat="41.715980959325194" lon="-111.64267052896321"><ele>2155.80</ele><time>2026-05-16T13:40:16Z</time></trkpt><trkpt lat="41.71626004453542" lon="-111.64255301468074"><ele>2154.40</ele><time>2026-05-16T13:40:37Z</time></trkpt><trkpt lat="41.71647103980575" lon="-111.6424915753305"><ele>2153.00</ele><time>2026-05-16T13:40:52Z</time></trkpt><trkpt lat="41.71664392196452" lon="-111.64239727891982"><ele>2155.70</ele><time>2026-05-16T13:41:05Z</time></trkpt><trkpt lat="41.71672290686989" lon="-111.64234514348209"><ele>2158.40</ele><time>2026-05-16T13:41:11Z</time></trkpt><trkpt lat="41.716797967892845" lon="-111.6422751545906"><ele>2161.10</ele><time>2026-05-16T13:41:18Z</time></trkpt><trkpt lat="41.71686482838032" lon="-111.64225026033819"><ele>2163.80</ele><time>2026-05-16T13:41:23Z</time></trkpt><trkpt lat="41.716967401067635" lon="-111.64224615320563"><ele>2166.50</ele><time>2026-05-16T13:41:30Z</time></trkpt><trkpt lat="41.71707397780706" lon="-111.6421910841018"><ele>2169.20</ele><time>2026-05-16T13:41:38Z</time></trkpt><trkpt lat="41.7171530048258" lon="-111.6421612445265"><ele>2171.90</ele><time>2026-05-16T13:41:43Z</time></trkpt><trkpt lat="41.717223500353754" lon="-111.64211145602167"><ele>2174.60</ele><time>2026-05-16T13:41:49Z</time></trkpt><trkpt lat="41.71727397479117" lon="-111.64201606996357"><ele>2177.30</ele><time>2026-05-16T13:41:55Z</time></trkpt><trkpt lat="41.71736701391637" lon="-111.64195396006107"><ele>2180.00</ele><time>2026-05-16T13:42:02Z</time></trkpt><trkpt lat="41.71750606968999" lon="-111.64191498421133"><ele>2180.20</ele><time>2026-05-16T13:42:12Z</time></trkpt><trkpt lat="41.71768602915108" lon="-111.64180803112686"><ele>2180.40</ele><time>2026-05-16T13:42:26Z</time></trkpt><trkpt lat="41.71777294948697" lon="-111.64177592843771"><ele>2180.60</ele><time>2026-05-16T13:42:33Z</time></trkpt><trkpt lat="41.71827896498144" lon="-111.64174701087177"><ele>2180.80</ele><time>2026-05-16T13:43:08Z</time></trkpt><trkpt lat="41.718705017119646" lon="-111.64167090319097"><ele>2181.00</ele><time>2026-05-16T13:43:38Z</time></trkpt><trkpt lat="41.71885095262387" lon="-111.64167555514723"><ele>2181.20</ele><time>2026-05-16T13:43:49Z</time></trkpt><trkpt lat="41.71898887960432" lon="-111.64170434698462"><ele>2181.40</ele><time>2026-05-16T13:43:58Z</time></trkpt><trkpt lat="41.71923801272605" lon="-111.64172161370516"><ele>2181.60</ele><time>2026-05-16T13:44:16Z</time></trkpt><trkpt lat="41.719778990373015" lon="-111.64173603057861"><ele>2181.80</ele><time>2026-05-16T13:44:54Z</time></trkpt><trkpt lat="41.71997098121859" lon="-111.64176260121167"><ele>2182.00</ele><time>2026-05-16T13:45:07Z</time></trkpt><trkpt lat="41.72005501795198" lon="-111.6418044269085"><ele>2182.00</ele><time>2026-05-16T13:45:14Z</time></trkpt><trkpt lat="41.72012685912628" lon="-111.64179629646242"><ele>2182.00</ele><time>2026-05-16T13:45:19Z</time></trkpt><trkpt lat="41.72016068486304" lon="-111.64170292206109"><ele>2182.00</ele><time>2026-05-16T13:45:24Z</time></trkpt><trkpt lat="41.720201629645686" lon="-111.64167115464807"><ele>2182.00</ele><time>2026-05-16T13:45:27Z</time></trkpt><trkpt lat="41.72025760168049" lon="-111.64168326649815"><ele>2182.00</ele><time>2026-05-16T13:45:31Z</time></trkpt><trkpt lat="41.720315575673396" lon="-111.6416900139302"><ele>2182.00</ele><time>2026-05-16T13:45:35Z</time></trkpt><trkpt lat="41.720436711281586" lon="-111.64165623486042"><ele>2182.00</ele><time>2026-05-16T13:45:44Z</time></trkpt><trkpt lat="41.72051168294716" lon="-111.64169336669147"><ele>2182.00</ele><time>2026-05-16T13:45:50Z</time></trkpt><trkpt lat="41.72068183181184" lon="-111.6418491024524"><ele>2182.00</ele><time>2026-05-16T13:46:04Z</time></trkpt><trkpt lat="41.72074684993141" lon="-111.64189654402435"><ele>2182.00</ele><time>2026-05-16T13:46:09Z</time></trkpt><trkpt lat="41.72079291993361" lon="-111.64192596450448"><ele>2181.70</ele><time>2026-05-16T13:46:13Z</time></trkpt><trkpt lat="41.720832983930784" lon="-111.64196611382067"><ele>2181.40</ele><time>2026-05-16T13:46:16Z</time></trkpt><trkpt lat="41.72087299145305" lon="-111.64202084764838"><ele>2181.10</ele><time>2026-05-16T13:46:20Z</time></trkpt><trkpt lat="41.72093693416337" lon="-111.64208974689245"><ele>2180.80</ele><time>2026-05-16T13:46:26Z</time></trkpt><trkpt lat="41.72101696039866" lon="-111.64214515127242"><ele>2180.50</ele><time>2026-05-16T13:46:33Z</time></trkpt><trkpt lat="41.721150695127015" lon="-111.6422114521265"><ele>2180.20</ele><time>2026-05-16T13:46:43Z</time></trkpt><trkpt lat="41.721228646795815" lon="-111.64224803913385"><ele>2179.90</ele><time>2026-05-16T13:46:48Z</time></trkpt><trkpt lat="41.72132367793237" lon="-111.64233875228092"><ele>2179.60</ele><time>2026-05-16T13:46:57Z</time></trkpt><trkpt lat="41.72140422601027" lon="-111.64238142664544"><ele>2179.30</ele><time>2026-05-16T13:47:03Z</time></trkpt><trkpt lat="41.72148353844781" lon="-111.64246311353054"><ele>2179.00</ele><time>2026-05-16T13:47:10Z</time></trkpt><trkpt lat="41.7215592300663" lon="-111.64258978766156"><ele>2179.00</ele><time>2026-05-16T13:47:18Z</time></trkpt><trkpt lat="41.721618096491675" lon="-111.64273090878851"><ele>2179.00</ele><time>2026-05-16T13:47:27Z</time></trkpt><trkpt lat="41.721652534597396" lon="-111.6427867172024"><ele>2179.00</ele><time>2026-05-16T13:47:30Z</time></trkpt><trkpt lat="41.72168897464873" lon="-111.64281704463065"><ele>2179.00</ele><time>2026-05-16T13:47:33Z</time></trkpt><trkpt lat="41.721745355885446" lon="-111.64283917285502"><ele>2179.00</ele><time>2026-05-16T13:47:38Z</time></trkpt><trkpt lat="41.721783719425034" lon="-111.64290421642363"><ele>2179.00</ele><time>2026-05-16T13:47:42Z</time></trkpt><trkpt lat="41.72180817487985" lon="-111.64296368602663"><ele>2179.00</ele><time>2026-05-16T13:47:45Z</time></trkpt><trkpt lat="41.721855829402486" lon="-111.64302381570451"><ele>2179.00</ele><time>2026-05-16T13:47:50Z</time></trkpt><trkpt lat="41.721933513243826" lon="-111.64305175887421"><ele>2179.00</ele><time>2026-05-16T13:47:56Z</time></trkpt><trkpt lat="41.72207086307765" lon="-111.64311032742262"><ele>2179.00</ele><time>2026-05-16T13:48:06Z</time></trkpt><trkpt lat="41.722303004805916" lon="-111.6431718505919"><ele>2182.70</ele><time>2026-05-16T13:48:22Z</time></trkpt><trkpt lat="41.72237947033691" lon="-111.64317838847637"><ele>2186.40</ele><time>2026-05-16T13:48:28Z</time></trkpt><trkpt lat="41.72243872344939" lon="-111.64318836294115"><ele>2190.10</ele><time>2026-05-16T13:48:32Z</time></trkpt><trkpt lat="41.722469051754175" lon="-111.64330283878371"><ele>2193.80</ele><time>2026-05-16T13:48:38Z</time></trkpt><trkpt lat="41.72244532767321" lon="-111.64340658579022"><ele>2197.50</ele><time>2026-05-16T13:48:44Z</time></trkpt><trkpt lat="41.72249397262931" lon="-111.6434290073812"><ele>2201.20</ele><time>2026-05-16T13:48:48Z</time></trkpt><trkpt lat="41.72262003645301" lon="-111.64337393827736"><ele>2204.90</ele><time>2026-05-16T13:48:57Z</time></trkpt><trkpt lat="41.722810976207256" lon="-111.64335893467069"><ele>2208.60</ele><time>2026-05-16T13:49:10Z</time></trkpt><trkpt lat="41.722939904475574" lon="-111.64338550530374"><ele>2212.30</ele><time>2026-05-16T13:49:19Z</time></trkpt><trkpt lat="41.723130464899775" lon="-111.64343646727502"><ele>2216.00</ele><time>2026-05-16T13:49:33Z</time></trkpt><trkpt lat="41.723323026672006" lon="-111.64347401820123"><ele>2216.00</ele><time>2026-05-16T13:49:47Z</time></trkpt><trkpt lat="41.723492005839944" lon="-111.64346504956484"><ele>2216.00</ele><time>2026-05-16T13:49:59Z</time></trkpt><trkpt lat="41.723881009966135" lon="-111.64339103735983"><ele>2216.00</ele><time>2026-05-16T13:50:26Z</time></trkpt><trkpt lat="41.72400901924264" lon="-111.64337159134448"><ele>2216.00</ele><time>2026-05-16T13:50:35Z</time></trkpt><trkpt lat="41.72412701882422" lon="-111.64331995882094"><ele>2216.00</ele><time>2026-05-16T13:50:44Z</time></trkpt><trkpt lat="41.72431798960496" lon="-111.6432539303787"><ele>2216.00</ele><time>2026-05-16T13:50:58Z</time></trkpt><trkpt lat="41.72450095231266" lon="-111.64314498659223"><ele>2216.00</ele><time>2026-05-16T13:51:12Z</time></trkpt><trkpt lat="41.72462146063223" lon="-111.64307442144491"><ele>2216.00</ele><time>2026-05-16T13:51:21Z</time></trkpt><trkpt lat="41.72474196872575" lon="-111.64301726734266"><ele>2216.00</ele><time>2026-05-16T13:51:30Z</time></trkpt><trkpt lat="41.72496696934104" lon="-111.64286004379392"><ele>2216.00</ele><time>2026-05-16T13:51:48Z</time></trkpt><trkpt lat="41.725156035674786" lon="-111.64273247122765"><ele>2218.10</ele><time>2026-05-16T13:52:03Z</time></trkpt><trkpt lat="41.72530794516206" lon="-111.64263406768441"><ele>2220.20</ele><time>2026-05-16T13:52:14Z</time></trkpt><trkpt lat="41.7254420016609" lon="-111.64252510294318"><ele>2222.30</ele><time>2026-05-16T13:52:25Z</time></trkpt><trkpt lat="41.72561598010361" lon="-111.64245201274753"><ele>2224.40</ele><time>2026-05-16T13:52:38Z</time></trkpt><trkpt lat="41.72569849736546" lon="-111.64242317900062"><ele>2226.50</ele><time>2026-05-16T13:52:44Z</time></trkpt><trkpt lat="41.72579702921212" lon="-111.6423380188644"><ele>2228.60</ele><time>2026-05-16T13:52:52Z</time></trkpt><trkpt lat="41.726004037738555" lon="-111.64215629920363"><ele>2230.70</ele><time>2026-05-16T13:53:10Z</time></trkpt><trkpt lat="41.72622105471319" lon="-111.64197726175189"><ele>2232.80</ele><time>2026-05-16T13:53:28Z</time></trkpt><trkpt lat="41.72631403470756" lon="-111.64186775218695"><ele>2234.90</ele><time>2026-05-16T13:53:36Z</time></trkpt><trkpt lat="41.72641502183527" lon="-111.64175824262202"><ele>2237.00</ele><time>2026-05-16T13:53:45Z</time></trkpt><trkpt lat="41.7265689776111" lon="-111.6415245551616"><ele>2240.20</ele><time>2026-05-16T13:54:02Z</time></trkpt><trkpt lat="41.726615492234856" lon="-111.64138893596828"><ele>2243.40</ele><time>2026-05-16T13:54:10Z</time></trkpt><trkpt lat="41.72665700230187" lon="-111.64122515358031"><ele>2246.60</ele><time>2026-05-16T13:54:19Z</time></trkpt><trkpt lat="41.72670598229596" lon="-111.64108484052122"><ele>2249.80</ele><time>2026-05-16T13:54:27Z</time></trkpt><trkpt lat="41.726737981399864" lon="-111.6409648116678"><ele>2253.00</ele><time>2026-05-16T13:54:33Z</time></trkpt><trkpt lat="41.72677891967543" lon="-111.64077051915228"><ele>2256.20</ele><time>2026-05-16T13:54:44Z</time></trkpt><trkpt lat="41.726819956478025" lon="-111.640619141981"><ele>2259.40</ele><time>2026-05-16T13:54:52Z</time></trkpt><trkpt lat="41.72685900642983" lon="-111.64054647088051"><ele>2262.60</ele><time>2026-05-16T13:54:57Z</time></trkpt><trkpt lat="41.72689095134361" lon="-111.64044689387083"><ele>2265.80</ele><time>2026-05-16T13:55:03Z</time></trkpt><trkpt lat="41.72675585420408" lon="-111.64046256802976"><ele>2269.00</ele><time>2026-05-16T13:55:12Z</time></trkpt><trkpt lat="41.72663071167884" lon="-111.64056935347617"><ele>2269.00</ele><time>2026-05-16T13:55:23Z</time></trkpt><trkpt lat="41.726565731891874" lon="-111.64063582196832"><ele>2269.00</ele><time>2026-05-16T13:55:28Z</time></trkpt><trkpt lat="41.72649677334242" lon="-111.64068242534995"><ele>2269.00</ele><time>2026-05-16T13:55:34Z</time></trkpt><trkpt lat="41.72633767352902" lon="-111.64082542061806"><ele>2269.00</ele><time>2026-05-16T13:55:47Z</time></trkpt><trkpt lat="41.726193557486695" lon="-111.64096699096262"><ele>2269.00</ele><time>2026-05-16T13:56:00Z</time></trkpt><trkpt lat="41.72605741867761" lon="-111.64108450524509"><ele>2269.00</ele><time>2026-05-16T13:56:11Z</time></trkpt><trkpt lat="41.7260419243277" lon="-111.64108035620302"><ele>2269.00</ele><time>2026-05-16T13:56:12Z</time></trkpt><trkpt lat="41.72604244460366" lon="-111.64106011390686"><ele>2269.00</ele><time>2026-05-16T13:56:13Z</time></trkpt><trkpt lat="41.72608704953571" lon="-111.64096816442907"><ele>2269.00</ele><time>2026-05-16T13:56:19Z</time></trkpt><trkpt lat="41.72614366538971" lon="-111.64088694378734"><ele>2269.00</ele><time>2026-05-16T13:56:25Z</time></trkpt><trkpt lat="41.72621472283699" lon="-111.64079323410988"><ele>2270.20</ele><time>2026-05-16T13:56:32Z</time></trkpt><trkpt lat="41.72637236255568" lon="-111.64030649699271"><ele>2271.40</ele><time>2026-05-16T13:57:00Z</time></trkpt><trkpt lat="41.726498224922054" lon="-111.63986866828054"><ele>2272.60</ele><time>2026-05-16T13:57:24Z</time></trkpt><trkpt lat="41.72643491568734" lon="-111.63945632055402"><ele>2273.80</ele><time>2026-05-16T13:57:46Z</time></trkpt><trkpt lat="41.72640381847516" lon="-111.6392054501921"><ele>2275.00</ele><time>2026-05-16T13:58:00Z</time></trkpt><trkpt lat="41.72641189525524" lon="-111.63889406248927"><ele>2276.20</ele><time>2026-05-16T13:58:16Z</time></trkpt><trkpt lat="41.7263608986064" lon="-111.6385302040726"><ele>2277.40</ele><time>2026-05-16T13:58:35Z</time></trkpt><trkpt lat="41.726280925694155" lon="-111.63826709613204"><ele>2278.60</ele><time>2026-05-16T13:58:50Z</time></trkpt><trkpt lat="41.7262229280127" lon="-111.63796652108431"><ele>2279.80</ele><time>2026-05-16T13:59:06Z</time></trkpt><trkpt lat="41.72612797624256" lon="-111.63787842728198"><ele>2281.00</ele><time>2026-05-16T13:59:15Z</time></trkpt><trkpt lat="41.72606298699975" lon="-111.63785504177213"><ele>2280.40</ele><time>2026-05-16T13:59:19Z</time></trkpt><trkpt lat="41.725718963875785" lon="-111.63768882863224"><ele>2279.80</ele><time>2026-05-16T13:59:45Z</time></trkpt><trkpt lat="41.725465498031085" lon="-111.63749361410737"><ele>2279.20</ele><time>2026-05-16T14:00:05Z</time></trkpt><trkpt lat="41.725218036749176" lon="-111.6372983995825"><ele>2278.60</ele><time>2026-05-16T14:00:26Z</time></trkpt><trkpt lat="41.72512504661567" lon="-111.63721608929336"><ele>2278.00</ele><time>2026-05-16T14:00:33Z</time></trkpt><trkpt lat="41.724892927176654" lon="-111.63688533939421"><ele>2277.40</ele><time>2026-05-16T14:00:57Z</time></trkpt><trkpt lat="41.724709930222595" lon="-111.63663124199957"><ele>2276.80</ele><time>2026-05-16T14:01:16Z</time></trkpt><trkpt lat="41.724548953375916" lon="-111.63636373355985"><ele>2276.20</ele><time>2026-05-16T14:01:34Z</time></trkpt><trkpt lat="41.72447499494425" lon="-111.63622995838523"><ele>2275.60</ele><time>2026-05-16T14:01:42Z</time></trkpt><trkpt lat="41.72431902305567" lon="-111.63579837419093"><ele>2275.00</ele><time>2026-05-16T14:02:07Z</time></trkpt><trkpt lat="41.72412099772245" lon="-111.63543501868844"><ele>2271.30</ele><time>2026-05-16T14:02:31Z</time></trkpt><trkpt lat="41.72397401409239" lon="-111.6352681349963"><ele>2267.60</ele><time>2026-05-16T14:02:45Z</time></trkpt><trkpt lat="41.72383700497447" lon="-111.63523217663169"><ele>2263.90</ele><time>2026-05-16T14:02:54Z</time></trkpt><trkpt lat="41.72368001192808" lon="-111.63526503369212"><ele>2260.20</ele><time>2026-05-16T14:03:05Z</time></trkpt><trkpt lat="41.723556043580174" lon="-111.6352750081569"><ele>2256.50</ele><time>2026-05-16T14:03:14Z</time></trkpt><trkpt lat="41.723172990605235" lon="-111.63524902425706"><ele>2252.80</ele><time>2026-05-16T14:03:41Z</time></trkpt><trkpt lat="41.72304407693446" lon="-111.63521692156792"><ele>2249.10</ele><time>2026-05-16T14:03:50Z</time></trkpt><trkpt lat="41.72294106334448" lon="-111.63515103980899"><ele>2245.40</ele><time>2026-05-16T14:03:58Z</time></trkpt><trkpt lat="41.722852969542146" lon="-111.63505397737026"><ele>2241.70</ele><time>2026-05-16T14:04:06Z</time></trkpt><trkpt lat="41.722734965856894" lon="-111.63487104233354"><ele>2238.00</ele><time>2026-05-16T14:04:19Z</time></trkpt><trkpt lat="41.722637982270854" lon="-111.63468676619232"><ele>2238.00</ele><time>2026-05-16T14:04:31Z</time></trkpt><trkpt lat="41.72256595253981" lon="-111.63457478396595"><ele>2238.00</ele><time>2026-05-16T14:04:38Z</time></trkpt><trkpt lat="41.72248098067939" lon="-111.6344980057329"><ele>2238.00</ele><time>2026-05-16T14:04:46Z</time></trkpt><trkpt lat="41.722417026758194" lon="-111.63447797298431"><ele>2238.00</ele><time>2026-05-16T14:04:50Z</time></trkpt><trkpt lat="41.72232599928975" lon="-111.63447705097497"><ele>2238.00</ele><time>2026-05-16T14:04:57Z</time></trkpt><trkpt lat="41.72221602872014" lon="-111.63451300933957"><ele>2238.00</ele><time>2026-05-16T14:05:05Z</time></trkpt><trkpt lat="41.72192998346572" lon="-111.63473814725876"><ele>2238.00</ele><time>2026-05-16T14:05:28Z</time></trkpt><trkpt lat="41.721828053274145" lon="-111.63472884334624"><ele>2238.00</ele><time>2026-05-16T14:05:35Z</time></trkpt><trkpt lat="41.72178498482166" lon="-111.63468374870718"><ele>2238.00</ele><time>2026-05-16T14:05:39Z</time></trkpt><trkpt lat="41.721764927825916" lon="-111.63462633267045"><ele>2238.00</ele><time>2026-05-16T14:05:42Z</time></trkpt><trkpt lat="41.721783965850925" lon="-111.63450387306511"><ele>2237.90</ele><time>2026-05-16T14:05:49Z</time></trkpt><trkpt lat="41.7218940008498" lon="-111.63439130410552"><ele>2237.80</ele><time>2026-05-16T14:05:58Z</time></trkpt><trkpt lat="41.72217403538525" lon="-111.63427806459367"><ele>2237.70</ele><time>2026-05-16T14:06:19Z</time></trkpt><trkpt lat="41.722256047503706" lon="-111.63424466270953"><ele>2237.60</ele><time>2026-05-16T14:06:25Z</time></trkpt><trkpt lat="41.72233605757356" lon="-111.6342300362885"><ele>2237.50</ele><time>2026-05-16T14:06:31Z</time></trkpt><trkpt lat="41.72262707725167" lon="-111.63420103490353"><ele>2237.40</ele><time>2026-05-16T14:06:51Z</time></trkpt><trkpt lat="41.722893035039306" lon="-111.63431704044342"><ele>2237.30</ele><time>2026-05-16T14:07:11Z</time></trkpt><trkpt lat="41.722998060286045" lon="-111.63434302434325"><ele>2237.20</ele><time>2026-05-16T14:07:18Z</time></trkpt><trkpt lat="41.723153963685036" lon="-111.63431393913925"><ele>2237.10</ele><time>2026-05-16T14:07:29Z</time></trkpt><trkpt lat="41.723508015275" lon="-111.63419793359935"><ele>2237.00</ele><time>2026-05-16T14:07:55Z</time></trkpt><trkpt lat="41.72360893338919" lon="-111.63414093665779"><ele>2233.20</ele><time>2026-05-16T14:08:03Z</time></trkpt><trkpt lat="41.72367707826197" lon="-111.63407103158534"><ele>2229.40</ele><time>2026-05-16T14:08:09Z</time></trkpt><trkpt lat="41.72372309491038" lon="-111.63397505879402"><ele>2225.60</ele><time>2026-05-16T14:08:15Z</time></trkpt><trkpt lat="41.723731979727745" lon="-111.63386408239603"><ele>2221.80</ele><time>2026-05-16T14:08:20Z</time></trkpt><trkpt lat="41.723711024969816" lon="-111.63378202356398"><ele>2218.00</ele><time>2026-05-16T14:08:25Z</time></trkpt><trkpt lat="41.72363096224924" lon="-111.63370105437934"><ele>2214.20</ele><time>2026-05-16T14:08:32Z</time></trkpt><trkpt lat="41.72345348733242" lon="-111.63359716068953"><ele>2210.40</ele><time>2026-05-16T14:08:46Z</time></trkpt><trkpt lat="41.72329703202568" lon="-111.63346108049154"><ele>2206.60</ele><time>2026-05-16T14:08:59Z</time></trkpt><trkpt lat="41.72313298353515" lon="-111.63328874856234"><ele>2202.80</ele><time>2026-05-16T14:09:13Z</time></trkpt><trkpt lat="41.72287702560425" lon="-111.63293696008623"><ele>2199.00</ele><time>2026-05-16T14:09:39Z</time></trkpt><trkpt lat="41.7225749758353" lon="-111.63250269368291"><ele>2200.00</ele><time>2026-05-16T14:10:10Z</time></trkpt><trkpt lat="41.72206998067135" lon="-111.63147473707795"><ele>2201.00</ele><time>2026-05-16T14:11:14Z</time></trkpt><trkpt lat="41.721915004107586" lon="-111.63109637796879"><ele>2202.00</ele><time>2026-05-16T14:11:37Z</time></trkpt><trkpt lat="41.72175301097684" lon="-111.63038936443627"><ele>2203.00</ele><time>2026-05-16T14:12:16Z</time></trkpt><trkpt lat="41.72158706524047" lon="-111.62970305420458"><ele>2204.00</ele><time>2026-05-16T14:12:54Z</time></trkpt><trkpt lat="41.721530027350624" lon="-111.62939087022096"><ele>2205.00</ele><time>2026-05-16T14:13:10Z</time></trkpt><trkpt lat="41.72149601207037" lon="-111.6290733218193"><ele>2206.00</ele><time>2026-05-16T14:13:27Z</time></trkpt><trkpt lat="41.721410955102385" lon="-111.628612652421"><ele>2207.00</ele><time>2026-05-16T14:13:52Z</time></trkpt><trkpt lat="41.72122503630817" lon="-111.62793505936861"><ele>2208.00</ele><time>2026-05-16T14:14:30Z</time></trkpt><trkpt lat="41.72116099856794" lon="-111.62768301554024"><ele>2209.00</ele><time>2026-05-16T14:14:44Z</time></trkpt><trkpt lat="41.72110400162637" lon="-111.62737498059869"><ele>2200.80</ele><time>2026-05-16T14:15:00Z</time></trkpt><trkpt lat="41.72107692807913" lon="-111.62710592150688"><ele>2192.60</ele><time>2026-05-16T14:15:15Z</time></trkpt><trkpt lat="41.72107298215545" lon="-111.62661876529455"><ele>2184.40</ele><time>2026-05-16T14:15:40Z</time></trkpt><trkpt lat="41.72100308351219" lon="-111.6258339677006"><ele>2176.20</ele><time>2026-05-16T14:16:21Z</time></trkpt><trkpt lat="41.720983972772956" lon="-111.6255110129714"><ele>2168.00</ele><time>2026-05-16T14:16:38Z</time></trkpt><trkpt lat="41.72099998220801" lon="-111.62505302578211"><ele>2159.80</ele><time>2026-05-16T14:17:02Z</time></trkpt><trkpt lat="41.72097693197429" lon="-111.62433695979416"><ele>2151.60</ele><time>2026-05-16T14:17:40Z</time></trkpt><trkpt lat="41.720955055207014" lon="-111.62414392456412"><ele>2143.40</ele><time>2026-05-16T14:17:50Z</time></trkpt><trkpt lat="41.72096595168114" lon="-111.62405599839985"><ele>2135.20</ele><time>2026-05-16T14:17:55Z</time></trkpt><trkpt lat="41.72099403105676" lon="-111.62399196065962"><ele>2127.00</ele><time>2026-05-16T14:17:59Z</time></trkpt><trkpt lat="41.72106192447245" lon="-111.6239329520613"><ele>2127.00</ele><time>2026-05-16T14:18:04Z</time></trkpt><trkpt lat="41.72110794112086" lon="-111.62394795566797"><ele>2127.00</ele><time>2026-05-16T14:18:08Z</time></trkpt><trkpt lat="41.72127792611718" lon="-111.6240809764713"><ele>2127.00</ele><time>2026-05-16T14:18:22Z</time></trkpt><trkpt lat="41.72179106622934" lon="-111.62460098974407"><ele>2127.00</ele><time>2026-05-16T14:19:07Z</time></trkpt><trkpt lat="41.722010001540184" lon="-111.62476502358913"><ele>2127.00</ele><time>2026-05-16T14:19:24Z</time></trkpt><trkpt lat="41.72216800041497" lon="-111.62485102191567"><ele>2127.00</ele><time>2026-05-16T14:19:36Z</time></trkpt><trkpt lat="41.722375033423305" lon="-111.62493006326258"><ele>2127.00</ele><time>2026-05-16T14:19:51Z</time></trkpt><trkpt lat="41.72253797762096" lon="-111.62495194002986"><ele>2127.00</ele><time>2026-05-16T14:20:03Z</time></trkpt><trkpt lat="41.72275104559958" lon="-111.62491405382752"><ele>2127.00</ele><time>2026-05-16T14:20:18Z</time></trkpt><trkpt lat="41.722890017554164" lon="-111.62495395168662"><ele>2127.00</ele><time>2026-05-16T14:20:28Z</time></trkpt><trkpt lat="41.72300803475082" lon="-111.62505101412535"><ele>2124.80</ele><time>2026-05-16T14:20:38Z</time></trkpt><trkpt lat="41.7231110483408" lon="-111.6252189874649"><ele>2122.60</ele><time>2026-05-16T14:20:49Z</time></trkpt><trkpt lat="41.72316800632787" lon="-111.62531294859946"><ele>2120.40</ele><time>2026-05-16T14:20:55Z</time></trkpt><trkpt lat="41.72322596423328" lon="-111.62535997107625"><ele>2118.20</ele><time>2026-05-16T14:21:00Z</time></trkpt><trkpt lat="41.72332093119621" lon="-111.62532795220613"><ele>2116.00</ele><time>2026-05-16T14:21:07Z</time></trkpt><trkpt lat="41.72337993979454" lon="-111.62526802159846"><ele>2113.80</ele><time>2026-05-16T14:21:12Z</time></trkpt><trkpt lat="41.72353299334645" lon="-111.62494397722185"><ele>2111.60</ele><time>2026-05-16T14:21:32Z</time></trkpt><trkpt lat="41.723665008321404" lon="-111.62476208992302"><ele>2109.40</ele><time>2026-05-16T14:21:45Z</time></trkpt><trkpt lat="41.723925014957786" lon="-111.62461197003722"><ele>2107.20</ele><time>2026-05-16T14:22:05Z</time></trkpt><trkpt lat="41.724098012785596" lon="-111.62451867945492"><ele>2105.00</ele><time>2026-05-16T14:22:18Z</time></trkpt><trkpt lat="41.72427000920579" lon="-111.62445489317179"><ele>2105.90</ele><time>2026-05-16T14:22:31Z</time></trkpt><trkpt lat="41.72454395425136" lon="-111.62435908801854"><ele>2106.80</ele><time>2026-05-16T14:22:51Z</time></trkpt><trkpt lat="41.724761025980115" lon="-111.62427200004458"><ele>2107.70</ele><time>2026-05-16T14:23:07Z</time></trkpt><trkpt lat="41.72500194146918" lon="-111.6240452695638"><ele>2108.60</ele><time>2026-05-16T14:23:27Z</time></trkpt><trkpt lat="41.72563991760726" lon="-111.62331487052143"><ele>2109.50</ele><time>2026-05-16T14:24:26Z</time></trkpt><trkpt lat="41.725792921399616" lon="-111.62317388691008"><ele>2110.40</ele><time>2026-05-16T14:24:39Z</time></trkpt><trkpt lat="41.72585891928222" lon="-111.62313843145967"><ele>2111.30</ele><time>2026-05-16T14:24:44Z</time></trkpt><trkpt lat="41.72592291526487" lon="-111.62313516251743"><ele>2112.20</ele><time>2026-05-16T14:24:49Z</time></trkpt><trkpt lat="41.726018927862135" lon="-111.62316500209272"><ele>2113.10</ele><time>2026-05-16T14:24:56Z</time></trkpt><trkpt lat="41.72611393940283" lon="-111.62320691160858"><ele>2114.00</ele><time>2026-05-16T14:25:03Z</time></trkpt><trkpt lat="41.72627897902737" lon="-111.62334261462092"><ele>2111.70</ele><time>2026-05-16T14:25:16Z</time></trkpt><trkpt lat="41.72656095586717" lon="-111.62367705255747"><ele>2109.40</ele><time>2026-05-16T14:25:43Z</time></trkpt><trkpt lat="41.72668400220573" lon="-111.62376598455012"><ele>2107.10</ele><time>2026-05-16T14:25:52Z</time></trkpt><trkpt lat="41.726907044649124" lon="-111.62379398010671"><ele>2104.80</ele><time>2026-05-16T14:26:08Z</time></trkpt><trkpt lat="41.726974938064814" lon="-111.62373396568"><ele>2102.50</ele><time>2026-05-16T14:26:14Z</time></trkpt><trkpt lat="41.72703000716865" lon="-111.62363698706031"><ele>2100.20</ele><time>2026-05-16T14:26:20Z</time></trkpt><trkpt lat="41.72704400494695" lon="-111.6235270164907"><ele>2097.90</ele><time>2026-05-16T14:26:26Z</time></trkpt><trkpt lat="41.72703101299703" lon="-111.62341293878853"><ele>2095.60</ele><time>2026-05-16T14:26:32Z</time></trkpt><trkpt lat="41.72698197886348" lon="-111.62325200624764"><ele>2093.30</ele><time>2026-05-16T14:26:41Z</time></trkpt><trkpt lat="41.72694191336632" lon="-111.622912036255"><ele>2091.00</ele><time>2026-05-16T14:26:59Z</time></trkpt><trkpt lat="41.72684099525213" lon="-111.62246796302497"><ele>2087.00</ele><time>2026-05-16T14:27:24Z</time></trkpt><trkpt lat="41.72662700526416" lon="-111.62186798639596"><ele>2083.00</ele><time>2026-05-16T14:27:58Z</time></trkpt><trkpt lat="41.72659599222243" lon="-111.62169691175222"><ele>2079.00</ele><time>2026-05-16T14:28:08Z</time></trkpt><trkpt lat="41.72656095586717" lon="-111.6213339753449"><ele>2075.00</ele><time>2026-05-16T14:28:27Z</time></trkpt><trkpt lat="41.726564979180694" lon="-111.62083198316395"><ele>2071.00</ele><time>2026-05-16T14:28:53Z</time></trkpt><trkpt lat="41.72651502303779" lon="-111.62028598599136"><ele>2067.00</ele><time>2026-05-16T14:29:22Z</time></trkpt><trkpt lat="41.726522926487604" lon="-111.61962398327887"><ele>2063.00</ele><time>2026-05-16T14:29:56Z</time></trkpt><trkpt lat="41.72652801498771" lon="-111.61938400939107"><ele>2059.00</ele><time>2026-05-16T14:30:09Z</time></trkpt><trkpt lat="41.72654997557402" lon="-111.61840609274805"><ele>2055.00</ele><time>2026-05-16T14:31:00Z</time></trkpt><trkpt lat="41.72664682635021" lon="-111.61747813224792"><ele>2051.00</ele><time>2026-05-16T14:31:49Z</time></trkpt><trkpt lat="41.7267108842261" lon="-111.6172742843628"><ele>2050.70</ele><time>2026-05-16T14:32:01Z</time></trkpt><trkpt lat="41.72671488784121" lon="-111.61710798740387"><ele>2050.40</ele><time>2026-05-16T14:32:10Z</time></trkpt><trkpt lat="41.72662398777902" lon="-111.61691796965897"><ele>2050.10</ele><time>2026-05-16T14:32:21Z</time></trkpt><trkpt lat="41.726354928687215" lon="-111.61647104658186"><ele>2049.80</ele><time>2026-05-16T14:32:51Z</time></trkpt><trkpt lat="41.7262589558959" lon="-111.61627499386668"><ele>2049.50</ele><time>2026-05-16T14:33:04Z</time></trkpt><trkpt lat="41.72619497223843" lon="-111.61617374047637"><ele>2049.20</ele><time>2026-05-16T14:33:11Z</time></trkpt><trkpt lat="41.72608746400702" lon="-111.61597869358957"><ele>2048.90</ele><time>2026-05-16T14:33:23Z</time></trkpt><trkpt lat="41.72604201230806" lon="-111.61573939025402"><ele>2048.60</ele><time>2026-05-16T14:33:36Z</time></trkpt><trkpt lat="41.72595499830953" lon="-111.61515609361231"><ele>2048.30</ele><time>2026-05-16T14:34:07Z</time></trkpt><trkpt lat="41.725883949548006" lon="-111.61488996818662"><ele>2048.00</ele><time>2026-05-16T14:34:22Z</time></trkpt><trkpt lat="41.725772051140666" lon="-111.61443701013923"><ele>2049.80</ele><time>2026-05-16T14:34:47Z</time></trkpt><trkpt lat="41.725728046149015" lon="-111.61423190496862"><ele>2051.60</ele><time>2026-05-16T14:34:58Z</time></trkpt><trkpt lat="41.72566993955092" lon="-111.61389143206179"><ele>2053.40</ele><time>2026-05-16T14:35:17Z</time></trkpt><trkpt lat="41.725620003417134" lon="-111.61366294138134"><ele>2055.20</ele><time>2026-05-16T14:35:29Z</time></trkpt><trkpt lat="41.72547700772316" lon="-111.61304276436567"><ele>2057.00</ele><time>2026-05-16T14:36:03Z</time></trkpt><trkpt lat="41.72532201648609" lon="-111.61252174526453"><ele>2058.80</ele><time>2026-05-16T14:36:33Z</time></trkpt><trkpt lat="41.72516302205622" lon="-111.61205898039043"><ele>2060.60</ele><time>2026-05-16T14:36:59Z</time></trkpt><trkpt lat="41.72516092658043" lon="-111.61180400289595"><ele>2062.40</ele><time>2026-05-16T14:37:13Z</time></trkpt><trkpt lat="41.72514399513602" lon="-111.61168506368995"><ele>2064.20</ele><time>2026-05-16T14:37:19Z</time></trkpt><trkpt lat="41.72493897378445" lon="-111.61091895774007"><ele>2066.00</ele><time>2026-05-16T14:38:01Z</time></trkpt><trkpt lat="41.724811060444544" lon="-111.61043708212674"><ele>2068.50</ele><time>2026-05-16T14:38:28Z</time></trkpt><trkpt lat="41.72474993677826" lon="-111.61027464084327"><ele>2071.00</ele><time>2026-05-16T14:38:38Z</time></trkpt><trkpt lat="41.72467590988035" lon="-111.61018746905029"><ele>2073.50</ele><time>2026-05-16T14:38:45Z</time></trkpt><trkpt lat="41.724588023498654" lon="-111.61010599695146"><ele>2076.00</ele><time>2026-05-16T14:38:52Z</time></trkpt><trkpt lat="41.72448894940317" lon="-111.61006199195981"><ele>2078.50</ele><time>2026-05-16T14:39:00Z</time></trkpt><trkpt lat="41.72433899715543" lon="-111.61003902554512"><ele>2081.00</ele><time>2026-05-16T14:39:10Z</time></trkpt><trkpt lat="41.724266996607184" lon="-111.61006199195981"><ele>2083.50</ele><time>2026-05-16T14:39:15Z</time></trkpt><trkpt lat="41.72412500716746" lon="-111.61014899611473"><ele>2086.00</ele><time>2026-05-16T14:39:26Z</time></trkpt><trkpt lat="41.723925014957786" lon="-111.6102110221982"><ele>2088.50</ele><time>2026-05-16T14:39:41Z</time></trkpt><trkpt lat="41.72374103218317" lon="-111.61032794974744"><ele>2091.00</ele><time>2026-05-16T14:39:55Z</time></trkpt><trkpt lat="41.72356601804495" lon="-111.61039802245796"><ele>2091.90</ele><time>2026-05-16T14:40:08Z</time></trkpt><trkpt lat="41.723237940613934" lon="-111.61060748621821"><ele>2092.80</ele><time>2026-05-16T14:40:33Z</time></trkpt><trkpt lat="41.72311498783529" lon="-111.61062005907297"><ele>2093.70</ele><time>2026-05-16T14:40:42Z</time></trkpt><trkpt lat="41.72306600725956" lon="-111.6106145689264"><ele>2094.60</ele><time>2026-05-16T14:40:45Z</time></trkpt><trkpt lat="41.723039047792554" lon="-111.61058493889868"><ele>2095.50</ele><time>2026-05-16T14:40:48Z</time></trkpt><trkpt lat="41.72282195650041" lon="-111.61022694781423"><ele>2096.40</ele><time>2026-05-16T14:41:12Z</time></trkpt><trkpt lat="41.722699999809265" lon="-111.61005796864629"><ele>2097.30</ele><time>2026-05-16T14:41:24Z</time></trkpt><trkpt lat="41.72249896168341" lon="-111.60972042940557"><ele>2098.20</ele><time>2026-05-16T14:41:47Z</time></trkpt><trkpt lat="41.72225399196672" lon="-111.60931793041527"><ele>2099.10</ele><time>2026-05-16T14:42:14Z</time></trkpt><trkpt lat="41.72200301545345" lon="-111.60894493572414"><ele>2100.00</ele><time>2026-05-16T14:42:40Z</time></trkpt><trkpt lat="41.72161898575723" lon="-111.60831905901432"><ele>2105.20</ele><time>2026-05-16T14:43:23Z</time></trkpt><trkpt lat="41.7213009763509" lon="-111.60788093693554"><ele>2110.40</ele><time>2026-05-16T14:43:55Z</time></trkpt><trkpt lat="41.721205928851056" lon="-111.60775487311184"><ele>2115.60</ele><time>2026-05-16T14:44:04Z</time></trkpt><trkpt lat="41.721130991354585" lon="-111.60743996500969"><ele>2120.80</ele><time>2026-05-16T14:44:21Z</time></trkpt><trkpt lat="41.72109302133322" lon="-111.60737500526011"><ele>2126.00</ele><time>2026-05-16T14:44:26Z</time></trkpt><trkpt lat="41.72073201276362" lon="-111.60703000612557"><ele>2131.20</ele><time>2026-05-16T14:44:57Z</time></trkpt><trkpt lat="41.72047096958176" lon="-111.60676044411957"><ele>2136.40</ele><time>2026-05-16T14:45:20Z</time></trkpt><trkpt lat="41.720075039193034" lon="-111.60641896538436"><ele>2141.60</ele><time>2026-05-16T14:45:53Z</time></trkpt><trkpt lat="41.719905976206064" lon="-111.60623095929623"><ele>2146.80</ele><time>2026-05-16T14:46:08Z</time></trkpt><trkpt lat="41.71979592181742" lon="-111.60606801509857"><ele>2152.00</ele><time>2026-05-16T14:46:20Z</time></trkpt><trkpt lat="41.71975191682577" lon="-111.6059750597924"><ele>2154.30</ele><time>2026-05-16T14:46:26Z</time></trkpt><trkpt lat="41.719630965963006" lon="-111.60556996241212"><ele>2156.60</ele><time>2026-05-16T14:46:49Z</time></trkpt><trkpt lat="41.719507932138356" lon="-111.6051415214315"><ele>2158.90</ele><time>2026-05-16T14:47:13Z</time></trkpt><trkpt lat="41.71942493878305" lon="-111.6046969871968"><ele>2161.20</ele><time>2026-05-16T14:47:37Z</time></trkpt><trkpt lat="41.719369031488895" lon="-111.6041150316596"><ele>2163.50</ele><time>2026-05-16T14:48:07Z</time></trkpt><trkpt lat="41.719268002780474" lon="-111.60343400202692"><ele>2165.80</ele><time>2026-05-16T14:48:44Z</time></trkpt><trkpt lat="41.719261016954675" lon="-111.60325731150806"><ele>2168.10</ele><time>2026-05-16T14:48:53Z</time></trkpt><trkpt lat="41.719257032107485" lon="-111.6029527131468"><ele>2170.40</ele><time>2026-05-16T14:49:09Z</time></trkpt><trkpt lat="41.71924801539778" lon="-111.60281114280224"><ele>2172.70</ele><time>2026-05-16T14:49:16Z</time></trkpt><trkpt lat="41.71920496399071" lon="-111.60267761908472"><ele>2175.00</ele><time>2026-05-16T14:49:24Z</time></trkpt><trkpt lat="41.719136936590075" lon="-111.60248902626336"><ele>2176.60</ele><time>2026-05-16T14:49:35Z</time></trkpt><trkpt lat="41.719044448484205" lon="-111.60232985392213"><ele>2178.20</ele><time>2026-05-16T14:49:45Z</time></trkpt><trkpt lat="41.718958967417585" lon="-111.60216397605836"><ele>2179.80</ele><time>2026-05-16T14:49:56Z</time></trkpt><trkpt lat="41.718920934945345" lon="-111.60200404934585"><ele>2181.40</ele><time>2026-05-16T14:50:05Z</time></trkpt><trkpt lat="41.718902913853526" lon="-111.6018979344517"><ele>2183.00</ele><time>2026-05-16T14:50:10Z</time></trkpt><trkpt lat="41.71888497658074" lon="-111.60171202383935"><ele>2184.60</ele><time>2026-05-16T14:50:20Z</time></trkpt><trkpt lat="41.718894029036164" lon="-111.6015889775008"><ele>2186.20</ele><time>2026-05-16T14:50:27Z</time></trkpt><trkpt lat="41.7190320789814" lon="-111.6011550463736"><ele>2187.80</ele><time>2026-05-16T14:50:51Z</time></trkpt><trkpt lat="41.719027971848845" lon="-111.60106393508613"><ele>2189.40</ele><time>2026-05-16T14:50:56Z</time></trkpt><trkpt lat="41.718979021534324" lon="-111.60086092539132"><ele>2191.00</ele><time>2026-05-16T14:51:07Z</time></trkpt><trkpt lat="41.71896701404628" lon="-111.60078532062471"><ele>2192.30</ele><time>2026-05-16T14:51:11Z</time></trkpt><trkpt lat="41.718981033191085" lon="-111.60070703364909"><ele>2193.60</ele><time>2026-05-16T14:51:16Z</time></trkpt><trkpt lat="41.71905697323382" lon="-111.60054601728916"><ele>2194.90</ele><time>2026-05-16T14:51:26Z</time></trkpt><trkpt lat="41.71922804787755" lon="-111.60028198733926"><ele>2196.20</ele><time>2026-05-16T14:51:44Z</time></trkpt><trkpt lat="41.719551967934166" lon="-111.59992131404579"><ele>2197.50</ele><time>2026-05-16T14:52:13Z</time></trkpt><trkpt lat="41.71993900090456" lon="-111.59941898658872"><ele>2198.80</ele><time>2026-05-16T14:52:51Z</time></trkpt><trkpt lat="41.720117037349794" lon="-111.59921647980809"><ele>2200.10</ele><time>2026-05-16T14:53:08Z</time></trkpt><trkpt lat="41.72028208667469" lon="-111.59915654920042"><ele>2201.40</ele><time>2026-05-16T14:53:20Z</time></trkpt><trkpt lat="41.72042699530721" lon="-111.59907993860543"><ele>2202.70</ele><time>2026-05-16T14:53:31Z</time></trkpt><trkpt lat="41.720505030825734" lon="-111.59897197969258"><ele>2204.00</ele><time>2026-05-16T14:53:38Z</time></trkpt><trkpt lat="41.72052598558366" lon="-111.59890500828624"><ele>2208.80</ele><time>2026-05-16T14:53:42Z</time></trkpt><trkpt lat="41.72055808517741" lon="-111.59868003800511"><ele>2213.60</ele><time>2026-05-16T14:53:54Z</time></trkpt><trkpt lat="41.720639979466796" lon="-111.59819497726858"><ele>2218.40</ele><time>2026-05-16T14:54:20Z</time></trkpt><trkpt lat="41.72098900191486" lon="-111.5971299726516"><ele>2223.20</ele><time>2026-05-16T14:55:21Z</time></trkpt><trkpt lat="41.72100702300668" lon="-111.5970020648092"><ele>2228.00</ele><time>2026-05-16T14:55:28Z</time></trkpt><trkpt lat="41.721004005521536" lon="-111.59680400043726"><ele>2232.80</ele><time>2026-05-16T14:55:38Z</time></trkpt><trkpt lat="41.720975049274394" lon="-111.59650560468435"><ele>2237.60</ele><time>2026-05-16T14:55:54Z</time></trkpt><trkpt lat="41.72096502967179" lon="-111.59624501131475"><ele>2242.40</ele><time>2026-05-16T14:56:08Z</time></trkpt><trkpt lat="41.72097206080014" lon="-111.5960350446403"><ele>2247.20</ele><time>2026-05-16T14:56:19Z</time></trkpt><trkpt lat="41.72099897637963" lon="-111.595947034657"><ele>2252.00</ele><time>2026-05-16T14:56:24Z</time></trkpt><trkpt lat="41.721004927530885" lon="-111.59586497582495"><ele>2253.80</ele><time>2026-05-16T14:56:28Z</time></trkpt><trkpt lat="41.72099495306611" lon="-111.59579205326736"><ele>2255.60</ele><time>2026-05-16T14:56:32Z</time></trkpt><trkpt lat="41.72092404216528" lon="-111.59573195502162"><ele>2257.40</ele><time>2026-05-16T14:56:38Z</time></trkpt><trkpt lat="41.72076548573034" lon="-111.59570274408907"><ele>2259.20</ele><time>2026-05-16T14:56:49Z</time></trkpt><trkpt lat="41.720618940889835" lon="-111.59564402885735"><ele>2261.00</ele><time>2026-05-16T14:57:00Z</time></trkpt><trkpt lat="41.72047794447587" lon="-111.5955854812637"><ele>2262.80</ele><time>2026-05-16T14:57:10Z</time></trkpt><trkpt lat="41.72034095176483" lon="-111.59550413489342"><ele>2264.60</ele><time>2026-05-16T14:57:21Z</time></trkpt><trkpt lat="41.72015701420605" lon="-111.59541905857623"><ele>2266.40</ele><time>2026-05-16T14:57:34Z</time></trkpt><trkpt lat="41.71990706585348" lon="-111.595288971439"><ele>2268.20</ele><time>2026-05-16T14:57:53Z</time></trkpt><trkpt lat="41.719846982060744" lon="-111.59524035640061"><ele>2270.00</ele><time>2026-05-16T14:57:58Z</time></trkpt><trkpt lat="41.71972702257335" lon="-111.5952390152961"><ele>2271.00</ele><time>2026-05-16T14:58:06Z</time></trkpt><trkpt lat="41.71950398012996" lon="-111.59529198892415"><ele>2272.00</ele><time>2026-05-16T14:58:22Z</time></trkpt><trkpt lat="41.71943902038038" lon="-111.59526005387306"><ele>2273.00</ele><time>2026-05-16T14:58:27Z</time></trkpt><trkpt lat="41.71940507367253" lon="-111.59521403722465"><ele>2274.00</ele><time>2026-05-16T14:58:31Z</time></trkpt><trkpt lat="41.71937204897404" lon="-111.59511697478592"><ele>2275.00</ele><time>2026-05-16T14:58:36Z</time></trkpt><trkpt lat="41.71926501207054" lon="-111.59502695314586"><ele>2276.00</ele><time>2026-05-16T14:58:45Z</time></trkpt><trkpt lat="41.719177002087235" lon="-111.59501194953918"><ele>2277.00</ele><time>2026-05-16T14:58:51Z</time></trkpt><trkpt lat="41.71899704262614" lon="-111.5949300583452"><ele>2278.00</ele><time>2026-05-16T14:59:05Z</time></trkpt><trkpt lat="41.7187929528864" lon="-111.59482444636524"><ele>2279.00</ele><time>2026-05-16T14:59:20Z</time></trkpt><trkpt lat="41.718639983148776" lon="-111.5947588160634"><ele>2280.00</ele><time>2026-05-16T14:59:31Z</time></trkpt><trkpt lat="41.718534957898754" lon="-111.59478781744838"><ele>2278.10</ele><time>2026-05-16T14:59:39Z</time></trkpt><trkpt lat="41.71836604336628" lon="-111.59487817436457"><ele>2276.20</ele><time>2026-05-16T14:59:52Z</time></trkpt><trkpt lat="41.718061006760294" lon="-111.59497263841331"><ele>2274.30</ele><time>2026-05-16T15:00:13Z</time></trkpt><trkpt lat="41.71783497557044" lon="-111.59510197117925"><ele>2272.40</ele><time>2026-05-16T15:00:31Z</time></trkpt><trkpt lat="41.71760101777918" lon="-111.59541101194918"><ele>2270.50</ele><time>2026-05-16T15:00:54Z</time></trkpt><trkpt lat="41.71736391261221" lon="-111.59553213045001"><ele>2268.60</ele><time>2026-05-16T15:01:12Z</time></trkpt><trkpt lat="41.71720500390151" lon="-111.59571862779558"><ele>2266.70</ele><time>2026-05-16T15:01:26Z</time></trkpt><trkpt lat="41.71706355231646" lon="-111.59581212792546"><ele>2264.80</ele><time>2026-05-16T15:01:37Z</time></trkpt><trkpt lat="41.71690408140421" lon="-111.59586003050208"><ele>2262.90</ele><time>2026-05-16T15:01:49Z</time></trkpt><trkpt lat="41.716812048107386" lon="-111.59587000496686"><ele>2261.00</ele><time>2026-05-16T15:01:55Z</time></trkpt><trkpt lat="41.71667402677175" lon="-111.5958397462964"><ele>2262.90</ele><time>2026-05-16T15:02:05Z</time></trkpt><trkpt lat="41.71644198708236" lon="-111.59564402885735"><ele>2264.80</ele><time>2026-05-16T15:02:24Z</time></trkpt><trkpt lat="41.7163900192827" lon="-111.59556901082397"><ele>2266.70</ele><time>2026-05-16T15:02:30Z</time></trkpt><trkpt lat="41.71639706008136" lon="-111.59547999501228"><ele>2268.60</ele><time>2026-05-16T15:02:34Z</time></trkpt><trkpt lat="41.7164349462837" lon="-111.59537899307907"><ele>2270.50</ele><time>2026-05-16T15:02:40Z</time></trkpt><trkpt lat="41.71662106822524" lon="-111.59504975192249"><ele>2272.40</ele><time>2026-05-16T15:03:02Z</time></trkpt><trkpt lat="41.71676705230406" lon="-111.5948557946831"><ele>2274.30</ele><time>2026-05-16T15:03:16Z</time></trkpt><trkpt lat="41.71685706164049" lon="-111.59476577304304"><ele>2276.20</ele><time>2026-05-16T15:03:24Z</time></trkpt><trkpt lat="41.71708498462494" lon="-111.59464314579964"><ele>2278.10</ele><time>2026-05-16T15:03:42Z</time></trkpt><trkpt lat="41.71728793175116" lon="-111.59457483328879"><ele>2280.00</ele><time>2026-05-16T15:03:56Z</time></trkpt><trkpt lat="41.71754504553972" lon="-111.59454784356058"><ele>2284.00</ele><time>2026-05-16T15:04:14Z</time></trkpt><trkpt lat="41.717692528914746" lon="-111.59448728431016"><ele>2288.00</ele><time>2026-05-16T15:04:25Z</time></trkpt><trkpt lat="41.71783200361479" lon="-111.59439185634255"><ele>2292.00</ele><time>2026-05-16T15:04:36Z</time></trkpt><trkpt lat="41.71809003688395" lon="-111.59428699873388"><ele>2296.00</ele><time>2026-05-16T15:04:55Z</time></trkpt><trkpt lat="41.7181839980185" lon="-111.59423494711518"><ele>2300.00</ele><time>2026-05-16T15:05:02Z</time></trkpt><trkpt lat="41.7183000035584" lon="-111.5941150020808"><ele>2304.00</ele><time>2026-05-16T15:05:12Z</time></trkpt><trkpt lat="41.718449955806136" lon="-111.59402707591653"><ele>2308.00</ele><time>2026-05-16T15:05:24Z</time></trkpt><trkpt lat="41.71864446515562" lon="-111.59386794548482"><ele>2312.00</ele><time>2026-05-16T15:05:40Z</time></trkpt><trkpt lat="41.718821956464545" lon="-111.5936886984855"><ele>2316.00</ele><time>2026-05-16T15:05:56Z</time></trkpt><trkpt lat="41.71902306710238" lon="-111.59355819225311"><ele>2320.00</ele><time>2026-05-16T15:06:11Z</time></trkpt><trkpt lat="41.71913605514124" lon="-111.59352709539235"><ele>2318.20</ele><time>2026-05-16T15:06:19Z</time></trkpt><trkpt lat="41.71924397830184" lon="-111.59351158887148"><ele>2316.40</ele><time>2026-05-16T15:06:27Z</time></trkpt><trkpt lat="41.71939291510236" lon="-111.59349415451288"><ele>2314.60</ele><time>2026-05-16T15:06:37Z</time></trkpt><trkpt lat="41.7196659830591" lon="-111.59341217949986"><ele>2312.80</ele><time>2026-05-16T15:06:57Z</time></trkpt><trkpt lat="41.71977295058626" lon="-111.59340119920671"><ele>2311.00</ele><time>2026-05-16T15:07:05Z</time></trkpt><trkpt lat="41.720072937038786" lon="-111.5935277659446"><ele>2309.20</ele><time>2026-05-16T15:07:27Z</time></trkpt><trkpt lat="41.7203170247376" lon="-111.59347403794527"><ele>2307.40</ele><time>2026-05-16T15:07:44Z</time></trkpt><trkpt lat="41.72056194394827" lon="-111.59340002574027"><ele>2305.60</ele><time>2026-05-16T15:08:02Z</time></trkpt><trkpt lat="41.72078510087588" lon="-111.593246050179"><ele>2303.80</ele><time>2026-05-16T15:08:19Z</time></trkpt><trkpt lat="41.7209610299778" lon="-111.59307656809688"><ele>2302.00</ele><time>2026-05-16T15:08:34Z</time></trkpt><trkpt lat="41.72112294472754" lon="-111.59289099276066"><ele>2301.00</ele><time>2026-05-16T15:08:49Z</time></trkpt><trkpt lat="41.72146593220532" lon="-111.59269301220775"><ele>2300.00</ele><time>2026-05-16T15:09:16Z</time></trkpt><trkpt lat="41.72170992940664" lon="-111.59248497337103"><ele>2299.00</ele><time>2026-05-16T15:09:36Z</time></trkpt><trkpt lat="41.72180104069412" lon="-111.59235999919474"><ele>2298.00</ele><time>2026-05-16T15:09:45Z</time></trkpt><trkpt lat="41.72195493243635" lon="-111.59204903058708"><ele>2297.00</ele><time>2026-05-16T15:10:04Z</time></trkpt><trkpt lat="41.72207202762365" lon="-111.59186898730695"><ele>2296.00</ele><time>2026-05-16T15:10:17Z</time></trkpt><trkpt lat="41.722107966576964" lon="-111.5917853359133"><ele>2295.00</ele><time>2026-05-16T15:10:22Z</time></trkpt><trkpt lat="41.72212299091358" lon="-111.59169598482549"><ele>2294.00</ele><time>2026-05-16T15:10:27Z</time></trkpt><trkpt lat="41.72210998926188" lon="-111.59159942530096"><ele>2293.00</ele><time>2026-05-16T15:10:32Z</time></trkpt><trkpt lat="41.721933988746905" lon="-111.59135417081416"><ele>2292.00</ele><time>2026-05-16T15:10:50Z</time></trkpt><trkpt lat="41.72184797935188" lon="-111.59112802706659"><ele>2292.00</ele><time>2026-05-16T15:11:03Z</time></trkpt><trkpt lat="41.72184303402901" lon="-111.59101101569831"><ele>2292.00</ele><time>2026-05-16T15:11:09Z</time></trkpt><trkpt lat="41.72187899239361" lon="-111.5906629152596"><ele>2292.00</ele><time>2026-05-16T15:11:28Z</time></trkpt><trkpt lat="41.721901036798954" lon="-111.59057406708598"><ele>2292.00</ele><time>2026-05-16T15:11:33Z</time></trkpt><trkpt lat="41.72196398489177" lon="-111.59048899076879"><ele>2292.00</ele><time>2026-05-16T15:11:39Z</time></trkpt><trkpt lat="41.72215500846505" lon="-111.59037197940052"><ele>2292.00</ele><time>2026-05-16T15:11:54Z</time></trkpt><trkpt lat="41.72232901677489" lon="-111.59021398052573"><ele>2292.00</ele><time>2026-05-16T15:12:08Z</time></trkpt><trkpt lat="41.72247347552306" lon="-111.59013703465462"><ele>2292.00</ele><time>2026-05-16T15:12:19Z</time></trkpt><trkpt lat="41.722720032557845" lon="-111.59010300412774"><ele>2292.00</ele><time>2026-05-16T15:12:37Z</time></trkpt><trkpt lat="41.72289504669607" lon="-111.58996000885963"><ele>2292.00</ele><time>2026-05-16T15:12:51Z</time></trkpt><trkpt lat="41.72311498783529" lon="-111.58969497308135"><ele>2289.50</ele><time>2026-05-16T15:13:12Z</time></trkpt><trkpt lat="41.723279021680355" lon="-111.58958600834012"><ele>2287.00</ele><time>2026-05-16T15:13:25Z</time></trkpt><trkpt lat="41.723323026672006" lon="-111.5894900355488"><ele>2284.50</ele><time>2026-05-16T15:13:30Z</time></trkpt><trkpt lat="41.7234009783715" lon="-111.58909591846168"><ele>2282.00</ele><time>2026-05-16T15:13:52Z</time></trkpt><trkpt lat="41.72358797863126" lon="-111.58865997567773"><ele>2279.50</ele><time>2026-05-16T15:14:18Z</time></trkpt><trkpt lat="41.7236150521785" lon="-111.58846903592348"><ele>2277.00</ele><time>2026-05-16T15:14:28Z</time></trkpt><trkpt lat="41.72361304052174" lon="-111.58827700652182"><ele>2274.50</ele><time>2026-05-16T15:14:38Z</time></trkpt><trkpt lat="41.723626954481006" lon="-111.58818396739662"><ele>2272.00</ele><time>2026-05-16T15:14:43Z</time></trkpt><trkpt lat="41.723754024133086" lon="-111.58799394965172"><ele>2269.50</ele><time>2026-05-16T15:14:57Z</time></trkpt><trkpt lat="41.72379098832607" lon="-111.58791004680097"><ele>2267.00</ele><time>2026-05-16T15:15:02Z</time></trkpt><trkpt lat="41.72380305826664" lon="-111.58789898268878"><ele>2267.00</ele><time>2026-05-16T15:15:03Z</time></trkpt><trkpt lat="41.72397304326296" lon="-111.58800199627876"><ele>2267.00</ele><time>2026-05-16T15:15:16Z</time></trkpt><trkpt lat="41.7240069899708" lon="-111.58805396407843"><ele>2267.00</ele><time>2026-05-16T15:15:19Z</time></trkpt><trkpt lat="41.72406490892172" lon="-111.58820106647909"><ele>2267.00</ele><time>2026-05-16T15:15:28Z</time></trkpt><trkpt lat="41.7241070210554" lon="-111.58836560323834"><ele>2267.00</ele><time>2026-05-16T15:15:37Z</time></trkpt><trkpt lat="41.72423900105059" lon="-111.58853097818792"><ele>2267.00</ele><time>2026-05-16T15:15:50Z</time></trkpt><trkpt lat="41.724395072087646" lon="-111.58887304365635"><ele>2267.00</ele><time>2026-05-16T15:16:11Z</time></trkpt><trkpt lat="41.72442101827661" lon="-111.58889915328473"><ele>2267.00</ele><time>2026-05-16T15:16:13Z</time></trkpt><trkpt lat="41.724482998251915" lon="-111.58889307640493"><ele>2267.00</ele><time>2026-05-16T15:16:18Z</time></trkpt><trkpt lat="41.7245580162853" lon="-111.58897102810442"><ele>2267.00</ele><time>2026-05-16T15:16:24Z</time></trkpt><trkpt lat="41.72473001293838" lon="-111.5890589542687"><ele>2267.10</ele><time>2026-05-16T15:16:37Z</time></trkpt><trkpt lat="41.72484300099313" lon="-111.58909407444298"><ele>2267.20</ele><time>2026-05-16T15:16:45Z</time></trkpt><trkpt lat="41.72493193298578" lon="-111.58917495980859"><ele>2267.30</ele><time>2026-05-16T15:16:53Z</time></trkpt><trkpt lat="41.725060008466244" lon="-111.58937000669539"><ele>2267.40</ele><time>2026-05-16T15:17:06Z</time></trkpt><trkpt lat="41.725213062018156" lon="-111.58948299475014"><ele>2267.50</ele><time>2026-05-16T15:17:19Z</time></trkpt><trkpt lat="41.72531791962683" lon="-111.58953906968236"><ele>2267.60</ele><time>2026-05-16T15:17:27Z</time></trkpt><trkpt lat="41.72543803229928" lon="-111.58956899307668"><ele>2267.70</ele><time>2026-05-16T15:17:35Z</time></trkpt><trkpt lat="41.725577004253864" lon="-111.58955398947"><ele>2267.80</ele><time>2026-05-16T15:17:45Z</time></trkpt><trkpt lat="41.72598394565284" lon="-111.58955893479288"><ele>2267.90</ele><time>2026-05-16T15:18:14Z</time></trkpt><trkpt lat="41.72616398893297" lon="-111.58965197391808"><ele>2268.00</ele><time>2026-05-16T15:18:27Z</time></trkpt><trkpt lat="41.726264990866184" lon="-111.58967301249504"><ele>2260.20</ele><time>2026-05-16T15:18:34Z</time></trkpt><trkpt lat="41.72642691160116" lon="-111.58967221621424"><ele>2252.40</ele><time>2026-05-16T15:18:46Z</time></trkpt><trkpt lat="41.726556916238685" lon="-111.58965572481975"><ele>2244.60</ele><time>2026-05-16T15:18:55Z</time></trkpt><trkpt lat="41.72676899470389" lon="-111.58959900029004"><ele>2236.80</ele><time>2026-05-16T15:19:10Z</time></trkpt><trkpt lat="41.72701794215743" lon="-111.5896771196276"><ele>2229.00</ele><time>2026-05-16T15:19:28Z</time></trkpt><trkpt lat="41.72708246558563" lon="-111.5896691987291"><ele>2221.20</ele><time>2026-05-16T15:19:32Z</time></trkpt><trkpt lat="41.72714899074303" lon="-111.58963982015848"><ele>2213.40</ele><time>2026-05-16T15:19:37Z</time></trkpt><trkpt lat="41.727205529144015" lon="-111.58960943575948"><ele>2205.60</ele><time>2026-05-16T15:19:42Z</time></trkpt><trkpt lat="41.72723804600537" lon="-111.58957100473344"><ele>2197.80</ele><time>2026-05-16T15:19:45Z</time></trkpt><trkpt lat="41.72730007208884" lon="-111.58947503194213"><ele>2190.00</ele><time>2026-05-16T15:19:51Z</time></trkpt><trkpt lat="41.7273089569062" lon="-111.58942298032343"><ele>2190.00</ele><time>2026-05-16T15:19:54Z</time></trkpt><trkpt lat="41.727298982441425" lon="-111.58937092870474"><ele>2190.00</ele><time>2026-05-16T15:19:57Z</time></trkpt><trkpt lat="41.72723892362017" lon="-111.58919893205166"><ele>2190.00</ele><time>2026-05-16T15:20:07Z</time></trkpt><trkpt lat="41.7271590687279" lon="-111.58894026651978"><ele>2190.00</ele><time>2026-05-16T15:20:21Z</time></trkpt><trkpt lat="41.72711010121957" lon="-111.58884190488607"><ele>2190.00</ele><time>2026-05-16T15:20:28Z</time></trkpt><trkpt lat="41.72699907794595" lon="-111.58870599232614"><ele>2190.00</ele><time>2026-05-16T15:20:38Z</time></trkpt><trkpt lat="41.72705599106848" lon="-111.58865905366838"><ele>2190.00</ele><time>2026-05-16T15:20:43Z</time></trkpt><trkpt lat="41.727277021855116" lon="-111.58854698762298"><ele>2190.00</ele><time>2026-05-16T15:20:59Z</time></trkpt><trkpt lat="41.72747693024576" lon="-111.58858093433082"><ele>2190.00</ele><time>2026-05-16T15:21:14Z</time></trkpt><trkpt lat="41.72752705402672" lon="-111.58857095986605"><ele>2190.00</ele><time>2026-05-16T15:21:17Z</time></trkpt><trkpt lat="41.72773500904441" lon="-111.58861605450511"><ele>2190.00</ele><time>2026-05-16T15:21:32Z</time></trkpt><trkpt lat="41.72788705676794" lon="-111.58855000510812"><ele>2190.00</ele><time>2026-05-16T15:21:43Z</time></trkpt><trkpt lat="41.72808394767344" lon="-111.58858797512949"><ele>2190.00</ele><time>2026-05-16T15:21:57Z</time></trkpt><trkpt lat="41.72812200151384" lon="-111.58858001232147"><ele>2190.00</ele><time>2026-05-16T15:22:00Z</time></trkpt><trkpt lat="41.72814295627177" lon="-111.58853902481496"><ele>2190.00</ele><time>2026-05-16T15:22:02Z</time></trkpt><trkpt lat="41.72813197597861" lon="-111.58850600011647"><ele>2190.00</ele><time>2026-05-16T15:22:04Z</time></trkpt><trkpt lat="41.728026028722525" lon="-111.58837608061731"><ele>2190.00</ele><time>2026-05-16T15:22:14Z</time></trkpt><trkpt lat="41.7280169762671" lon="-111.58832101151347"><ele>2190.00</ele><time>2026-05-16T15:22:17Z</time></trkpt><trkpt lat="41.72794698737562" lon="-111.58825697377324"><ele>2190.00</ele><time>2026-05-16T15:22:23Z</time></trkpt><trkpt lat="41.727918991819024" lon="-111.58820793963969"><ele>2190.00</ele><time>2026-05-16T15:22:26Z</time></trkpt><trkpt lat="41.72791597433388" lon="-111.58813090994954"><ele>2190.00</ele><time>2026-05-16T15:22:31Z</time></trkpt><trkpt lat="41.72795997932553" lon="-111.58807299099863"><ele>2190.00</ele><time>2026-05-16T15:22:35Z</time></trkpt><trkpt lat="41.728029046207666" lon="-111.58805798739195"><ele>2190.00</ele><time>2026-05-16T15:22:40Z</time></trkpt><trkpt lat="41.7280859593302" lon="-111.58801197074354"><ele>2190.00</ele><time>2026-05-16T15:22:44Z</time></trkpt><trkpt lat="41.72812703065574" lon="-111.58800492994487"><ele>2190.00</ele><time>2026-05-16T15:22:47Z</time></trkpt><trkpt lat="41.72819308005273" lon="-111.58805999904871"><ele>2190.00</ele><time>2026-05-16T15:22:53Z</time></trkpt><trkpt lat="41.72827103175223" lon="-111.588184973225"><ele>2190.00</ele><time>2026-05-16T15:23:01Z</time></trkpt><trkpt lat="41.728413021191955" lon="-111.58822897821665"><ele>2190.00</ele><time>2026-05-16T15:23:12Z</time></trkpt><trkpt lat="41.728502959012985" lon="-111.58820995129645"><ele>2190.00</ele><time>2026-05-16T15:23:18Z</time></trkpt><trkpt lat="41.728590968996286" lon="-111.58816192299128"><ele>2190.00</ele><time>2026-05-16T15:23:25Z</time></trkpt><trkpt lat="41.728669088333845" lon="-111.58805396407843"><ele>2186.10</ele><time>2026-05-16T15:23:32Z</time></trkpt><trkpt lat="41.72889900393784" lon="-111.58805396407843"><ele>2182.20</ele><time>2026-05-16T15:23:49Z</time></trkpt><trkpt lat="41.72902297228575" lon="-111.58800995908678"><ele>2178.30</ele><time>2026-05-16T15:23:58Z</time></trkpt><trkpt lat="41.72910997644067" lon="-111.58802496269345"><ele>2174.40</ele><time>2026-05-16T15:24:04Z</time></trkpt><trkpt lat="41.729362020269036" lon="-111.58799302764237"><ele>2170.50</ele><time>2026-05-16T15:24:21Z</time></trkpt><trkpt lat="41.72939898446202" lon="-111.58801699988544"><ele>2166.60</ele><time>2026-05-16T15:24:24Z</time></trkpt><trkpt lat="41.729491939768195" lon="-111.58814499154687"><ele>2162.70</ele><time>2026-05-16T15:24:34Z</time></trkpt><trkpt lat="41.729573998600245" lon="-111.58831891603768"><ele>2158.80</ele><time>2026-05-16T15:24:44Z</time></trkpt><trkpt lat="41.72966804355383" lon="-111.5883940178901"><ele>2154.90</ele><time>2026-05-16T15:24:52Z</time></trkpt><trkpt lat="41.72980399802327" lon="-111.58858202397823"><ele>2151.00</ele><time>2026-05-16T15:25:06Z</time></trkpt><trkpt lat="41.72987608239055" lon="-111.58859895542264"><ele>2153.60</ele><time>2026-05-16T15:25:11Z</time></trkpt><trkpt lat="41.72993299551308" lon="-111.58864103257656"><ele>2156.20</ele><time>2026-05-16T15:25:16Z</time></trkpt><trkpt lat="41.73018302768469" lon="-111.58892903476954"><ele>2158.80</ele><time>2026-05-16T15:25:39Z</time></trkpt><trkpt lat="41.7303429543972" lon="-111.5890740416944"><ele>2161.40</ele><time>2026-05-16T15:25:52Z</time></trkpt><trkpt lat="41.73056901432574" lon="-111.58921393565834"><ele>2164.00</ele><time>2026-05-16T15:26:10Z</time></trkpt><trkpt lat="41.730674961581826" lon="-111.58924796618521"><ele>2166.60</ele><time>2026-05-16T15:26:17Z</time></trkpt><trkpt lat="41.73078409396112" lon="-111.58934997394681"><ele>2169.20</ele><time>2026-05-16T15:26:27Z</time></trkpt><trkpt lat="41.73092105425894" lon="-111.58951400779188"><ele>2171.80</ele><time>2026-05-16T15:26:40Z</time></trkpt><trkpt lat="41.73103705979884" lon="-111.58971500582993"><ele>2174.40</ele><time>2026-05-16T15:26:53Z</time></trkpt><trkpt lat="41.731143007054925" lon="-111.58981600776315"><ele>2177.00</ele><time>2026-05-16T15:27:02Z</time></trkpt><trkpt lat="41.73122297041118" lon="-111.5899200271815"><ele>2171.50</ele><time>2026-05-16T15:27:10Z</time></trkpt><trkpt lat="41.73140502534807" lon="-111.5903090313077"><ele>2166.00</ele><time>2026-05-16T15:27:34Z</time></trkpt><trkpt lat="41.731488006189466" lon="-111.59039402380586"><ele>2160.50</ele><time>2026-05-16T15:27:41Z</time></trkpt><trkpt lat="41.73162194900215" lon="-111.59065403044224"><ele>2155.00</ele><time>2026-05-16T15:27:58Z</time></trkpt><trkpt lat="41.73170803114772" lon="-111.5907609835267"><ele>2149.50</ele><time>2026-05-16T15:28:06Z</time></trkpt><trkpt lat="41.731853960081935" lon="-111.59083197824657"><ele>2144.00</ele><time>2026-05-16T15:28:17Z</time></trkpt><trkpt lat="41.73201707191765" lon="-111.59084798768163"><ele>2138.50</ele><time>2026-05-16T15:28:28Z</time></trkpt><trkpt lat="41.73209200613201" lon="-111.59089995548129"><ele>2133.00</ele><time>2026-05-16T15:28:34Z</time></trkpt><trkpt lat="41.73213802278042" lon="-111.59101000986993"><ele>2127.50</ele><time>2026-05-16T15:28:41Z</time></trkpt><trkpt lat="41.73218294978142" lon="-111.59107496961951"><ele>2122.00</ele><time>2026-05-16T15:28:45Z</time></trkpt><trkpt lat="41.73233105801046" lon="-111.59115300513804"><ele>2124.90</ele><time>2026-05-16T15:28:57Z</time></trkpt><trkpt lat="41.73250397667289" lon="-111.59130002371967"><ele>2127.80</ele><time>2026-05-16T15:29:11Z</time></trkpt><trkpt lat="41.73257396556437" lon="-111.59139297902584"><ele>2130.70</ele><time>2026-05-16T15:29:18Z</time></trkpt><trkpt lat="41.73263397999108" lon="-111.59143698401749"><ele>2133.60</ele><time>2026-05-16T15:29:23Z</time></trkpt><trkpt lat="41.73283196054399" lon="-111.59173403866589"><ele>2136.50</ele><time>2026-05-16T15:29:44Z</time></trkpt><trkpt lat="41.732964059337974" lon="-111.59187602810562"><ele>2139.40</ele><time>2026-05-16T15:29:55Z</time></trkpt><trkpt lat="41.73298392444849" lon="-111.59196403808892"><ele>2142.30</ele><time>2026-05-16T15:30:00Z</time></trkpt><trkpt lat="41.7330230679363" lon="-111.59199798479676"><ele>2145.20</ele><time>2026-05-16T15:30:04Z</time></trkpt><trkpt lat="41.73310898244381" lon="-111.59207107499242"><ele>2148.10</ele><time>2026-05-16T15:30:11Z</time></trkpt><trkpt lat="41.7332529835403" lon="-111.59214902669191"><ele>2151.00</ele><time>2026-05-16T15:30:22Z</time></trkpt><trkpt lat="41.733464961871505" lon="-111.5924140624702"><ele>2144.50</ele><time>2026-05-16T15:30:42Z</time></trkpt><trkpt lat="41.73355607315898" lon="-111.5924449916929"><ele>2138.00</ele><time>2026-05-16T15:30:48Z</time></trkpt><trkpt lat="41.73373009131532" lon="-111.59245127812028"><ele>2131.50</ele><time>2026-05-16T15:31:01Z</time></trkpt><trkpt lat="41.733889076175515" lon="-111.59244687762111"><ele>2125.00</ele><time>2026-05-16T15:31:12Z</time></trkpt><trkpt lat="41.734004025889135" lon="-111.59243979491293"><ele>2118.50</ele><time>2026-05-16T15:31:20Z</time></trkpt><trkpt lat="41.73406400826086" lon="-111.59246644936502"><ele>2112.00</ele><time>2026-05-16T15:31:24Z</time></trkpt><trkpt lat="41.7341149652039" lon="-111.59256066195667"><ele>2105.50</ele><time>2026-05-16T15:31:30Z</time></trkpt><trkpt lat="41.73415398642956" lon="-111.59262210130692"><ele>2099.00</ele><time>2026-05-16T15:31:35Z</time></trkpt><trkpt lat="41.734282951802015" lon="-111.59265998750925"><ele>2092.50</ele><time>2026-05-16T15:31:44Z</time></trkpt><trkpt lat="41.73435696400702" lon="-111.59265697002411"><ele>2086.00</ele><time>2026-05-16T15:31:49Z</time></trkpt><trkpt lat="41.73446408472955" lon="-111.59271597862244"><ele>2086.00</ele><time>2026-05-16T15:31:57Z</time></trkpt><trkpt lat="41.73457003198564" lon="-111.59280398860574"><ele>2086.00</ele><time>2026-05-16T15:32:06Z</time></trkpt><trkpt lat="41.73467597924173" lon="-111.59284698776901"><ele>2086.00</ele><time>2026-05-16T15:32:14Z</time></trkpt><trkpt lat="41.73473699949682" lon="-111.5929080080241"><ele>2086.00</ele><time>2026-05-16T15:32:19Z</time></trkpt><trkpt lat="41.73475602641702" lon="-111.59298101440072"><ele>2086.00</ele><time>2026-05-16T15:32:23Z</time></trkpt><trkpt lat="41.734820986166596" lon="-111.59309903159738"><ele>2086.00</ele><time>2026-05-16T15:32:31Z</time></trkpt><trkpt lat="41.734904050827026" lon="-111.59318997524679"><ele>2086.00</ele><time>2026-05-16T15:32:38Z</time></trkpt><trkpt lat="41.735078976091295" lon="-111.59329952672124"><ele>2086.00</ele><time>2026-05-16T15:32:52Z</time></trkpt><trkpt lat="41.73515197877569" lon="-111.59328653477132"><ele>2086.00</ele><time>2026-05-16T15:32:57Z</time></trkpt><trkpt lat="41.735185497389566" lon="-111.59328728914261"><ele>2086.00</ele><time>2026-05-16T15:32:59Z</time></trkpt><trkpt lat="41.735229023697634" lon="-111.5932719502598"><ele>2085.20</ele><time>2026-05-16T15:33:03Z</time></trkpt><trkpt lat="41.73531999409521" lon="-111.59324244596064"><ele>2084.40</ele><time>2026-05-16T15:33:09Z</time></trkpt><trkpt lat="41.73537000588383" lon="-111.59324588254094"><ele>2083.60</ele><time>2026-05-16T15:33:13Z</time></trkpt><trkpt lat="41.735426926277626" lon="-111.59332442097366"><ele>2082.80</ele><time>2026-05-16T15:33:18Z</time></trkpt><trkpt lat="41.73546393381119" lon="-111.59335451200604"><ele>2082.00</ele><time>2026-05-16T15:33:21Z</time></trkpt><trkpt lat="41.735537366831146" lon="-111.59338317811489"><ele>2081.20</ele><time>2026-05-16T15:33:27Z</time></trkpt><trkpt lat="41.735806949436665" lon="-111.59338502213359"><ele>2080.40</ele><time>2026-05-16T15:33:46Z</time></trkpt><trkpt lat="41.735867047682405" lon="-111.59338401630521"><ele>2079.60</ele><time>2026-05-16T15:33:50Z</time></trkpt><trkpt lat="41.735915997996926" lon="-111.59335803240538"><ele>2078.80</ele><time>2026-05-16T15:33:54Z</time></trkpt><trkpt lat="41.73598003573716" lon="-111.59336599521339"><ele>2078.00</ele><time>2026-05-16T15:33:58Z</time></trkpt><trkpt lat="41.736101070418954" lon="-111.59340404905379"><ele>2078.00</ele><time>2026-05-16T15:34:07Z</time></trkpt><trkpt lat="41.73618606291711" lon="-111.59351804293692"><ele>2078.00</ele><time>2026-05-16T15:34:15Z</time></trkpt><trkpt lat="41.73620092865913" lon="-111.59354754723608"><ele>2078.00</ele><time>2026-05-16T15:34:17Z</time></trkpt><trkpt lat="41.736260400811354" lon="-111.59358241595328"><ele>2078.00</ele><time>2026-05-16T15:34:22Z</time></trkpt><trkpt lat="41.73653603543015" lon="-111.59371652640402"><ele>2078.00</ele><time>2026-05-16T15:34:42Z</time></trkpt><trkpt lat="41.736631962377004" lon="-111.59368626773357"><ele>2078.00</ele><time>2026-05-16T15:34:49Z</time></trkpt><trkpt lat="41.73673700541258" lon="-111.59364100545645"><ele>2078.00</ele><time>2026-05-16T15:34:57Z</time></trkpt><trkpt lat="41.73704101704061" lon="-111.59375592134893"><ele>2078.00</ele><time>2026-05-16T15:35:19Z</time></trkpt><trkpt lat="41.73715098761022" lon="-111.59367595799267"><ele>2078.00</ele><time>2026-05-16T15:35:28Z</time></trkpt><trkpt lat="41.73719700425863" lon="-111.59366204403341"><ele>2078.00</ele><time>2026-05-16T15:35:31Z</time></trkpt><trkpt lat="41.737290965393186" lon="-111.59368702210486"><ele>2074.60</ele><time>2026-05-16T15:35:38Z</time></trkpt><trkpt lat="41.73743496648967" lon="-111.59367302432656"><ele>2071.20</ele><time>2026-05-16T15:35:48Z</time></trkpt><trkpt lat="41.737548931548965" lon="-111.5937127545476"><ele>2067.80</ele><time>2026-05-16T15:35:56Z</time></trkpt><trkpt lat="41.73784903250635" lon="-111.59371493384242"><ele>2064.40</ele><time>2026-05-16T15:36:17Z</time></trkpt><trkpt lat="41.73814591951668" lon="-111.59364402294159"><ele>2061.00</ele><time>2026-05-16T15:36:38Z</time></trkpt><trkpt lat="41.738310042286095" lon="-111.5936437714845"><ele>2057.60</ele><time>2026-05-16T15:36:50Z</time></trkpt><trkpt lat="41.73856995999813" lon="-111.59355701878667"><ele>2054.20</ele><time>2026-05-16T15:37:09Z</time></trkpt><trkpt lat="41.738669495175465" lon="-111.59352185670286"><ele>2050.80</ele><time>2026-05-16T15:37:16Z</time></trkpt><trkpt lat="41.7387700309144" lon="-111.59348803572357"><ele>2047.40</ele><time>2026-05-16T15:37:23Z</time></trkpt><trkpt lat="41.738966937163426" lon="-111.5934170410037"><ele>2044.00</ele><time>2026-05-16T15:37:38Z</time></trkpt><trkpt lat="41.739025479668214" lon="-111.59340828191489"><ele>2043.40</ele><time>2026-05-16T15:37:42Z</time></trkpt><trkpt lat="41.73908402211964" lon="-111.5934209804982"><ele>2042.80</ele><time>2026-05-16T15:37:46Z</time></trkpt><trkpt lat="41.7392760515213" lon="-111.59349700435996"><ele>2042.20</ele><time>2026-05-16T15:38:00Z</time></trkpt><trkpt lat="41.73932601564498" lon="-111.59350567962974"><ele>2041.60</ele><time>2026-05-16T15:38:03Z</time></trkpt><trkpt lat="41.73941904572317" lon="-111.5934858773835"><ele>2041.00</ele><time>2026-05-16T15:38:10Z</time></trkpt><trkpt lat="41.73951107496223" lon="-111.59346607513726"><ele>2040.40</ele><time>2026-05-16T15:38:17Z</time></trkpt><trkpt lat="41.73964606821669" lon="-111.59347487613559"><ele>2039.80</ele><time>2026-05-16T15:38:26Z</time></trkpt><trkpt lat="41.73978106118739" lon="-111.59347294829786"><ele>2039.20</ele><time>2026-05-16T15:38:36Z</time></trkpt><trkpt lat="41.73990092240274" lon="-111.59350094385445"><ele>2038.60</ele><time>2026-05-16T15:38:44Z</time></trkpt><trkpt lat="41.740035032853484" lon="-111.59358392469585"><ele>2038.00</ele><time>2026-05-16T15:38:54Z</time></trkpt><trkpt lat="41.74046202241762" lon="-111.59357478842139"><ele>2037.80</ele><time>2026-05-16T15:39:24Z</time></trkpt><trkpt lat="41.740554493652475" lon="-111.59356032963842"><ele>2037.60</ele><time>2026-05-16T15:39:31Z</time></trkpt><trkpt lat="41.740639959946975" lon="-111.5935190487653"><ele>2037.40</ele><time>2026-05-16T15:39:37Z</time></trkpt><trkpt lat="41.74083581400126" lon="-111.59351582173258"><ele>2037.20</ele><time>2026-05-16T15:39:51Z</time></trkpt><trkpt lat="41.740957757172794" lon="-111.59348202170804"><ele>2037.00</ele><time>2026-05-16T15:40:00Z</time></trkpt><trkpt lat="41.74122386792419" lon="-111.59344366402365"><ele>2036.80</ele><time>2026-05-16T15:40:19Z</time></trkpt><trkpt lat="41.74148797622577" lon="-111.59343212842941"><ele>2036.60</ele><time>2026-05-16T15:40:37Z</time></trkpt><trkpt lat="41.741592494896985" lon="-111.59342051949352"><ele>2036.40</ele><time>2026-05-16T15:40:44Z</time></trkpt><trkpt lat="41.74163774947055" lon="-111.59342946717516"><ele>2036.20</ele><time>2026-05-16T15:40:48Z</time></trkpt><trkpt lat="41.74168739485347" lon="-111.59349093795754"><ele>2036.00</ele><time>2026-05-16T15:40:52Z</time></trkpt><trkpt lat="41.741751049571995" lon="-111.59353363327682"><ele>2035.90</ele><time>2026-05-16T15:40:57Z</time></trkpt><trkpt lat="41.7418055468228" lon="-111.59356514923275"><ele>2035.80</ele><time>2026-05-16T15:41:02Z</time></trkpt><trkpt lat="41.7418800573796" lon="-111.59354302100837"><ele>2035.70</ele><time>2026-05-16T15:41:07Z</time></trkpt><trkpt lat="41.74201796225769" lon="-111.59358995966613"><ele>2035.60</ele><time>2026-05-16T15:41:17Z</time></trkpt><trkpt lat="41.74235599915944" lon="-111.593655673787"><ele>2035.50</ele><time>2026-05-16T15:41:41Z</time></trkpt><trkpt lat="41.742452457909245" lon="-111.59367247950286"><ele>2035.40</ele><time>2026-05-16T15:41:48Z</time></trkpt><trkpt lat="41.74264297820628" lon="-111.59376706928015"><ele>2035.30</ele><time>2026-05-16T15:42:02Z</time></trkpt><trkpt lat="41.74280896972869" lon="-111.59382310230285"><ele>2035.20</ele><time>2026-05-16T15:42:14Z</time></trkpt><trkpt lat="41.74298196537443" lon="-111.59388181753457"><ele>2035.10</ele><time>2026-05-16T15:42:26Z</time></trkpt><trkpt lat="41.743045943367534" lon="-111.59391928464174"><ele>2035.00</ele><time>2026-05-16T15:42:31Z</time></trkpt><trkpt lat="41.7431579841934" lon="-111.59394338261336"><ele>2032.40</ele><time>2026-05-16T15:42:39Z</time></trkpt><trkpt lat="41.74333306547798" lon="-111.59394199959934"><ele>2029.80</ele><time>2026-05-16T15:42:52Z</time></trkpt><trkpt lat="41.74342152586351" lon="-111.59394811838865"><ele>2027.20</ele><time>2026-05-16T15:42:58Z</time></trkpt><trkpt lat="41.74349877721272" lon="-111.5939324023202"><ele>2024.60</ele><time>2026-05-16T15:43:03Z</time></trkpt><trkpt lat="41.74362005665898" lon="-111.59392205066979"><ele>2022.00</ele><time>2026-05-16T15:43:12Z</time></trkpt><trkpt lat="41.74380596727133" lon="-111.59398307092488"><ele>2019.40</ele><time>2026-05-16T15:43:25Z</time></trkpt><trkpt lat="41.74406002275646" lon="-111.59400494769216"><ele>2016.80</ele><time>2026-05-16T15:43:43Z</time></trkpt><trkpt lat="41.74422199941524" lon="-111.59403575118631"><ele>2014.20</ele><time>2026-05-16T15:43:55Z</time></trkpt><trkpt lat="41.74437997315153" lon="-111.59405850805342"><ele>2011.60</ele><time>2026-05-16T15:44:06Z</time></trkpt><trkpt lat="41.74465843731288" lon="-111.59415049944073"><ele>2009.00</ele><time>2026-05-16T15:44:26Z</time></trkpt><trkpt lat="41.74485920716347" lon="-111.59422801109031"><ele>2009.00</ele><time>2026-05-16T15:44:40Z</time></trkpt><trkpt lat="41.74501995165776" lon="-111.59430284053087"><ele>2009.00</ele><time>2026-05-16T15:44:52Z</time></trkpt><trkpt lat="41.74515000641211" lon="-111.5943362005055"><ele>2009.00</ele><time>2026-05-16T15:45:02Z</time></trkpt><trkpt lat="41.745221037383075" lon="-111.59434751607478"><ele>2009.00</ele><time>2026-05-16T15:45:07Z</time></trkpt><trkpt lat="41.74529006704688" lon="-111.59432396292686"><ele>2009.00</ele><time>2026-05-16T15:45:12Z</time></trkpt><trkpt lat="41.74533906953761" lon="-111.5943290758878"><ele>2009.00</ele><time>2026-05-16T15:45:15Z</time></trkpt><trkpt lat="41.74537857996473" lon="-111.59438527654856"><ele>2009.00</ele><time>2026-05-16T15:45:19Z</time></trkpt><trkpt lat="41.74541508853047" lon="-111.59445757046342"><ele>2009.00</ele><time>2026-05-16T15:45:24Z</time></trkpt><trkpt lat="41.7454550229013" lon="-111.59449394792318"><ele>2009.00</ele><time>2026-05-16T15:45:27Z</time></trkpt><trkpt lat="41.745508017587824" lon="-111.59450320992619"><ele>2009.00</ele><time>2026-05-16T15:45:31Z</time></trkpt><trkpt lat="41.74555901101042" lon="-111.59449906088412"><ele>2006.20</ele><time>2026-05-16T15:45:34Z</time></trkpt><trkpt lat="41.74560896164837" lon="-111.59447504673153"><ele>2003.40</ele><time>2026-05-16T15:45:38Z</time></trkpt><trkpt lat="41.745684928064925" lon="-111.59440409392118"><ele>2000.60</ele><time>2026-05-16T15:45:45Z</time></trkpt><trkpt lat="41.74572500400245" lon="-111.5943600051105"><ele>1997.80</ele><time>2026-05-16T15:45:48Z</time></trkpt><trkpt lat="41.74577101542932" lon="-111.59436536952853"><ele>1995.00</ele><time>2026-05-16T15:45:52Z</time></trkpt><trkpt lat="41.74580399822627" lon="-111.594383767806"><ele>1992.20</ele><time>2026-05-16T15:45:54Z</time></trkpt><trkpt lat="41.74583598040044" lon="-111.59442496486008"><ele>1989.40</ele><time>2026-05-16T15:45:57Z</time></trkpt><trkpt lat="41.74589597906829" lon="-111.5944355679676"><ele>1986.60</ele><time>2026-05-16T15:46:01Z</time></trkpt><trkpt lat="41.745965983718634" lon="-111.59441398456693"><ele>1983.80</ele><time>2026-05-16T15:46:06Z</time></trkpt><trkpt lat="41.74602298601118" lon="-111.59443225711584"><ele>1981.00</ele><time>2026-05-16T15:46:11Z</time></trkpt><trkpt lat="41.74606597982347" lon="-111.59448003396392"><ele>1981.00</ele><time>2026-05-16T15:46:14Z</time></trkpt><trkpt lat="41.74619301292184" lon="-111.59448887687176"><ele>1981.00</ele><time>2026-05-16T15:46:23Z</time></trkpt><trkpt lat="41.74632204696536" lon="-111.59448699094355"><ele>1981.00</ele><time>2026-05-16T15:46:32Z</time></trkpt><trkpt lat="41.746372495081026" lon="-111.59449679777026"><ele>1981.00</ele><time>2026-05-16T15:46:36Z</time></trkpt><trkpt lat="41.74648477100848" lon="-111.59456339199096"><ele>1981.00</ele><time>2026-05-16T15:46:45Z</time></trkpt><trkpt lat="41.74659504555166" lon="-111.59462998621166"><ele>1981.00</ele><time>2026-05-16T15:46:53Z</time></trkpt><trkpt lat="41.746683500919154" lon="-111.59466133452952"><ele>1981.00</ele><time>2026-05-16T15:47:00Z</time></trkpt><trkpt lat="41.746804774087934" lon="-111.59471187740564"><ele>1981.00</ele><time>2026-05-16T15:47:08Z</time></trkpt><trkpt lat="41.74700609408319" lon="-111.59480801783502"><ele>1981.00</ele><time>2026-05-16T15:47:23Z</time></trkpt><trkpt lat="41.747102549015175" lon="-111.59484657458961"><ele>1981.00</ele><time>2026-05-16T15:47:31Z</time></trkpt><trkpt lat="41.74723902717233" lon="-111.59486099146307"><ele>1980.00</ele><time>2026-05-16T15:47:40Z</time></trkpt><trkpt lat="41.74742694944143" lon="-111.59495495259762"><ele>1979.00</ele><time>2026-05-16T15:47:54Z</time></trkpt><trkpt lat="41.747582501996234" lon="-111.5950019331649"><ele>1978.00</ele><time>2026-05-16T15:48:05Z</time></trkpt><trkpt lat="41.74773205071688" lon="-111.59506500698626"><ele>1977.00</ele><time>2026-05-16T15:48:16Z</time></trkpt><trkpt lat="41.74780054170676" lon="-111.59508237848058"><ele>1976.00</ele><time>2026-05-16T15:48:21Z</time></trkpt><trkpt lat="41.747871033771766" lon="-111.59509438555688"><ele>1975.00</ele><time>2026-05-16T15:48:26Z</time></trkpt><trkpt lat="41.74806204624474" lon="-111.59509694203734"><ele>1974.00</ele><time>2026-05-16T15:48:40Z</time></trkpt><trkpt lat="41.748311994597316" lon="-111.59514404833317"><ele>1973.00</ele><time>2026-05-16T15:48:57Z</time></trkpt><trkpt lat="41.74844694323838" lon="-111.59519693814218"><ele>1972.00</ele><time>2026-05-16T15:49:07Z</time></trkpt><trkpt lat="41.748520494480836" lon="-111.59519865643233"><ele>1971.00</ele><time>2026-05-16T15:49:12Z</time></trkpt><trkpt lat="41.74859404563904" lon="-111.5951869636774"><ele>1971.00</ele><time>2026-05-16T15:49:18Z</time></trkpt><trkpt lat="41.748656993731856" lon="-111.59516299143434"><ele>1971.00</ele><time>2026-05-16T15:49:22Z</time></trkpt><trkpt lat="41.74872807227075" lon="-111.59518302418292"><ele>1971.00</ele><time>2026-05-16T15:49:27Z</time></trkpt><trkpt lat="41.748804012313485" lon="-111.59518780186772"><ele>1971.00</ele><time>2026-05-16T15:49:33Z</time></trkpt><trkpt lat="41.748863544936604" lon="-111.5951766539365"><ele>1971.00</ele><time>2026-05-16T15:49:37Z</time></trkpt><trkpt lat="41.748931081965566" lon="-111.59514404833317"><ele>1971.00</ele><time>2026-05-16T15:49:42Z</time></trkpt><trkpt lat="41.74904205836356" lon="-111.5952199883759"><ele>1971.00</ele><time>2026-05-16T15:49:51Z</time></trkpt><trkpt lat="41.74914004281163" lon="-111.59526097588241"><ele>1971.00</ele><time>2026-05-16T15:49:58Z</time></trkpt><trkpt lat="41.74926401115953" lon="-111.59528276883066"><ele>1971.00</ele><time>2026-05-16T15:50:07Z</time></trkpt><trkpt lat="41.74933750698158" lon="-111.59526998642832"><ele>1971.00</ele><time>2026-05-16T15:50:12Z</time></trkpt><trkpt lat="41.749392992815395" lon="-111.59523708745837"><ele>1970.40</ele><time>2026-05-16T15:50:16Z</time></trkpt><trkpt lat="41.74945201724768" lon="-111.59521194174886"><ele>1969.80</ele><time>2026-05-16T15:50:20Z</time></trkpt><trkpt lat="41.74953051347839" lon="-111.59522803500295"><ele>1969.20</ele><time>2026-05-16T15:50:26Z</time></trkpt><trkpt lat="41.74959300085902" lon="-111.59527095034719"><ele>1968.60</ele><time>2026-05-16T15:50:31Z</time></trkpt><trkpt lat="41.74981998279691" lon="-111.5952059905976"><ele>1968.00</ele><time>2026-05-16T15:50:47Z</time></trkpt><trkpt lat="41.750031961128116" lon="-111.59525703638792"><ele>1967.40</ele><time>2026-05-16T15:51:02Z</time></trkpt><trkpt lat="41.75028098747134" lon="-111.59526399336755"><ele>1966.80</ele><time>2026-05-16T15:51:20Z</time></trkpt><trkpt lat="41.750476034358144" lon="-111.59539701417089"><ele>1966.20</ele><time>2026-05-16T15:51:35Z</time></trkpt><trkpt lat="41.750609977170825" lon="-111.59542702138424"><ele>1965.60</ele><time>2026-05-16T15:51:45Z</time></trkpt><trkpt lat="41.75070703960955" lon="-111.5954150352627"><ele>1965.00</ele><time>2026-05-16T15:51:51Z</time></trkpt><trkpt lat="41.75083301961422" lon="-111.59543096087873"><ele>1965.00</ele><time>2026-05-16T15:52:00Z</time></trkpt><trkpt lat="41.75091507844627" lon="-111.59549499861896"><ele>1965.00</ele><time>2026-05-16T15:52:07Z</time></trkpt><trkpt lat="41.750969057902694" lon="-111.59551000222564"><ele>1965.00</ele><time>2026-05-16T15:52:11Z</time></trkpt><trkpt lat="41.751063941046596" lon="-111.59550296142697"><ele>1965.00</ele><time>2026-05-16T15:52:17Z</time></trkpt><trkpt lat="41.75130994990468" lon="-111.59561804495752"><ele>1965.00</ele><time>2026-05-16T15:52:36Z</time></trkpt><trkpt lat="41.75139795988798" lon="-111.59561594948173"><ele>1965.00</ele><time>2026-05-16T15:52:42Z</time></trkpt><trkpt lat="41.75149703398347" lon="-111.59565308131278"><ele>1965.00</ele><time>2026-05-16T15:52:49Z</time></trkpt><trkpt lat="41.75160905761325" lon="-111.59564725589007"><ele>1965.00</ele><time>2026-05-16T15:52:57Z</time></trkpt><trkpt lat="41.75170707384882" lon="-111.59567361697555"><ele>1965.00</ele><time>2026-05-16T15:53:04Z</time></trkpt><trkpt lat="41.75196896281743" lon="-111.59578207880259"><ele>1965.00</ele><time>2026-05-16T15:53:23Z</time></trkpt><trkpt lat="41.752220056951046" lon="-111.5959539078176"><ele>1960.50</ele><time>2026-05-16T15:53:43Z</time></trkpt><trkpt lat="41.75231602974236" lon="-111.59598198719323"><ele>1956.00</ele><time>2026-05-16T15:53:50Z</time></trkpt><trkpt lat="41.75238098949194" lon="-111.59604099579155"><ele>1951.50</ele><time>2026-05-16T15:53:55Z</time></trkpt><trkpt lat="41.752416947856545" lon="-111.59612003713846"><ele>1947.00</ele><time>2026-05-16T15:54:00Z</time></trkpt><trkpt lat="41.75247302278876" lon="-111.59618290141225"><ele>1942.50</ele><time>2026-05-16T15:54:05Z</time></trkpt><trkpt lat="41.752671003341675" lon="-111.59634995274246"><ele>1938.00</ele><time>2026-05-16T15:54:22Z</time></trkpt><trkpt lat="41.752761946991086" lon="-111.59638406708837"><ele>1933.50</ele><time>2026-05-16T15:54:28Z</time></trkpt><trkpt lat="41.75281701609492" lon="-111.59644399769604"><ele>1929.00</ele><time>2026-05-16T15:54:33Z</time></trkpt><trkpt lat="41.752928998321295" lon="-111.59648297354579"><ele>1924.50</ele><time>2026-05-16T15:54:42Z</time></trkpt><trkpt lat="41.75298406742513" lon="-111.59654608927667"><ele>1920.00</ele><time>2026-05-16T15:54:47Z</time></trkpt><trkpt lat="41.75309596583247" lon="-111.59660199657083"><ele>1920.00</ele><time>2026-05-16T15:54:55Z</time></trkpt><trkpt lat="41.75319596193731" lon="-111.59669805318117"><ele>1920.00</ele><time>2026-05-16T15:55:04Z</time></trkpt><trkpt lat="41.75329604186118" lon="-111.59676301293075"><ele>1920.00</ele><time>2026-05-16T15:55:11Z</time></trkpt><trkpt lat="41.753357984125614" lon="-111.59677801653743"><ele>1920.00</ele><time>2026-05-16T15:55:16Z</time></trkpt><trkpt lat="41.75341204740107" lon="-111.5967520326376"><ele>1920.00</ele><time>2026-05-16T15:55:20Z</time></trkpt><trkpt lat="41.753492932766676" lon="-111.59678103402257"><ele>1920.00</ele><time>2026-05-16T15:55:26Z</time></trkpt><trkpt lat="41.75372896715999" lon="-111.59680902957916"><ele>1920.00</ele><time>2026-05-16T15:55:42Z</time></trkpt><trkpt lat="41.753769954666495" lon="-111.59683392383158"><ele>1920.00</ele><time>2026-05-16T15:55:46Z</time></trkpt><trkpt lat="41.75383307039738" lon="-111.5969209279865"><ele>1920.00</ele><time>2026-05-16T15:55:52Z</time></trkpt><trkpt lat="41.75391303375363" lon="-111.59694800153375"><ele>1920.00</ele><time>2026-05-16T15:55:58Z</time></trkpt><trkpt lat="41.7539819329977" lon="-111.59702301956713"><ele>1914.70</ele><time>2026-05-16T15:56:04Z</time></trkpt><trkpt lat="41.754263984039426" lon="-111.59715997986495"><ele>1909.40</ele><time>2026-05-16T15:56:25Z</time></trkpt><trkpt lat="41.75429591909051" lon="-111.59722804091871"><ele>1904.10</ele><time>2026-05-16T15:56:29Z</time></trkpt><trkpt lat="41.75439205951989" lon="-111.59731697291136"><ele>1898.80</ele><time>2026-05-16T15:56:37Z</time></trkpt><trkpt lat="41.75442600622773" lon="-111.59737095236778"><ele>1893.50</ele><time>2026-05-16T15:56:41Z</time></trkpt><trkpt lat="41.75445903092623" lon="-111.59767194651067"><ele>1888.20</ele><time>2026-05-16T15:56:57Z</time></trkpt><trkpt lat="41.7544880323112" lon="-111.59774897620082"><ele>1882.90</ele><time>2026-05-16T15:57:01Z</time></trkpt><trkpt lat="41.75462105311453" lon="-111.59790798090398"><ele>1877.60</ele><time>2026-05-16T15:57:14Z</time></trkpt><trkpt lat="41.75470604561269" lon="-111.59803899005055"><ele>1872.30</ele><time>2026-05-16T15:57:23Z</time></trkpt><trkpt lat="41.75481400452554" lon="-111.59825599752367"><ele>1867.00</ele><time>2026-05-16T15:57:37Z</time></trkpt><trkpt lat="41.75489195622504" lon="-111.59833101555705"><ele>1867.00</ele><time>2026-05-16T15:57:43Z</time></trkpt><trkpt lat="41.754950964823365" lon="-111.59841600805521"><ele>1867.00</ele><time>2026-05-16T15:57:49Z</time></trkpt><trkpt lat="41.75497401505709" lon="-111.59847602248192"><ele>1867.00</ele><time>2026-05-16T15:57:53Z</time></trkpt><trkpt lat="41.754991030320525" lon="-111.59862496890128"><ele>1867.00</ele><time>2026-05-16T15:58:01Z</time></trkpt><trkpt lat="41.755035957321525" lon="-111.59871800802648"><ele>1867.00</ele><time>2026-05-16T15:58:07Z</time></trkpt><trkpt lat="41.75509203225374" lon="-111.59889897331595"><ele>1867.00</ele><time>2026-05-16T15:58:17Z</time></trkpt><trkpt lat="41.755249947309494" lon="-111.59913098439574"><ele>1867.00</ele><time>2026-05-16T15:58:33Z</time></trkpt><trkpt lat="41.755292024463415" lon="-111.59916400909424"><ele>1867.00</ele><time>2026-05-16T15:58:37Z</time></trkpt><trkpt lat="41.75538397394121" lon="-111.59919401630759"><ele>1867.00</ele><time>2026-05-16T15:58:43Z</time></trkpt><trkpt lat="41.75549696199596" lon="-111.59918697550893"><ele>1867.00</ele><time>2026-05-16T15:58:51Z</time></trkpt><trkpt lat="41.755785970017314" lon="-111.59927297383547"><ele>1867.10</ele><time>2026-05-16T15:59:12Z</time></trkpt><trkpt lat="41.75584397278726" lon="-111.5993370115757"><ele>1867.20</ele><time>2026-05-16T15:59:17Z</time></trkpt><trkpt lat="41.75596794113517" lon="-111.59942602738738"><ele>1867.30</ele><time>2026-05-16T15:59:27Z</time></trkpt><trkpt lat="41.7560750618577" lon="-111.59946408122778"><ele>1867.40</ele><time>2026-05-16T15:59:35Z</time></trkpt><trkpt lat="41.75626398995519" lon="-111.59966507926583"><ele>1867.50</ele><time>2026-05-16T15:59:52Z</time></trkpt><trkpt lat="41.75639803813584" lon="-111.59974252805114"><ele>1867.60</ele><time>2026-05-16T16:00:02Z</time></trkpt><trkpt lat="41.75645252953817" lon="-111.59976507537067"><ele>1867.70</ele><time>2026-05-16T16:00:06Z</time></trkpt><trkpt lat="41.75649878357742" lon="-111.59982060547918"><ele>1867.80</ele><time>2026-05-16T16:00:11Z</time></trkpt><trkpt lat="41.756561044603586" lon="-111.59986808896065"><ele>1867.90</ele><time>2026-05-16T16:00:16Z</time></trkpt><trkpt lat="41.75662828707419" lon="-111.59990710671991"><ele>1868.00</ele><time>2026-05-16T16:00:21Z</time></trkpt><trkpt lat="41.7567035329662" lon="-111.59989248029888"><ele>1868.00</ele><time>2026-05-16T16:00:26Z</time></trkpt><trkpt lat="41.75686102752368" lon="-111.59991284832358"><ele>1868.00</ele><time>2026-05-16T16:00:37Z</time></trkpt><trkpt lat="41.75709197054458" lon="-111.59989583306015"><ele>1868.00</ele><time>2026-05-16T16:00:53Z</time></trkpt><trkpt lat="41.75731399096551" lon="-111.59997596405447"><ele>1868.00</ele><time>2026-05-16T16:01:10Z</time></trkpt><trkpt lat="41.7573869865762" lon="-111.59997240174562"><ele>1868.00</ele><time>2026-05-16T16:01:15Z</time></trkpt><trkpt lat="41.75745798125457" lon="-111.5999393351376"><ele>1868.00</ele><time>2026-05-16T16:01:20Z</time></trkpt><trkpt lat="41.75776300951839" lon="-111.59999046474695"><ele>1868.00</ele><time>2026-05-16T16:01:41Z</time></trkpt><trkpt lat="41.75783748818211" lon="-111.60000844392926"><ele>1868.00</ele><time>2026-05-16T16:01:47Z</time></trkpt><trkpt lat="41.75791997009957" lon="-111.59998618997633"><ele>1868.00</ele><time>2026-05-16T16:01:53Z</time></trkpt><trkpt lat="41.75813491716877" lon="-111.5999001916498"><ele>1868.00</ele><time>2026-05-16T16:02:08Z</time></trkpt><trkpt lat="41.75823200383372" lon="-111.59987504594028"><ele>1864.40</ele><time>2026-05-16T16:02:15Z</time></trkpt><trkpt lat="41.758299981319986" lon="-111.5998444519937"><ele>1860.80</ele><time>2026-05-16T16:02:20Z</time></trkpt><trkpt lat="41.758361969804106" lon="-111.5997458808124"><ele>1857.20</ele><time>2026-05-16T16:02:27Z</time></trkpt><trkpt lat="41.75872005522252" lon="-111.59971578978002"><ele>1853.60</ele><time>2026-05-16T16:02:52Z</time></trkpt><trkpt lat="41.75886703749095" lon="-111.59966386388987"><ele>1850.00</ele><time>2026-05-16T16:03:03Z</time></trkpt><trkpt lat="41.75901501982315" lon="-111.59959450364113"><ele>1846.40</ele><time>2026-05-16T16:03:14Z</time></trkpt><trkpt lat="41.75910405430359" lon="-111.59957547672093"><ele>1842.80</ele><time>2026-05-16T16:03:20Z</time></trkpt><trkpt lat="41.7592049669697" lon="-111.59945234656334"><ele>1839.20</ele><time>2026-05-16T16:03:30Z</time></trkpt><trkpt lat="41.759282006002714" lon="-111.5994112752378"><ele>1835.60</ele><time>2026-05-16T16:03:36Z</time></trkpt><trkpt lat="41.75933503545821" lon="-111.59933801740408"><ele>1832.00</ele><time>2026-05-16T16:03:41Z</time></trkpt><trkpt lat="41.759462913288296" lon="-111.59917197190225"><ele>1832.00</ele><time>2026-05-16T16:03:54Z</time></trkpt><trkpt lat="41.75953542713609" lon="-111.59910621587187"><ele>1832.00</ele><time>2026-05-16T16:04:00Z</time></trkpt><trkpt lat="41.75961194246637" lon="-111.5990592353046"><ele>1832.00</ele><time>2026-05-16T16:04:06Z</time></trkpt><trkpt lat="41.75968491841119" lon="-111.59904607571661"><ele>1832.00</ele><time>2026-05-16T16:04:11Z</time></trkpt><trkpt lat="41.75974781739544" lon="-111.59901548177004"><ele>1832.00</ele><time>2026-05-16T16:04:15Z</time></trkpt><trkpt lat="41.75985780522912" lon="-111.59896435216069"><ele>1832.00</ele><time>2026-05-16T16:04:24Z</time></trkpt><trkpt lat="41.75997928905661" lon="-111.59888187423348"><ele>1832.00</ele><time>2026-05-16T16:04:33Z</time></trkpt><trkpt lat="41.76006504048943" lon="-111.59882320091128"><ele>1832.00</ele><time>2026-05-16T16:04:40Z</time></trkpt><trkpt lat="41.76019294869131" lon="-111.59875899553299"><ele>1832.00</ele><time>2026-05-16T16:04:49Z</time></trkpt><trkpt lat="41.760265835712936" lon="-111.5987309999764"><ele>1832.00</ele><time>2026-05-16T16:04:55Z</time></trkpt><trkpt lat="41.760383828165175" lon="-111.59870367497206"><ele>1830.20</ele><time>2026-05-16T16:05:03Z</time></trkpt><trkpt lat="41.760479855374676" lon="-111.59866034053266"><ele>1828.40</ele><time>2026-05-16T16:05:10Z</time></trkpt><trkpt lat="41.76055689562238" lon="-111.59863485954702"><ele>1826.60</ele><time>2026-05-16T16:05:16Z</time></trkpt><trkpt lat="41.76061192752047" lon="-111.5985597576946"><ele>1824.80</ele><time>2026-05-16T16:05:21Z</time></trkpt><trkpt lat="41.760640860901155" lon="-111.59846571274102"><ele>1823.00</ele><time>2026-05-16T16:05:27Z</time></trkpt><trkpt lat="41.760690831576" lon="-111.59839027561247"><ele>1821.20</ele><time>2026-05-16T16:05:32Z</time></trkpt><trkpt lat="41.76071534600254" lon="-111.5982891060412"><ele>1819.40</ele><time>2026-05-16T16:05:38Z</time></trkpt><trkpt lat="41.760768618520466" lon="-111.59823583904654"><ele>1817.60</ele><time>2026-05-16T16:05:42Z</time></trkpt><trkpt lat="41.76081026035061" lon="-111.59819847671315"><ele>1815.80</ele><time>2026-05-16T16:05:46Z</time></trkpt><trkpt lat="41.76084308571933" lon="-111.59818515996449"><ele>1814.00</ele><time>2026-05-16T16:05:48Z</time></trkpt><trkpt lat="41.76101796364967" lon="-111.59830327145755"><ele>1813.60</ele><time>2026-05-16T16:06:02Z</time></trkpt><trkpt lat="41.76119495930538" lon="-111.59834023565054"><ele>1813.20</ele><time>2026-05-16T16:06:14Z</time></trkpt><trkpt lat="41.761312918421645" lon="-111.59840402193367"><ele>1812.80</ele><time>2026-05-16T16:06:23Z</time></trkpt><trkpt lat="41.761364931966234" lon="-111.59842916764319"><ele>1812.40</ele><time>2026-05-16T16:06:27Z</time></trkpt><trkpt lat="41.76142094692028" lon="-111.59844626672566"><ele>1812.00</ele><time>2026-05-16T16:06:31Z</time></trkpt><trkpt lat="41.76189989986009" lon="-111.59836621955037"><ele>1811.60</ele><time>2026-05-16T16:07:05Z</time></trkpt><trkpt lat="41.76216394064874" lon="-111.5982785448432"><ele>1811.20</ele><time>2026-05-16T16:07:24Z</time></trkpt><trkpt lat="41.76244398590377" lon="-111.59831961616874"><ele>1810.80</ele><time>2026-05-16T16:07:44Z</time></trkpt><trkpt lat="41.7625556345373" lon="-111.5983163996134"><ele>1810.40</ele><time>2026-05-16T16:07:52Z</time></trkpt><trkpt lat="41.76263527197815" lon="-111.59834268735722"><ele>1810.00</ele><time>2026-05-16T16:07:58Z</time></trkpt><trkpt lat="41.76270590623517" lon="-111.5983810450416"><ele>1810.00</ele><time>2026-05-16T16:08:03Z</time></trkpt><trkpt lat="41.76278454314789" lon="-111.59844354260713"><ele>1810.00</ele><time>2026-05-16T16:08:09Z</time></trkpt><trkpt lat="41.76288701810022" lon="-111.59846554510295"><ele>1810.00</ele><time>2026-05-16T16:08:17Z</time></trkpt><trkpt lat="41.762961514773615" lon="-111.59848964307457"><ele>1810.00</ele><time>2026-05-16T16:08:22Z</time></trkpt><trkpt lat="41.763038012035935" lon="-111.59853519871831"><ele>1810.00</ele><time>2026-05-16T16:08:28Z</time></trkpt><trkpt lat="41.76313248649196" lon="-111.59862886648625"><ele>1810.00</ele><time>2026-05-16T16:08:36Z</time></trkpt><trkpt lat="41.76321495679106" lon="-111.59874399192631"><ele>1810.00</ele><time>2026-05-16T16:08:44Z</time></trkpt><trkpt lat="41.763278970432786" lon="-111.59883246291429"><ele>1810.00</ele><time>2026-05-16T16:08:51Z</time></trkpt><trkpt lat="41.763346985342174" lon="-111.59891825169325"><ele>1810.00</ele><time>2026-05-16T16:08:57Z</time></trkpt><trkpt lat="41.76341403231974" lon="-111.59901887644082"><ele>1810.00</ele><time>2026-05-16T16:09:04Z</time></trkpt><trkpt lat="41.763477077904085" lon="-111.59912218339741"><ele>1812.40</ele><time>2026-05-16T16:09:11Z</time></trkpt><trkpt lat="41.76364996052807" lon="-111.59924665465951"><ele>1814.80</ele><time>2026-05-16T16:09:25Z</time></trkpt><trkpt lat="41.76383703358045" lon="-111.59948428161442"><ele>1817.20</ele><time>2026-05-16T16:09:43Z</time></trkpt><trkpt lat="41.7639079401809" lon="-111.59956147894263"><ele>1819.60</ele><time>2026-05-16T16:09:50Z</time></trkpt><trkpt lat="41.76401200050732" lon="-111.59964546561241"><ele>1822.00</ele><time>2026-05-16T16:09:58Z</time></trkpt><trkpt lat="41.76416008713016" lon="-111.59975577145815"><ele>1824.40</ele><time>2026-05-16T16:10:10Z</time></trkpt><trkpt lat="41.76426202400075" lon="-111.59979893825948"><ele>1826.80</ele><time>2026-05-16T16:10:18Z</time></trkpt><trkpt lat="41.764376032896145" lon="-111.5998283168301"><ele>1829.20</ele><time>2026-05-16T16:10:26Z</time></trkpt><trkpt lat="41.764542057949626" lon="-111.59988451749086"><ele>1831.60</ele><time>2026-05-16T16:10:38Z</time></trkpt><trkpt lat="41.764657004588386" lon="-111.59999750554562"><ele>1834.00</ele><time>2026-05-16T16:10:48Z</time></trkpt><trkpt lat="41.76477705546982" lon="-111.60009113140404"><ele>1829.60</ele><time>2026-05-16T16:10:58Z</time></trkpt><trkpt lat="41.764905033389894" lon="-111.60016627516598"><ele>1825.20</ele><time>2026-05-16T16:11:07Z</time></trkpt><trkpt lat="41.765029009828275" lon="-111.60024946555495"><ele>1820.80</ele><time>2026-05-16T16:11:17Z</time></trkpt><trkpt lat="41.765105993891055" lon="-111.60030310973525"><ele>1816.40</ele><time>2026-05-16T16:11:23Z</time></trkpt><trkpt lat="41.76518897968652" lon="-111.60033797845244"><ele>1812.00</ele><time>2026-05-16T16:11:29Z</time></trkpt><trkpt lat="41.76524898399908" lon="-111.60039078444242"><ele>1807.60</ele><time>2026-05-16T16:11:34Z</time></trkpt><trkpt lat="41.76529402795238" lon="-111.60045482218266"><ele>1803.20</ele><time>2026-05-16T16:11:39Z</time></trkpt><trkpt lat="41.76531501172362" lon="-111.60052552353591"><ele>1798.80</ele><time>2026-05-16T16:11:43Z</time></trkpt><trkpt lat="41.76540001477411" lon="-111.60052380524576"><ele>1794.40</ele><time>2026-05-16T16:11:49Z</time></trkpt><trkpt lat="41.76546905308714" lon="-111.6005268227309"><ele>1790.00</ele><time>2026-05-16T16:11:54Z</time></trkpt><trkpt lat="41.76556608872156" lon="-111.60052422434092"><ele>1790.00</ele><time>2026-05-16T16:12:00Z</time></trkpt><trkpt lat="41.76563651992695" lon="-111.60053009167314"><ele>1790.00</ele><time>2026-05-16T16:12:05Z</time></trkpt><trkpt lat="41.76570495046282" lon="-111.60055205225945"><ele>1790.00</ele><time>2026-05-16T16:12:10Z</time></trkpt><trkpt lat="41.7657612181057" lon="-111.60057013621554"><ele>1790.00</ele><time>2026-05-16T16:12:14Z</time></trkpt><trkpt lat="41.765823487464985" lon="-111.60058017354459"><ele>1790.00</ele><time>2026-05-16T16:12:19Z</time></trkpt><trkpt lat="41.765948026002235" lon="-111.6005680616945"><ele>1790.00</ele><time>2026-05-16T16:12:28Z</time></trkpt><trkpt lat="41.76615300486821" lon="-111.60059890709817"><ele>1790.00</ele><time>2026-05-16T16:12:42Z</time></trkpt><trkpt lat="41.76624149974816" lon="-111.60061250673607"><ele>1790.00</ele><time>2026-05-16T16:12:48Z</time></trkpt><trkpt lat="41.766341997941076" lon="-111.60064488183707"><ele>1790.00</ele><time>2026-05-16T16:12:56Z</time></trkpt><trkpt lat="41.76650051245672" lon="-111.60077180480585"><ele>1790.00</ele><time>2026-05-16T16:13:08Z</time></trkpt><trkpt lat="41.766639020953306" lon="-111.60084508359432"><ele>1787.50</ele><time>2026-05-16T16:13:19Z</time></trkpt><trkpt lat="41.76678204510787" lon="-111.60089059732854"><ele>1785.00</ele><time>2026-05-16T16:13:29Z</time></trkpt><trkpt lat="41.76688299533014" lon="-111.60094918683171"><ele>1782.50</ele><time>2026-05-16T16:13:37Z</time></trkpt><trkpt lat="41.76692847365401" lon="-111.60095995757729"><ele>1780.00</ele><time>2026-05-16T16:13:40Z</time></trkpt><trkpt lat="41.76697195139304" lon="-111.60095195285976"><ele>1777.50</ele><time>2026-05-16T16:13:43Z</time></trkpt><trkpt lat="41.76702892930208" lon="-111.60094516351819"><ele>1775.00</ele><time>2026-05-16T16:13:47Z</time></trkpt><trkpt lat="41.767122937146766" lon="-111.60097575746477"><ele>1772.50</ele><time>2026-05-16T16:13:54Z</time></trkpt><trkpt lat="41.76725295827965" lon="-111.60098522901535"><ele>1770.00</ele><time>2026-05-16T16:14:03Z</time></trkpt><trkpt lat="41.76730296468139" lon="-111.60095643717796"><ele>1767.50</ele><time>2026-05-16T16:14:07Z</time></trkpt><trkpt lat="41.76740798589239" lon="-111.60095446743071"><ele>1765.00</ele><time>2026-05-16T16:14:14Z</time></trkpt><trkpt lat="41.76748093172197" lon="-111.60095304250717"><ele>1765.00</ele><time>2026-05-16T16:14:20Z</time></trkpt><trkpt lat="41.76755092750796" lon="-111.60094671417028"><ele>1765.00</ele><time>2026-05-16T16:14:24Z</time></trkpt><trkpt lat="41.7676209232176" lon="-111.60096720792353"><ele>1765.00</ele><time>2026-05-16T16:14:29Z</time></trkpt><trkpt lat="41.76775491282324" lon="-111.60102160647511"><ele>1765.00</ele><time>2026-05-16T16:14:39Z</time></trkpt><trkpt lat="41.76789505807107" lon="-111.60105220042169"><ele>1765.00</ele><time>2026-05-16T16:14:49Z</time></trkpt><trkpt lat="41.768023045155445" lon="-111.60109863616526"><ele>1765.00</ele><time>2026-05-16T16:14:59Z</time></trkpt><trkpt lat="41.7681010069923" lon="-111.60113107413054"><ele>1765.00</ele><time>2026-05-16T16:15:04Z</time></trkpt><trkpt lat="41.76815451155113" lon="-111.60114611964673"><ele>1765.00</ele><time>2026-05-16T16:15:08Z</time></trkpt><trkpt lat="41.76821001657935" lon="-111.60114775411785"><ele>1765.00</ele><time>2026-05-16T16:15:12Z</time></trkpt><trkpt lat="41.76835903618209" lon="-111.60127306357026"><ele>1765.00</ele><time>2026-05-16T16:15:24Z</time></trkpt><trkpt lat="41.768497964187496" lon="-111.60128488205373"><ele>1764.60</ele><time>2026-05-16T16:15:34Z</time></trkpt><trkpt lat="41.76856606445969" lon="-111.60129544325173"><ele>1764.20</ele><time>2026-05-16T16:15:39Z</time></trkpt><trkpt lat="41.76863796446245" lon="-111.60127867944539"><ele>1763.80</ele><time>2026-05-16T16:15:44Z</time></trkpt><trkpt lat="41.7686989957481" lon="-111.60129921510816"><ele>1763.40</ele><time>2026-05-16T16:15:48Z</time></trkpt><trkpt lat="41.7687949572011" lon="-111.60134548321366"><ele>1763.00</ele><time>2026-05-16T16:15:56Z</time></trkpt><trkpt lat="41.7688779602827" lon="-111.60140885040164"><ele>1762.60</ele><time>2026-05-16T16:16:02Z</time></trkpt><trkpt lat="41.768916424711364" lon="-111.60139535553753"><ele>1762.20</ele><time>2026-05-16T16:16:05Z</time></trkpt><trkpt lat="41.76912293012756" lon="-111.60145964473486"><ele>1761.80</ele><time>2026-05-16T16:16:20Z</time></trkpt><trkpt lat="41.76918198347987" lon="-111.6014951840043"><ele>1761.40</ele><time>2026-05-16T16:16:24Z</time></trkpt><trkpt lat="41.76931297050374" lon="-111.60150792449713"><ele>1761.00</ele><time>2026-05-16T16:16:34Z</time></trkpt><trkpt lat="41.769504005762755" lon="-111.60155201330781"><ele>1761.00</ele><time>2026-05-16T16:16:47Z</time></trkpt><trkpt lat="41.76969904138825" lon="-111.60157464444637"><ele>1761.00</ele><time>2026-05-16T16:17:01Z</time></trkpt><trkpt lat="41.76987494370839" lon="-111.60162292420864"><ele>1761.00</ele><time>2026-05-16T16:17:14Z</time></trkpt><trkpt lat="41.76998708785396" lon="-111.60163742490113"><ele>1761.00</ele><time>2026-05-16T16:17:22Z</time></trkpt><trkpt lat="41.770072925367096" lon="-111.60162585787475"><ele>1761.00</ele><time>2026-05-16T16:17:28Z</time></trkpt><trkpt lat="41.770174028095745" lon="-111.60166441462934"><ele>1761.00</ele><time>2026-05-16T16:17:35Z</time></trkpt><trkpt lat="41.77031397808541" lon="-111.60169987007976"><ele>1761.00</ele><time>2026-05-16T16:17:45Z</time></trkpt><trkpt lat="41.77044799226959" lon="-111.60174546763301"><ele>1761.00</ele><time>2026-05-16T16:17:55Z</time></trkpt><trkpt lat="41.77055096073469" lon="-111.60177170298994"><ele>1761.00</ele><time>2026-05-16T16:18:02Z</time></trkpt><trkpt lat="41.77060692349734" lon="-111.60178201273084"><ele>1761.00</ele><time>2026-05-16T16:18:06Z</time></trkpt><trkpt lat="41.77072293362715" lon="-111.60185895860195"><ele>1757.70</ele><time>2026-05-16T16:18:15Z</time></trkpt><trkpt lat="41.7707980410189" lon="-111.60191386006773"><ele>1754.40</ele><time>2026-05-16T16:18:21Z</time></trkpt><trkpt lat="41.77088797986187" lon="-111.6019550152123"><ele>1751.10</ele><time>2026-05-16T16:18:28Z</time></trkpt><trkpt lat="41.77098301939295" lon="-111.60200664773583"><ele>1747.80</ele><time>2026-05-16T16:18:35Z</time></trkpt><trkpt lat="41.77106002098532" lon="-111.60202810540795"><ele>1744.50</ele><time>2026-05-16T16:18:40Z</time></trkpt><trkpt lat="41.771168013564136" lon="-111.60204637795687"><ele>1741.20</ele><time>2026-05-16T16:18:48Z</time></trkpt><trkpt lat="41.771289920591705" lon="-111.60204528830945"><ele>1737.90</ele><time>2026-05-16T16:18:57Z</time></trkpt><trkpt lat="41.77138190380223" lon="-111.60202131606638"><ele>1734.60</ele><time>2026-05-16T16:19:03Z</time></trkpt><trkpt lat="41.77160500198086" lon="-111.6019960027188"><ele>1731.30</ele><time>2026-05-16T16:19:19Z</time></trkpt><trkpt lat="41.77169501743794" lon="-111.60198477096856"><ele>1728.00</ele><time>2026-05-16T16:19:25Z</time></trkpt><trkpt lat="41.77179305134404" lon="-111.60197655670345"><ele>1729.00</ele><time>2026-05-16T16:19:32Z</time></trkpt><trkpt lat="41.77190303130891" lon="-111.60195803269744"><ele>1730.00</ele><time>2026-05-16T16:19:40Z</time></trkpt><trkpt lat="41.772007030601685" lon="-111.60192509181798"><ele>1731.00</ele><time>2026-05-16T16:19:47Z</time></trkpt><trkpt lat="41.77207504164831" lon="-111.60190962720662"><ele>1732.00</ele><time>2026-05-16T16:19:52Z</time></trkpt><trkpt lat="41.772137051448226" lon="-111.60187806934118"><ele>1733.00</ele><time>2026-05-16T16:19:57Z</time></trkpt><trkpt lat="41.77218991940656" lon="-111.60190782509744"><ele>1734.00</ele><time>2026-05-16T16:20:01Z</time></trkpt><trkpt lat="41.77225495735174" lon="-111.60196239128709"><ele>1735.00</ele><time>2026-05-16T16:20:06Z</time></trkpt><trkpt lat="41.77233804948628" lon="-111.6021310351789"><ele>1736.00</ele><time>2026-05-16T16:20:17Z</time></trkpt><trkpt lat="41.77234492264688" lon="-111.60228392109275"><ele>1737.00</ele><time>2026-05-16T16:20:25Z</time></trkpt><trkpt lat="41.772331930696964" lon="-111.60241400822997"><ele>1738.00</ele><time>2026-05-16T16:20:32Z</time></trkpt><trkpt lat="41.77237702533603" lon="-111.60257401876152"><ele>1738.00</ele><time>2026-05-16T16:20:41Z</time></trkpt><trkpt lat="41.77241097204387" lon="-111.60261701792479"><ele>1738.00</ele><time>2026-05-16T16:20:44Z</time></trkpt><trkpt lat="41.77246402949095" lon="-111.60258902236819"><ele>1738.00</ele><time>2026-05-16T16:20:48Z</time></trkpt><trkpt lat="41.77257802337408" lon="-111.60275598987937"><ele>1738.00</ele><time>2026-05-16T16:21:00Z</time></trkpt><trkpt lat="41.772610029411794" lon="-111.60289160907269"><ele>1738.00</ele><time>2026-05-16T16:21:07Z</time></trkpt><trkpt lat="41.77258801808509" lon="-111.6030137334019"><ele>1738.00</ele><time>2026-05-16T16:21:14Z</time></trkpt><trkpt lat="41.77258196620213" lon="-111.60311440005898"><ele>1738.00</ele><time>2026-05-16T16:21:19Z</time></trkpt><trkpt lat="41.772547932341695" lon="-111.60334900952876"><ele>1738.00</ele><time>2026-05-16T16:21:32Z</time></trkpt><trkpt lat="41.77253904752433" lon="-111.60349703393877"><ele>1738.00</ele><time>2026-05-16T16:21:39Z</time></trkpt><trkpt lat="41.77256201393902" lon="-111.60354807972908"><ele>1738.00</ele><time>2026-05-16T16:21:42Z</time></trkpt><trkpt lat="41.77253403606374" lon="-111.6037437133491"><ele>1738.40</ele><time>2026-05-16T16:21:53Z</time></trkpt><trkpt lat="41.77257105102438" lon="-111.60391545854509"><ele>1738.80</ele><time>2026-05-16T16:22:02Z</time></trkpt><trkpt lat="41.772627969022274" lon="-111.60400263033807"><ele>1739.20</ele><time>2026-05-16T16:22:08Z</time></trkpt><trkpt lat="41.77279603435488" lon="-111.60410673357546"><ele>1739.60</ele><time>2026-05-16T16:22:21Z</time></trkpt><trkpt lat="41.77292397445914" lon="-111.60422751680017"><ele>1740.00</ele><time>2026-05-16T16:22:32Z</time></trkpt><trkpt lat="41.773004944570516" lon="-111.60442910157144"><ele>1740.40</ele><time>2026-05-16T16:22:44Z</time></trkpt><trkpt lat="41.77306107245386" lon="-111.6045450232923"><ele>1740.80</ele><time>2026-05-16T16:22:51Z</time></trkpt><trkpt lat="41.77311002276838" lon="-111.60460495389998"><ele>1741.20</ele><time>2026-05-16T16:22:56Z</time></trkpt><trkpt lat="41.77309549428638" lon="-111.60475515760481"><ele>1741.60</ele><time>2026-05-16T16:23:04Z</time></trkpt><trkpt lat="41.77318898526733" lon="-111.60473906435072"><ele>1742.00</ele><time>2026-05-16T16:23:11Z</time></trkpt><trkpt lat="41.7732105040803" lon="-111.60501021891832"><ele>1742.00</ele><time>2026-05-16T16:23:25Z</time></trkpt><trkpt lat="41.773080995720036" lon="-111.60521163605154"><ele>1742.00</ele><time>2026-05-16T16:23:39Z</time></trkpt><trkpt lat="41.77304602633421" lon="-111.60533778369427"><ele>1742.00</ele><time>2026-05-16T16:23:46Z</time></trkpt><trkpt lat="41.77307400403876" lon="-111.60545160993934"><ele>1742.00</ele><time>2026-05-16T16:23:52Z</time></trkpt><trkpt lat="41.773107058593645" lon="-111.60554892383516"><ele>1742.00</ele><time>2026-05-16T16:23:58Z</time></trkpt><trkpt lat="41.77318102458766" lon="-111.60571136511862"><ele>1742.00</ele><time>2026-05-16T16:24:08Z</time></trkpt><trkpt lat="41.77323703814828" lon="-111.60579266957939"><ele>1742.00</ele><time>2026-05-16T16:24:14Z</time></trkpt><trkpt lat="41.77329402546583" lon="-111.60587816499174"><ele>1742.00</ele><time>2026-05-16T16:24:19Z</time></trkpt><trkpt lat="41.77332701140074" lon="-111.60591118969023"><ele>1742.00</ele><time>2026-05-16T16:24:22Z</time></trkpt><trkpt lat="41.77344094030559" lon="-111.60608997568488"><ele>1742.00</ele><time>2026-05-16T16:24:35Z</time></trkpt><trkpt lat="41.77349104614172" lon="-111.60615602508187"><ele>1738.10</ele><time>2026-05-16T16:24:40Z</time></trkpt><trkpt lat="41.77355191670358" lon="-111.60624696873128"><ele>1734.20</ele><time>2026-05-16T16:24:46Z</time></trkpt><trkpt lat="41.77363196752308" lon="-111.60643132869154"><ele>1730.30</ele><time>2026-05-16T16:24:57Z</time></trkpt><trkpt lat="41.77365400828421" lon="-111.60661300644279"><ele>1726.40</ele><time>2026-05-16T16:25:07Z</time></trkpt><trkpt lat="41.773664988577366" lon="-111.60672104917467"><ele>1722.50</ele><time>2026-05-16T16:25:13Z</time></trkpt><trkpt lat="41.77364897914231" lon="-111.6067969892174"><ele>1718.60</ele><time>2026-05-16T16:25:17Z</time></trkpt><trkpt lat="41.77365509793162" lon="-111.60690603777766"><ele>1714.70</ele><time>2026-05-16T16:25:22Z</time></trkpt><trkpt lat="41.77363095805049" lon="-111.60716998390853"><ele>1710.80</ele><time>2026-05-16T16:25:36Z</time></trkpt><trkpt lat="41.773663060739636" lon="-111.60742697305977"><ele>1706.90</ele><time>2026-05-16T16:25:50Z</time></trkpt><trkpt lat="41.773730954155326" lon="-111.60752495750785"><ele>1703.00</ele><time>2026-05-16T16:25:57Z</time></trkpt><trkpt lat="41.77380706183612" lon="-111.60758195444942"><ele>1704.20</ele><time>2026-05-16T16:26:03Z</time></trkpt><trkpt lat="41.77387093193829" lon="-111.60767993889749"><ele>1705.40</ele><time>2026-05-16T16:26:10Z</time></trkpt><trkpt lat="41.77390898577869" lon="-111.60777792334557"><ele>1706.60</ele><time>2026-05-16T16:26:16Z</time></trkpt><trkpt lat="41.77405206486583" lon="-111.60794195719063"><ele>1707.80</ele><time>2026-05-16T16:26:29Z</time></trkpt><trkpt lat="41.774240992963314" lon="-111.60836096853018"><ele>1709.00</ele><time>2026-05-16T16:26:54Z</time></trkpt><trkpt lat="41.774264055697884" lon="-111.60845040343702"><ele>1710.20</ele><time>2026-05-16T16:26:59Z</time></trkpt><trkpt lat="41.77433404579715" lon="-111.60853522829711"><ele>1711.40</ele><time>2026-05-16T16:27:06Z</time></trkpt><trkpt lat="41.77439497539212" lon="-111.60859080031514"><ele>1712.60</ele><time>2026-05-16T16:27:11Z</time></trkpt><trkpt lat="41.77448998773539" lon="-111.60880361683667"><ele>1713.80</ele><time>2026-05-16T16:27:24Z</time></trkpt><trkpt lat="41.77455606870353" lon="-111.60896698012948"><ele>1715.00</ele><time>2026-05-16T16:27:34Z</time></trkpt><trkpt lat="41.774567971006036" lon="-111.60914191044867"><ele>1715.00</ele><time>2026-05-16T16:27:43Z</time></trkpt><trkpt lat="41.77453301846981" lon="-111.60932396538556"><ele>1715.00</ele><time>2026-05-16T16:27:53Z</time></trkpt><trkpt lat="41.77453594769819" lon="-111.6094271466136"><ele>1715.00</ele><time>2026-05-16T16:27:58Z</time></trkpt><trkpt lat="41.774603997424286" lon="-111.6095481812954"><ele>1715.00</ele><time>2026-05-16T16:28:06Z</time></trkpt><trkpt lat="41.774707033725036" lon="-111.60964532755315"><ele>1715.00</ele><time>2026-05-16T16:28:15Z</time></trkpt><trkpt lat="41.77477204894048" lon="-111.60970190539956"><ele>1715.00</ele><time>2026-05-16T16:28:20Z</time></trkpt><trkpt lat="41.77484798899626" lon="-111.60991631448269"><ele>1715.00</ele><time>2026-05-16T16:28:33Z</time></trkpt><trkpt lat="41.774872809360026" lon="-111.60999331905737"><ele>1715.00</ele><time>2026-05-16T16:28:37Z</time></trkpt><trkpt lat="41.77481761744366" lon="-111.61012933223031"><ele>1715.00</ele><time>2026-05-16T16:28:45Z</time></trkpt><trkpt lat="41.77483562021323" lon="-111.61012530891679"><ele>1715.00</ele><time>2026-05-16T16:28:47Z</time></trkpt><trkpt lat="41.77487502849577" lon="-111.60997733473778"><ele>1715.00</ele><time>2026-05-16T16:28:55Z</time></trkpt><trkpt lat="41.77485999651253" lon="-111.60989502444863"><ele>1715.00</ele><time>2026-05-16T16:28:59Z</time></trkpt><trkpt lat="41.77480695738473" lon="-111.60977910272777"><ele>1715.00</ele><time>2026-05-16T16:29:06Z</time></trkpt><trkpt lat="41.77477299364552" lon="-111.60969536751509"><ele>1715.00</ele><time>2026-05-16T16:29:11Z</time></trkpt><trkpt lat="41.774712963462605" lon="-111.60964348353446"><ele>1715.00</ele><time>2026-05-16T16:29:16Z</time></trkpt><trkpt lat="41.774617012062535" lon="-111.60956041887403"><ele>1715.00</ele><time>2026-05-16T16:29:24Z</time></trkpt><trkpt lat="41.77453993822654" lon="-111.60943267866969"><ele>1715.00</ele><time>2026-05-16T16:29:33Z</time></trkpt><trkpt lat="41.774540948489935" lon="-111.6093476023525"><ele>1715.00</ele><time>2026-05-16T16:29:37Z</time></trkpt><trkpt lat="41.77456606141998" lon="-111.60910888575017"><ele>1715.00</ele><time>2026-05-16T16:29:50Z</time></trkpt><trkpt lat="41.77455890277681" lon="-111.60901333205402"><ele>1715.00</ele><time>2026-05-16T16:29:55Z</time></trkpt><trkpt lat="41.774507963475" lon="-111.60883236676455"><ele>1713.80</ele><time>2026-05-16T16:30:05Z</time></trkpt><trkpt lat="41.77439904851737" lon="-111.60859373398125"><ele>1712.60</ele><time>2026-05-16T16:30:20Z</time></trkpt><trkpt lat="41.77428199297543" lon="-111.60849357023835"><ele>1711.40</ele><time>2026-05-16T16:30:30Z</time></trkpt><trkpt lat="41.77424803376198" lon="-111.60839105956256"><ele>1710.20</ele><time>2026-05-16T16:30:35Z</time></trkpt><trkpt lat="41.77417301572859" lon="-111.60824093967676"><ele>1709.00</ele><time>2026-05-16T16:30:45Z</time></trkpt><trkpt lat="41.774116018787026" lon="-111.60807397216558"><ele>1707.80</ele><time>2026-05-16T16:30:55Z</time></trkpt><trkpt lat="41.77397394552827" lon="-111.60786501131952"><ele>1706.60</ele><time>2026-05-16T16:31:09Z</time></trkpt><trkpt lat="41.77382801659405" lon="-111.60760995000601"><ele>1705.40</ele><time>2026-05-16T16:31:26Z</time></trkpt><trkpt lat="41.77369499579072" lon="-111.60744591616094"><ele>1704.20</ele><time>2026-05-16T16:31:39Z</time></trkpt><trkpt lat="41.77366700023413" lon="-111.60728800110519"><ele>1703.00</ele><time>2026-05-16T16:31:47Z</time></trkpt><trkpt lat="41.77365300245583" lon="-111.60708197392523"><ele>1706.90</ele><time>2026-05-16T16:31:58Z</time></trkpt><trkpt lat="41.7736639123042" lon="-111.60683864727616"><ele>1710.80</ele><time>2026-05-16T16:32:11Z</time></trkpt><trkpt lat="41.773660962700795" lon="-111.60662398673594"><ele>1714.70</ele><time>2026-05-16T16:32:22Z</time></trkpt><trkpt lat="41.77358904853463" lon="-111.60632701590657"><ele>1718.60</ele><time>2026-05-16T16:32:38Z</time></trkpt><trkpt lat="41.77337302237411" lon="-111.60599836148322"><ele>1722.50</ele><time>2026-05-16T16:33:01Z</time></trkpt><trkpt lat="41.7732089689506" lon="-111.60576852969825"><ele>1726.40</ele><time>2026-05-16T16:33:18Z</time></trkpt><trkpt lat="41.77310699822366" lon="-111.60556443035603"><ele>1730.30</ele><time>2026-05-16T16:33:31Z</time></trkpt><trkpt lat="41.77305207907267" lon="-111.60540634766221"><ele>1734.20</ele><time>2026-05-16T16:33:40Z</time></trkpt><trkpt lat="41.77306404258908" lon="-111.60528212785721"><ele>1738.10</ele><time>2026-05-16T16:33:47Z</time></trkpt><trkpt lat="41.77309408360792" lon="-111.60520233213902"><ele>1742.00</ele><time>2026-05-16T16:33:51Z</time></trkpt><trkpt lat="41.77318404559968" lon="-111.60506042651832"><ele>1741.60</ele><time>2026-05-16T16:34:01Z</time></trkpt><trkpt lat="41.77319211480377" lon="-111.60487066023052"><ele>1741.20</ele><time>2026-05-16T16:34:11Z</time></trkpt><trkpt lat="41.773179093749974" lon="-111.60474644042552"><ele>1740.80</ele><time>2026-05-16T16:34:17Z</time></trkpt><trkpt lat="41.77310608210331" lon="-111.60474472213537"><ele>1740.40</ele><time>2026-05-16T16:34:23Z</time></trkpt><trkpt lat="41.77310358240275" lon="-111.60460707033053"><ele>1740.00</ele><time>2026-05-16T16:34:30Z</time></trkpt><trkpt lat="41.77300306491155" lon="-111.60440236330032"><ele>1739.60</ele><time>2026-05-16T16:34:43Z</time></trkpt><trkpt lat="41.77295998670161" lon="-111.6042759642005"><ele>1739.20</ele><time>2026-05-16T16:34:50Z</time></trkpt><trkpt lat="41.77283501252532" lon="-111.60412098281085"><ele>1738.80</ele><time>2026-05-16T16:35:02Z</time></trkpt><trkpt lat="41.77264591678977" lon="-111.60399902611971"><ele>1738.40</ele><time>2026-05-16T16:35:17Z</time></trkpt><trkpt lat="41.77258297511239" lon="-111.60392568446696"><ele>1738.00</ele><time>2026-05-16T16:35:22Z</time></trkpt><trkpt lat="41.772542066545164" lon="-111.60372200421989"><ele>1738.00</ele><time>2026-05-16T16:35:33Z</time></trkpt><trkpt lat="41.772564982990176" lon="-111.60354640334845"><ele>1738.00</ele><time>2026-05-16T16:35:43Z</time></trkpt><trkpt lat="41.772540934888006" lon="-111.60348395816982"><ele>1738.00</ele><time>2026-05-16T16:35:46Z</time></trkpt><trkpt lat="41.772561914663434" lon="-111.60324587021023"><ele>1738.00</ele><time>2026-05-16T16:35:59Z</time></trkpt><trkpt lat="41.77258889556481" lon="-111.60301046445966"><ele>1738.00</ele><time>2026-05-16T16:36:11Z</time></trkpt><trkpt lat="41.77261406712714" lon="-111.602897727862"><ele>1738.00</ele><time>2026-05-16T16:36:18Z</time></trkpt><trkpt lat="41.772574519927566" lon="-111.60274832043797"><ele>1738.00</ele><time>2026-05-16T16:36:26Z</time></trkpt><trkpt lat="41.77247496129956" lon="-111.60258550196886"><ele>1738.00</ele><time>2026-05-16T16:36:37Z</time></trkpt><trkpt lat="41.7724209916052" lon="-111.60260142758489"><ele>1738.00</ele><time>2026-05-16T16:36:41Z</time></trkpt><trkpt lat="41.77238795562938" lon="-111.60257435403764"><ele>1738.00</ele><time>2026-05-16T16:36:43Z</time></trkpt><trkpt lat="41.77233406634178" lon="-111.60241534933448"><ele>1737.00</ele><time>2026-05-16T16:36:53Z</time></trkpt><trkpt lat="41.772349991963274" lon="-111.60228358581662"><ele>1736.00</ele><time>2026-05-16T16:37:00Z</time></trkpt><trkpt lat="41.77233603926886" lon="-111.60214964300394"><ele>1735.00</ele><time>2026-05-16T16:37:07Z</time></trkpt><trkpt lat="41.77228694241673" lon="-111.60204210318625"><ele>1734.00</ele><time>2026-05-16T16:37:13Z</time></trkpt><trkpt lat="41.772212020849466" lon="-111.60191629081964"><ele>1733.00</ele><time>2026-05-16T16:37:22Z</time></trkpt><trkpt lat="41.77210704423487" lon="-111.6018530074507"><ele>1732.00</ele><time>2026-05-16T16:37:30Z</time></trkpt><trkpt lat="41.77204402175793" lon="-111.60181893501431"><ele>1731.00</ele><time>2026-05-16T16:37:35Z</time></trkpt><trkpt lat="41.772004003774285" lon="-111.60176072269678"><ele>1730.00</ele><time>2026-05-16T16:37:39Z</time></trkpt><trkpt lat="41.77201297176947" lon="-111.60166340880096"><ele>1729.00</ele><time>2026-05-16T16:37:44Z</time></trkpt><trkpt lat="41.77190098576191" lon="-111.60136559978127"><ele>1728.00</ele><time>2026-05-16T16:38:01Z</time></trkpt><trkpt lat="41.77178198958256" lon="-111.60101012326777"><ele>1728.90</ele><time>2026-05-16T16:38:22Z</time></trkpt><trkpt lat="41.771741745636525" lon="-111.60091067198664"><ele>1729.80</ele><time>2026-05-16T16:38:28Z</time></trkpt><trkpt lat="41.77172750692738" lon="-111.6007911041379"><ele>1730.70</ele><time>2026-05-16T16:38:34Z</time></trkpt><trkpt lat="41.771687027066946" lon="-111.60055196844041"><ele>1731.60</ele><time>2026-05-16T16:38:47Z</time></trkpt><trkpt lat="41.77167294546962" lon="-111.60043001174927"><ele>1732.50</ele><time>2026-05-16T16:38:53Z</time></trkpt><trkpt lat="41.77163899876177" lon="-111.60036304034293"><ele>1733.40</ele><time>2026-05-16T16:38:57Z</time></trkpt><trkpt lat="41.771620977669954" lon="-111.6001869365573"><ele>1734.30</ele><time>2026-05-16T16:39:07Z</time></trkpt><trkpt lat="41.77159591577947" lon="-111.60009297542274"><ele>1735.20</ele><time>2026-05-16T16:39:12Z</time></trkpt><trkpt lat="41.771599017083645" lon="-111.59998501650989"><ele>1736.10</ele><time>2026-05-16T16:39:18Z</time></trkpt><trkpt lat="41.77155199460685" lon="-111.59982802346349"><ele>1737.00</ele><time>2026-05-16T16:39:26Z</time></trkpt><trkpt lat="41.77154696546495" lon="-111.5997670032084"><ele>1737.00</ele><time>2026-05-16T16:39:30Z</time></trkpt><trkpt lat="41.771554006263614" lon="-111.59949995577335"><ele>1737.00</ele><time>2026-05-16T16:39:44Z</time></trkpt><trkpt lat="41.77158951037274" lon="-111.59937305375934"><ele>1737.00</ele><time>2026-05-16T16:39:51Z</time></trkpt><trkpt lat="41.771645018534706" lon="-111.59926760941744"><ele>1737.00</ele><time>2026-05-16T16:39:57Z</time></trkpt><trkpt lat="41.77171502262354" lon="-111.59921203739941"><ele>1737.00</ele><time>2026-05-16T16:40:03Z</time></trkpt><trkpt lat="41.77176405675709" lon="-111.59891900606453"><ele>1737.00</ele><time>2026-05-16T16:40:19Z</time></trkpt><trkpt lat="41.77177403122187" lon="-111.59862304106355"><ele>1737.00</ele><time>2026-05-16T16:40:34Z</time></trkpt><trkpt lat="41.7718449421227" lon="-111.59837602637708"><ele>1737.00</ele><time>2026-05-16T16:40:48Z</time></trkpt><trkpt lat="41.77191602066159" lon="-111.59821501001716"><ele>1737.00</ele><time>2026-05-16T16:40:58Z</time></trkpt><trkpt lat="41.7719670664519" lon="-111.59801862202585"><ele>1737.00</ele><time>2026-05-16T16:41:09Z</time></trkpt><trkpt lat="41.77202752220062" lon="-111.59798966255039"><ele>1739.90</ele><time>2026-05-16T16:41:13Z</time></trkpt><trkpt lat="41.77206597356406" lon="-111.59792851656675"><ele>1742.80</ele><time>2026-05-16T16:41:18Z</time></trkpt><trkpt lat="41.77222799509764" lon="-111.5977330505848"><ele>1745.70</ele><time>2026-05-16T16:41:33Z</time></trkpt><trkpt lat="41.77249504253268" lon="-111.59755895845592"><ele>1748.60</ele><time>2026-05-16T16:41:54Z</time></trkpt><trkpt lat="41.77255908027291" lon="-111.5976069867611"><ele>1751.50</ele><time>2026-05-16T16:41:59Z</time></trkpt><trkpt lat="41.772601571290366" lon="-111.59761746414006"><ele>1754.40</ele><time>2026-05-16T16:42:02Z</time></trkpt><trkpt lat="41.77267206753465" lon="-111.59754747524858"><ele>1757.30</ele><time>2026-05-16T16:42:08Z</time></trkpt><trkpt lat="41.772730075932635" lon="-111.59751051105559"><ele>1760.20</ele><time>2026-05-16T16:42:13Z</time></trkpt><trkpt lat="41.772826998927926" lon="-111.59736189991236"><ele>1763.10</ele><time>2026-05-16T16:42:23Z</time></trkpt><trkpt lat="41.77284703209687" lon="-111.59732619300485"><ele>1766.00</ele><time>2026-05-16T16:42:25Z</time></trkpt><trkpt lat="41.772875066734336" lon="-111.59731194376945"><ele>1766.00</ele><time>2026-05-16T16:42:27Z</time></trkpt><trkpt lat="41.77288803526514" lon="-111.597281685099"><ele>1766.00</ele><time>2026-05-16T16:42:29Z</time></trkpt><trkpt lat="41.77287199845392" lon="-111.5971696190536"><ele>1766.00</ele><time>2026-05-16T16:42:35Z</time></trkpt><trkpt lat="41.7729100249141" lon="-111.59698764793575"><ele>1766.00</ele><time>2026-05-16T16:42:45Z</time></trkpt><trkpt lat="41.772907040447556" lon="-111.5967137273401"><ele>1766.00</ele><time>2026-05-16T16:42:59Z</time></trkpt><trkpt lat="41.77286898661309" lon="-111.59659034572542"><ele>1766.00</ele><time>2026-05-16T16:43:06Z</time></trkpt><trkpt lat="41.77285497754975" lon="-111.59642505459487"><ele>1766.00</ele><time>2026-05-16T16:43:15Z</time></trkpt><trkpt lat="41.772880911489935" lon="-111.5963199455291"><ele>1766.00</ele><time>2026-05-16T16:43:21Z</time></trkpt><trkpt lat="41.77288597167536" lon="-111.59616932272911"><ele>1766.00</ele><time>2026-05-16T16:43:29Z</time></trkpt><trkpt lat="41.77290703480312" lon="-111.59602406434715"><ele>1766.00</ele><time>2026-05-16T16:43:36Z</time></trkpt><trkpt lat="41.77292905098338" lon="-111.59596857614815"><ele>1766.90</ele><time>2026-05-16T16:43:40Z</time></trkpt><trkpt lat="41.77294106532416" lon="-111.59590772353113"><ele>1767.80</ele><time>2026-05-16T16:43:43Z</time></trkpt><trkpt lat="41.77296701534775" lon="-111.59574997611344"><ele>1768.70</ele><time>2026-05-16T16:43:51Z</time></trkpt><trkpt lat="41.773004007760264" lon="-111.59562072716653"><ele>1769.60</ele><time>2026-05-16T16:43:59Z</time></trkpt><trkpt lat="41.77303801004877" lon="-111.59540665335953"><ele>1770.50</ele><time>2026-05-16T16:44:10Z</time></trkpt><trkpt lat="41.77306897790809" lon="-111.59534395672381"><ele>1771.40</ele><time>2026-05-16T16:44:14Z</time></trkpt><trkpt lat="41.773147058580165" lon="-111.5952543541789"><ele>1772.30</ele><time>2026-05-16T16:44:21Z</time></trkpt><trkpt lat="41.77320203255258" lon="-111.59515737555921"><ele>1773.20</ele><time>2026-05-16T16:44:28Z</time></trkpt><trkpt lat="41.77325403988512" lon="-111.59493735060096"><ele>1774.10</ele><time>2026-05-16T16:44:40Z</time></trkpt><trkpt lat="41.77337791308734" lon="-111.59460693597794"><ele>1775.00</ele><time>2026-05-16T16:44:59Z</time></trkpt><trkpt lat="41.77347396500409" lon="-111.59419999457896"><ele>1774.50</ele><time>2026-05-16T16:45:21Z</time></trkpt><trkpt lat="41.773546964728745" lon="-111.5938383154571"><ele>1774.00</ele><time>2026-05-16T16:45:41Z</time></trkpt><trkpt lat="41.773592998330855" lon="-111.59365475177765"><ele>1773.50</ele><time>2026-05-16T16:45:51Z</time></trkpt><trkpt lat="41.77361996543171" lon="-111.59342408180237"><ele>1773.00</ele><time>2026-05-16T16:46:03Z</time></trkpt><trkpt lat="41.77360103465617" lon="-111.59325392916799"><ele>1772.50</ele><time>2026-05-16T16:46:12Z</time></trkpt><trkpt lat="41.77357806824148" lon="-111.59306801855564"><ele>1772.00</ele><time>2026-05-16T16:46:22Z</time></trkpt><trkpt lat="41.77358401939273" lon="-111.59298897720873"><ele>1771.50</ele><time>2026-05-16T16:46:26Z</time></trkpt><trkpt lat="41.77368904463947" lon="-111.59274305216968"><ele>1771.00</ele><time>2026-05-16T16:46:41Z</time></trkpt><trkpt lat="41.77369407378137" lon="-111.59262000583112"><ele>1770.50</ele><time>2026-05-16T16:46:48Z</time></trkpt><trkpt lat="41.77372097969055" lon="-111.59249301999807"><ele>1770.00</ele><time>2026-05-16T16:46:55Z</time></trkpt><trkpt lat="41.77372399717569" lon="-111.59225204028189"><ele>1769.60</ele><time>2026-05-16T16:47:07Z</time></trkpt><trkpt lat="41.77375601604581" lon="-111.59210896119475"><ele>1769.20</ele><time>2026-05-16T16:47:15Z</time></trkpt><trkpt lat="41.77378199994564" lon="-111.5918630361557"><ele>1768.80</ele><time>2026-05-16T16:47:28Z</time></trkpt><trkpt lat="41.773766074329615" lon="-111.59151493571699"><ele>1768.40</ele><time>2026-05-16T16:47:46Z</time></trkpt><trkpt lat="41.77380295470357" lon="-111.59136699512601"><ele>1768.00</ele><time>2026-05-16T16:47:54Z</time></trkpt><trkpt lat="41.77382600493729" lon="-111.59133807756007"><ele>1767.60</ele><time>2026-05-16T16:47:57Z</time></trkpt><trkpt lat="41.773923989385366" lon="-111.59128594212234"><ele>1767.20</ele><time>2026-05-16T16:48:04Z</time></trkpt><trkpt lat="41.773941004648805" lon="-111.59123095683753"><ele>1766.80</ele><time>2026-05-16T16:48:07Z</time></trkpt><trkpt lat="41.77392801269889" lon="-111.59103599376976"><ele>1766.40</ele><time>2026-05-16T16:48:17Z</time></trkpt><trkpt lat="41.77394603379071" lon="-111.5904990490526"><ele>1766.00</ele><time>2026-05-16T16:48:45Z</time></trkpt><trkpt lat="41.773924911394715" lon="-111.5903780143708"><ele>1765.70</ele><time>2026-05-16T16:48:52Z</time></trkpt><trkpt lat="41.77393496967852" lon="-111.59022294916213"><ele>1765.40</ele><time>2026-05-16T16:49:00Z</time></trkpt><trkpt lat="41.77391749112447" lon="-111.59013996832073"><ele>1765.10</ele><time>2026-05-16T16:49:05Z</time></trkpt><trkpt lat="41.77391401492059" lon="-111.59005698747933"><ele>1764.80</ele><time>2026-05-16T16:49:09Z</time></trkpt><trkpt lat="41.77393605932593" lon="-111.58989504911005"><ele>1764.50</ele><time>2026-05-16T16:49:18Z</time></trkpt><trkpt lat="41.77393698133528" lon="-111.58975507132709"><ele>1764.20</ele><time>2026-05-16T16:49:25Z</time></trkpt><trkpt lat="41.773920049890876" lon="-111.58958994783461"><ele>1763.90</ele><time>2026-05-16T16:49:34Z</time></trkpt><trkpt lat="41.77389398217201" lon="-111.58951794728637"><ele>1763.60</ele><time>2026-05-16T16:49:38Z</time></trkpt><trkpt lat="41.77384450509064" lon="-111.58935387153178"><ele>1763.30</ele><time>2026-05-16T16:49:47Z</time></trkpt><trkpt lat="41.773831034079194" lon="-111.58917906694114"><ele>1763.00</ele><time>2026-05-16T16:49:56Z</time></trkpt><trkpt lat="41.77384252065388" lon="-111.58905400894582"><ele>1763.00</ele><time>2026-05-16T16:50:03Z</time></trkpt><trkpt lat="41.773854264954885" lon="-111.58899013884366"><ele>1763.00</ele><time>2026-05-16T16:50:06Z</time></trkpt><trkpt lat="41.77387000992894" lon="-111.58894504420459"><ele>1763.00</ele><time>2026-05-16T16:50:09Z</time></trkpt><trkpt lat="41.773920971900225" lon="-111.58888494595885"><ele>1763.00</ele><time>2026-05-16T16:50:14Z</time></trkpt><trkpt lat="41.774005016399684" lon="-111.58885187935084"><ele>1763.00</ele><time>2026-05-16T16:50:20Z</time></trkpt><trkpt lat="41.77406505681574" lon="-111.58878394402564"><ele>1763.00</ele><time>2026-05-16T16:50:25Z</time></trkpt><trkpt lat="41.77429755077369" lon="-111.58870096318424"><ele>1763.00</ele><time>2026-05-16T16:50:42Z</time></trkpt><trkpt lat="41.77450804039836" lon="-111.58856702037156"><ele>1763.00</ele><time>2026-05-16T16:50:59Z</time></trkpt><trkpt lat="41.77471901290119" lon="-111.58855796791613"><ele>1763.00</ele><time>2026-05-16T16:51:13Z</time></trkpt><trkpt lat="41.77486094428855" lon="-111.58843835815787"><ele>1763.00</ele><time>2026-05-16T16:51:25Z</time></trkpt><trkpt lat="41.77490141057711" lon="-111.5884093567729"><ele>1768.80</ele><time>2026-05-16T16:51:28Z</time></trkpt><trkpt lat="41.77513190545142" lon="-111.58830793574452"><ele>1774.60</ele><time>2026-05-16T16:51:45Z</time></trkpt><trkpt lat="41.77534497343004" lon="-111.58813090994954"><ele>1780.40</ele><time>2026-05-16T16:52:03Z</time></trkpt><trkpt lat="41.77550699561834" lon="-111.58806201070547"><ele>1786.20</ele><time>2026-05-16T16:52:15Z</time></trkpt><trkpt lat="41.7756110150367" lon="-111.58799001015723"><ele>1792.00</ele><time>2026-05-16T16:52:23Z</time></trkpt><trkpt lat="41.7757079936564" lon="-111.58788297325373"><ele>1797.80</ele><time>2026-05-16T16:52:32Z</time></trkpt><trkpt lat="41.775854928418994" lon="-111.58783301711082"><ele>1803.60</ele><time>2026-05-16T16:52:43Z</time></trkpt><trkpt lat="41.77600705996156" lon="-111.58774198964238"><ele>1809.40</ele><time>2026-05-16T16:52:54Z</time></trkpt><trkpt lat="41.77611803635955" lon="-111.58773100934923"><ele>1815.20</ele><time>2026-05-16T16:53:02Z</time></trkpt><trkpt lat="41.77636002190411" lon="-111.58754803240299"><ele>1821.00</ele><time>2026-05-16T16:53:21Z</time></trkpt><trkpt lat="41.77653897553682" lon="-111.5873210504651"><ele>1822.80</ele><time>2026-05-16T16:53:39Z</time></trkpt><trkpt lat="41.77671507932246" lon="-111.58692701719701"><ele>1824.60</ele><time>2026-05-16T16:54:03Z</time></trkpt><trkpt lat="41.77677593193948" lon="-111.58685602247715"><ele>1826.40</ele><time>2026-05-16T16:54:08Z</time></trkpt><trkpt lat="41.77691808901727" lon="-111.5867430344224"><ele>1828.20</ele><time>2026-05-16T16:54:20Z</time></trkpt><trkpt lat="41.777012972161174" lon="-111.58661998808384"><ele>1830.00</ele><time>2026-05-16T16:54:29Z</time></trkpt><trkpt lat="41.77734596610026" lon="-111.58642292954028"><ele>1831.80</ele><time>2026-05-16T16:54:55Z</time></trkpt><trkpt lat="41.77754798904061" lon="-111.58618404529989"><ele>1833.60</ele><time>2026-05-16T16:55:14Z</time></trkpt><trkpt lat="41.77767204120755" lon="-111.5861179959029"><ele>1835.40</ele><time>2026-05-16T16:55:23Z</time></trkpt><trkpt lat="41.77776103821673" lon="-111.58605974167585"><ele>1837.20</ele><time>2026-05-16T16:55:30Z</time></trkpt><trkpt lat="41.77782353860586" lon="-111.58597294706851"><ele>1839.00</ele><time>2026-05-16T16:55:36Z</time></trkpt><trkpt lat="41.77790204063058" lon="-111.58590492792428"><ele>1841.60</ele><time>2026-05-16T16:55:43Z</time></trkpt><trkpt lat="41.77822197787464" lon="-111.58569596707821"><ele>1844.20</ele><time>2026-05-16T16:56:08Z</time></trkpt><trkpt lat="41.77837804891169" lon="-111.58554199151695"><ele>1846.80</ele><time>2026-05-16T16:56:21Z</time></trkpt><trkpt lat="41.778560020029545" lon="-111.58543897792697"><ele>1849.40</ele><time>2026-05-16T16:56:35Z</time></trkpt><trkpt lat="41.77878700196743" lon="-111.58517302013934"><ele>1852.00</ele><time>2026-05-16T16:56:56Z</time></trkpt><trkpt lat="41.778887975283425" lon="-111.58509619999677"><ele>1854.60</ele><time>2026-05-16T16:57:05Z</time></trkpt><trkpt lat="41.778985948173485" lon="-111.5850180387497"><ele>1857.20</ele><time>2026-05-16T16:57:13Z</time></trkpt><trkpt lat="41.7790599782061" lon="-111.58494913950562"><ele>1859.80</ele><time>2026-05-16T16:57:19Z</time></trkpt><trkpt lat="41.779117006677176" lon="-111.58485610038042"><ele>1862.40</ele><time>2026-05-16T16:57:25Z</time></trkpt><trkpt lat="41.77915802345514" lon="-111.58473523333669"><ele>1865.00</ele><time>2026-05-16T16:57:32Z</time></trkpt><trkpt lat="41.77916703745723" lon="-111.58460900187492"><ele>1863.30</ele><time>2026-05-16T16:57:39Z</time></trkpt><trkpt lat="41.779248006641865" lon="-111.58446097746491"><ele>1861.60</ele><time>2026-05-16T16:57:48Z</time></trkpt><trkpt lat="41.779294945299625" lon="-111.58441303297877"><ele>1859.90</ele><time>2026-05-16T16:57:53Z</time></trkpt><trkpt lat="41.77938295528293" lon="-111.58441303297877"><ele>1858.20</ele><time>2026-05-16T16:57:59Z</time></trkpt><trkpt lat="41.779464930295944" lon="-111.58435704186559"><ele>1856.50</ele><time>2026-05-16T16:58:05Z</time></trkpt><trkpt lat="41.77961898967624" lon="-111.58415302634239"><ele>1854.80</ele><time>2026-05-16T16:58:20Z</time></trkpt><trkpt lat="41.77966299466789" lon="-111.58402503468096"><ele>1853.10</ele><time>2026-05-16T16:58:28Z</time></trkpt><trkpt lat="41.779676992446184" lon="-111.58392897807062"><ele>1851.40</ele><time>2026-05-16T16:58:33Z</time></trkpt><trkpt lat="41.779742958024144" lon="-111.5838229469955"><ele>1849.70</ele><time>2026-05-16T16:58:40Z</time></trkpt><trkpt lat="41.77979894913733" lon="-111.58362999558449"><ele>1848.00</ele><time>2026-05-16T16:58:51Z</time></trkpt><trkpt lat="41.77990196272731" lon="-111.5834759362042"><ele>1849.60</ele><time>2026-05-16T16:59:02Z</time></trkpt><trkpt lat="41.78020890802145" lon="-111.58330796286464"><ele>1851.20</ele><time>2026-05-16T16:59:25Z</time></trkpt><trkpt lat="41.78037000820041" lon="-111.58325599506497"><ele>1852.80</ele><time>2026-05-16T16:59:37Z</time></trkpt><trkpt lat="41.78070796653628" lon="-111.58321903087199"><ele>1854.40</ele><time>2026-05-16T17:00:00Z</time></trkpt><trkpt lat="41.78091206587851" lon="-111.58327099867165"><ele>1856.00</ele><time>2026-05-16T17:00:15Z</time></trkpt><trkpt lat="41.78113602656443" lon="-111.58323022071272"><ele>1857.60</ele><time>2026-05-16T17:00:31Z</time></trkpt><trkpt lat="41.78128598257899" lon="-111.58317603170872"><ele>1859.20</ele><time>2026-05-16T17:00:42Z</time></trkpt><trkpt lat="41.78148091097734" lon="-111.58318474888802"><ele>1860.80</ele><time>2026-05-16T17:00:55Z</time></trkpt><trkpt lat="41.7816960079373" lon="-111.58309690654278"><ele>1862.40</ele><time>2026-05-16T17:01:11Z</time></trkpt><trkpt lat="41.78208995736791" lon="-111.58294636756182"><ele>1864.00</ele><time>2026-05-16T17:01:40Z</time></trkpt><trkpt lat="41.78241693539534" lon="-111.58282575197518"><ele>1864.00</ele><time>2026-05-16T17:02:04Z</time></trkpt><trkpt lat="41.78269004097641" lon="-111.58273137174547"><ele>1864.00</ele><time>2026-05-16T17:02:23Z</time></trkpt><trkpt lat="41.782796024430816" lon="-111.58273606561124"><ele>1864.00</ele><time>2026-05-16T17:02:31Z</time></trkpt><trkpt lat="41.782900007654135" lon="-111.5827367361635"><ele>1864.00</ele><time>2026-05-16T17:02:38Z</time></trkpt><trkpt lat="41.78302599346317" lon="-111.58277386799455"><ele>1864.00</ele><time>2026-05-16T17:02:47Z</time></trkpt><trkpt lat="41.78331599570811" lon="-111.58288895152509"><ele>1864.00</ele><time>2026-05-16T17:03:08Z</time></trkpt><trkpt lat="41.783395037055016" lon="-111.58287797123194"><ele>1864.00</ele><time>2026-05-16T17:03:14Z</time></trkpt><trkpt lat="41.783396964892745" lon="-111.58280798234046"><ele>1864.00</ele><time>2026-05-16T17:03:18Z</time></trkpt><trkpt lat="41.783314906060696" lon="-111.58268401399255"><ele>1864.00</ele><time>2026-05-16T17:03:26Z</time></trkpt><trkpt lat="41.783221028745174" lon="-111.58256993629038"><ele>1864.00</ele><time>2026-05-16T17:03:35Z</time></trkpt><trkpt lat="41.78308591246605" lon="-111.582449991256"><ele>1864.00</ele><time>2026-05-16T17:03:47Z</time></trkpt><trkpt lat="41.782902013510466" lon="-111.5822290442884"><ele>1864.00</ele><time>2026-05-16T17:04:04Z</time></trkpt><trkpt lat="41.78287007845938" lon="-111.58217397518456"><ele>1864.00</ele><time>2026-05-16T17:04:08Z</time></trkpt><trkpt lat="41.782855074852705" lon="-111.58207800239325"><ele>1864.00</ele><time>2026-05-16T17:04:13Z</time></trkpt><trkpt lat="41.78287192247808" lon="-111.58198001794517"><ele>1864.00</ele><time>2026-05-16T17:04:18Z</time></trkpt><trkpt lat="41.782945012673736" lon="-111.58184506930411"><ele>1864.00</ele><time>2026-05-16T17:04:27Z</time></trkpt><trkpt lat="41.78297309204936" lon="-111.58170794136822"><ele>1864.00</ele><time>2026-05-16T17:04:34Z</time></trkpt><trkpt lat="41.78304806857641" lon="-111.58161643194035"><ele>1864.00</ele><time>2026-05-16T17:04:41Z</time></trkpt><trkpt lat="41.783099044423636" lon="-111.58149810042232"><ele>1864.00</ele><time>2026-05-16T17:04:48Z</time></trkpt><trkpt lat="41.783212996274685" lon="-111.58126143738627"><ele>1864.00</ele><time>2026-05-16T17:05:03Z</time></trkpt><trkpt lat="41.783302029489256" lon="-111.5811306796968"><ele>1869.40</ele><time>2026-05-16T17:05:12Z</time></trkpt><trkpt lat="41.78340905476136" lon="-111.58089900389314"><ele>1874.80</ele><time>2026-05-16T17:05:27Z</time></trkpt><trkpt lat="41.78350105899445" lon="-111.5805436950177"><ele>1880.20</ele><time>2026-05-16T17:05:46Z</time></trkpt><trkpt lat="41.783629030732826" lon="-111.58027505502105"><ele>1885.60</ele><time>2026-05-16T17:06:03Z</time></trkpt><trkpt lat="41.783669983362316" lon="-111.5801343228668"><ele>1891.00</ele><time>2026-05-16T17:06:11Z</time></trkpt><trkpt lat="41.783694019541144" lon="-111.58005402423441"><ele>1896.40</ele><time>2026-05-16T17:06:15Z</time></trkpt><trkpt lat="41.7837330210766" lon="-111.57991027459502"><ele>1901.80</ele><time>2026-05-16T17:06:23Z</time></trkpt><trkpt lat="41.78378697484732" lon="-111.57940400764346"><ele>1907.20</ele><time>2026-05-16T17:06:50Z</time></trkpt><trkpt lat="41.78387104533613" lon="-111.57894602045417"><ele>1912.60</ele><time>2026-05-16T17:07:15Z</time></trkpt><trkpt lat="41.783910021185875" lon="-111.5788099821657"><ele>1918.00</ele><time>2026-05-16T17:07:22Z</time></trkpt><trkpt lat="41.783913960680366" lon="-111.57865902408957"><ele>1918.80</ele><time>2026-05-16T17:07:30Z</time></trkpt><trkpt lat="41.78395293653011" lon="-111.57838300801814"><ele>1919.60</ele><time>2026-05-16T17:07:45Z</time></trkpt><trkpt lat="41.78393801674247" lon="-111.57817396335304"><ele>1920.40</ele><time>2026-05-16T17:07:56Z</time></trkpt><trkpt lat="41.7838070075959" lon="-111.57792493700981"><ele>1921.20</ele><time>2026-05-16T17:08:12Z</time></trkpt><trkpt lat="41.783699970692396" lon="-111.57765604555607"><ele>1922.00</ele><time>2026-05-16T17:08:28Z</time></trkpt><trkpt lat="41.78367809392512" lon="-111.57755898311734"><ele>1922.80</ele><time>2026-05-16T17:08:33Z</time></trkpt><trkpt lat="41.783677004277706" lon="-111.57748606055975"><ele>1923.60</ele><time>2026-05-16T17:08:37Z</time></trkpt><trkpt lat="41.78371095098555" lon="-111.5773260500282"><ele>1924.40</ele><time>2026-05-16T17:08:46Z</time></trkpt><trkpt lat="41.78376308642328" lon="-111.57722898758948"><ele>1925.20</ele><time>2026-05-16T17:08:52Z</time></trkpt><trkpt lat="41.783934915438294" lon="-111.5770289953798"><ele>1926.00</ele><time>2026-05-16T17:09:08Z</time></trkpt><trkpt lat="41.7842039745301" lon="-111.57690594904125"><ele>1926.00</ele><time>2026-05-16T17:09:28Z</time></trkpt><trkpt lat="41.7842919845134" lon="-111.57689798623323"><ele>1926.00</ele><time>2026-05-16T17:09:34Z</time></trkpt><trkpt lat="41.78433205001056" lon="-111.57687099650502"><ele>1926.00</ele><time>2026-05-16T17:09:37Z</time></trkpt><trkpt lat="41.78443003445864" lon="-111.57672406174242"><ele>1926.00</ele><time>2026-05-16T17:09:48Z</time></trkpt><trkpt lat="41.78448801507919" lon="-111.57654707785696"><ele>1926.00</ele><time>2026-05-16T17:09:58Z</time></trkpt><trkpt lat="41.78452399559319" lon="-111.57636204734445"><ele>1926.00</ele><time>2026-05-16T17:10:08Z</time></trkpt><trkpt lat="41.78455903194845" lon="-111.57629298046231"><ele>1926.00</ele><time>2026-05-16T17:10:12Z</time></trkpt><trkpt lat="41.78465106524527" lon="-111.57619206234813"><ele>1926.00</ele><time>2026-05-16T17:10:20Z</time></trkpt><trkpt lat="41.78467797115445" lon="-111.57613690942526"><ele>1926.00</ele><time>2026-05-16T17:10:24Z</time></trkpt><trkpt lat="41.784729938954115" lon="-111.57610296271741"><ele>1926.00</ele><time>2026-05-16T17:10:28Z</time></trkpt><trkpt lat="41.78506102412939" lon="-111.57571303658187"><ele>1927.90</ele><time>2026-05-16T17:10:59Z</time></trkpt><trkpt lat="41.78538599051535" lon="-111.57540592364967"><ele>1929.80</ele><time>2026-05-16T17:11:27Z</time></trkpt><trkpt lat="41.78544198162854" lon="-111.5752849727869"><ele>1931.70</ele><time>2026-05-16T17:11:34Z</time></trkpt><trkpt lat="41.785559076815844" lon="-111.57513292506337"><ele>1933.60</ele><time>2026-05-16T17:11:46Z</time></trkpt><trkpt lat="41.785927042365074" lon="-111.57472397200763"><ele>1935.50</ele><time>2026-05-16T17:12:19Z</time></trkpt><trkpt lat="41.78628000430763" lon="-111.57436505891383"><ele>1937.40</ele><time>2026-05-16T17:12:50Z</time></trkpt><trkpt lat="41.7863090056926" lon="-111.57431493513286"><ele>1939.30</ele><time>2026-05-16T17:12:53Z</time></trkpt><trkpt lat="41.78630196489394" lon="-111.57423103228211"><ele>1941.20</ele><time>2026-05-16T17:12:58Z</time></trkpt><trkpt lat="41.78632498878823" lon="-111.57418920658529"><ele>1943.10</ele><time>2026-05-16T17:13:01Z</time></trkpt><trkpt lat="41.786358012415285" lon="-111.57415006309748"><ele>1945.00</ele><time>2026-05-16T17:13:04Z</time></trkpt><trkpt lat="41.78642702288926" lon="-111.5740660764277"><ele>1946.70</ele><time>2026-05-16T17:13:10Z</time></trkpt><trkpt lat="41.78651204832425" lon="-111.5739384200424"><ele>1948.40</ele><time>2026-05-16T17:13:19Z</time></trkpt><trkpt lat="41.78652592934668" lon="-111.57389500178397"><ele>1950.10</ele><time>2026-05-16T17:13:22Z</time></trkpt><trkpt lat="41.78660907782614" lon="-111.57384705729783"><ele>1951.80</ele><time>2026-05-16T17:13:28Z</time></trkpt><trkpt lat="41.78681504065171" lon="-111.57370984554291"><ele>1953.50</ele><time>2026-05-16T17:13:44Z</time></trkpt><trkpt lat="41.787147028802835" lon="-111.57356768846512"><ele>1955.20</ele><time>2026-05-16T17:14:09Z</time></trkpt><trkpt lat="41.78725502457781" lon="-111.57341480255127"><ele>1956.90</ele><time>2026-05-16T17:14:20Z</time></trkpt><trkpt lat="41.78741301806895" lon="-111.57326996326447"><ele>1958.60</ele><time>2026-05-16T17:14:33Z</time></trkpt><trkpt lat="41.787601009817024" lon="-111.57321363687515"><ele>1960.30</ele><time>2026-05-16T17:14:47Z</time></trkpt><trkpt lat="41.78787099700145" lon="-111.57324314117432"><ele>1962.00</ele><time>2026-05-16T17:15:06Z</time></trkpt><trkpt lat="41.78799899052866" lon="-111.57318413257599"><ele>1962.70</ele><time>2026-05-16T17:15:15Z</time></trkpt><trkpt lat="41.78808698593036" lon="-111.57313853502274"><ele>1963.40</ele><time>2026-05-16T17:15:22Z</time></trkpt><trkpt lat="41.78822097869645" lon="-111.57310098409653"><ele>1964.10</ele><time>2026-05-16T17:15:31Z</time></trkpt><trkpt lat="41.78835697106819" lon="-111.5730232000351"><ele>1964.80</ele><time>2026-05-16T17:15:42Z</time></trkpt><trkpt lat="41.78846696468726" lon="-111.57289981842041"><ele>1965.50</ele><time>2026-05-16T17:15:52Z</time></trkpt><trkpt lat="41.78864895371527" lon="-111.57270401716232"><ele>1966.20</ele><time>2026-05-16T17:16:08Z</time></trkpt><trkpt lat="41.788748947466786" lon="-111.57260209321976"><ele>1966.90</ele><time>2026-05-16T17:16:17Z</time></trkpt><trkpt lat="41.7888269424847" lon="-111.57250016927719"><ele>1967.60</ele><time>2026-05-16T17:16:24Z</time></trkpt><trkpt lat="41.78890093767039" lon="-111.57242774963379"><ele>1968.30</ele><time>2026-05-16T17:16:31Z</time></trkpt><trkpt lat="41.78898093236964" lon="-111.57230168581009"><ele>1969.00</ele><time>2026-05-16T17:16:40Z</time></trkpt><trkpt lat="41.78916092007802" lon="-111.5719422698021"><ele>1969.00</ele><time>2026-05-16T17:17:02Z</time></trkpt><trkpt lat="41.789132922023235" lon="-111.57189667224884"><ele>1969.00</ele><time>2026-05-16T17:17:05Z</time></trkpt><trkpt lat="41.78892893582647" lon="-111.5720522403717"><ele>1969.00</ele><time>2026-05-16T17:17:22Z</time></trkpt><trkpt lat="41.78875894683334" lon="-111.572105884552"><ele>1969.00</ele><time>2026-05-16T17:17:34Z</time></trkpt><trkpt lat="41.78865095359182" lon="-111.57212734222412"><ele>1969.00</ele><time>2026-05-16T17:17:42Z</time></trkpt><trkpt lat="41.78865095359182" lon="-111.57207101583481"><ele>1969.00</ele><time>2026-05-16T17:17:45Z</time></trkpt><trkpt lat="41.78875894683334" lon="-111.57183229923248"><ele>1969.00</ele><time>2026-05-16T17:17:59Z</time></trkpt><trkpt lat="41.78878694505148" lon="-111.57162576913834"><ele>1969.00</ele><time>2026-05-16T17:18:10Z</time></trkpt><trkpt lat="41.78880094415594" lon="-111.5713495016098"><ele>1969.00</ele><time>2026-05-16T17:18:25Z</time></trkpt><trkpt lat="41.78887493937163" lon="-111.571204662323"><ele>1969.00</ele><time>2026-05-16T17:18:34Z</time></trkpt><trkpt lat="41.78938090436863" lon="-111.570845246315"><ele>1971.00</ele><time>2026-05-16T17:19:14Z</time></trkpt><trkpt lat="41.789560890954014" lon="-111.57089352607727"><ele>1973.00</ele><time>2026-05-16T17:19:27Z</time></trkpt><trkpt lat="41.789810871484256" lon="-111.57084256410599"><ele>1975.00</ele><time>2026-05-16T17:19:45Z</time></trkpt><trkpt lat="41.78997085851204" lon="-111.5707191824913"><ele>1977.00</ele><time>2026-05-16T17:19:58Z</time></trkpt><trkpt lat="41.790448817379286" lon="-111.57049924135208"><ele>1979.00</ele><time>2026-05-16T17:20:33Z</time></trkpt><trkpt lat="41.79078678614289" lon="-111.57019346952438"><ele>1981.00</ele><time>2026-05-16T17:21:02Z</time></trkpt><trkpt lat="41.790988766624324" lon="-111.5699815750122"><ele>1983.00</ele><time>2026-05-16T17:21:20Z</time></trkpt><trkpt lat="41.79135672942993" lon="-111.56957924365997"><ele>1985.00</ele><time>2026-05-16T17:21:53Z</time></trkpt><trkpt lat="41.79177468461975" lon="-111.56902402639389"><ele>1987.00</ele><time>2026-05-16T17:22:34Z</time></trkpt><trkpt lat="41.791872673719666" lon="-111.56866997480392"><ele>1989.00</ele><time>2026-05-16T17:22:54Z</time></trkpt><trkpt lat="41.791958664030865" lon="-111.56824886798859"><ele>1989.80</ele><time>2026-05-16T17:23:17Z</time></trkpt><trkpt lat="41.7920486537679" lon="-111.5681254863739"><ele>1990.60</ele><time>2026-05-16T17:23:26Z</time></trkpt><trkpt lat="41.79200865834482" lon="-111.56809329986572"><ele>1991.40</ele><time>2026-05-16T17:23:29Z</time></trkpt><trkpt lat="41.791868674167496" lon="-111.56819522380829"><ele>1992.20</ele><time>2026-05-16T17:23:40Z</time></trkpt><trkpt lat="41.79172868968446" lon="-111.568323969841"><ele>1993.00</ele><time>2026-05-16T17:23:52Z</time></trkpt><trkpt lat="41.79172269034264" lon="-111.56828373670578"><ele>1993.80</ele><time>2026-05-16T17:23:54Z</time></trkpt><trkpt lat="41.79185667550949" lon="-111.56796455383301"><ele>1994.60</ele><time>2026-05-16T17:24:13Z</time></trkpt><trkpt lat="41.79188267259898" lon="-111.56746029853821"><ele>1995.40</ele><time>2026-05-16T17:24:40Z</time></trkpt><trkpt lat="41.791794682407414" lon="-111.56706869602203"><ele>1996.20</ele><time>2026-05-16T17:25:01Z</time></trkpt><trkpt lat="41.791760686164686" lon="-111.56623989343643"><ele>1997.00</ele><time>2026-05-16T17:25:45Z</time></trkpt><trkpt lat="41.791650698197024" lon="-111.56582683324814"><ele>1995.00</ele><time>2026-05-16T17:26:08Z</time></trkpt><trkpt lat="41.79154470961327" lon="-111.56555324792862"><ele>1993.00</ele><time>2026-05-16T17:26:24Z</time></trkpt><trkpt lat="41.79166069711097" lon="-111.56551569700241"><ele>1991.00</ele><time>2026-05-16T17:26:32Z</time></trkpt><trkpt lat="41.79197466221557" lon="-111.56553715467453"><ele>1989.00</ele><time>2026-05-16T17:26:54Z</time></trkpt><trkpt lat="41.79226062909364" lon="-111.56549960374832"><ele>1987.00</ele><time>2026-05-16T17:27:14Z</time></trkpt><trkpt lat="41.7924886017748" lon="-111.5655505657196"><ele>1985.00</ele><time>2026-05-16T17:27:31Z</time></trkpt><trkpt lat="41.792636583607546" lon="-111.56565517187119"><ele>1983.00</ele><time>2026-05-16T17:27:42Z</time></trkpt><trkpt lat="41.7930885260088" lon="-111.56611919403076"><ele>1981.00</ele><time>2026-05-16T17:28:22Z</time></trkpt><trkpt lat="41.79400639921931" lon="-111.56660199165344"><ele>1979.00</ele><time>2026-05-16T17:29:31Z</time></trkpt><trkpt lat="41.79421436866493" lon="-111.56677901744843"><ele>1977.00</ele><time>2026-05-16T17:29:49Z</time></trkpt><trkpt lat="41.79450232524483" lon="-111.56719744205475"><ele>1977.00</ele><time>2026-05-16T17:30:18Z</time></trkpt><trkpt lat="41.79458831202826" lon="-111.56725376844406"><ele>1977.00</ele><time>2026-05-16T17:30:25Z</time></trkpt><trkpt lat="41.794712292768736" lon="-111.56728059053421"><ele>1977.00</ele><time>2026-05-16T17:30:34Z</time></trkpt><trkpt lat="41.794762284934976" lon="-111.5672779083252"><ele>1977.00</ele><time>2026-05-16T17:30:37Z</time></trkpt><trkpt lat="41.79482200182974" lon="-111.56725301407278"><ele>1977.00</ele><time>2026-05-16T17:30:42Z</time></trkpt><trkpt lat="41.79483993910253" lon="-111.56722292304039"><ele>1977.00</ele><time>2026-05-16T17:30:44Z</time></trkpt><trkpt lat="41.79504604411164" lon="-111.56715620309114"><ele>1977.00</ele><time>2026-05-16T17:30:59Z</time></trkpt><trkpt lat="41.79510899819434" lon="-111.56713608652353"><ele>1977.00</ele><time>2026-05-16T17:31:03Z</time></trkpt><trkpt lat="41.79536395759795" lon="-111.5670271217823"><ele>1977.00</ele><time>2026-05-16T17:31:22Z</time></trkpt><trkpt lat="41.79554108530283" lon="-111.5668270457536"><ele>1977.00</ele><time>2026-05-16T17:31:38Z</time></trkpt><trkpt lat="41.795619959011674" lon="-111.56669704243541"><ele>1980.10</ele><time>2026-05-16T17:31:47Z</time></trkpt><trkpt lat="41.795835038647056" lon="-111.56627300195396"><ele>1983.20</ele><time>2026-05-16T17:32:14Z</time></trkpt><trkpt lat="41.79608406499028" lon="-111.56549893319607"><ele>1986.30</ele><time>2026-05-16T17:32:58Z</time></trkpt><trkpt lat="41.796224964782596" lon="-111.56499803066254"><ele>1989.40</ele><time>2026-05-16T17:33:26Z</time></trkpt><trkpt lat="41.79632102139294" lon="-111.56472595408559"><ele>1992.50</ele><time>2026-05-16T17:33:42Z</time></trkpt><trkpt lat="41.79640492424369" lon="-111.56458999961615"><ele>1995.60</ele><time>2026-05-16T17:33:51Z</time></trkpt><trkpt lat="41.79666803218424" lon="-111.56439403072"><ele>1998.70</ele><time>2026-05-16T17:34:12Z</time></trkpt><trkpt lat="41.79675495252013" lon="-111.56429193913937"><ele>2001.80</ele><time>2026-05-16T17:34:20Z</time></trkpt><trkpt lat="41.796841034665704" lon="-111.56416797079146"><ele>2004.90</ele><time>2026-05-16T17:34:29Z</time></trkpt><trkpt lat="41.79690096527338" lon="-111.56399706378579"><ele>2008.00</ele><time>2026-05-16T17:34:39Z</time></trkpt><trkpt lat="41.79704404436052" lon="-111.56373001635075"><ele>2009.20</ele><time>2026-05-16T17:34:56Z</time></trkpt><trkpt lat="41.797209000214934" lon="-111.56354502774775"><ele>2010.40</ele><time>2026-05-16T17:35:11Z</time></trkpt><trkpt lat="41.797423996031284" lon="-111.56320296227932"><ele>2011.60</ele><time>2026-05-16T17:35:35Z</time></trkpt><trkpt lat="41.79750001989305" lon="-111.56301495619118"><ele>2012.80</ele><time>2026-05-16T17:35:46Z</time></trkpt><trkpt lat="41.79759096354246" lon="-111.56265906058252"><ele>2014.00</ele><time>2026-05-16T17:36:05Z</time></trkpt><trkpt lat="41.797618037089705" lon="-111.56241095624864"><ele>2015.20</ele><time>2026-05-16T17:36:19Z</time></trkpt><trkpt lat="41.7977290134877" lon="-111.56176496297121"><ele>2016.40</ele><time>2026-05-16T17:36:53Z</time></trkpt><trkpt lat="41.797814927995205" lon="-111.56142792664468"><ele>2017.60</ele><time>2026-05-16T17:37:12Z</time></trkpt><trkpt lat="41.79793401204392" lon="-111.56099734827876"><ele>2018.80</ele><time>2026-05-16T17:37:36Z</time></trkpt><trkpt lat="41.79803302511573" lon="-111.5605449769646"><ele>2020.00</ele><time>2026-05-16T17:38:00Z</time></trkpt><trkpt lat="41.79808499291539" lon="-111.5604009758681"><ele>2021.30</ele><time>2026-05-16T17:38:09Z</time></trkpt><trkpt lat="41.79814299568534" lon="-111.56033299863338"><ele>2022.60</ele><time>2026-05-16T17:38:14Z</time></trkpt><trkpt lat="41.79825203142847" lon="-111.56028815545142"><ele>2023.90</ele><time>2026-05-16T17:38:22Z</time></trkpt><trkpt lat="41.798445043218585" lon="-111.56019947491586"><ele>2025.20</ele><time>2026-05-16T17:38:37Z</time></trkpt><trkpt lat="41.798583967611194" lon="-111.56008003279567"><ele>2026.50</ele><time>2026-05-16T17:38:48Z</time></trkpt><trkpt lat="41.798823019489646" lon="-111.55976604670286"><ele>2027.80</ele><time>2026-05-16T17:39:12Z</time></trkpt><trkpt lat="41.79906902834773" lon="-111.55954803340137"><ele>2029.10</ele><time>2026-05-16T17:39:32Z</time></trkpt><trkpt lat="41.799317970871925" lon="-111.5591490548104"><ele>2030.40</ele><time>2026-05-16T17:39:59Z</time></trkpt><trkpt lat="41.79940698668361" lon="-111.55907906591892"><ele>2031.70</ele><time>2026-05-16T17:40:07Z</time></trkpt><trkpt lat="41.79948401637375" lon="-111.55905199237168"><ele>2033.00</ele><time>2026-05-16T17:40:12Z</time></trkpt><trkpt lat="41.79958501830697" lon="-111.55909096822143"><ele>2033.00</ele><time>2026-05-16T17:40:20Z</time></trkpt><trkpt lat="41.79964897222817" lon="-111.55915902927518"><ele>2033.00</ele><time>2026-05-16T17:40:25Z</time></trkpt><trkpt lat="41.799679985269904" lon="-111.55921996571124"><ele>2033.00</ele><time>2026-05-16T17:40:29Z</time></trkpt><trkpt lat="41.79970094002783" lon="-111.55935801565647"><ele>2033.00</ele><time>2026-05-16T17:40:37Z</time></trkpt><trkpt lat="41.79967797361314" lon="-111.55959296040237"><ele>2033.00</ele><time>2026-05-16T17:40:49Z</time></trkpt><trkpt lat="41.79966998865976" lon="-111.55971106141806"><ele>2033.00</ele><time>2026-05-16T17:40:55Z</time></trkpt><trkpt lat="41.799720920334444" lon="-111.55986520461738"><ele>2033.00</ele><time>2026-05-16T17:41:04Z</time></trkpt><trkpt lat="41.79990604519844" lon="-111.56013895757496"><ele>2033.00</ele><time>2026-05-16T17:41:23Z</time></trkpt><trkpt lat="41.79994502104819" lon="-111.5602339245379"><ele>2033.00</ele><time>2026-05-16T17:41:29Z</time></trkpt><trkpt lat="41.79995499551296" lon="-111.56030592508614"><ele>2033.00</ele><time>2026-05-16T17:41:33Z</time></trkpt><trkpt lat="41.79994502104819" lon="-111.56041203998029"><ele>2029.20</ele><time>2026-05-16T17:41:38Z</time></trkpt><trkpt lat="41.799931264455694" lon="-111.5605616569519"><ele>2025.40</ele><time>2026-05-16T17:41:46Z</time></trkpt><trkpt lat="41.80022319438109" lon="-111.56054019927979"><ele>2021.60</ele><time>2026-05-16T17:42:07Z</time></trkpt><trkpt lat="41.800371158355965" lon="-111.5605616569519"><ele>2017.80</ele><time>2026-05-16T17:42:17Z</time></trkpt><trkpt lat="41.80072307130201" lon="-111.56070113182068"><ele>2014.00</ele><time>2026-05-16T17:42:43Z</time></trkpt><trkpt lat="41.80088303109316" lon="-111.56073868274689"><ele>2010.20</ele><time>2026-05-16T17:42:54Z</time></trkpt><trkpt lat="41.80092701996571" lon="-111.5606689453125"><ele>2006.40</ele><time>2026-05-16T17:42:59Z</time></trkpt><trkpt lat="41.80094301591187" lon="-111.560577750206"><ele>2002.60</ele><time>2026-05-16T17:43:04Z</time></trkpt><trkpt lat="41.8008990270503" lon="-111.56047582626343"><ele>1998.80</ele><time>2026-05-16T17:43:10Z</time></trkpt><trkpt lat="41.8008390421904" lon="-111.56036853790283"><ele>1995.00</ele><time>2026-05-16T17:43:17Z</time></trkpt><trkpt lat="41.800791054262035" lon="-111.56026661396027"><ele>1995.00</ele><time>2026-05-16T17:43:24Z</time></trkpt><trkpt lat="41.80078305627049" lon="-111.56012177467346"><ele>1995.00</ele><time>2026-05-16T17:43:31Z</time></trkpt><trkpt lat="41.80081504823068" lon="-111.55995547771454"><ele>1995.00</ele><time>2026-05-16T17:43:40Z</time></trkpt><trkpt lat="41.8008630361411" lon="-111.5598213672638"><ele>1995.00</ele><time>2026-05-16T17:43:48Z</time></trkpt><trkpt lat="41.80096301083896" lon="-111.55969262123108"><ele>1995.00</ele><time>2026-05-16T17:43:58Z</time></trkpt><trkpt lat="41.80109497720135" lon="-111.55967652797699"><ele>1995.00</ele><time>2026-05-16T17:44:07Z</time></trkpt><trkpt lat="41.80124693813047" lon="-111.55973017215729"><ele>1995.00</ele><time>2026-05-16T17:44:18Z</time></trkpt><trkpt lat="41.801362908070764" lon="-111.55984818935394"><ele>1995.00</ele><time>2026-05-16T17:44:28Z</time></trkpt><trkpt lat="41.80147087989547" lon="-111.55983209609985"><ele>1995.00</ele><time>2026-05-16T17:44:36Z</time></trkpt><trkpt lat="41.80153086416392" lon="-111.5597140789032"><ele>1995.00</ele><time>2026-05-16T17:44:43Z</time></trkpt><trkpt lat="41.801578851538224" lon="-111.55964434146881"><ele>1992.00</ele><time>2026-05-16T17:44:48Z</time></trkpt><trkpt lat="41.801634836762865" lon="-111.55963361263275"><ele>1989.00</ele><time>2026-05-16T17:44:52Z</time></trkpt><trkpt lat="41.80173481025662" lon="-111.55973553657532"><ele>1986.00</ele><time>2026-05-16T17:45:01Z</time></trkpt><trkpt lat="41.80186677502952" lon="-111.55998766422272"><ele>1983.00</ele><time>2026-05-16T17:45:17Z</time></trkpt><trkpt lat="41.802066721137315" lon="-111.56023979187012"><ele>1980.00</ele><time>2026-05-16T17:45:36Z</time></trkpt><trkpt lat="41.80226266771762" lon="-111.5604704618454"><ele>1977.00</ele><time>2026-05-16T17:45:55Z</time></trkpt><trkpt lat="41.80256658367717" lon="-111.56074404716492"><ele>1974.00</ele><time>2026-05-16T17:46:20Z</time></trkpt><trkpt lat="41.802782523088226" lon="-111.56087279319763"><ele>1971.00</ele><time>2026-05-16T17:46:37Z</time></trkpt><trkpt lat="41.8030224549137" lon="-111.5609747171402"><ele>1968.00</ele><time>2026-05-16T17:46:55Z</time></trkpt><trkpt lat="41.80319440550264" lon="-111.56093716621399"><ele>1965.00</ele><time>2026-05-16T17:47:07Z</time></trkpt><trkpt lat="41.80342633812414" lon="-111.56089961528778"><ele>1962.70</ele><time>2026-05-16T17:47:23Z</time></trkpt><trkpt lat="41.803586291167086" lon="-111.56088888645172"><ele>1960.40</ele><time>2026-05-16T17:47:34Z</time></trkpt><trkpt lat="41.80373024856433" lon="-111.5608674287796"><ele>1958.10</ele><time>2026-05-16T17:47:45Z</time></trkpt><trkpt lat="41.803834217594506" lon="-111.56087279319763"><ele>1955.80</ele><time>2026-05-16T17:47:52Z</time></trkpt><trkpt lat="41.80396617804374" lon="-111.56088888645172"><ele>1953.50</ele><time>2026-05-16T17:48:01Z</time></trkpt><trkpt lat="41.80409813822117" lon="-111.56101763248444"><ele>1951.20</ele><time>2026-05-16T17:48:13Z</time></trkpt><trkpt lat="41.804294078589294" lon="-111.561119556427"><ele>1948.90</ele><time>2026-05-16T17:48:27Z</time></trkpt><trkpt lat="41.80443003685996" lon="-111.56118392944336"><ele>1946.60</ele><time>2026-05-16T17:48:37Z</time></trkpt><trkpt lat="41.804629974969224" lon="-111.5613180398941"><ele>1944.30</ele><time>2026-05-16T17:48:53Z</time></trkpt><trkpt lat="41.80483790994096" lon="-111.56140923500061"><ele>1942.00</ele><time>2026-05-16T17:49:08Z</time></trkpt><trkpt lat="41.80500185819289" lon="-111.56144142150879"><ele>1940.20</ele><time>2026-05-16T17:49:20Z</time></trkpt><trkpt lat="41.80526577400992" lon="-111.56145215034485"><ele>1938.40</ele><time>2026-05-16T17:49:39Z</time></trkpt><trkpt lat="41.80555767963226" lon="-111.56147360801697"><ele>1936.60</ele><time>2026-05-16T17:49:59Z</time></trkpt><trkpt lat="41.80571362866624" lon="-111.56148433685303"><ele>1934.80</ele><time>2026-05-16T17:50:10Z</time></trkpt><trkpt lat="41.805865578641956" lon="-111.56151115894318"><ele>1933.00</ele><time>2026-05-16T17:50:21Z</time></trkpt><trkpt lat="41.806025525595494" lon="-111.56152188777924"><ele>1931.20</ele><time>2026-05-16T17:50:32Z</time></trkpt><trkpt lat="41.80622545872586" lon="-111.56160235404968"><ele>1929.40</ele><time>2026-05-16T17:50:47Z</time></trkpt><trkpt lat="41.806465377658746" lon="-111.56163990497589"><ele>1927.60</ele><time>2026-05-16T17:51:04Z</time></trkpt><trkpt lat="41.80681725713513" lon="-111.56163454055786"><ele>1925.80</ele><time>2026-05-16T17:51:28Z</time></trkpt><trkpt lat="41.80698519893116" lon="-111.5616238117218"><ele>1924.00</ele><time>2026-05-16T17:51:40Z</time></trkpt><trkpt lat="41.8071091556887" lon="-111.56161308288574"><ele>1923.80</ele><time>2026-05-16T17:51:49Z</time></trkpt><trkpt lat="41.80725310517069" lon="-111.56172037124634"><ele>1923.60</ele><time>2026-05-16T17:52:00Z</time></trkpt><trkpt lat="41.807389057162226" lon="-111.56184375286102"><ele>1923.40</ele><time>2026-05-16T17:52:12Z</time></trkpt><trkpt lat="41.80757299175042" lon="-111.56184911727905"><ele>1923.20</ele><time>2026-05-16T17:52:25Z</time></trkpt><trkpt lat="41.80768895024113" lon="-111.56193494796753"><ele>1923.00</ele><time>2026-05-16T17:52:34Z</time></trkpt><trkpt lat="41.807836896976276" lon="-111.56200468540192"><ele>1922.80</ele><time>2026-05-16T17:52:45Z</time></trkpt><trkpt lat="41.808036824453936" lon="-111.56206905841827"><ele>1922.60</ele><time>2026-05-16T17:53:00Z</time></trkpt><trkpt lat="41.808272738075075" lon="-111.56215488910675"><ele>1922.40</ele><time>2026-05-16T17:53:17Z</time></trkpt><trkpt lat="41.80839269382047" lon="-111.56220316886902"><ele>1922.20</ele><time>2026-05-16T17:53:25Z</time></trkpt><trkpt lat="41.80857662552711" lon="-111.5623426437378"><ele>1922.00</ele><time>2026-05-16T17:53:40Z</time></trkpt><trkpt lat="41.80877655069624" lon="-111.56235337257385"><ele>1918.70</ele><time>2026-05-16T17:53:54Z</time></trkpt><trkpt lat="41.80901246159335" lon="-111.56239628791809"><ele>1915.40</ele><time>2026-05-16T17:54:11Z</time></trkpt><trkpt lat="41.80922038234169" lon="-111.56246066093445"><ele>1912.10</ele><time>2026-05-16T17:54:26Z</time></trkpt><trkpt lat="41.80942030550181" lon="-111.56244456768036"><ele>1908.80</ele><time>2026-05-16T17:54:40Z</time></trkpt><trkpt lat="41.80976817031305" lon="-111.56245529651642"><ele>1905.50</ele><time>2026-05-16T17:55:04Z</time></trkpt><trkpt lat="41.810120031648715" lon="-111.56246066093445"><ele>1902.20</ele><time>2026-05-16T17:55:29Z</time></trkpt><trkpt lat="41.810299959993976" lon="-111.56251430511475"><ele>1898.90</ele><time>2026-05-16T17:55:42Z</time></trkpt><trkpt lat="41.810487884614986" lon="-111.56256794929504"><ele>1895.60</ele><time>2026-05-16T17:55:56Z</time></trkpt><trkpt lat="41.81064382164795" lon="-111.56264305114746"><ele>1892.30</ele><time>2026-05-16T17:56:07Z</time></trkpt><trkpt lat="41.81079975830131" lon="-111.562739610672"><ele>1889.00</ele><time>2026-05-16T17:56:19Z</time></trkpt><trkpt lat="41.81089971749483" lon="-111.56284153461456"><ele>1890.10</ele><time>2026-05-16T17:56:28Z</time></trkpt><trkpt lat="41.81103166339145" lon="-111.56308829784393"><ele>1891.20</ele><time>2026-05-16T17:56:44Z</time></trkpt><trkpt lat="41.81112362552232" lon="-111.56327605247498"><ele>1892.30</ele><time>2026-05-16T17:56:56Z</time></trkpt><trkpt lat="41.81121958586591" lon="-111.56341552734375"><ele>1893.40</ele><time>2026-05-16T17:57:06Z</time></trkpt><trkpt lat="41.81130555021834" lon="-111.5633350610733"><ele>1894.50</ele><time>2026-05-16T17:57:13Z</time></trkpt><trkpt lat="41.811303002759814" lon="-111.5631680097431"><ele>1895.60</ele><time>2026-05-16T17:57:22Z</time></trkpt><trkpt lat="41.811324963346124" lon="-111.56295100226998"><ele>1896.70</ele><time>2026-05-16T17:57:33Z</time></trkpt><trkpt lat="41.81128755768901" lon="-111.56271815299988"><ele>1897.80</ele><time>2026-05-16T17:57:46Z</time></trkpt><trkpt lat="41.81117452295014" lon="-111.5621796157211"><ele>1898.90</ele><time>2026-05-16T17:58:15Z</time></trkpt><trkpt lat="41.81116300981345" lon="-111.5620556473732"><ele>1900.00</ele><time>2026-05-16T17:58:21Z</time></trkpt><trkpt lat="41.81112999135028" lon="-111.56137604266405"><ele>1901.20</ele><time>2026-05-16T17:58:57Z</time></trkpt><trkpt lat="41.81109407042192" lon="-111.56103397719562"><ele>1902.40</ele><time>2026-05-16T17:59:15Z</time></trkpt><trkpt lat="41.811049960179076" lon="-111.56090883538127"><ele>1903.60</ele><time>2026-05-16T17:59:22Z</time></trkpt><trkpt lat="41.81098368309685" lon="-111.5606689453125"><ele>1904.80</ele><time>2026-05-16T17:59:36Z</time></trkpt><trkpt lat="41.81098768145613" lon="-111.56049728393555"><ele>1906.00</ele><time>2026-05-16T17:59:45Z</time></trkpt><trkpt lat="41.81102601395477" lon="-111.56042260117829"><ele>1907.20</ele><time>2026-05-16T17:59:49Z</time></trkpt><trkpt lat="41.81106400757715" lon="-111.56036313157529"><ele>1908.40</ele><time>2026-05-16T17:59:53Z</time></trkpt><trkpt lat="41.81110599952884" lon="-111.5603237785399"><ele>1909.60</ele><time>2026-05-16T17:59:57Z</time></trkpt><trkpt lat="41.81118601903598" lon="-111.56026158481836"><ele>1910.80</ele><time>2026-05-16T18:00:04Z</time></trkpt><trkpt lat="41.81124493489873" lon="-111.56026225537062"><ele>1912.00</ele><time>2026-05-16T18:00:08Z</time></trkpt><trkpt lat="41.811304008588195" lon="-111.56039703637362"><ele>1909.70</ele><time>2026-05-16T18:00:16Z</time></trkpt><trkpt lat="41.811372026959376" lon="-111.56053106300533"><ele>1907.40</ele><time>2026-05-16T18:00:24Z</time></trkpt><trkpt lat="41.811454039414926" lon="-111.56064765527844"><ele>1905.10</ele><time>2026-05-16T18:00:33Z</time></trkpt><trkpt lat="41.811540006538436" lon="-111.5608227532357"><ele>1902.80</ele><time>2026-05-16T18:00:44Z</time></trkpt><trkpt lat="41.81163897810011" lon="-111.56115635298193"><ele>1900.50</ele><time>2026-05-16T18:01:02Z</time></trkpt><trkpt lat="41.8117079637514" lon="-111.56148701906204"><ele>1898.20</ele><time>2026-05-16T18:01:20Z</time></trkpt><trkpt lat="41.81175798683342" lon="-111.5617155097425"><ele>1895.90</ele><time>2026-05-16T18:01:33Z</time></trkpt><trkpt lat="41.81180701029939" lon="-111.56194265931845"><ele>1893.60</ele><time>2026-05-16T18:01:45Z</time></trkpt><trkpt lat="41.81186995469034" lon="-111.56226695515215"><ele>1891.30</ele><time>2026-05-16T18:02:03Z</time></trkpt><trkpt lat="41.811930913616" lon="-111.56250131316483"><ele>1889.00</ele><time>2026-05-16T18:02:16Z</time></trkpt><trkpt lat="41.8120479863137" lon="-111.56298997811973"><ele>1889.40</ele><time>2026-05-16T18:02:43Z</time></trkpt><trkpt lat="41.812317967414856" lon="-111.56358894892037"><ele>1889.80</ele><time>2026-05-16T18:03:19Z</time></trkpt><trkpt lat="41.812397478001984" lon="-111.56371815595776"><ele>1890.20</ele><time>2026-05-16T18:03:28Z</time></trkpt><trkpt lat="41.81248198632294" lon="-111.56386613845825"><ele>1890.60</ele><time>2026-05-16T18:03:38Z</time></trkpt><trkpt lat="41.812574998017546" lon="-111.56404106877744"><ele>1891.00</ele><time>2026-05-16T18:03:49Z</time></trkpt><trkpt lat="41.81268493102937" lon="-111.56451397575438"><ele>1891.40</ele><time>2026-05-16T18:04:15Z</time></trkpt><trkpt lat="41.81274399212872" lon="-111.56465873122215"><ele>1891.80</ele><time>2026-05-16T18:04:23Z</time></trkpt><trkpt lat="41.8129449502613" lon="-111.56502233818173"><ele>1892.20</ele><time>2026-05-16T18:04:47Z</time></trkpt><trkpt lat="41.813052917768346" lon="-111.56544202007353"><ele>1892.60</ele><time>2026-05-16T18:05:10Z</time></trkpt><trkpt lat="41.813102008350526" lon="-111.56554067507386"><ele>1893.00</ele><time>2026-05-16T18:05:16Z</time></trkpt><trkpt lat="41.813263984398866" lon="-111.56573178246617"><ele>1891.50</ele><time>2026-05-16T18:05:32Z</time></trkpt><trkpt lat="41.81346096767207" lon="-111.56603562645614"><ele>1890.00</ele><time>2026-05-16T18:05:53Z</time></trkpt><trkpt lat="41.81361906922253" lon="-111.56628238968551"><ele>1888.50</ele><time>2026-05-16T18:06:10Z</time></trkpt><trkpt lat="41.81395593167849" lon="-111.56670844182372"><ele>1887.00</ele><time>2026-05-16T18:06:42Z</time></trkpt><trkpt lat="41.81415108963847" lon="-111.56689795665443"><ele>1885.50</ele><time>2026-05-16T18:06:59Z</time></trkpt><trkpt lat="41.81423055438007" lon="-111.56698332633823"><ele>1884.00</ele><time>2026-05-16T18:07:06Z</time></trkpt><trkpt lat="41.81433600700414" lon="-111.56702846288681"><ele>1882.50</ele><time>2026-05-16T18:07:14Z</time></trkpt><trkpt lat="41.81446547822346" lon="-111.56708210706711"><ele>1881.00</ele><time>2026-05-16T18:07:23Z</time></trkpt><trkpt lat="41.814610941714896" lon="-111.56709551811218"><ele>1879.50</ele><time>2026-05-16T18:07:34Z</time></trkpt><trkpt lat="41.81485504789244" lon="-111.56708252616227"><ele>1878.00</ele><time>2026-05-16T18:07:51Z</time></trkpt><trkpt lat="41.81522497907281" lon="-111.56698554754257"><ele>1876.70</ele><time>2026-05-16T18:08:17Z</time></trkpt><trkpt lat="41.815335066829455" lon="-111.56697121448815"><ele>1875.40</ele><time>2026-05-16T18:08:25Z</time></trkpt><trkpt lat="41.815513957349545" lon="-111.56700583174825"><ele>1874.10</ele><time>2026-05-16T18:08:38Z</time></trkpt><trkpt lat="41.81565698236227" lon="-111.56708881258965"><ele>1872.80</ele><time>2026-05-16T18:08:49Z</time></trkpt><trkpt lat="41.81575694058923" lon="-111.56714991666377"><ele>1871.50</ele><time>2026-05-16T18:08:56Z</time></trkpt><trkpt lat="41.815963013672345" lon="-111.56713290140033"><ele>1870.20</ele><time>2026-05-16T18:09:11Z</time></trkpt><trkpt lat="41.816164011672754" lon="-111.56704757362604"><ele>1868.90</ele><time>2026-05-16T18:09:26Z</time></trkpt><trkpt lat="41.816271994481085" lon="-111.56703885644674"><ele>1867.60</ele><time>2026-05-16T18:09:33Z</time></trkpt><trkpt lat="41.816533033581344" lon="-111.56708864495158"><ele>1866.30</ele><time>2026-05-16T18:09:52Z</time></trkpt><trkpt lat="41.81667299870108" lon="-111.5671428758651"><ele>1865.00</ele><time>2026-05-16T18:10:02Z</time></trkpt><trkpt lat="41.816822021062244" lon="-111.56735292635858"><ele>1865.00</ele><time>2026-05-16T18:10:17Z</time></trkpt><trkpt lat="41.81701406948018" lon="-111.56749650835991"><ele>1865.00</ele><time>2026-05-16T18:10:32Z</time></trkpt><trkpt lat="41.81712995321004" lon="-111.56753992661834"><ele>1865.00</ele><time>2026-05-16T18:10:41Z</time></trkpt><trkpt lat="41.8173000093591" lon="-111.56751385889947"><ele>1865.00</ele><time>2026-05-16T18:10:53Z</time></trkpt><trkpt lat="41.81759900206755" lon="-111.56759411562234"><ele>1865.00</ele><time>2026-05-16T18:11:14Z</time></trkpt><trkpt lat="41.81789999234396" lon="-111.56768376007676"><ele>1865.00</ele><time>2026-05-16T18:11:36Z</time></trkpt><trkpt lat="41.81802299295811" lon="-111.56776347197592"><ele>1865.00</ele><time>2026-05-16T18:11:46Z</time></trkpt><trkpt lat="41.81816006884554" lon="-111.56794351525605"><ele>1865.00</ele><time>2026-05-16T18:11:59Z</time></trkpt><trkpt lat="41.81828894442632" lon="-111.5680549107492"><ele>1865.00</ele><time>2026-05-16T18:12:10Z</time></trkpt><trkpt lat="41.818438521487764" lon="-111.56810977030545"><ele>1865.00</ele><time>2026-05-16T18:12:21Z</time></trkpt><trkpt lat="41.81853829669106" lon="-111.56809964915738"><ele>1864.20</ele><time>2026-05-16T18:12:28Z</time></trkpt><trkpt lat="41.81869312862131" lon="-111.56817103154026"><ele>1863.40</ele><time>2026-05-16T18:12:39Z</time></trkpt><trkpt lat="41.81885395697961" lon="-111.56820486299694"><ele>1862.60</ele><time>2026-05-16T18:12:51Z</time></trkpt><trkpt lat="41.81894501099247" lon="-111.56817133538425"><ele>1861.80</ele><time>2026-05-16T18:12:57Z</time></trkpt><trkpt lat="41.819211998954415" lon="-111.56788802705705"><ele>1861.00</ele><time>2026-05-16T18:13:21Z</time></trkpt><trkpt lat="41.819295985624194" lon="-111.56784502789378"><ele>1860.20</ele><time>2026-05-16T18:13:27Z</time></trkpt><trkpt lat="41.81943396194614" lon="-111.56783362850547"><ele>1859.40</ele><time>2026-05-16T18:13:37Z</time></trkpt><trkpt lat="41.81956194341183" lon="-111.56779004260898"><ele>1858.60</ele><time>2026-05-16T18:13:46Z</time></trkpt><trkpt lat="41.819690431739936" lon="-111.56781191937625"><ele>1857.80</ele><time>2026-05-16T18:13:55Z</time></trkpt><trkpt lat="41.819816920906305" lon="-111.56780697405338"><ele>1857.00</ele><time>2026-05-16T18:14:04Z</time></trkpt><trkpt lat="41.8198939670374" lon="-111.56778953969479"><ele>1857.30</ele><time>2026-05-16T18:14:10Z</time></trkpt><trkpt lat="41.81997301197493" lon="-111.56777746975422"><ele>1857.60</ele><time>2026-05-16T18:14:15Z</time></trkpt><trkpt lat="41.820134936693975" lon="-111.56777512282133"><ele>1857.90</ele><time>2026-05-16T18:14:27Z</time></trkpt><trkpt lat="41.82029401883483" lon="-111.56781200319529"><ele>1858.20</ele><time>2026-05-16T18:14:38Z</time></trkpt><trkpt lat="41.82060700548801" lon="-111.56801576726139"><ele>1858.50</ele><time>2026-05-16T18:15:02Z</time></trkpt><trkpt lat="41.821017041802406" lon="-111.56810000538826"><ele>1858.80</ele><time>2026-05-16T18:15:31Z</time></trkpt><trkpt lat="41.82127092964947" lon="-111.5682029351592"><ele>1859.10</ele><time>2026-05-16T18:15:50Z</time></trkpt><trkpt lat="41.82168397648047" lon="-111.56824249774218"><ele>1859.40</ele><time>2026-05-16T18:16:19Z</time></trkpt><trkpt lat="41.82173304959663" lon="-111.56826378777623"><ele>1859.70</ele><time>2026-05-16T18:16:23Z</time></trkpt><trkpt lat="41.82179203256965" lon="-111.56829999759793"><ele>1860.00</ele><time>2026-05-16T18:16:27Z</time></trkpt><trkpt lat="41.821940978989005" lon="-111.56861306168139"><ele>1862.10</ele><time>2026-05-16T18:16:47Z</time></trkpt><trkpt lat="41.82210694021178" lon="-111.56892796978354"><ele>1864.20</ele><time>2026-05-16T18:17:07Z</time></trkpt><trkpt lat="41.82225395925343" lon="-111.5692500025034"><ele>1866.30</ele><time>2026-05-16T18:17:27Z</time></trkpt><trkpt lat="41.82238550354235" lon="-111.56942413654178"><ele>1868.40</ele><time>2026-05-16T18:17:40Z</time></trkpt><trkpt lat="41.822519046380684" lon="-111.56957681290805"><ele>1870.50</ele><time>2026-05-16T18:17:52Z</time></trkpt><trkpt lat="41.822646986693144" lon="-111.56974403187633"><ele>1872.60</ele><time>2026-05-16T18:18:04Z</time></trkpt><trkpt lat="41.82288199568212" lon="-111.57000814564526"><ele>1874.70</ele><time>2026-05-16T18:18:26Z</time></trkpt><trkpt lat="41.82296393857978" lon="-111.57012281008065"><ele>1876.80</ele><time>2026-05-16T18:18:34Z</time></trkpt><trkpt lat="41.823094477220515" lon="-111.5702191600576"><ele>1878.90</ele><time>2026-05-16T18:18:45Z</time></trkpt><trkpt lat="41.823209025212265" lon="-111.5703235566616"><ele>1881.00</ele><time>2026-05-16T18:18:54Z</time></trkpt><trkpt lat="41.82350296577074" lon="-111.57073653303087"><ele>1876.10</ele><time>2026-05-16T18:19:24Z</time></trkpt><trkpt lat="41.82368648140961" lon="-111.57093157991767"><ele>1871.20</ele><time>2026-05-16T18:19:41Z</time></trkpt><trkpt lat="41.82387499346594" lon="-111.57110651023686"><ele>1866.30</ele><time>2026-05-16T18:19:57Z</time></trkpt><trkpt lat="41.824005054780095" lon="-111.57128906808794"><ele>1861.40</ele><time>2026-05-16T18:20:10Z</time></trkpt><trkpt lat="41.82407201976218" lon="-111.5714237652719"><ele>1856.50</ele><time>2026-05-16T18:20:18Z</time></trkpt><trkpt lat="41.82417405336857" lon="-111.57180732116103"><ele>1851.60</ele><time>2026-05-16T18:20:40Z</time></trkpt><trkpt lat="41.82430204195605" lon="-111.57215123064816"><ele>1846.70</ele><time>2026-05-16T18:21:00Z</time></trkpt><trkpt lat="41.8244380253271" lon="-111.57249379903078"><ele>1841.80</ele><time>2026-05-16T18:21:20Z</time></trkpt><trkpt lat="41.82467798635498" lon="-111.57295539043844"><ele>1836.90</ele><time>2026-05-16T18:21:50Z</time></trkpt><trkpt lat="41.82486948809434" lon="-111.57317558303475"><ele>1832.00</ele><time>2026-05-16T18:22:07Z</time></trkpt><trkpt lat="41.82507298170154" lon="-111.57337431795895"><ele>1831.60</ele><time>2026-05-16T18:22:25Z</time></trkpt><trkpt lat="41.82547896761201" lon="-111.57377715222538"><ele>1831.20</ele><time>2026-05-16T18:23:00Z</time></trkpt><trkpt lat="41.82566999121808" lon="-111.57398686744273"><ele>1830.80</ele><time>2026-05-16T18:23:18Z</time></trkpt><trkpt lat="41.8257709093496" lon="-111.57407144084573"><ele>1830.40</ele><time>2026-05-16T18:23:26Z</time></trkpt><trkpt lat="41.825984003256195" lon="-111.57434150576591"><ele>1830.00</ele><time>2026-05-16T18:23:46Z</time></trkpt><trkpt lat="41.82619399588457" lon="-111.5747035201639"><ele>1829.60</ele><time>2026-05-16T18:24:10Z</time></trkpt><trkpt lat="41.8263179509177" lon="-111.57494802027941"><ele>1829.20</ele><time>2026-05-16T18:24:26Z</time></trkpt><trkpt lat="41.82638806250697" lon="-111.57525211572647"><ele>1828.80</ele><time>2026-05-16T18:24:43Z</time></trkpt><trkpt lat="41.82642154519612" lon="-111.5752669936046"><ele>1828.40</ele><time>2026-05-16T18:24:45Z</time></trkpt><trkpt lat="41.82648993505008" lon="-111.5753888245672"><ele>1828.00</ele><time>2026-05-16T18:24:53Z</time></trkpt><trkpt lat="41.82651905266726" lon="-111.57549519091845"><ele>1825.70</ele><time>2026-05-16T18:24:59Z</time></trkpt><trkpt lat="41.82656896300614" lon="-111.57553399913013"><ele>1823.40</ele><time>2026-05-16T18:25:03Z</time></trkpt><trkpt lat="41.82667398825288" lon="-111.57566299661994"><ele>1821.10</ele><time>2026-05-16T18:25:13Z</time></trkpt><trkpt lat="41.827162988483906" lon="-111.57610598020256"><ele>1818.80</ele><time>2026-05-16T18:25:54Z</time></trkpt><trkpt lat="41.82737002149224" lon="-111.57638895325363"><ele>1816.50</ele><time>2026-05-16T18:26:15Z</time></trkpt><trkpt lat="41.82748703286052" lon="-111.57661501318216"><ele>1814.20</ele><time>2026-05-16T18:26:29Z</time></trkpt><trkpt lat="41.82751796208322" lon="-111.57670796848834"><ele>1811.90</ele><time>2026-05-16T18:26:35Z</time></trkpt><trkpt lat="41.827550986781716" lon="-111.57684300094843"><ele>1809.60</ele><time>2026-05-16T18:26:42Z</time></trkpt><trkpt lat="41.8275829218328" lon="-111.57723703421652"><ele>1807.30</ele><time>2026-05-16T18:27:03Z</time></trkpt><trkpt lat="41.827633967623115" lon="-111.57743895426393"><ele>1805.00</ele><time>2026-05-16T18:27:14Z</time></trkpt><trkpt lat="41.82770504616201" lon="-111.57758404500782"><ele>1809.90</ele><time>2026-05-16T18:27:23Z</time></trkpt><trkpt lat="41.827996987849474" lon="-111.57801797613502"><ele>1814.80</ele><time>2026-05-16T18:27:54Z</time></trkpt><trkpt lat="41.82810201309621" lon="-111.57820908352733"><ele>1819.70</ele><time>2026-05-16T18:28:06Z</time></trkpt><trkpt lat="41.828168984502554" lon="-111.57839700579643"><ele>1824.60</ele><time>2026-05-16T18:28:17Z</time></trkpt><trkpt lat="41.828232016414404" lon="-111.57876396551728"><ele>1829.50</ele><time>2026-05-16T18:28:37Z</time></trkpt><trkpt lat="41.82831390760839" lon="-111.57894895412028"><ele>1834.40</ele><time>2026-05-16T18:28:48Z</time></trkpt><trkpt lat="41.82839705608785" lon="-111.57903805375099"><ele>1839.30</ele><time>2026-05-16T18:28:55Z</time></trkpt><trkpt lat="41.82849504053593" lon="-111.57909203320742"><ele>1844.20</ele><time>2026-05-16T18:29:03Z</time></trkpt><trkpt lat="41.82872294448316" lon="-111.57916101627052"><ele>1849.10</ele><time>2026-05-16T18:29:19Z</time></trkpt><trkpt lat="41.82915100827813" lon="-111.5792360343039"><ele>1854.00</ele><time>2026-05-16T18:29:50Z</time></trkpt><trkpt lat="41.82927296496928" lon="-111.57928498461843"><ele>1851.40</ele><time>2026-05-16T18:29:58Z</time></trkpt><trkpt lat="41.82938301935792" lon="-111.57935799099505"><ele>1848.80</ele><time>2026-05-16T18:30:07Z</time></trkpt><trkpt lat="41.82970203459263" lon="-111.5796250384301"><ele>1846.20</ele><time>2026-05-16T18:30:33Z</time></trkpt><trkpt lat="41.830085003748536" lon="-111.579859983176"><ele>1843.60</ele><time>2026-05-16T18:31:03Z</time></trkpt><trkpt lat="41.83063695207238" lon="-111.58024001866579"><ele>1841.00</ele><time>2026-05-16T18:31:46Z</time></trkpt><trkpt lat="41.83075907640159" lon="-111.58028402365744"><ele>1838.40</ele><time>2026-05-16T18:31:55Z</time></trkpt><trkpt lat="41.831109020859" lon="-111.58032098785043"><ele>1835.80</ele><time>2026-05-16T18:32:20Z</time></trkpt><trkpt lat="41.83123198337853" lon="-111.58037194982171"><ele>1833.20</ele><time>2026-05-16T18:32:29Z</time></trkpt><trkpt lat="41.83139702305198" lon="-111.58051704056561"><ele>1830.60</ele><time>2026-05-16T18:32:43Z</time></trkpt><trkpt lat="41.83158100582659" lon="-111.58080303110182"><ele>1828.00</ele><time>2026-05-16T18:33:03Z</time></trkpt><trkpt lat="41.83175191283226" lon="-111.58101794309914"><ele>1827.60</ele><time>2026-05-16T18:33:19Z</time></trkpt><trkpt lat="41.83192097581923" lon="-111.581488000229"><ele>1827.20</ele><time>2026-05-16T18:33:46Z</time></trkpt><trkpt lat="41.83217201381922" lon="-111.58192897215486"><ele>1826.80</ele><time>2026-05-16T18:34:15Z</time></trkpt><trkpt lat="41.83239195495844" lon="-111.58245099708438"><ele>1826.40</ele><time>2026-05-16T18:34:47Z</time></trkpt><trkpt lat="41.83270099572837" lon="-111.58307603560388"><ele>1826.00</ele><time>2026-05-16T18:35:26Z</time></trkpt><trkpt lat="41.832833010703325" lon="-111.58345498144627"><ele>1825.60</ele><time>2026-05-16T18:35:48Z</time></trkpt><trkpt lat="41.83288900181651" lon="-111.58370601944625"><ele>1825.20</ele><time>2026-05-16T18:36:01Z</time></trkpt><trkpt lat="41.832963014021516" lon="-111.58461403101683"><ele>1824.80</ele><time>2026-05-16T18:36:49Z</time></trkpt><trkpt lat="41.832963936030865" lon="-111.58485098741949"><ele>1824.40</ele><time>2026-05-16T18:37:02Z</time></trkpt><trkpt lat="41.8329360242933" lon="-111.58505097962916"><ele>1824.00</ele><time>2026-05-16T18:37:12Z</time></trkpt><trkpt lat="41.83285798877478" lon="-111.58541701734066"><ele>1822.30</ele><time>2026-05-16T18:37:32Z</time></trkpt><trkpt lat="41.83266403153539" lon="-111.5859689656645"><ele>1820.60</ele><time>2026-05-16T18:38:04Z</time></trkpt><trkpt lat="41.83262304402888" lon="-111.58616200089455"><ele>1818.90</ele><time>2026-05-16T18:38:14Z</time></trkpt><trkpt lat="41.832602026850346" lon="-111.5862979972735"><ele>1817.20</ele><time>2026-05-16T18:38:22Z</time></trkpt><trkpt lat="41.83261298574507" lon="-111.58643399365246"><ele>1815.50</ele><time>2026-05-16T18:38:29Z</time></trkpt><trkpt lat="41.832662019878626" lon="-111.58670791424811"><ele>1813.80</ele><time>2026-05-16T18:38:44Z</time></trkpt><trkpt lat="41.83274399489164" lon="-111.58692391589284"><ele>1812.10</ele><time>2026-05-16T18:38:56Z</time></trkpt><trkpt lat="41.8330419469764" lon="-111.58749162219465"><ele>1810.40</ele><time>2026-05-16T18:39:33Z</time></trkpt><trkpt lat="41.833176954902676" lon="-111.5877185203135"><ele>1808.70</ele><time>2026-05-16T18:39:48Z</time></trkpt><trkpt lat="41.8334820214659" lon="-111.58802898600698"><ele>1807.00</ele><time>2026-05-16T18:40:15Z</time></trkpt><trkpt lat="41.83364697732031" lon="-111.5883279684931"><ele>1804.00</ele><time>2026-05-16T18:40:34Z</time></trkpt><trkpt lat="41.833910923451185" lon="-111.58874999731779"><ele>1801.00</ele><time>2026-05-16T18:41:03Z</time></trkpt><trkpt lat="41.833994993939996" lon="-111.58897496759892"><ele>1798.00</ele><time>2026-05-16T18:41:16Z</time></trkpt><trkpt lat="41.83404101058841" lon="-111.58921896480024"><ele>1795.00</ele><time>2026-05-16T18:41:29Z</time></trkpt><trkpt lat="41.83405693620443" lon="-111.58950998447835"><ele>1792.00</ele><time>2026-05-16T18:41:44Z</time></trkpt><trkpt lat="41.83409895791105" lon="-111.5897233877331"><ele>1789.00</ele><time>2026-05-16T18:41:56Z</time></trkpt><trkpt lat="41.834231950342655" lon="-111.58990393392742"><ele>1786.00</ele><time>2026-05-16T18:42:09Z</time></trkpt><trkpt lat="41.83452405966818" lon="-111.59026804380119"><ele>1783.00</ele><time>2026-05-16T18:42:37Z</time></trkpt><trkpt lat="41.83463201858103" lon="-111.59045395441353"><ele>1780.00</ele><time>2026-05-16T18:42:49Z</time></trkpt><trkpt lat="41.83466806076467" lon="-111.59057792276144"><ele>1777.00</ele><time>2026-05-16T18:42:56Z</time></trkpt><trkpt lat="41.834681974723935" lon="-111.5907440520823"><ele>1776.50</ele><time>2026-05-16T18:43:05Z</time></trkpt><trkpt lat="41.83458699208674" lon="-111.59141980111599"><ele>1776.00</ele><time>2026-05-16T18:43:41Z</time></trkpt><trkpt lat="41.834557892537354" lon="-111.59148243488494"><ele>1775.50</ele><time>2026-05-16T18:43:45Z</time></trkpt><trkpt lat="41.83451979997294" lon="-111.59161614719278"><ele>1775.00</ele><time>2026-05-16T18:43:52Z</time></trkpt><trkpt lat="41.834493575940456" lon="-111.59180578774703"><ele>1774.50</ele><time>2026-05-16T18:44:03Z</time></trkpt><trkpt lat="41.83450356816871" lon="-111.59185138530029"><ele>1774.00</ele><time>2026-05-16T18:44:05Z</time></trkpt><trkpt lat="41.83453911080819" lon="-111.5919285826385"><ele>1773.50</ele><time>2026-05-16T18:44:10Z</time></trkpt><trkpt lat="41.83466311449875" lon="-111.59205942414701"><ele>1773.00</ele><time>2026-05-16T18:44:21Z</time></trkpt><trkpt lat="41.8351190071553" lon="-111.59259108826518"><ele>1772.50</ele><time>2026-05-16T18:45:03Z</time></trkpt><trkpt lat="41.835301984101534" lon="-111.5931099280715"><ele>1772.00</ele><time>2026-05-16T18:45:33Z</time></trkpt><trkpt lat="41.83539108373225" lon="-111.59327697940171"><ele>1772.00</ele><time>2026-05-16T18:45:44Z</time></trkpt><trkpt lat="41.83544003404677" lon="-111.59340404905379"><ele>1772.00</ele><time>2026-05-16T18:45:51Z</time></trkpt><trkpt lat="41.83543298123722" lon="-111.59348845481873"><ele>1772.00</ele><time>2026-05-16T18:45:56Z</time></trkpt><trkpt lat="41.8353810223881" lon="-111.5935555100441"><ele>1772.00</ele><time>2026-05-16T18:46:01Z</time></trkpt><trkpt lat="41.83531907139751" lon="-111.59353405237198"><ele>1772.00</ele><time>2026-05-16T18:46:05Z</time></trkpt><trkpt lat="41.8352011645078" lon="-111.59345090389252"><ele>1772.00</ele><time>2026-05-16T18:46:15Z</time></trkpt><trkpt lat="41.83508525582822" lon="-111.593357026577"><ele>1772.00</ele><time>2026-05-16T18:46:24Z</time></trkpt><trkpt lat="41.83495405130088" lon="-111.59326197579503"><ele>1772.00</ele><time>2026-05-16T18:46:35Z</time></trkpt><trkpt lat="41.83490602299571" lon="-111.59321797080338"><ele>1772.00</ele><time>2026-05-16T18:46:39Z</time></trkpt><trkpt lat="41.83474294871378" lon="-111.59322777763009"><ele>1772.00</ele><time>2026-05-16T18:46:50Z</time></trkpt><trkpt lat="41.83468500333586" lon="-111.5932685136795"><ele>1775.00</ele><time>2026-05-16T18:46:55Z</time></trkpt><trkpt lat="41.83446595782421" lon="-111.59348879009485"><ele>1778.00</ele><time>2026-05-16T18:47:14Z</time></trkpt><trkpt lat="41.83442297848352" lon="-111.59360596910119"><ele>1781.00</ele><time>2026-05-16T18:47:21Z</time></trkpt><trkpt lat="41.834366958415906" lon="-111.5937265008688"><ele>1784.00</ele><time>2026-05-16T18:47:28Z</time></trkpt><trkpt lat="41.83431802031349" lon="-111.59383798018098"><ele>1787.00</ele><time>2026-05-16T18:47:35Z</time></trkpt><trkpt lat="41.834281072889404" lon="-111.59393068403006"><ele>1790.00</ele><time>2026-05-16T18:47:40Z</time></trkpt><trkpt lat="41.83428351024301" lon="-111.59406248945743"><ele>1793.00</ele><time>2026-05-16T18:47:47Z</time></trkpt><trkpt lat="41.834275955334306" lon="-111.59430694766343"><ele>1796.00</ele><time>2026-05-16T18:48:00Z</time></trkpt><trkpt lat="41.834313003346324" lon="-111.59446301870048"><ele>1799.00</ele><time>2026-05-16T18:48:09Z</time></trkpt><trkpt lat="41.83432600318338" lon="-111.59451314248145"><ele>1802.00</ele><time>2026-05-16T18:48:12Z</time></trkpt><trkpt lat="41.83432701231287" lon="-111.59463568590581"><ele>1802.00</ele><time>2026-05-16T18:48:18Z</time></trkpt><trkpt lat="41.83431398405433" lon="-111.59469419158995"><ele>1802.00</ele><time>2026-05-16T18:48:21Z</time></trkpt><trkpt lat="41.8342909635333" lon="-111.59475269727409"><ele>1802.00</ele><time>2026-05-16T18:48:25Z</time></trkpt><trkpt lat="41.83427907443696" lon="-111.59484841860831"><ele>1802.00</ele><time>2026-05-16T18:48:30Z</time></trkpt><trkpt lat="41.8342745327082" lon="-111.59502967726439"><ele>1802.00</ele><time>2026-05-16T18:48:39Z</time></trkpt><trkpt lat="41.83427598633713" lon="-111.59521093592048"><ele>1802.00</ele><time>2026-05-16T18:48:49Z</time></trkpt><trkpt lat="41.834305000923344" lon="-111.59529115073383"><ele>1802.00</ele><time>2026-05-16T18:48:53Z</time></trkpt><trkpt lat="41.834318954497576" lon="-111.59548494033515"><ele>1802.00</ele><time>2026-05-16T18:49:03Z</time></trkpt><trkpt lat="41.834350927150126" lon="-111.5955574857071"><ele>1802.00</ele><time>2026-05-16T18:49:08Z</time></trkpt><trkpt lat="41.83437190831494" lon="-111.59563673660159"><ele>1802.00</ele><time>2026-05-16T18:49:12Z</time></trkpt><trkpt lat="41.834445940330625" lon="-111.59598198719323"><ele>1801.70</ele><time>2026-05-16T18:49:31Z</time></trkpt><trkpt lat="41.83445599861443" lon="-111.59610201604664"><ele>1801.40</ele><time>2026-05-16T18:49:37Z</time></trkpt><trkpt lat="41.83447896502912" lon="-111.59616001881659"><ele>1801.10</ele><time>2026-05-16T18:49:41Z</time></trkpt><trkpt lat="41.83458600193262" lon="-111.59674298018217"><ele>1800.80</ele><time>2026-05-16T18:50:12Z</time></trkpt><trkpt lat="41.83474802412093" lon="-111.59716199152172"><ele>1800.50</ele><time>2026-05-16T18:50:37Z</time></trkpt><trkpt lat="41.83484196542277" lon="-111.59746927209198"><ele>1800.20</ele><time>2026-05-16T18:50:54Z</time></trkpt><trkpt lat="41.834898982197046" lon="-111.59756692126393"><ele>1799.90</ele><time>2026-05-16T18:51:01Z</time></trkpt><trkpt lat="41.83491398580372" lon="-111.5976339764893"><ele>1799.60</ele><time>2026-05-16T18:51:04Z</time></trkpt><trkpt lat="41.8349979724735" lon="-111.5978070627898"><ele>1799.30</ele><time>2026-05-16T18:51:15Z</time></trkpt><trkpt lat="41.835000989958644" lon="-111.59785400144756"><ele>1799.00</ele><time>2026-05-16T18:51:18Z</time></trkpt><trkpt lat="41.83505907654762" lon="-111.59800504334271"><ele>1802.40</ele><time>2026-05-16T18:51:26Z</time></trkpt><trkpt lat="41.83512101881206" lon="-111.59806706942618"><ele>1805.80</ele><time>2026-05-16T18:51:32Z</time></trkpt><trkpt lat="41.83515790580187" lon="-111.59809397533536"><ele>1809.20</ele><time>2026-05-16T18:51:35Z</time></trkpt><trkpt lat="41.83518643737641" lon="-111.59813286736608"><ele>1812.60</ele><time>2026-05-16T18:51:38Z</time></trkpt><trkpt lat="41.8351879902184" lon="-111.59816505387425"><ele>1816.00</ele><time>2026-05-16T18:51:39Z</time></trkpt><trkpt lat="41.83523400686681" lon="-111.59821995534003"><ele>1819.40</ele><time>2026-05-16T18:51:44Z</time></trkpt><trkpt lat="41.83536099269986" lon="-111.59848700277507"><ele>1822.80</ele><time>2026-05-16T18:52:00Z</time></trkpt><trkpt lat="41.83539795689285" lon="-111.59850502386689"><ele>1826.20</ele><time>2026-05-16T18:52:03Z</time></trkpt><trkpt lat="41.835453025996685" lon="-111.59863997250795"><ele>1829.60</ele><time>2026-05-16T18:52:11Z</time></trkpt><trkpt lat="41.83547607623041" lon="-111.59875094890594"><ele>1833.00</ele><time>2026-05-16T18:52:17Z</time></trkpt><trkpt lat="41.835515052080154" lon="-111.59880601800978"><ele>1833.30</ele><time>2026-05-16T18:52:21Z</time></trkpt><trkpt lat="41.83555153976286" lon="-111.59885077737272"><ele>1833.60</ele><time>2026-05-16T18:52:24Z</time></trkpt><trkpt lat="41.835565045687" lon="-111.59891297109425"><ele>1833.90</ele><time>2026-05-16T18:52:28Z</time></trkpt><trkpt lat="41.83561898767948" lon="-111.59901095554233"><ele>1834.20</ele><time>2026-05-16T18:52:34Z</time></trkpt><trkpt lat="41.83572401292622" lon="-111.59912595525384"><ele>1834.50</ele><time>2026-05-16T18:52:44Z</time></trkpt><trkpt lat="41.83584907092154" lon="-111.59936903044581"><ele>1834.80</ele><time>2026-05-16T18:52:59Z</time></trkpt><trkpt lat="41.83589900934087" lon="-111.59952162299305"><ele>1835.10</ele><time>2026-05-16T18:53:08Z</time></trkpt><trkpt lat="41.835930962115526" lon="-111.59968494437635"><ele>1835.40</ele><time>2026-05-16T18:53:17Z</time></trkpt><trkpt lat="41.83596692048013" lon="-111.60003698430955"><ele>1835.70</ele><time>2026-05-16T18:53:35Z</time></trkpt><trkpt lat="41.83606507256627" lon="-111.60028005950153"><ele>1836.00</ele><time>2026-05-16T18:53:50Z</time></trkpt><trkpt lat="41.83614696376026" lon="-111.60042095929384"><ele>1836.00</ele><time>2026-05-16T18:53:59Z</time></trkpt><trkpt lat="41.83622146776437" lon="-111.60049731843174"><ele>1836.00</ele><time>2026-05-16T18:54:06Z</time></trkpt><trkpt lat="41.83627199100304" lon="-111.60057635977864"><ele>1836.00</ele><time>2026-05-16T18:54:11Z</time></trkpt><trkpt lat="41.83629947491681" lon="-111.60063469782472"><ele>1836.00</ele><time>2026-05-16T18:54:15Z</time></trkpt><trkpt lat="41.836334952372475" lon="-111.60069035366178"><ele>1836.00</ele><time>2026-05-16T18:54:19Z</time></trkpt><trkpt lat="41.836466020630006" lon="-111.60083502531052"><ele>1836.00</ele><time>2026-05-16T18:54:30Z</time></trkpt><trkpt lat="41.83648359346831" lon="-111.60087115131319"><ele>1836.00</ele><time>2026-05-16T18:54:33Z</time></trkpt><trkpt lat="41.83652535320296" lon="-111.6009039664641"><ele>1836.00</ele><time>2026-05-16T18:54:36Z</time></trkpt><trkpt lat="41.836570213635994" lon="-111.60096060717478"><ele>1836.00</ele><time>2026-05-16T18:54:40Z</time></trkpt><trkpt lat="41.83661362682993" lon="-111.60099831526168"><ele>1836.00</ele><time>2026-05-16T18:54:44Z</time></trkpt><trkpt lat="41.836672303415185" lon="-111.60108958894853"><ele>1840.20</ele><time>2026-05-16T18:54:50Z</time></trkpt><trkpt lat="41.8367509637028" lon="-111.60114599391818"><ele>1844.40</ele><time>2026-05-16T18:54:57Z</time></trkpt><trkpt lat="41.836767988130134" lon="-111.60123320762068"><ele>1848.60</ele><time>2026-05-16T18:55:01Z</time></trkpt><trkpt lat="41.83678549302679" lon="-111.60128486109897"><ele>1852.80</ele><time>2026-05-16T18:55:04Z</time></trkpt><trkpt lat="41.836808993039384" lon="-111.60131908021867"><ele>1857.00</ele><time>2026-05-16T18:55:07Z</time></trkpt><trkpt lat="41.836820013184735" lon="-111.60140801221132"><ele>1861.20</ele><time>2026-05-16T18:55:11Z</time></trkpt><trkpt lat="41.83694995008409" lon="-111.60169903188944"><ele>1865.40</ele><time>2026-05-16T18:55:29Z</time></trkpt><trkpt lat="41.837067967280746" lon="-111.60187496803701"><ele>1869.60</ele><time>2026-05-16T18:55:42Z</time></trkpt><trkpt lat="41.83722697198391" lon="-111.60224100574851"><ele>1873.80</ele><time>2026-05-16T18:56:04Z</time></trkpt><trkpt lat="41.83733903802931" lon="-111.60244594328105"><ele>1878.00</ele><time>2026-05-16T18:56:17Z</time></trkpt><trkpt lat="41.83747294358734" lon="-111.60261089913547"><ele>1877.90</ele><time>2026-05-16T18:56:30Z</time></trkpt><trkpt lat="41.837575994431994" lon="-111.60265523940325"><ele>1877.80</ele><time>2026-05-16T18:56:37Z</time></trkpt><trkpt lat="41.837637955252944" lon="-111.60268214531243"><ele>1877.70</ele><time>2026-05-16T18:56:42Z</time></trkpt><trkpt lat="41.837747984428766" lon="-111.60272606648505"><ele>1877.60</ele><time>2026-05-16T18:56:50Z</time></trkpt><trkpt lat="41.83796896745153" lon="-111.60285187885165"><ele>1877.50</ele><time>2026-05-16T18:57:07Z</time></trkpt><trkpt lat="41.8380039305509" lon="-111.60287878476083"><ele>1877.40</ele><time>2026-05-16T18:57:10Z</time></trkpt><trkpt lat="41.83808901632249" lon="-111.60296117886901"><ele>1877.30</ele><time>2026-05-16T18:57:17Z</time></trkpt><trkpt lat="41.83813709235504" lon="-111.60299940034747"><ele>1877.20</ele><time>2026-05-16T18:57:21Z</time></trkpt><trkpt lat="41.8381899716431" lon="-111.60306117497385"><ele>1877.10</ele><time>2026-05-16T18:57:26Z</time></trkpt><trkpt lat="41.83835098519921" lon="-111.6032550483942"><ele>1877.00</ele><time>2026-05-16T18:57:41Z</time></trkpt><trkpt lat="41.83841393329203" lon="-111.60336803644896"><ele>1881.50</ele><time>2026-05-16T18:57:48Z</time></trkpt><trkpt lat="41.83849892579019" lon="-111.60361798480153"><ele>1886.00</ele><time>2026-05-16T18:58:03Z</time></trkpt><trkpt lat="41.83855106122792" lon="-111.6036749817431"><ele>1890.50</ele><time>2026-05-16T18:58:07Z</time></trkpt><trkpt lat="41.838614931330085" lon="-111.60381998866796"><ele>1895.00</ele><time>2026-05-16T18:58:16Z</time></trkpt><trkpt lat="41.8385779671371" lon="-111.6039030533284"><ele>1899.50</ele><time>2026-05-16T18:58:21Z</time></trkpt><trkpt lat="41.83859506621957" lon="-111.60397807136178"><ele>1904.00</ele><time>2026-05-16T18:58:25Z</time></trkpt><trkpt lat="41.83868802152574" lon="-111.60413204692304"><ele>1908.50</ele><time>2026-05-16T18:58:36Z</time></trkpt><trkpt lat="41.83888399042189" lon="-111.60438501276076"><ele>1913.00</ele><time>2026-05-16T18:58:55Z</time></trkpt><trkpt lat="41.83889999985695" lon="-111.6044659819454"><ele>1917.50</ele><time>2026-05-16T18:58:59Z</time></trkpt><trkpt lat="41.839038049802184" lon="-111.60484299995005"><ele>1922.00</ele><time>2026-05-16T18:59:21Z</time></trkpt><trkpt lat="41.839169058948755" lon="-111.60504491999745"><ele>1923.30</ele><time>2026-05-16T18:59:35Z</time></trkpt><trkpt lat="41.83922396041453" lon="-111.60516402684152"><ele>1924.60</ele><time>2026-05-16T18:59:42Z</time></trkpt><trkpt lat="41.83933703228831" lon="-111.60530802793801"><ele>1925.90</ele><time>2026-05-16T18:59:53Z</time></trkpt><trkpt lat="41.83938397094607" lon="-111.60544398240745"><ele>1927.20</ele><time>2026-05-16T19:00:01Z</time></trkpt><trkpt lat="41.83955395594239" lon="-111.6056640073657"><ele>1928.50</ele><time>2026-05-16T19:00:18Z</time></trkpt><trkpt lat="41.83965596370399" lon="-111.60572603344917"><ele>1929.80</ele><time>2026-05-16T19:00:26Z</time></trkpt><trkpt lat="41.83979996480048" lon="-111.6058989521116"><ele>1931.10</ele><time>2026-05-16T19:00:39Z</time></trkpt><trkpt lat="41.8398679420352" lon="-111.60594496876001"><ele>1932.40</ele><time>2026-05-16T19:00:44Z</time></trkpt><trkpt lat="41.83991303667426" lon="-111.60594496876001"><ele>1933.70</ele><time>2026-05-16T19:00:48Z</time></trkpt><trkpt lat="41.83996198698878" lon="-111.60599693655968"><ele>1935.00</ele><time>2026-05-16T19:00:52Z</time></trkpt><trkpt lat="41.840052008628845" lon="-111.60616801120341"><ele>1932.50</ele><time>2026-05-16T19:01:03Z</time></trkpt><trkpt lat="41.84006500057876" lon="-111.60625803284347"><ele>1930.00</ele><time>2026-05-16T19:01:08Z</time></trkpt><trkpt lat="41.840092996135354" lon="-111.60632399842143"><ele>1927.50</ele><time>2026-05-16T19:01:12Z</time></trkpt><trkpt lat="41.8400870449841" lon="-111.60638300701976"><ele>1925.00</ele><time>2026-05-16T19:01:15Z</time></trkpt><trkpt lat="41.84012602083385" lon="-111.60649096593261"><ele>1922.50</ele><time>2026-05-16T19:01:21Z</time></trkpt><trkpt lat="41.84017094783485" lon="-111.6065239906311"><ele>1920.00</ele><time>2026-05-16T19:01:25Z</time></trkpt><trkpt lat="41.840219059959054" lon="-111.60651192069054"><ele>1917.50</ele><time>2026-05-16T19:01:28Z</time></trkpt><trkpt lat="41.84026692062616" lon="-111.60656405612826"><ele>1915.00</ele><time>2026-05-16T19:01:32Z</time></trkpt><trkpt lat="41.84025702998042" lon="-111.60662700422108"><ele>1912.50</ele><time>2026-05-16T19:01:36Z</time></trkpt><trkpt lat="41.840286031365395" lon="-111.60672104917467"><ele>1910.00</ele><time>2026-05-16T19:01:41Z</time></trkpt><trkpt lat="41.8402910605073" lon="-111.60679606720805"><ele>1910.00</ele><time>2026-05-16T19:01:45Z</time></trkpt><trkpt lat="41.84027597308159" lon="-111.60686697810888"><ele>1910.00</ele><time>2026-05-16T19:01:49Z</time></trkpt><trkpt lat="41.84035602025688" lon="-111.60708800889552"><ele>1910.00</ele><time>2026-05-16T19:02:02Z</time></trkpt><trkpt lat="41.84040698222816" lon="-111.60713804885745"><ele>1910.00</ele><time>2026-05-16T19:02:06Z</time></trkpt><trkpt lat="41.840546960011125" lon="-111.60737802274525"><ele>1910.00</ele><time>2026-05-16T19:02:22Z</time></trkpt><trkpt lat="41.840608986094594" lon="-111.60744407214224"><ele>1910.00</ele><time>2026-05-16T19:02:28Z</time></trkpt><trkpt lat="41.840890031307936" lon="-111.60759201273322"><ele>1910.00</ele><time>2026-05-16T19:02:49Z</time></trkpt><trkpt lat="41.84103596024215" lon="-111.60779502242804"><ele>1910.00</ele><time>2026-05-16T19:03:04Z</time></trkpt><trkpt lat="41.841127993538976" lon="-111.6079870518297"><ele>1910.00</ele><time>2026-05-16T19:03:16Z</time></trkpt><trkpt lat="41.84119907207787" lon="-111.60801194608212"><ele>1910.00</ele><time>2026-05-16T19:03:21Z</time></trkpt><trkpt lat="41.84126607704056" lon="-111.60823482088745"><ele>1916.60</ele><time>2026-05-16T19:03:33Z</time></trkpt><trkpt lat="41.84136903040899" lon="-111.60841042175889"><ele>1923.20</ele><time>2026-05-16T19:03:45Z</time></trkpt><trkpt lat="41.84145100040162" lon="-111.60852286498994"><ele>1929.80</ele><time>2026-05-16T19:03:53Z</time></trkpt><trkpt lat="41.84150799245965" lon="-111.60860043950379"><ele>1936.40</ele><time>2026-05-16T19:03:59Z</time></trkpt><trkpt lat="41.8415500492264" lon="-111.60865031182766"><ele>1943.00</ele><time>2026-05-16T19:04:03Z</time></trkpt><trkpt lat="41.84166896156967" lon="-111.60894795320928"><ele>1949.60</ele><time>2026-05-16T19:04:20Z</time></trkpt><trkpt lat="41.841665022075176" lon="-111.60906697623432"><ele>1956.20</ele><time>2026-05-16T19:04:27Z</time></trkpt><trkpt lat="41.84169804677367" lon="-111.60932505503297"><ele>1962.80</ele><time>2026-05-16T19:04:40Z</time></trkpt><trkpt lat="41.84177705336357" lon="-111.60951083991677"><ele>1969.40</ele><time>2026-05-16T19:04:52Z</time></trkpt><trkpt lat="41.84188003844219" lon="-111.60969126038253"><ele>1976.00</ele><time>2026-05-16T19:05:03Z</time></trkpt><trkpt lat="41.84200704307546" lon="-111.60982373636216"><ele>1976.00</ele><time>2026-05-16T19:05:15Z</time></trkpt><trkpt lat="41.8421710142794" lon="-111.60998169332743"><ele>1976.00</ele><time>2026-05-16T19:05:29Z</time></trkpt><trkpt lat="41.84225709922311" lon="-111.6099868901074"><ele>1976.00</ele><time>2026-05-16T19:05:35Z</time></trkpt><trkpt lat="41.84227611119416" lon="-111.61000683903694"><ele>1976.00</ele><time>2026-05-16T19:05:37Z</time></trkpt><trkpt lat="41.84232857851647" lon="-111.61000072024763"><ele>1976.00</ele><time>2026-05-16T19:05:40Z</time></trkpt><trkpt lat="41.842413016979776" lon="-111.61002276465297"><ele>1976.00</ele><time>2026-05-16T19:05:46Z</time></trkpt><trkpt lat="41.842509971760535" lon="-111.61004950292408"><ele>1976.00</ele><time>2026-05-16T19:05:53Z</time></trkpt><trkpt lat="41.842590015912116" lon="-111.61009107716382"><ele>1976.00</ele><time>2026-05-16T19:05:59Z</time></trkpt><trkpt lat="41.84264604002237" lon="-111.61007498390973"><ele>1976.00</ele><time>2026-05-16T19:06:03Z</time></trkpt><trkpt lat="41.842733044177294" lon="-111.61010893061757"><ele>1976.00</ele><time>2026-05-16T19:06:10Z</time></trkpt><trkpt lat="41.842821976169944" lon="-111.61019300110638"><ele>1978.30</ele><time>2026-05-16T19:06:17Z</time></trkpt><trkpt lat="41.842995062470436" lon="-111.61042400635779"><ele>1980.60</ele><time>2026-05-16T19:06:34Z</time></trkpt><trkpt lat="41.84302303255332" lon="-111.6104824282229"><ele>1982.90</ele><time>2026-05-16T19:06:38Z</time></trkpt><trkpt lat="41.84303102083504" lon="-111.61057303659618"><ele>1985.20</ele><time>2026-05-16T19:06:43Z</time></trkpt><trkpt lat="41.8431160133332" lon="-111.61077797412872"><ele>1987.50</ele><time>2026-05-16T19:06:55Z</time></trkpt><trkpt lat="41.8431799672544" lon="-111.61101794801652"><ele>1989.80</ele><time>2026-05-16T19:07:08Z</time></trkpt><trkpt lat="41.84321500360966" lon="-111.61106899380684"><ele>1992.10</ele><time>2026-05-16T19:07:12Z</time></trkpt><trkpt lat="41.843237048015" lon="-111.6111730132252"><ele>1994.40</ele><time>2026-05-16T19:07:18Z</time></trkpt><trkpt lat="41.843294044956565" lon="-111.61128197796643"><ele>1996.70</ele><time>2026-05-16T19:07:25Z</time></trkpt><trkpt lat="41.84332396835089" lon="-111.6114510409534"><ele>1999.00</ele><time>2026-05-16T19:07:34Z</time></trkpt><trkpt lat="41.84339202940464" lon="-111.61159202456474"><ele>2004.30</ele><time>2026-05-16T19:07:42Z</time></trkpt><trkpt lat="41.84336696751416" lon="-111.61180106922984"><ele>2009.60</ele><time>2026-05-16T19:07:54Z</time></trkpt><trkpt lat="41.84343008324504" lon="-111.61207700148225"><ele>2014.90</ele><time>2026-05-16T19:08:09Z</time></trkpt><trkpt lat="41.84343502856791" lon="-111.6121849603951"><ele>2020.20</ele><time>2026-05-16T19:08:14Z</time></trkpt><trkpt lat="41.84346905909479" lon="-111.61220599897206"><ele>2025.50</ele><time>2026-05-16T19:08:17Z</time></trkpt><trkpt lat="41.84348297305405" lon="-111.6122610680759"><ele>2030.80</ele><time>2026-05-16T19:08:20Z</time></trkpt><trkpt lat="41.84348909184337" lon="-111.6123919095844"><ele>2036.10</ele><time>2026-05-16T19:08:27Z</time></trkpt><trkpt lat="41.84351893141866" lon="-111.61255208775401"><ele>2041.40</ele><time>2026-05-16T19:08:35Z</time></trkpt><trkpt lat="41.84358707629144" lon="-111.61278795450926"><ele>2046.70</ele><time>2026-05-16T19:08:49Z</time></trkpt><trkpt lat="41.84358296915889" lon="-111.61289893090725"><ele>2052.00</ele><time>2026-05-16T19:08:54Z</time></trkpt><trkpt lat="41.84363493695855" lon="-111.61305701360106"><ele>2050.90</ele><time>2026-05-16T19:09:03Z</time></trkpt><trkpt lat="41.84367799013375" lon="-111.61315156146884"><ele>2049.80</ele><time>2026-05-16T19:09:09Z</time></trkpt><trkpt lat="41.84373702853918" lon="-111.61322196945548"><ele>2048.70</ele><time>2026-05-16T19:09:15Z</time></trkpt><trkpt lat="41.843768963590264" lon="-111.61336697638035"><ele>2047.60</ele><time>2026-05-16T19:09:23Z</time></trkpt><trkpt lat="41.84377801604569" lon="-111.61352598108351"><ele>2046.50</ele><time>2026-05-16T19:09:31Z</time></trkpt><trkpt lat="41.84386099688709" lon="-111.61381599493325"><ele>2045.40</ele><time>2026-05-16T19:09:47Z</time></trkpt><trkpt lat="41.84390106238425" lon="-111.6139099560678"><ele>2044.30</ele><time>2026-05-16T19:09:53Z</time></trkpt><trkpt lat="41.8439019843936" lon="-111.61399897187948"><ele>2043.20</ele><time>2026-05-16T19:09:58Z</time></trkpt><trkpt lat="41.843937020748854" lon="-111.61407994106412"><ele>2042.10</ele><time>2026-05-16T19:10:02Z</time></trkpt><trkpt lat="41.84403391554952" lon="-111.61444497294724"><ele>2041.00</ele><time>2026-05-16T19:10:23Z</time></trkpt><trkpt lat="41.84411999769509" lon="-111.61463499069214"><ele>2039.80</ele><time>2026-05-16T19:10:34Z</time></trkpt><trkpt lat="41.84413801878691" lon="-111.61474705673754"><ele>2038.60</ele><time>2026-05-16T19:10:40Z</time></trkpt><trkpt lat="41.8442040424483" lon="-111.61494545638561"><ele>2037.40</ele><time>2026-05-16T19:10:52Z</time></trkpt><trkpt lat="41.844276006511315" lon="-111.61501184105873"><ele>2036.20</ele><time>2026-05-16T19:10:58Z</time></trkpt><trkpt lat="41.84430105760664" lon="-111.61507772281766"><ele>2035.00</ele><time>2026-05-16T19:11:02Z</time></trkpt><trkpt lat="41.84439604487137" lon="-111.6152168624103"><ele>2033.80</ele><time>2026-05-16T19:11:12Z</time></trkpt><trkpt lat="41.8444560052241" lon="-111.61528391763568"><ele>2032.60</ele><time>2026-05-16T19:11:17Z</time></trkpt><trkpt lat="41.84456595552058" lon="-111.6154259070754"><ele>2031.40</ele><time>2026-05-16T19:11:28Z</time></trkpt><trkpt lat="41.84462004585598" lon="-111.61546614021063"><ele>2030.20</ele><time>2026-05-16T19:11:32Z</time></trkpt><trkpt lat="41.84467002232228" lon="-111.615518652834"><ele>2029.00</ele><time>2026-05-16T19:11:37Z</time></trkpt><trkpt lat="41.84472799125486" lon="-111.61555373109877"><ele>2029.00</ele><time>2026-05-16T19:11:41Z</time></trkpt><trkpt lat="41.84478700815216" lon="-111.61560293287039"><ele>2029.00</ele><time>2026-05-16T19:11:46Z</time></trkpt><trkpt lat="41.84483199715217" lon="-111.61563956178725"><ele>2029.00</ele><time>2026-05-16T19:11:50Z</time></trkpt><trkpt lat="41.8448880533485" lon="-111.61569789983332"><ele>2029.00</ele><time>2026-05-16T19:11:55Z</time></trkpt><trkpt lat="41.844995990395546" lon="-111.61578297615051"><ele>2029.00</ele><time>2026-05-16T19:12:03Z</time></trkpt><trkpt lat="41.84502700343728" lon="-111.61586998030543"><ele>2029.00</ele><time>2026-05-16T19:12:08Z</time></trkpt><trkpt lat="41.84503194876015" lon="-111.61593602970243"><ele>2029.00</ele><time>2026-05-16T19:12:12Z</time></trkpt><trkpt lat="41.845083916559815" lon="-111.61601196974516"><ele>2029.00</ele><time>2026-05-16T19:12:17Z</time></trkpt><trkpt lat="41.84518097899854" lon="-111.61602697335184"><ele>2029.00</ele><time>2026-05-16T19:12:24Z</time></trkpt><trkpt lat="41.845337972044945" lon="-111.6161619219929"><ele>2029.00</ele><time>2026-05-16T19:12:37Z</time></trkpt><trkpt lat="41.84545096865764" lon="-111.61640734411776"><ele>2033.00</ele><time>2026-05-16T19:12:52Z</time></trkpt><trkpt lat="41.84550497773299" lon="-111.61650071851909"><ele>2037.00</ele><time>2026-05-16T19:12:58Z</time></trkpt><trkpt lat="41.8456150919832" lon="-111.6166347451508"><ele>2041.00</ele><time>2026-05-16T19:13:09Z</time></trkpt><trkpt lat="41.84589906779567" lon="-111.61683406680822"><ele>2045.00</ele><time>2026-05-16T19:13:31Z</time></trkpt><trkpt lat="41.845967028673975" lon="-111.61691612564027"><ele>2049.00</ele><time>2026-05-16T19:13:38Z</time></trkpt><trkpt lat="41.846049542889304" lon="-111.61699005402625"><ele>2053.00</ele><time>2026-05-16T19:13:45Z</time></trkpt><trkpt lat="41.84619699464185" lon="-111.61710823886096"><ele>2057.00</ele><time>2026-05-16T19:13:57Z</time></trkpt><trkpt lat="41.84639502880322" lon="-111.61721603013575"><ele>2061.00</ele><time>2026-05-16T19:14:12Z</time></trkpt><trkpt lat="41.8465820729769" lon="-111.61736271344125"><ele>2065.00</ele><time>2026-05-16T19:14:27Z</time></trkpt><trkpt lat="41.84676902121925" lon="-111.61751342006028"><ele>2069.00</ele><time>2026-05-16T19:14:42Z</time></trkpt><trkpt lat="41.846863059327006" lon="-111.61760101094842"><ele>2069.00</ele><time>2026-05-16T19:14:50Z</time></trkpt><trkpt lat="41.846948051825166" lon="-111.61768600344658"><ele>2069.00</ele><time>2026-05-16T19:14:58Z</time></trkpt><trkpt lat="41.84705902822316" lon="-111.61793494597077"><ele>2069.00</ele><time>2026-05-16T19:15:13Z</time></trkpt><trkpt lat="41.847100015729666" lon="-111.61798297427595"><ele>2069.00</ele><time>2026-05-16T19:15:17Z</time></trkpt><trkpt lat="41.84739497490227" lon="-111.61818003281951"><ele>2069.00</ele><time>2026-05-16T19:15:40Z</time></trkpt><trkpt lat="41.847504023462534" lon="-111.61828002892435"><ele>2069.00</ele><time>2026-05-16T19:15:49Z</time></trkpt><trkpt lat="41.84753897599876" lon="-111.61834708414972"><ele>2069.00</ele><time>2026-05-16T19:15:53Z</time></trkpt><trkpt lat="41.847614999860525" lon="-111.6184070147574"><ele>2069.00</ele><time>2026-05-16T19:15:59Z</time></trkpt><trkpt lat="41.847667035772695" lon="-111.61845378577709"><ele>2069.00</ele><time>2026-05-16T19:16:04Z</time></trkpt><trkpt lat="41.84775698930025" lon="-111.61851597949862"><ele>2069.00</ele><time>2026-05-16T19:16:11Z</time></trkpt><trkpt lat="41.84791901148856" lon="-111.6186380200088"><ele>2072.90</ele><time>2026-05-16T19:16:24Z</time></trkpt><trkpt lat="41.84800509363413" lon="-111.61876701749861"><ele>2076.80</ele><time>2026-05-16T19:16:33Z</time></trkpt><trkpt lat="41.84822000563145" lon="-111.61892702803016"><ele>2080.70</ele><time>2026-05-16T19:16:50Z</time></trkpt><trkpt lat="41.84822704643011" lon="-111.61900606937706"><ele>2084.60</ele><time>2026-05-16T19:16:54Z</time></trkpt><trkpt lat="41.848238026723266" lon="-111.61904303357005"><ele>2088.50</ele><time>2026-05-16T19:16:56Z</time></trkpt><trkpt lat="41.84835302643478" lon="-111.61909290589392"><ele>2092.40</ele><time>2026-05-16T19:17:05Z</time></trkpt><trkpt lat="41.84846492484212" lon="-111.61916901357472"><ele>2096.30</ele><time>2026-05-16T19:17:14Z</time></trkpt><trkpt lat="41.8485039845109" lon="-111.61921704187989"><ele>2100.20</ele><time>2026-05-16T19:17:17Z</time></trkpt><trkpt lat="41.84863197617233" lon="-111.61928200162947"><ele>2104.10</ele><time>2026-05-16T19:17:27Z</time></trkpt><trkpt lat="41.848711939528584" lon="-111.61928292363882"><ele>2108.00</ele><time>2026-05-16T19:17:33Z</time></trkpt><trkpt lat="41.84875091537833" lon="-111.61938400939107"><ele>2108.00</ele><time>2026-05-16T19:17:39Z</time></trkpt><trkpt lat="41.848883014172316" lon="-111.61948895081878"><ele>2108.00</ele><time>2026-05-16T19:17:49Z</time></trkpt><trkpt lat="41.84893892146647" lon="-111.61955801770091"><ele>2108.00</ele><time>2026-05-16T19:17:55Z</time></trkpt><trkpt lat="41.8490029592067" lon="-111.61967804655433"><ele>2108.00</ele><time>2026-05-16T19:18:02Z</time></trkpt><trkpt lat="41.849246956408024" lon="-111.6198539827019"><ele>2108.00</ele><time>2026-05-16T19:18:22Z</time></trkpt><trkpt lat="41.84936698526144" lon="-111.61990092135966"><ele>2108.00</ele><time>2026-05-16T19:18:31Z</time></trkpt><trkpt lat="41.849442003294826" lon="-111.61997904069722"><ele>2108.00</ele><time>2026-05-16T19:18:37Z</time></trkpt><trkpt lat="41.849569994956255" lon="-111.62006495520473"><ele>2108.00</ele><time>2026-05-16T19:18:47Z</time></trkpt><trkpt lat="41.84965096414089" lon="-111.62016000598669"><ele>2108.00</ele><time>2026-05-16T19:18:55Z</time></trkpt><trkpt lat="41.849868977442384" lon="-111.62027299404144"><ele>2108.00</ele><time>2026-05-16T19:19:11Z</time></trkpt><trkpt lat="41.84996796771884" lon="-111.62028506398201"><ele>2113.20</ele><time>2026-05-16T19:19:18Z</time></trkpt><trkpt lat="41.8501100409776" lon="-111.62040802650154"><ele>2118.40</ele><time>2026-05-16T19:19:30Z</time></trkpt><trkpt lat="41.850150944665074" lon="-111.62041397765279"><ele>2123.60</ele><time>2026-05-16T19:19:33Z</time></trkpt><trkpt lat="41.850342052057385" lon="-111.62052797153592"><ele>2128.80</ele><time>2026-05-16T19:19:48Z</time></trkpt><trkpt lat="41.85041704482808" lon="-111.62063517607749"><ele>2134.00</ele><time>2026-05-16T19:19:55Z</time></trkpt><trkpt lat="41.85044805103769" lon="-111.62068265955895"><ele>2139.20</ele><time>2026-05-16T19:19:59Z</time></trkpt><trkpt lat="41.85050003566805" lon="-111.62073416635394"><ele>2144.40</ele><time>2026-05-16T19:20:03Z</time></trkpt><trkpt lat="41.85069895349443" lon="-111.62086794152856"><ele>2149.60</ele><time>2026-05-16T19:20:19Z</time></trkpt><trkpt lat="41.85080599039793" lon="-111.62089392542839"><ele>2154.80</ele><time>2026-05-16T19:20:26Z</time></trkpt><trkpt lat="41.850944040343165" lon="-111.62093499675393"><ele>2160.00</ele><time>2026-05-16T19:20:36Z</time></trkpt><trkpt lat="41.851047053933144" lon="-111.62098595872521"><ele>2160.00</ele><time>2026-05-16T19:20:44Z</time></trkpt><trkpt lat="41.851222068071365" lon="-111.6211349889636"><ele>2160.00</ele><time>2026-05-16T19:20:59Z</time></trkpt><trkpt lat="41.85144200921059" lon="-111.62125895731151"><ele>2160.00</ele><time>2026-05-16T19:21:15Z</time></trkpt><trkpt lat="41.85157394036651" lon="-111.6213680896908"><ele>2160.00</ele><time>2026-05-16T19:21:26Z</time></trkpt><trkpt lat="41.85160302557051" lon="-111.62141201086342"><ele>2160.00</ele><time>2026-05-16T19:21:29Z</time></trkpt><trkpt lat="41.85164795257151" lon="-111.62143304944038"><ele>2160.00</ele><time>2026-05-16T19:21:33Z</time></trkpt><trkpt lat="41.851715007796884" lon="-111.62152097560465"><ele>2160.00</ele><time>2026-05-16T19:21:39Z</time></trkpt><trkpt lat="41.85174593701959" lon="-111.62154494784772"><ele>2160.00</ele><time>2026-05-16T19:21:42Z</time></trkpt><trkpt lat="41.85188105329871" lon="-111.62166405469179"><ele>2160.00</ele><time>2026-05-16T19:21:53Z</time></trkpt><trkpt lat="41.852020025253296" lon="-111.62186698056757"><ele>2160.00</ele><time>2026-05-16T19:22:07Z</time></trkpt><trkpt lat="41.85208800248802" lon="-111.62192406132817"><ele>2160.90</ele><time>2026-05-16T19:22:13Z</time></trkpt><trkpt lat="41.85209596529603" lon="-111.62197099998593"><ele>2161.80</ele><time>2026-05-16T19:22:16Z</time></trkpt><trkpt lat="41.85216402634978" lon="-111.6220660507679"><ele>2162.70</ele><time>2026-05-16T19:22:22Z</time></trkpt><trkpt lat="41.85244096443057" lon="-111.62228406406939"><ele>2163.60</ele><time>2026-05-16T19:22:45Z</time></trkpt><trkpt lat="41.852493016049266" lon="-111.62234399467707"><ele>2164.50</ele><time>2026-05-16T19:22:50Z</time></trkpt><trkpt lat="41.852470971643925" lon="-111.62238598801196"><ele>2165.40</ele><time>2026-05-16T19:22:52Z</time></trkpt><trkpt lat="41.852492010220885" lon="-111.6224770154804"><ele>2166.30</ele><time>2026-05-16T19:22:57Z</time></trkpt><trkpt lat="41.85253199189901" lon="-111.62251397967339"><ele>2167.20</ele><time>2026-05-16T19:23:01Z</time></trkpt><trkpt lat="41.85255395248532" lon="-111.62254407070577"><ele>2168.10</ele><time>2026-05-16T19:23:03Z</time></trkpt><trkpt lat="41.8526450637728" lon="-111.62263702601194"><ele>2169.00</ele><time>2026-05-16T19:23:11Z</time></trkpt><trkpt lat="41.85277406126261" lon="-111.62283098325133"><ele>2169.70</ele><time>2026-05-16T19:23:25Z</time></trkpt><trkpt lat="41.8528089299798" lon="-111.62297800183296"><ele>2170.40</ele><time>2026-05-16T19:23:33Z</time></trkpt><trkpt lat="41.85291697271168" lon="-111.62312803789973"><ele>2171.10</ele><time>2026-05-16T19:23:44Z</time></trkpt><trkpt lat="41.85306600295007" lon="-111.62340698763728"><ele>2171.80</ele><time>2026-05-16T19:24:02Z</time></trkpt><trkpt lat="41.853075977414846" lon="-111.62349793128669"><ele>2172.50</ele><time>2026-05-16T19:24:06Z</time></trkpt><trkpt lat="41.85314998961985" lon="-111.62363598123193"><ele>2173.20</ele><time>2026-05-16T19:24:15Z</time></trkpt><trkpt lat="41.853138015177386" lon="-111.62372843362391"><ele>2173.90</ele><time>2026-05-16T19:24:20Z</time></trkpt><trkpt lat="41.85320201533249" lon="-111.623879307881"><ele>2174.60</ele><time>2026-05-16T19:24:29Z</time></trkpt><trkpt lat="41.85333799570799" lon="-111.62403294816613"><ele>2175.30</ele><time>2026-05-16T19:24:42Z</time></trkpt><trkpt lat="41.85347495600581" lon="-111.62427795119584"><ele>2176.00</ele><time>2026-05-16T19:24:58Z</time></trkpt><trkpt lat="41.85348903760314" lon="-111.62434492260218"><ele>2182.30</ele><time>2026-05-16T19:25:01Z</time></trkpt><trkpt lat="41.85356103815138" lon="-111.62448205053806"><ele>2188.60</ele><time>2026-05-16T19:25:10Z</time></trkpt><trkpt lat="41.853569000959396" lon="-111.62461808882654"><ele>2194.90</ele><time>2026-05-16T19:25:17Z</time></trkpt><trkpt lat="41.853754073381424" lon="-111.6249829530716"><ele>2201.20</ele><time>2026-05-16T19:25:40Z</time></trkpt><trkpt lat="41.853745020926" lon="-111.62505998276174"><ele>2207.50</ele><time>2026-05-16T19:25:44Z</time></trkpt><trkpt lat="41.85376798734069" lon="-111.62504699081182"><ele>2213.80</ele><time>2026-05-16T19:25:46Z</time></trkpt><trkpt lat="41.8538140039891" lon="-111.62515796720982"><ele>2220.10</ele><time>2026-05-16T19:25:53Z</time></trkpt><trkpt lat="41.853823978453875" lon="-111.62522301077843"><ele>2226.40</ele><time>2026-05-16T19:25:56Z</time></trkpt><trkpt lat="41.8538520578295" lon="-111.62526802159846"><ele>2232.70</ele><time>2026-05-16T19:25:59Z</time></trkpt><trkpt lat="41.85383797623217" lon="-111.62527397274971"><ele>2239.00</ele><time>2026-05-16T19:26:00Z</time></trkpt><trkpt lat="41.853845017030835" lon="-111.6253680177033"><ele>2235.50</ele><time>2026-05-16T19:26:05Z</time></trkpt><trkpt lat="41.85388097539544" lon="-111.62550698965788"><ele>2232.00</ele><time>2026-05-16T19:26:13Z</time></trkpt><trkpt lat="41.854019025340676" lon="-111.62569407373667"><ele>2228.50</ele><time>2026-05-16T19:26:27Z</time></trkpt><trkpt lat="41.85405699536204" lon="-111.62580396048725"><ele>2225.00</ele><time>2026-05-16T19:26:33Z</time></trkpt><trkpt lat="41.854105945676565" lon="-111.62589004263282"><ele>2221.50</ele><time>2026-05-16T19:26:39Z</time></trkpt><trkpt lat="41.854314987003114" lon="-111.62630762904882"><ele>2218.00</ele><time>2026-05-16T19:27:05Z</time></trkpt><trkpt lat="41.85445002198904" lon="-111.62653771229088"><ele>2214.50</ele><time>2026-05-16T19:27:20Z</time></trkpt><trkpt lat="41.85456600600418" lon="-111.62659454159439"><ele>2211.00</ele><time>2026-05-16T19:27:29Z</time></trkpt><trkpt lat="41.85464910529476" lon="-111.62663804367185"><ele>2207.50</ele><time>2026-05-16T19:27:35Z</time></trkpt><trkpt lat="41.8547519874071" lon="-111.62671557627618"><ele>2204.00</ele><time>2026-05-16T19:27:43Z</time></trkpt><trkpt lat="41.8549139611423" lon="-111.62681565620005"><ele>2204.00</ele><time>2026-05-16T19:27:56Z</time></trkpt><trkpt lat="41.8550109543232" lon="-111.62684834562242"><ele>2204.00</ele><time>2026-05-16T19:28:03Z</time></trkpt><trkpt lat="41.85515804705812" lon="-111.62687298841774"><ele>2204.00</ele><time>2026-05-16T19:28:13Z</time></trkpt><trkpt lat="41.855194548640696" lon="-111.62687219213694"><ele>2204.00</ele><time>2026-05-16T19:28:16Z</time></trkpt><trkpt lat="41.85530496869177" lon="-111.62696259096265"><ele>2204.00</ele><time>2026-05-16T19:28:25Z</time></trkpt><trkpt lat="41.85541393473433" lon="-111.62701564840972"><ele>2204.00</ele><time>2026-05-16T19:28:33Z</time></trkpt><trkpt lat="41.85551914358618" lon="-111.62703174166381"><ele>2204.00</ele><time>2026-05-16T19:28:41Z</time></trkpt><trkpt lat="41.85559312763029" lon="-111.62706962786615"><ele>2204.00</ele><time>2026-05-16T19:28:46Z</time></trkpt><trkpt lat="41.85578498076823" lon="-111.6270552109927"><ele>2204.00</ele><time>2026-05-16T19:29:00Z</time></trkpt><trkpt lat="41.85584492635985" lon="-111.6269960347563"><ele>2204.00</ele><time>2026-05-16T19:29:05Z</time></trkpt><trkpt lat="41.85591596160758" lon="-111.6270013153553"><ele>2206.40</ele><time>2026-05-16T19:29:10Z</time></trkpt><trkpt lat="41.8559970482832" lon="-111.62699150852859"><ele>2208.80</ele><time>2026-05-16T19:29:16Z</time></trkpt><trkpt lat="41.85615891133284" lon="-111.62697893567383"><ele>2211.20</ele><time>2026-05-16T19:29:27Z</time></trkpt><trkpt lat="41.85630599242501" lon="-111.62699528038502"><ele>2213.60</ele><time>2026-05-16T19:29:37Z</time></trkpt><trkpt lat="41.85643192380667" lon="-111.62700994871557"><ele>2216.00</ele><time>2026-05-16T19:29:46Z</time></trkpt><trkpt lat="41.85648296959698" lon="-111.62700994871557"><ele>2218.40</ele><time>2026-05-16T19:29:50Z</time></trkpt><trkpt lat="41.85664397245836" lon="-111.62691464647651"><ele>2220.80</ele><time>2026-05-16T19:30:02Z</time></trkpt><trkpt lat="41.856774954531055" lon="-111.62683920934796"><ele>2223.20</ele><time>2026-05-16T19:30:12Z</time></trkpt><trkpt lat="41.85700901784003" lon="-111.62673401646316"><ele>2225.60</ele><time>2026-05-16T19:30:29Z</time></trkpt><trkpt lat="41.857220996171236" lon="-111.62670191377401"><ele>2228.00</ele><time>2026-05-16T19:30:44Z</time></trkpt><trkpt lat="41.85726902447641" lon="-111.62672102451324"><ele>2232.30</ele><time>2026-05-16T19:30:48Z</time></trkpt><trkpt lat="41.85734096932715" lon="-111.62674793042243"><ele>2236.60</ele><time>2026-05-16T19:30:53Z</time></trkpt><trkpt lat="41.857563983649015" lon="-111.6267819609493"><ele>2240.90</ele><time>2026-05-16T19:31:09Z</time></trkpt><trkpt lat="41.857774034142494" lon="-111.62680492736399"><ele>2245.20</ele><time>2026-05-16T19:31:24Z</time></trkpt><trkpt lat="41.85780395753682" lon="-111.62683594040573"><ele>2249.50</ele><time>2026-05-16T19:31:26Z</time></trkpt><trkpt lat="41.85789003968239" lon="-111.62702595815063"><ele>2253.80</ele><time>2026-05-16T19:31:38Z</time></trkpt><trkpt lat="41.85796405188739" lon="-111.6270840447396"><ele>2258.10</ele><time>2026-05-16T19:31:44Z</time></trkpt><trkpt lat="41.8579759541899" lon="-111.62712100893259"><ele>2262.40</ele><time>2026-05-16T19:31:46Z</time></trkpt><trkpt lat="41.85804502107203" lon="-111.62717398256063"><ele>2266.70</ele><time>2026-05-16T19:31:52Z</time></trkpt><trkpt lat="41.85805901885033" lon="-111.62720499560237"><ele>2271.00</ele><time>2026-05-16T19:31:53Z</time></trkpt><trkpt lat="41.85808894224465" lon="-111.62720600143075"><ele>2269.90</ele><time>2026-05-16T19:31:56Z</time></trkpt><trkpt lat="41.85820802107654" lon="-111.627436587587"><ele>2268.80</ele><time>2026-05-16T19:32:10Z</time></trkpt><trkpt lat="41.85831395421822" lon="-111.627576649189"><ele>2267.70</ele><time>2026-05-16T19:32:21Z</time></trkpt><trkpt lat="41.85843601572514" lon="-111.6276247613132"><ele>2266.60</ele><time>2026-05-16T19:32:30Z</time></trkpt><trkpt lat="41.85855306916689" lon="-111.62766206078231"><ele>2265.50</ele><time>2026-05-16T19:32:38Z</time></trkpt><trkpt lat="41.85869000852108" lon="-111.62771704606712"><ele>2264.40</ele><time>2026-05-16T19:32:48Z</time></trkpt><trkpt lat="41.85875597409904" lon="-111.62774302996695"><ele>2263.30</ele><time>2026-05-16T19:32:53Z</time></trkpt><trkpt lat="41.85879696160555" lon="-111.6277320496738"><ele>2262.20</ele><time>2026-05-16T19:32:56Z</time></trkpt><trkpt lat="41.85890106484294" lon="-111.62776993587613"><ele>2261.10</ele><time>2026-05-16T19:33:03Z</time></trkpt><trkpt lat="41.85900902375579" lon="-111.62780497223139"><ele>2260.00</ele><time>2026-05-16T19:33:11Z</time></trkpt><trkpt lat="41.85904095880687" lon="-111.6277820058167"><ele>2264.20</ele><time>2026-05-16T19:33:14Z</time></trkpt><trkpt lat="41.85922695323825" lon="-111.62784193642437"><ele>2268.40</ele><time>2026-05-16T19:33:27Z</time></trkpt><trkpt lat="41.859648982062936" lon="-111.6280909627676"><ele>2272.60</ele><time>2026-05-16T19:33:59Z</time></trkpt><trkpt lat="41.85988292098045" lon="-111.62830403074622"><ele>2276.80</ele><time>2026-05-16T19:34:19Z</time></trkpt><trkpt lat="41.85996196232736" lon="-111.62834200076759"><ele>2281.00</ele><time>2026-05-16T19:34:25Z</time></trkpt><trkpt lat="41.86007203170483" lon="-111.628448786214"><ele>2285.20</ele><time>2026-05-16T19:34:35Z</time></trkpt><trkpt lat="41.86013803808938" lon="-111.62845767103136"><ele>2289.40</ele><time>2026-05-16T19:34:39Z</time></trkpt><trkpt lat="41.860502001982184" lon="-111.6286901012063"><ele>2293.60</ele><time>2026-05-16T19:35:08Z</time></trkpt><trkpt lat="41.861209038687285" lon="-111.62948554381728"><ele>2297.80</ele><time>2026-05-16T19:36:12Z</time></trkpt><trkpt lat="41.861320970414965" lon="-111.62961018271744"><ele>2302.00</ele><time>2026-05-16T19:36:23Z</time></trkpt><trkpt lat="41.861375026690865" lon="-111.62967095151544"><ele>2303.20</ele><time>2026-05-16T19:36:27Z</time></trkpt><trkpt lat="41.861439962912065" lon="-111.62972015328705"><ele>2304.40</ele><time>2026-05-16T19:36:33Z</time></trkpt><trkpt lat="41.86153896221821" lon="-111.62979173474014"><ele>2305.60</ele><time>2026-05-16T19:36:41Z</time></trkpt><trkpt lat="41.861827126813765" lon="-111.63004461675882"><ele>2306.80</ele><time>2026-05-16T19:37:05Z</time></trkpt><trkpt lat="41.86186901351479" lon="-111.63008350878954"><ele>2308.00</ele><time>2026-05-16T19:37:08Z</time></trkpt><trkpt lat="41.86204603873193" lon="-111.63021602667868"><ele>2309.20</ele><time>2026-05-16T19:37:23Z</time></trkpt><trkpt lat="41.862395061179996" lon="-111.63068398833275"><ele>2310.40</ele><time>2026-05-16T19:37:57Z</time></trkpt><trkpt lat="41.862521942764204" lon="-111.63078029640019"><ele>2311.60</ele><time>2026-05-16T19:38:07Z</time></trkpt><trkpt lat="41.86267643516526" lon="-111.63089194335043"><ele>2312.80</ele><time>2026-05-16T19:38:20Z</time></trkpt><trkpt lat="41.86283292475365" lon="-111.6309365350753"><ele>2314.00</ele><time>2026-05-16T19:38:31Z</time></trkpt><trkpt lat="41.863048989059926" lon="-111.63103770464659"><ele>2314.70</ele><time>2026-05-16T19:38:47Z</time></trkpt><trkpt lat="41.86320908505929" lon="-111.63113258779049"><ele>2315.40</ele><time>2026-05-16T19:38:59Z</time></trkpt><trkpt lat="41.863255044445395" lon="-111.63120198994875"><ele>2316.10</ele><time>2026-05-16T19:39:04Z</time></trkpt><trkpt lat="41.86338102445004" lon="-111.6311905067414"><ele>2316.80</ele><time>2026-05-16T19:39:13Z</time></trkpt><trkpt lat="41.86346801979904" lon="-111.63128019310534"><ele>2317.50</ele><time>2026-05-16T19:39:21Z</time></trkpt><trkpt lat="41.86373993754387" lon="-111.63167296908796"><ele>2318.20</ele><time>2026-05-16T19:39:49Z</time></trkpt><trkpt lat="41.86378394253552" lon="-111.63176408037543"><ele>2318.90</ele><time>2026-05-16T19:39:54Z</time></trkpt><trkpt lat="41.86387094669044" lon="-111.63184798322618"><ele>2319.60</ele><time>2026-05-16T19:40:02Z</time></trkpt><trkpt lat="41.86391495168209" lon="-111.63195502012968"><ele>2320.30</ele><time>2026-05-16T19:40:08Z</time></trkpt><trkpt lat="41.86404093168676" lon="-111.63215199485421"><ele>2321.00</ele><time>2026-05-16T19:40:22Z</time></trkpt><trkpt lat="41.864137994125485" lon="-111.63244100287557"><ele>2325.00</ele><time>2026-05-16T19:40:38Z</time></trkpt><trkpt lat="41.864204965531826" lon="-111.63252297788858"><ele>2329.00</ele><time>2026-05-16T19:40:45Z</time></trkpt><trkpt lat="41.86421705872072" lon="-111.63268097676337"><ele>2333.00</ele><time>2026-05-16T19:40:53Z</time></trkpt><trkpt lat="41.86421200633049" lon="-111.63277896121144"><ele>2337.00</ele><time>2026-05-16T19:40:58Z</time></trkpt><trkpt lat="41.86426305417622" lon="-111.63289907388389"><ele>2341.00</ele><time>2026-05-16T19:41:05Z</time></trkpt><trkpt lat="41.864293013975676" lon="-111.63301600143313"><ele>2345.00</ele><time>2026-05-16T19:41:12Z</time></trkpt><trkpt lat="41.86427713285546" lon="-111.63314307108521"><ele>2349.00</ele><time>2026-05-16T19:41:19Z</time></trkpt><trkpt lat="41.864308984950185" lon="-111.63362394087017"><ele>2353.00</ele><time>2026-05-16T19:41:44Z</time></trkpt><trkpt lat="41.86432398855686" lon="-111.6337709594518"><ele>2357.00</ele><time>2026-05-16T19:41:51Z</time></trkpt><trkpt lat="41.86430093832314" lon="-111.63398897275329"><ele>2361.00</ele><time>2026-05-16T19:42:03Z</time></trkpt><trkpt lat="41.864307979121804" lon="-111.63406399078667"><ele>2360.00</ele><time>2026-05-16T19:42:07Z</time></trkpt><trkpt lat="41.864318047594836" lon="-111.63416231051087"><ele>2359.00</ele><time>2026-05-16T19:42:12Z</time></trkpt><trkpt lat="41.864322057811144" lon="-111.63424872793257"><ele>2358.00</ele><time>2026-05-16T19:42:17Z</time></trkpt><trkpt lat="41.86434301547706" lon="-111.63435693830252"><ele>2357.00</ele><time>2026-05-16T19:42:22Z</time></trkpt><trkpt lat="41.864351062104106" lon="-111.63447403348982"><ele>2356.00</ele><time>2026-05-16T19:42:29Z</time></trkpt><trkpt lat="41.864329017698765" lon="-111.63458802737296"><ele>2355.00</ele><time>2026-05-16T19:42:35Z</time></trkpt><trkpt lat="41.864351062104106" lon="-111.63475801236928"><ele>2354.00</ele><time>2026-05-16T19:42:44Z</time></trkpt><trkpt lat="41.864243019372225" lon="-111.63504400290549"><ele>2353.00</ele><time>2026-05-16T19:43:01Z</time></trkpt><trkpt lat="41.864141933619976" lon="-111.63522697985172"><ele>2352.00</ele><time>2026-05-16T19:43:12Z</time></trkpt><trkpt lat="41.86397303827107" lon="-111.6357049997896"><ele>2351.00</ele><time>2026-05-16T19:43:40Z</time></trkpt><trkpt lat="41.86397457016606" lon="-111.6358921257779"><ele>2352.10</ele><time>2026-05-16T19:43:50Z</time></trkpt><trkpt lat="41.864004067404544" lon="-111.6360604763031"><ele>2353.20</ele><time>2026-05-16T19:43:59Z</time></trkpt><trkpt lat="41.864098090194084" lon="-111.63635945878923"><ele>2354.30</ele><time>2026-05-16T19:44:16Z</time></trkpt><trkpt lat="41.86417901294985" lon="-111.63660446181893"><ele>2355.40</ele><time>2026-05-16T19:44:30Z</time></trkpt><trkpt lat="41.86425500857576" lon="-111.63681359030306"><ele>2356.50</ele><time>2026-05-16T19:44:42Z</time></trkpt><trkpt lat="41.864339999032914" lon="-111.63695784285665"><ele>2357.60</ele><time>2026-05-16T19:44:52Z</time></trkpt><trkpt lat="41.86445999360565" lon="-111.63696479983628"><ele>2358.70</ele><time>2026-05-16T19:45:00Z</time></trkpt><trkpt lat="41.864535000545004" lon="-111.63688718341291"><ele>2359.80</ele><time>2026-05-16T19:45:07Z</time></trkpt><trkpt lat="41.8646140024066" lon="-111.63683102466166"><ele>2360.90</ele><time>2026-05-16T19:45:13Z</time></trkpt><trkpt lat="41.86471996270739" lon="-111.63683555088937"><ele>2362.00</ele><time>2026-05-16T19:45:20Z</time></trkpt><trkpt lat="41.86478901654482" lon="-111.636823983863"><ele>2362.00</ele><time>2026-05-16T19:45:25Z</time></trkpt><trkpt lat="41.86495785136073" lon="-111.63685800819701"><ele>2362.00</ele><time>2026-05-16T19:45:37Z</time></trkpt><trkpt lat="41.865060003474355" lon="-111.63687100633979"><ele>2362.00</ele><time>2026-05-16T19:45:44Z</time></trkpt><trkpt lat="41.865189015268115" lon="-111.63691798690706"><ele>2362.00</ele><time>2026-05-16T19:45:54Z</time></trkpt><trkpt lat="41.86531902554304" lon="-111.63695289753377"><ele>2362.00</ele><time>2026-05-16T19:46:03Z</time></trkpt><trkpt lat="41.865383964031935" lon="-111.6369529813528"><ele>2362.00</ele><time>2026-05-16T19:46:08Z</time></trkpt><trkpt lat="41.865444075209275" lon="-111.6369896940887"><ele>2362.00</ele><time>2026-05-16T19:46:12Z</time></trkpt><trkpt lat="41.86554101715203" lon="-111.63700427860022"><ele>2362.00</ele><time>2026-05-16T19:46:19Z</time></trkpt><trkpt lat="41.86564195389378" lon="-111.63699740543962"><ele>2362.00</ele><time>2026-05-16T19:46:26Z</time></trkpt><trkpt lat="41.865691935139864" lon="-111.63698382675648"><ele>2362.00</ele><time>2026-05-16T19:46:30Z</time></trkpt><trkpt lat="41.865757482965506" lon="-111.6369550768286"><ele>2362.00</ele><time>2026-05-16T19:46:35Z</time></trkpt><trkpt lat="41.865811729633734" lon="-111.63693265523762"><ele>2362.00</ele><time>2026-05-16T19:46:39Z</time></trkpt><trkpt lat="41.86583801172674" lon="-111.63687804713845"><ele>2362.00</ele><time>2026-05-16T19:46:42Z</time></trkpt><trkpt lat="41.86589006334543" lon="-111.63675902411342"><ele>2362.00</ele><time>2026-05-16T19:46:49Z</time></trkpt><trkpt lat="41.86596097424626" lon="-111.63671602495015"><ele>2362.00</ele><time>2026-05-16T19:46:55Z</time></trkpt><trkpt lat="41.86599894426763" lon="-111.6366300266236"><ele>2362.00</ele><time>2026-05-16T19:47:00Z</time></trkpt><trkpt lat="41.86600808054209" lon="-111.63655199110508"><ele>2362.00</ele><time>2026-05-16T19:47:04Z</time></trkpt><trkpt lat="41.86604001559317" lon="-111.63649801164865"><ele>2362.00</ele><time>2026-05-16T19:47:08Z</time></trkpt><trkpt lat="41.86612199060619" lon="-111.6364769730717"><ele>2362.00</ele><time>2026-05-16T19:47:14Z</time></trkpt><trkpt lat="41.86620698310435" lon="-111.63638200610876"><ele>2362.00</ele><time>2026-05-16T19:47:21Z</time></trkpt><trkpt lat="41.866368083283305" lon="-111.63630899973214"><ele>2366.60</ele><time>2026-05-16T19:47:33Z</time></trkpt><trkpt lat="41.86644602797344" lon="-111.63628905080259"><ele>2371.20</ele><time>2026-05-16T19:47:39Z</time></trkpt><trkpt lat="41.8665979988873" lon="-111.63630497641861"><ele>2375.80</ele><time>2026-05-16T19:47:49Z</time></trkpt><trkpt lat="41.866628089919686" lon="-111.63627002388239"><ele>2380.40</ele><time>2026-05-16T19:47:52Z</time></trkpt><trkpt lat="41.86668005771935" lon="-111.6362589597702"><ele>2385.00</ele><time>2026-05-16T19:47:56Z</time></trkpt><trkpt lat="41.86671492643654" lon="-111.63622107356787"><ele>2389.60</ele><time>2026-05-16T19:47:59Z</time></trkpt><trkpt lat="41.86679597944021" lon="-111.63619098253548"><ele>2394.20</ele><time>2026-05-16T19:48:05Z</time></trkpt><trkpt lat="41.86698499135673" lon="-111.63603792898357"><ele>2398.80</ele><time>2026-05-16T19:48:20Z</time></trkpt><trkpt lat="41.86719596385956" lon="-111.63594698533416"><ele>2403.40</ele><time>2026-05-16T19:48:36Z</time></trkpt><trkpt lat="41.867295037955046" lon="-111.635861992836"><ele>2408.00</ele><time>2026-05-16T19:48:44Z</time></trkpt><trkpt lat="41.86737910656931" lon="-111.6358152218163"><ele>2409.00</ele><time>2026-05-16T19:48:51Z</time></trkpt><trkpt lat="41.86743212662945" lon="-111.63575830869377"><ele>2410.00</ele><time>2026-05-16T19:48:55Z</time></trkpt><trkpt lat="41.867533539705654" lon="-111.63575399201363"><ele>2411.00</ele><time>2026-05-16T19:49:03Z</time></trkpt><trkpt lat="41.867638947442174" lon="-111.63567993789911"><ele>2412.00</ele><time>2026-05-16T19:49:11Z</time></trkpt><trkpt lat="41.86771597713232" lon="-111.63556896150112"><ele>2413.00</ele><time>2026-05-16T19:49:19Z</time></trkpt><trkpt lat="41.86796701513231" lon="-111.63528892211616"><ele>2414.00</ele><time>2026-05-16T19:49:42Z</time></trkpt><trkpt lat="41.86818393878639" lon="-111.63516998291016"><ele>2415.00</ele><time>2026-05-16T19:49:58Z</time></trkpt><trkpt lat="41.868325006216764" lon="-111.6351399756968"><ele>2416.00</ele><time>2026-05-16T19:50:08Z</time></trkpt><trkpt lat="41.868435982614756" lon="-111.63505900651217"><ele>2417.00</ele><time>2026-05-16T19:50:17Z</time></trkpt><trkpt lat="41.86855098232627" lon="-111.63501592352986"><ele>2418.00</ele><time>2026-05-16T19:50:25Z</time></trkpt><trkpt lat="41.86864695511758" lon="-111.63494392298162"><ele>2421.30</ele><time>2026-05-16T19:50:33Z</time></trkpt><trkpt lat="41.86891400255263" lon="-111.63481106981635"><ele>2424.60</ele><time>2026-05-16T19:50:53Z</time></trkpt><trkpt lat="41.86913000419736" lon="-111.63475893437862"><ele>2427.90</ele><time>2026-05-16T19:51:08Z</time></trkpt><trkpt lat="41.869362937286496" lon="-111.63464502431452"><ele>2431.20</ele><time>2026-05-16T19:51:26Z</time></trkpt><trkpt lat="41.86952101998031" lon="-111.63462306372821"><ele>2434.50</ele><time>2026-05-16T19:51:37Z</time></trkpt><trkpt lat="41.86956200748682" lon="-111.63473999127746"><ele>2437.80</ele><time>2026-05-16T19:51:44Z</time></trkpt><trkpt lat="41.86962495557964" lon="-111.63485499098897"><ele>2441.10</ele><time>2026-05-16T19:51:51Z</time></trkpt><trkpt lat="41.86968499351517" lon="-111.63496680557728"><ele>2444.40</ele><time>2026-05-16T19:51:58Z</time></trkpt><trkpt lat="41.86977803060122" lon="-111.6350331902504"><ele>2447.70</ele><time>2026-05-16T19:52:06Z</time></trkpt><trkpt lat="41.869903026259" lon="-111.63508465513587"><ele>2451.00</ele><time>2026-05-16T19:52:15Z</time></trkpt><trkpt lat="41.87007590197028" lon="-111.63508230820298"><ele>2453.00</ele><time>2026-05-16T19:52:27Z</time></trkpt><trkpt lat="41.87047194689512" lon="-111.6351640317589"><ele>2455.00</ele><time>2026-05-16T19:52:55Z</time></trkpt><trkpt lat="41.870560040697455" lon="-111.63508700206876"><ele>2457.00</ele><time>2026-05-16T19:53:03Z</time></trkpt><trkpt lat="41.87062801793218" lon="-111.63505305536091"><ele>2459.00</ele><time>2026-05-16T19:53:08Z</time></trkpt><trkpt lat="41.87083991244435" lon="-111.63509597070515"><ele>2461.00</ele><time>2026-05-16T19:53:23Z</time></trkpt><trkpt lat="41.87110494822264" lon="-111.6352089587599"><ele>2463.00</ele><time>2026-05-16T19:53:42Z</time></trkpt><trkpt lat="41.871294029597806" lon="-111.63533963263035"><ele>2465.00</ele><time>2026-05-16T19:53:57Z</time></trkpt><trkpt lat="41.87134497720559" lon="-111.63534826599061"><ele>2467.00</ele><time>2026-05-16T19:54:01Z</time></trkpt><trkpt lat="41.87143301591277" lon="-111.63536704145372"><ele>2469.00</ele><time>2026-05-16T19:54:07Z</time></trkpt><trkpt lat="41.871567042544484" lon="-111.63547500036657"><ele>2471.00</ele><time>2026-05-16T19:54:18Z</time></trkpt><trkpt lat="41.87170904635764" lon="-111.63557541556656"><ele>2471.00</ele><time>2026-05-16T19:54:29Z</time></trkpt><trkpt lat="41.87186788313553" lon="-111.6355509404093"><ele>2471.00</ele><time>2026-05-16T19:54:40Z</time></trkpt><trkpt lat="41.871955974765925" lon="-111.63548296317458"><ele>2471.00</ele><time>2026-05-16T19:54:48Z</time></trkpt><trkpt lat="41.87205099428394" lon="-111.63551246747375"><ele>2471.00</ele><time>2026-05-16T19:54:54Z</time></trkpt><trkpt lat="41.87220205552876" lon="-111.63554004393518"><ele>2471.00</ele><time>2026-05-16T19:55:05Z</time></trkpt><trkpt lat="41.87227497808635" lon="-111.63558304309845"><ele>2471.00</ele><time>2026-05-16T19:55:11Z</time></trkpt><trkpt lat="41.87238595448434" lon="-111.63561204448342"><ele>2471.00</ele><time>2026-05-16T19:55:19Z</time></trkpt><trkpt lat="41.872580079361796" lon="-111.63575302809477"><ele>2471.00</ele><time>2026-05-16T19:55:34Z</time></trkpt><trkpt lat="41.87274000607431" lon="-111.63581396453083"><ele>2471.00</ele><time>2026-05-16T19:55:46Z</time></trkpt><trkpt lat="41.87289599329233" lon="-111.63582955487072"><ele>2471.00</ele><time>2026-05-16T19:55:57Z</time></trkpt><trkpt lat="41.87299892306328" lon="-111.63581798784435"><ele>2474.50</ele><time>2026-05-16T19:56:04Z</time></trkpt><trkpt lat="41.87310000881553" lon="-111.63587297312915"><ele>2478.00</ele><time>2026-05-16T19:56:12Z</time></trkpt><trkpt lat="41.87331701628864" lon="-111.63607707247138"><ele>2481.50</ele><time>2026-05-16T19:56:30Z</time></trkpt><trkpt lat="41.87338901683688" lon="-111.63612292148173"><ele>2485.00</ele><time>2026-05-16T19:56:36Z</time></trkpt><trkpt lat="41.87344400212169" lon="-111.63620305247605"><ele>2488.50</ele><time>2026-05-16T19:56:41Z</time></trkpt><trkpt lat="41.87353804707527" lon="-111.63619492202997"><ele>2492.00</ele><time>2026-05-16T19:56:48Z</time></trkpt><trkpt lat="41.87357601709664" lon="-111.63622107356787"><ele>2495.50</ele><time>2026-05-16T19:56:51Z</time></trkpt><trkpt lat="41.87362697906792" lon="-111.63629793561995"><ele>2499.00</ele><time>2026-05-16T19:56:56Z</time></trkpt><trkpt lat="41.87368498183787" lon="-111.63633204996586"><ele>2502.50</ele><time>2026-05-16T19:57:01Z</time></trkpt><trkpt lat="41.87373301014304" lon="-111.63638695143163"><ele>2506.00</ele><time>2026-05-16T19:57:05Z</time></trkpt><trkpt lat="41.873996034264565" lon="-111.63643296808004"><ele>2508.90</ele><time>2026-05-16T19:57:24Z</time></trkpt><trkpt lat="41.87419702074004" lon="-111.63655509240925"><ele>2511.80</ele><time>2026-05-16T19:57:39Z</time></trkpt><trkpt lat="41.8744139559567" lon="-111.63673899136484"><ele>2514.70</ele><time>2026-05-16T19:57:57Z</time></trkpt><trkpt lat="41.874470910877385" lon="-111.63680621422827"><ele>2517.60</ele><time>2026-05-16T19:58:03Z</time></trkpt><trkpt lat="41.87456586306794" lon="-111.63687980733812"><ele>2520.50</ele><time>2026-05-16T19:58:10Z</time></trkpt><trkpt lat="41.87465379604547" lon="-111.6369756963104"><ele>2523.40</ele><time>2026-05-16T19:58:18Z</time></trkpt><trkpt lat="41.874754680393885" lon="-111.63703713566065"><ele>2526.30</ele><time>2026-05-16T19:58:26Z</time></trkpt><trkpt lat="41.874840831906056" lon="-111.63707250729203"><ele>2529.20</ele><time>2026-05-16T19:58:32Z</time></trkpt><trkpt lat="41.874922988936305" lon="-111.63705691695213"><ele>2532.10</ele><time>2026-05-16T19:58:38Z</time></trkpt><trkpt lat="41.87510596588254" lon="-111.63706102408469"><ele>2535.00</ele><time>2026-05-16T19:58:51Z</time></trkpt><trkpt lat="41.87522798466782" lon="-111.63705457001925"><ele>2535.00</ele><time>2026-05-16T19:59:00Z</time></trkpt><trkpt lat="41.87532395021147" lon="-111.63703587837517"><ele>2535.00</ele><time>2026-05-16T19:59:06Z</time></trkpt><trkpt lat="41.87538208750533" lon="-111.63705616258085"><ele>2535.00</ele><time>2026-05-16T19:59:11Z</time></trkpt><trkpt lat="41.87541291117668" lon="-111.63709606043994"><ele>2535.00</ele><time>2026-05-16T19:59:14Z</time></trkpt><trkpt lat="41.875485006906864" lon="-111.63712489418685"><ele>2535.00</ele><time>2026-05-16T19:59:19Z</time></trkpt><trkpt lat="41.87556395307183" lon="-111.63714802823961"><ele>2535.00</ele><time>2026-05-16T19:59:25Z</time></trkpt><trkpt lat="41.87564400024712" lon="-111.63716806098819"><ele>2535.00</ele><time>2026-05-16T19:59:30Z</time></trkpt><trkpt lat="41.875718012452126" lon="-111.63715096190572"><ele>2535.00</ele><time>2026-05-16T19:59:36Z</time></trkpt><trkpt lat="41.875869976356626" lon="-111.63708792999387"><ele>2535.00</ele><time>2026-05-16T19:59:47Z</time></trkpt><trkpt lat="41.875976969740165" lon="-111.63701341487467"><ele>2535.00</ele><time>2026-05-16T19:59:55Z</time></trkpt><trkpt lat="41.876360988244414" lon="-111.63657906465232"><ele>2536.80</ele><time>2026-05-16T20:00:30Z</time></trkpt><trkpt lat="41.876448998227715" lon="-111.63654402829707"><ele>2538.60</ele><time>2026-05-16T20:00:37Z</time></trkpt><trkpt lat="41.87667405232787" lon="-111.63654997944832"><ele>2540.40</ele><time>2026-05-16T20:00:53Z</time></trkpt><trkpt lat="41.87671009451151" lon="-111.63657202385366"><ele>2542.20</ele><time>2026-05-16T20:00:55Z</time></trkpt><trkpt lat="41.876812016837356" lon="-111.63666355423629"><ele>2544.00</ele><time>2026-05-16T20:01:04Z</time></trkpt><trkpt lat="41.87691593612132" lon="-111.63675508461893"><ele>2545.80</ele><time>2026-05-16T20:01:13Z</time></trkpt><trkpt lat="41.877072987296096" lon="-111.6368652228266"><ele>2547.60</ele><time>2026-05-16T20:01:25Z</time></trkpt><trkpt lat="41.87717999165734" lon="-111.6369273327291"><ele>2549.40</ele><time>2026-05-16T20:01:33Z</time></trkpt><trkpt lat="41.87730895967063" lon="-111.63700729608536"><ele>2551.20</ele><time>2026-05-16T20:01:43Z</time></trkpt><trkpt lat="41.8774669111022" lon="-111.6370341181755"><ele>2553.00</ele><time>2026-05-16T20:01:54Z</time></trkpt><trkpt lat="41.87776503712105" lon="-111.63706278428435"><ele>2554.40</ele><time>2026-05-16T20:02:15Z</time></trkpt><trkpt lat="41.877964078217325" lon="-111.637151716277"><ele>2555.80</ele><time>2026-05-16T20:02:30Z</time></trkpt><trkpt lat="41.87810308662085" lon="-111.63730954751372"><ele>2557.20</ele><time>2026-05-16T20:02:43Z</time></trkpt><trkpt lat="41.878185980021954" lon="-111.63738699629903"><ele>2558.60</ele><time>2026-05-16T20:02:50Z</time></trkpt><trkpt lat="41.87824297696352" lon="-111.63742303848267"><ele>2560.00</ele><time>2026-05-16T20:02:54Z</time></trkpt><trkpt lat="41.87832201831043" lon="-111.63743904791772"><ele>2561.40</ele><time>2026-05-16T20:03:00Z</time></trkpt><trkpt lat="41.878534987883356" lon="-111.63741851225495"><ele>2562.80</ele><time>2026-05-16T20:03:15Z</time></trkpt><trkpt lat="41.87868997267924" lon="-111.63745044730604"><ele>2564.20</ele><time>2026-05-16T20:03:26Z</time></trkpt><trkpt lat="41.878877002483584" lon="-111.63769008591771"><ele>2565.60</ele><time>2026-05-16T20:03:44Z</time></trkpt><trkpt lat="41.87907597050071" lon="-111.63791798986495"><ele>2567.00</ele><time>2026-05-16T20:04:02Z</time></trkpt><trkpt lat="41.879200022667646" lon="-111.6380360070616"><ele>2568.90</ele><time>2026-05-16T20:04:13Z</time></trkpt><trkpt lat="41.87929696130011" lon="-111.63811965845525"><ele>2570.80</ele><time>2026-05-16T20:04:21Z</time></trkpt><trkpt lat="41.87943900190649" lon="-111.63817464374006"><ele>2572.70</ele><time>2026-05-16T20:04:32Z</time></trkpt><trkpt lat="41.87961292934542" lon="-111.63813147693872"><ele>2574.60</ele><time>2026-05-16T20:04:44Z</time></trkpt><trkpt lat="41.87999694475657" lon="-111.63796668872237"><ele>2576.50</ele><time>2026-05-16T20:05:12Z</time></trkpt><trkpt lat="41.880179899041096" lon="-111.63787683472037"><ele>2578.40</ele><time>2026-05-16T20:05:26Z</time></trkpt><trkpt lat="41.88025998938198" lon="-111.63782671093941"><ele>2580.30</ele><time>2026-05-16T20:05:32Z</time></trkpt><trkpt lat="41.88040990567847" lon="-111.63763484917581"><ele>2582.20</ele><time>2026-05-16T20:05:47Z</time></trkpt><trkpt lat="41.88046797759499" lon="-111.63757307454944"><ele>2584.10</ele><time>2026-05-16T20:05:52Z</time></trkpt><trkpt lat="41.880559967728026" lon="-111.63755253888667"><ele>2586.00</ele><time>2026-05-16T20:05:58Z</time></trkpt><trkpt lat="41.8807740382793" lon="-111.63753233850002"><ele>2583.80</ele><time>2026-05-16T20:06:13Z</time></trkpt><trkpt lat="41.880875876516384" lon="-111.63745975121856"><ele>2581.60</ele><time>2026-05-16T20:06:22Z</time></trkpt><trkpt lat="41.88093688783449" lon="-111.6373895527795"><ele>2579.40</ele><time>2026-05-16T20:06:27Z</time></trkpt><trkpt lat="41.88095795921981" lon="-111.63730594329536"><ele>2577.20</ele><time>2026-05-16T20:06:32Z</time></trkpt><trkpt lat="41.880995078388416" lon="-111.63712883368134"><ele>2575.00</ele><time>2026-05-16T20:06:41Z</time></trkpt><trkpt lat="41.88108416445689" lon="-111.63697443902493"><ele>2572.80</ele><time>2026-05-16T20:06:52Z</time></trkpt><trkpt lat="41.88137987797926" lon="-111.6367946472019"><ele>2570.60</ele><time>2026-05-16T20:07:14Z</time></trkpt><trkpt lat="41.88165591172879" lon="-111.63657302968204"><ele>2568.40</ele><time>2026-05-16T20:07:37Z</time></trkpt><trkpt lat="41.88176094554365" lon="-111.63648501969874"><ele>2566.20</ele><time>2026-05-16T20:07:46Z</time></trkpt><trkpt lat="41.881827945039646" lon="-111.63651167415082"><ele>2564.00</ele><time>2026-05-16T20:07:51Z</time></trkpt><trkpt lat="41.881896941466586" lon="-111.63657277822495"><ele>2566.60</ele><time>2026-05-16T20:07:56Z</time></trkpt><trkpt lat="41.88200289900716" lon="-111.63666841574013"><ele>2569.20</ele><time>2026-05-16T20:08:05Z</time></trkpt><trkpt lat="41.88210798732377" lon="-111.63678584620357"><ele>2571.80</ele><time>2026-05-16T20:08:15Z</time></trkpt><trkpt lat="41.882187999200426" lon="-111.63690268993378"><ele>2574.40</ele><time>2026-05-16T20:08:23Z</time></trkpt><trkpt lat="41.88227393504177" lon="-111.63712204433978"><ele>2577.00</ele><time>2026-05-16T20:08:36Z</time></trkpt><trkpt lat="41.88233590735661" lon="-111.63732262328267"><ele>2579.60</ele><time>2026-05-16T20:08:47Z</time></trkpt><trkpt lat="41.88239793927833" lon="-111.63746871985495"><ele>2582.20</ele><time>2026-05-16T20:08:56Z</time></trkpt><trkpt lat="41.882528979331255" lon="-111.63764205761254"><ele>2584.80</ele><time>2026-05-16T20:09:09Z</time></trkpt><trkpt lat="41.88262796960771" lon="-111.63778807036579"><ele>2587.40</ele><time>2026-05-16T20:09:19Z</time></trkpt><trkpt lat="41.882675075903535" lon="-111.63781799376011"><ele>2590.00</ele><time>2026-05-16T20:09:23Z</time></trkpt><trkpt lat="41.882779556412" lon="-111.63788362406194"><ele>2587.40</ele><time>2026-05-16T20:09:31Z</time></trkpt><trkpt lat="41.88282081345439" lon="-111.63785877171904"><ele>2584.80</ele><time>2026-05-16T20:09:34Z</time></trkpt><trkpt lat="41.8828840367496" lon="-111.63779905065894"><ele>2582.20</ele><time>2026-05-16T20:09:40Z</time></trkpt><trkpt lat="41.882899997498285" lon="-111.63764800876379"><ele>2579.60</ele><time>2026-05-16T20:09:48Z</time></trkpt><trkpt lat="41.88289196108184" lon="-111.63751448504627"><ele>2577.00</ele><time>2026-05-16T20:09:55Z</time></trkpt><trkpt lat="41.882893005385995" lon="-111.63740099407732"><ele>2574.40</ele><time>2026-05-16T20:10:01Z</time></trkpt><trkpt lat="41.88287699595094" lon="-111.63731692358851"><ele>2571.80</ele><time>2026-05-16T20:10:05Z</time></trkpt><trkpt lat="41.8828110852074" lon="-111.6369550768286"><ele>2569.20</ele><time>2026-05-16T20:10:25Z</time></trkpt><trkpt lat="41.88282618620277" lon="-111.63672742433846"><ele>2566.60</ele><time>2026-05-16T20:10:37Z</time></trkpt><trkpt lat="41.882851164308974" lon="-111.63649792782962"><ele>2564.00</ele><time>2026-05-16T20:10:49Z</time></trkpt><trkpt lat="41.882947047152605" lon="-111.6363146994263"><ele>2564.00</ele><time>2026-05-16T20:11:00Z</time></trkpt><trkpt lat="41.8829771133006" lon="-111.63623448461294"><ele>2564.00</ele><time>2026-05-16T20:11:05Z</time></trkpt><trkpt lat="41.883042065748384" lon="-111.6360932495445"><ele>2564.00</ele><time>2026-05-16T20:11:14Z</time></trkpt><trkpt lat="41.883136108001665" lon="-111.63585176691413"><ele>2564.00</ele><time>2026-05-16T20:11:28Z</time></trkpt><trkpt lat="41.88319805589627" lon="-111.63574850186706"><ele>2564.00</ele><time>2026-05-16T20:11:35Z</time></trkpt><trkpt lat="41.88332305964616" lon="-111.63553660735488"><ele>2564.00</ele><time>2026-05-16T20:11:49Z</time></trkpt><trkpt lat="41.883489963688035" lon="-111.6353423986584"><ele>2564.00</ele><time>2026-05-16T20:12:05Z</time></trkpt><trkpt lat="41.88358903862536" lon="-111.63525899872184"><ele>2564.00</ele><time>2026-05-16T20:12:13Z</time></trkpt><trkpt lat="41.88364997506142" lon="-111.63523997180164"><ele>2564.00</ele><time>2026-05-16T20:12:17Z</time></trkpt><trkpt lat="41.88380101695657" lon="-111.63525405339897"><ele>2564.00</ele><time>2026-05-16T20:12:28Z</time></trkpt><trkpt lat="41.883985083550215" lon="-111.63540199398994"><ele>2565.30</ele><time>2026-05-16T20:12:43Z</time></trkpt><trkpt lat="41.88404994263564" lon="-111.63559729233384"><ele>2566.60</ele><time>2026-05-16T20:12:54Z</time></trkpt><trkpt lat="41.88411602788624" lon="-111.63581916131079"><ele>2567.90</ele><time>2026-05-16T20:13:06Z</time></trkpt><trkpt lat="41.8841689825058" lon="-111.63590599782765"><ele>2569.20</ele><time>2026-05-16T20:13:12Z</time></trkpt><trkpt lat="41.88415096141398" lon="-111.63602996617556"><ele>2570.50</ele><time>2026-05-16T20:13:19Z</time></trkpt><trkpt lat="41.88417300581932" lon="-111.6361069958657"><ele>2571.80</ele><time>2026-05-16T20:13:23Z</time></trkpt><trkpt lat="41.884201085194945" lon="-111.63606500253081"><ele>2573.10</ele><time>2026-05-16T20:13:26Z</time></trkpt><trkpt lat="41.88430596798555" lon="-111.6358604002744"><ele>2574.40</ele><time>2026-05-16T20:13:39Z</time></trkpt><trkpt lat="41.884333938360214" lon="-111.63567993789911"><ele>2575.70</ele><time>2026-05-16T20:13:49Z</time></trkpt><trkpt lat="41.88440199941397" lon="-111.63542496040463"><ele>2577.00</ele><time>2026-05-16T20:14:03Z</time></trkpt><trkpt lat="41.8844089563936" lon="-111.63520703092217"><ele>2575.70</ele><time>2026-05-16T20:14:14Z</time></trkpt><trkpt lat="41.88443007330482" lon="-111.63501592352986"><ele>2574.40</ele><time>2026-05-16T20:14:24Z</time></trkpt><trkpt lat="41.88439410013723" lon="-111.63473202846944"><ele>2573.10</ele><time>2026-05-16T20:14:39Z</time></trkpt><trkpt lat="41.884317166015705" lon="-111.63462650030851"><ele>2571.80</ele><time>2026-05-16T20:14:47Z</time></trkpt><trkpt lat="41.88425517196365" lon="-111.63445458747447"><ele>2570.50</ele><time>2026-05-16T20:14:57Z</time></trkpt><trkpt lat="41.88418794136432" lon="-111.63433263078332"><ele>2569.20</ele><time>2026-05-16T20:15:05Z</time></trkpt><trkpt lat="41.884121779259516" lon="-111.63413314148784"><ele>2567.90</ele><time>2026-05-16T20:15:16Z</time></trkpt><trkpt lat="41.88409281216172" lon="-111.63401688449085"><ele>2566.60</ele><time>2026-05-16T20:15:23Z</time></trkpt><trkpt lat="41.884056956563725" lon="-111.63385167717934"><ele>2565.30</ele><time>2026-05-16T20:15:32Z</time></trkpt><trkpt lat="41.884012941564514" lon="-111.63370382040739"><ele>2564.00</ele><time>2026-05-16T20:15:40Z</time></trkpt><trkpt lat="41.88395098928598" lon="-111.63344817236066"><ele>2560.70</ele><time>2026-05-16T20:15:54Z</time></trkpt><trkpt lat="41.883914471366566" lon="-111.63330018986017"><ele>2557.40</ele><time>2026-05-16T20:16:02Z</time></trkpt><trkpt lat="41.883872961168244" lon="-111.63315354846418"><ele>2554.10</ele><time>2026-05-16T20:16:11Z</time></trkpt><trkpt lat="41.883838064968586" lon="-111.63300502113998"><ele>2550.80</ele><time>2026-05-16T20:16:19Z</time></trkpt><trkpt lat="41.883815881121414" lon="-111.63275767117739"><ele>2547.50</ele><time>2026-05-16T20:16:32Z</time></trkpt><trkpt lat="41.88370849196323" lon="-111.63248777389526"><ele>2544.20</ele><time>2026-05-16T20:16:48Z</time></trkpt><trkpt lat="41.8839441370592" lon="-111.63267460651696"><ele>2540.90</ele><time>2026-05-16T20:17:07Z</time></trkpt><trkpt lat="41.88415205106139" lon="-111.632976019755"><ele>2537.60</ele><time>2026-05-16T20:17:28Z</time></trkpt><trkpt lat="41.88426495529711" lon="-111.6330560669303"><ele>2534.30</ele><time>2026-05-16T20:17:37Z</time></trkpt><trkpt lat="41.88429797999561" lon="-111.6331419814378"><ele>2531.00</ele><time>2026-05-16T20:17:42Z</time></trkpt><trkpt lat="41.88442597165704" lon="-111.63330903276801"><ele>2529.80</ele><time>2026-05-16T20:17:55Z</time></trkpt><trkpt lat="41.88451391805349" lon="-111.63335756398737"><ele>2528.60</ele><time>2026-05-16T20:18:01Z</time></trkpt><trkpt lat="41.88456398269902" lon="-111.63341422565281"><ele>2527.40</ele><time>2026-05-16T20:18:06Z</time></trkpt><trkpt lat="41.88464492937905" lon="-111.633520424366"><ele>2526.20</ele><time>2026-05-16T20:18:14Z</time></trkpt><trkpt lat="41.88488605432212" lon="-111.633679009974"><ele>2525.00</ele><time>2026-05-16T20:18:33Z</time></trkpt><trkpt lat="41.8850479926914" lon="-111.63380800746381"><ele>2523.80</ele><time>2026-05-16T20:18:46Z</time></trkpt><trkpt lat="41.885224012658" lon="-111.63381806574762"><ele>2522.60</ele><time>2026-05-16T20:18:58Z</time></trkpt><trkpt lat="41.885388968512416" lon="-111.63373491726816"><ele>2521.40</ele><time>2026-05-16T20:19:11Z</time></trkpt><trkpt lat="41.88548896222126" lon="-111.63366476073861"><ele>2520.20</ele><time>2026-05-16T20:19:19Z</time></trkpt><trkpt lat="41.8856489751488" lon="-111.63355604745448"><ele>2519.00</ele><time>2026-05-16T20:19:31Z</time></trkpt><trkpt lat="41.88578492727315" lon="-111.63343266583979"><ele>2519.00</ele><time>2026-05-16T20:19:43Z</time></trkpt><trkpt lat="41.885925942865065" lon="-111.63331707939506"><ele>2519.00</ele><time>2026-05-16T20:19:54Z</time></trkpt><trkpt lat="41.885977005790934" lon="-111.63330375216901"><ele>2519.00</ele><time>2026-05-16T20:19:58Z</time></trkpt><trkpt lat="41.88607289885613" lon="-111.63332311436534"><ele>2519.00</ele><time>2026-05-16T20:20:05Z</time></trkpt><trkpt lat="41.88617390190953" lon="-111.6334234457463"><ele>2519.00</ele><time>2026-05-16T20:20:14Z</time></trkpt><trkpt lat="41.88625693334713" lon="-111.6335479170084"><ele>2519.00</ele><time>2026-05-16T20:20:22Z</time></trkpt><trkpt lat="41.886292888807766" lon="-111.63364456035197"><ele>2519.00</ele><time>2026-05-16T20:20:28Z</time></trkpt><trkpt lat="41.88630985669994" lon="-111.63370247930288"><ele>2519.00</ele><time>2026-05-16T20:20:31Z</time></trkpt><trkpt lat="41.886343969346285" lon="-111.63379753008485"><ele>2519.00</ele><time>2026-05-16T20:20:37Z</time></trkpt><trkpt lat="41.88640392214295" lon="-111.63399358280003"><ele>2519.00</ele><time>2026-05-16T20:20:48Z</time></trkpt><trkpt lat="41.88644688643114" lon="-111.63419776596129"><ele>2519.00</ele><time>2026-05-16T20:20:59Z</time></trkpt><trkpt lat="41.88649992380426" lon="-111.63436104543507"><ele>2519.00</ele><time>2026-05-16T20:21:08Z</time></trkpt><trkpt lat="41.88651086699952" lon="-111.63444804958999"><ele>2519.00</ele><time>2026-05-16T20:21:13Z</time></trkpt><trkpt lat="41.88654595299468" lon="-111.63462029770017"><ele>2519.00</ele><time>2026-05-16T20:21:22Z</time></trkpt><trkpt lat="41.88657398636723" lon="-111.63477879948914"><ele>2519.00</ele><time>2026-05-16T20:21:31Z</time></trkpt><trkpt lat="41.886648098006845" lon="-111.63495096378028"><ele>2519.00</ele><time>2026-05-16T20:21:41Z</time></trkpt><trkpt lat="41.886696097488205" lon="-111.63518439978361"><ele>2519.00</ele><time>2026-05-16T20:21:54Z</time></trkpt><trkpt lat="41.886843561214214" lon="-111.63546234369278"><ele>2519.00</ele><time>2026-05-16T20:22:11Z</time></trkpt><trkpt lat="41.88691233036573" lon="-111.635169563815"><ele>2519.00</ele><time>2026-05-16T20:22:28Z</time></trkpt><trkpt lat="41.88704324194246" lon="-111.63485616445541"><ele>2519.00</ele><time>2026-05-16T20:22:46Z</time></trkpt><trkpt lat="41.88709515882955" lon="-111.6346737742424"><ele>2518.30</ele><time>2026-05-16T20:22:56Z</time></trkpt><trkpt lat="41.88712511086062" lon="-111.63448601961136"><ele>2517.60</ele><time>2026-05-16T20:23:07Z</time></trkpt><trkpt lat="41.8871336847233" lon="-111.63431352004409"><ele>2516.90</ele><time>2026-05-16T20:23:16Z</time></trkpt><trkpt lat="41.88714374778954" lon="-111.63413917645812"><ele>2516.20</ele><time>2026-05-16T20:23:25Z</time></trkpt><trkpt lat="41.88717281430826" lon="-111.63386357948184"><ele>2515.50</ele><time>2026-05-16T20:23:39Z</time></trkpt><trkpt lat="41.887179499915135" lon="-111.63357578683645"><ele>2514.80</ele><time>2026-05-16T20:23:54Z</time></trkpt><trkpt lat="41.88718418872162" lon="-111.63335773162544"><ele>2514.10</ele><time>2026-05-16T20:24:06Z</time></trkpt><trkpt lat="41.88720007807688" lon="-111.63321597268805"><ele>2513.40</ele><time>2026-05-16T20:24:13Z</time></trkpt><trkpt lat="41.887202032355724" lon="-111.63305926253088"><ele>2512.70</ele><time>2026-05-16T20:24:21Z</time></trkpt><trkpt lat="41.88718304150038" lon="-111.63274487305898"><ele>2512.00</ele><time>2026-05-16T20:24:38Z</time></trkpt><trkpt lat="41.887161565268926" lon="-111.63253403414274"><ele>2505.10</ele><time>2026-05-16T20:24:49Z</time></trkpt><trkpt lat="41.88715482075191" lon="-111.63236424166826"><ele>2498.20</ele><time>2026-05-16T20:24:58Z</time></trkpt><trkpt lat="41.88715743889522" lon="-111.63221765462367"><ele>2491.30</ele><time>2026-05-16T20:25:05Z</time></trkpt><trkpt lat="41.88715905647884" lon="-111.6320613026619"><ele>2484.40</ele><time>2026-05-16T20:25:14Z</time></trkpt><trkpt lat="41.887177027681204" lon="-111.63189500570297"><ele>2477.50</ele><time>2026-05-16T20:25:22Z</time></trkpt><trkpt lat="41.88719300207905" lon="-111.63163751363754"><ele>2470.60</ele><time>2026-05-16T20:25:36Z</time></trkpt><trkpt lat="41.887232938056194" lon="-111.63159728050232"><ele>2463.70</ele><time>2026-05-16T20:25:39Z</time></trkpt><trkpt lat="41.887349942079396" lon="-111.63181826748655"><ele>2456.80</ele><time>2026-05-16T20:25:54Z</time></trkpt><trkpt lat="41.88739447405141" lon="-111.63186140697917"><ele>2449.90</ele><time>2026-05-16T20:25:57Z</time></trkpt><trkpt lat="41.88758277483956" lon="-111.63202256366844"><ele>2443.00</ele><time>2026-05-16T20:26:13Z</time></trkpt><trkpt lat="41.88767892180983" lon="-111.63215678619338"><ele>2444.60</ele><time>2026-05-16T20:26:23Z</time></trkpt><trkpt lat="41.887770924446926" lon="-111.63231241035334"><ele>2446.20</ele><time>2026-05-16T20:26:33Z</time></trkpt><trkpt lat="41.88792275496716" lon="-111.63246800649472"><ele>2447.80</ele><time>2026-05-16T20:26:47Z</time></trkpt><trkpt lat="41.888148427988796" lon="-111.63269064385224"><ele>2449.40</ele><time>2026-05-16T20:27:06Z</time></trkpt><trkpt lat="41.888285225389275" lon="-111.6328368312482"><ele>2451.00</ele><time>2026-05-16T20:27:18Z</time></trkpt><trkpt lat="41.88840904138928" lon="-111.63302421569824"><ele>2452.60</ele><time>2026-05-16T20:27:32Z</time></trkpt><trkpt lat="41.88849689883366" lon="-111.63315832614899"><ele>2454.20</ele><time>2026-05-16T20:27:41Z</time></trkpt><trkpt lat="41.88855280805352" lon="-111.63330852985382"><ele>2455.80</ele><time>2026-05-16T20:27:50Z</time></trkpt><trkpt lat="41.88864465880849" lon="-111.6334319114685"><ele>2457.40</ele><time>2026-05-16T20:27:59Z</time></trkpt><trkpt lat="41.88874050293378" lon="-111.6335391998291"><ele>2459.00</ele><time>2026-05-16T20:28:07Z</time></trkpt><trkpt lat="41.88884034041134" lon="-111.63367331027985"><ele>2455.60</ele><time>2026-05-16T20:28:17Z</time></trkpt><trkpt lat="41.889059982312794" lon="-111.63382351398468"><ele>2452.20</ele><time>2026-05-16T20:28:35Z</time></trkpt><trkpt lat="41.88933861958441" lon="-111.63372728973627"><ele>2448.80</ele><time>2026-05-16T20:28:55Z</time></trkpt><trkpt lat="41.889499492748165" lon="-111.63376676850021"><ele>2445.40</ele><time>2026-05-16T20:29:06Z</time></trkpt><trkpt lat="41.889584445736084" lon="-111.63378738798201"><ele>2442.00</ele><time>2026-05-16T20:29:12Z</time></trkpt><trkpt lat="41.88966133363899" lon="-111.6338217118755"><ele>2438.60</ele><time>2026-05-16T20:29:18Z</time></trkpt><trkpt lat="41.88971175788139" lon="-111.63382009835914"><ele>2435.20</ele><time>2026-05-16T20:29:22Z</time></trkpt><trkpt lat="41.8897808978118" lon="-111.63381124497391"><ele>2431.80</ele><time>2026-05-16T20:29:26Z</time></trkpt><trkpt lat="41.88986139223522" lon="-111.6337343986379"><ele>2428.40</ele><time>2026-05-16T20:29:33Z</time></trkpt><trkpt lat="41.88990163940887" lon="-111.63370938651497"><ele>2425.00</ele><time>2026-05-16T20:29:37Z</time></trkpt><trkpt lat="41.88996768739602" lon="-111.63361909639207"><ele>2425.00</ele><time>2026-05-16T20:29:43Z</time></trkpt><trkpt lat="41.89003465545428" lon="-111.63349348506017"><ele>2425.00</ele><time>2026-05-16T20:29:51Z</time></trkpt><trkpt lat="41.89009609338557" lon="-111.63341458614013"><ele>2425.00</ele><time>2026-05-16T20:29:57Z</time></trkpt><trkpt lat="41.890136795867164" lon="-111.63342878086041"><ele>2425.00</ele><time>2026-05-16T20:30:00Z</time></trkpt><trkpt lat="41.89020207298612" lon="-111.63343185490703"><ele>2425.00</ele><time>2026-05-16T20:30:05Z</time></trkpt><trkpt lat="41.890245693393915" lon="-111.63346021402049"><ele>2425.00</ele><time>2026-05-16T20:30:08Z</time></trkpt><trkpt lat="41.890291464022724" lon="-111.63344488927805"><ele>2425.00</ele><time>2026-05-16T20:30:11Z</time></trkpt><trkpt lat="41.89033231963954" lon="-111.63345063795191"><ele>2425.00</ele><time>2026-05-16T20:30:14Z</time></trkpt><trkpt lat="41.89037970289216" lon="-111.63347094664744"><ele>2425.00</ele><time>2026-05-16T20:30:18Z</time></trkpt><trkpt lat="41.89043134828706" lon="-111.63346634884562"><ele>2425.00</ele><time>2026-05-16T20:30:21Z</time></trkpt><trkpt lat="41.89047314454649" lon="-111.63347611988524"><ele>2425.00</ele><time>2026-05-16T20:30:24Z</time></trkpt><trkpt lat="41.89051500797367" lon="-111.63351453301777"><ele>2425.00</ele><time>2026-05-16T20:30:28Z</time></trkpt><trkpt lat="41.890627787580556" lon="-111.63357799603278"><ele>2425.00</ele><time>2026-05-16T20:30:37Z</time></trkpt><trkpt lat="41.89071412765766" lon="-111.63362582079435"><ele>2425.00</ele><time>2026-05-16T20:30:43Z</time></trkpt><trkpt lat="41.89078449412231" lon="-111.63369510322809"><ele>2425.00</ele><time>2026-05-16T20:30:49Z</time></trkpt><trkpt lat="41.890827717925774" lon="-111.63371920119971"><ele>2425.00</ele><time>2026-05-16T20:30:52Z</time></trkpt><trkpt lat="41.89086295496138" lon="-111.63375939242542"><ele>2425.00</ele><time>2026-05-16T20:30:56Z</time></trkpt><trkpt lat="41.89097356674156" lon="-111.63377343211323"><ele>2425.00</ele><time>2026-05-16T20:31:04Z</time></trkpt><trkpt lat="41.89108417833022" lon="-111.63380356505513"><ele>2425.00</ele><time>2026-05-16T20:31:11Z</time></trkpt><trkpt lat="41.89111774208763" lon="-111.63383756414987"><ele>2425.00</ele><time>2026-05-16T20:31:14Z</time></trkpt><trkpt lat="41.8911493091516" lon="-111.63387424545363"><ele>2426.00</ele><time>2026-05-16T20:31:17Z</time></trkpt><trkpt lat="41.891208449884935" lon="-111.63398515898734"><ele>2427.00</ele><time>2026-05-16T20:31:24Z</time></trkpt><trkpt lat="41.89131674783518" lon="-111.6342096682638"><ele>2428.00</ele><time>2026-05-16T20:31:38Z</time></trkpt><trkpt lat="41.89158883494119" lon="-111.63477959576994"><ele>2429.00</ele><time>2026-05-16T20:32:14Z</time></trkpt><trkpt lat="41.89175882123359" lon="-111.6350967460312"><ele>2430.00</ele><time>2026-05-16T20:32:34Z</time></trkpt><trkpt lat="41.891896860642454" lon="-111.63541389629245"><ele>2431.00</ele><time>2026-05-16T20:32:53Z</time></trkpt><trkpt lat="41.8921613998956" lon="-111.6359687782824"><ele>2432.00</ele><time>2026-05-16T20:33:28Z</time></trkpt><trkpt lat="41.892344079374475" lon="-111.63632777519524"><ele>2433.00</ele><time>2026-05-16T20:33:50Z</time></trkpt><trkpt lat="41.89240602278538" lon="-111.63643808104098"><ele>2434.00</ele><time>2026-05-16T20:33:58Z</time></trkpt><trkpt lat="41.89245895745583" lon="-111.63649591617286"><ele>2435.00</ele><time>2026-05-16T20:34:02Z</time></trkpt><trkpt lat="41.89257977757599" lon="-111.63651620037854"><ele>2435.70</ele><time>2026-05-16T20:34:11Z</time></trkpt><trkpt lat="41.892689707093446" lon="-111.63653405383229"><ele>2436.40</ele><time>2026-05-16T20:34:19Z</time></trkpt><trkpt lat="41.89279038074871" lon="-111.63653715513647"><ele>2437.10</ele><time>2026-05-16T20:34:26Z</time></trkpt><trkpt lat="41.89288236257732" lon="-111.63655140437186"><ele>2437.80</ele><time>2026-05-16T20:34:32Z</time></trkpt><trkpt lat="41.89297417721231" lon="-111.63658258505166"><ele>2438.50</ele><time>2026-05-16T20:34:39Z</time></trkpt><trkpt lat="41.89304823154294" lon="-111.63663847501437"><ele>2439.20</ele><time>2026-05-16T20:34:45Z</time></trkpt><trkpt lat="41.8931401655733" lon="-111.63677236725175"><ele>2439.90</ele><time>2026-05-16T20:34:54Z</time></trkpt><trkpt lat="41.89320360289277" lon="-111.63690972135714"><ele>2440.60</ele><time>2026-05-16T20:35:03Z</time></trkpt><trkpt lat="41.89332267318348" lon="-111.63729020520782"><ele>2441.30</ele><time>2026-05-16T20:35:24Z</time></trkpt><trkpt lat="41.89346924212137" lon="-111.63760862007098"><ele>2442.00</ele><time>2026-05-16T20:35:44Z</time></trkpt><trkpt lat="41.89347405205656" lon="-111.63770977600393"><ele>2443.90</ele><time>2026-05-16T20:35:49Z</time></trkpt><trkpt lat="41.89361063765342" lon="-111.63785921169915"><ele>2445.80</ele><time>2026-05-16T20:36:02Z</time></trkpt><trkpt lat="41.893703887796775" lon="-111.63793929396473"><ele>2447.70</ele><time>2026-05-16T20:36:09Z</time></trkpt><trkpt lat="41.893785453211756" lon="-111.63820598175931"><ele>2449.60</ele><time>2026-05-16T20:36:24Z</time></trkpt><trkpt lat="41.89383322395227" lon="-111.63832993792505"><ele>2451.50</ele><time>2026-05-16T20:36:32Z</time></trkpt><trkpt lat="41.89399287736484" lon="-111.63854614302625"><ele>2453.40</ele><time>2026-05-16T20:36:48Z</time></trkpt><trkpt lat="41.894271640989174" lon="-111.6387951214599"><ele>2455.30</ele><time>2026-05-16T20:37:11Z</time></trkpt><trkpt lat="41.894528441128514" lon="-111.63907360419273"><ele>2457.20</ele><time>2026-05-16T20:37:34Z</time></trkpt><trkpt lat="41.894572846364554" lon="-111.63919873400692"><ele>2459.10</ele><time>2026-05-16T20:37:41Z</time></trkpt><trkpt lat="41.894581313346194" lon="-111.63930978222379"><ele>2461.00</ele><time>2026-05-16T20:37:47Z</time></trkpt><trkpt lat="41.895125616306764" lon="-111.64061186297187"><ele>2462.80</ele><time>2026-05-16T20:39:05Z</time></trkpt><trkpt lat="41.89513940268485" lon="-111.64072045950485"><ele>2464.60</ele><time>2026-05-16T20:39:11Z</time></trkpt><trkpt lat="41.89526699234619" lon="-111.64098462416064"><ele>2466.40</ele><time>2026-05-16T20:39:27Z</time></trkpt><trkpt lat="41.895473944292135" lon="-111.64127561090663"><ele>2468.20</ele><time>2026-05-16T20:39:49Z</time></trkpt><trkpt lat="41.89573879503199" lon="-111.64157330317511"><ele>2470.00</ele><time>2026-05-16T20:40:13Z</time></trkpt><trkpt lat="41.89573198256278" lon="-111.64158093087326"><ele>2471.80</ele><time>2026-05-16T20:40:13Z</time></trkpt><trkpt lat="41.895746905356646" lon="-111.64157501421869"><ele>2473.60</ele><time>2026-05-16T20:40:14Z</time></trkpt><trkpt lat="41.895808009430766" lon="-111.6416210308671"><ele>2475.40</ele><time>2026-05-16T20:40:19Z</time></trkpt><trkpt lat="41.895915968343616" lon="-111.64176503196359"><ele>2477.20</ele><time>2026-05-16T20:40:30Z</time></trkpt><trkpt lat="41.896024933084846" lon="-111.641811048612"><ele>2479.00</ele><time>2026-05-16T20:40:38Z</time></trkpt><trkpt lat="41.8964780587703" lon="-111.64209293201566"><ele>2481.40</ele><time>2026-05-16T20:41:13Z</time></trkpt><trkpt lat="41.89685591496527" lon="-111.64241395890713"><ele>2483.80</ele><time>2026-05-16T20:41:44Z</time></trkpt><trkpt lat="41.89699304290116" lon="-111.64250398054719"><ele>2486.20</ele><time>2026-05-16T20:41:55Z</time></trkpt><trkpt lat="41.89723796136156" lon="-111.64254915900528"><ele>2488.60</ele><time>2026-05-16T20:42:12Z</time></trkpt><trkpt lat="41.897355964133546" lon="-111.64252820424736"><ele>2491.00</ele><time>2026-05-16T20:42:21Z</time></trkpt><trkpt lat="41.89746397650564" lon="-111.64251806214452"><ele>2493.40</ele><time>2026-05-16T20:42:28Z</time></trkpt><trkpt lat="41.89756093993508" lon="-111.64252812042832"><ele>2495.80</ele><time>2026-05-16T20:42:35Z</time></trkpt><trkpt lat="41.897789064651136" lon="-111.64252543821931"><ele>2498.20</ele><time>2026-05-16T20:42:51Z</time></trkpt><trkpt lat="41.89791707909933" lon="-111.64253583177924"><ele>2500.60</ele><time>2026-05-16T20:43:00Z</time></trkpt><trkpt lat="41.897982007479214" lon="-111.64258008822799"><ele>2503.00</ele><time>2026-05-16T20:43:05Z</time></trkpt><trkpt lat="41.89813410893793" lon="-111.6426258534193"><ele>2503.00</ele><time>2026-05-16T20:43:16Z</time></trkpt><trkpt lat="41.898279947101024" lon="-111.64257899858057"><ele>2503.00</ele><time>2026-05-16T20:43:27Z</time></trkpt><trkpt lat="41.89834406404485" lon="-111.64254710543901"><ele>2503.00</ele><time>2026-05-16T20:43:32Z</time></trkpt><trkpt lat="41.898426033720746" lon="-111.64257139200345"><ele>2503.00</ele><time>2026-05-16T20:43:37Z</time></trkpt><trkpt lat="41.89850999973714" lon="-111.64253398776054"><ele>2503.00</ele><time>2026-05-16T20:43:44Z</time></trkpt><trkpt lat="41.898665986955166" lon="-111.64241697639227"><ele>2503.00</ele><time>2026-05-16T20:43:56Z</time></trkpt><trkpt lat="41.89873597584665" lon="-111.64234195835888"><ele>2503.00</ele><time>2026-05-16T20:44:03Z</time></trkpt><trkpt lat="41.898794954116156" lon="-111.64227372966707"><ele>2503.00</ele><time>2026-05-16T20:44:08Z</time></trkpt><trkpt lat="41.898863959995595" lon="-111.64222444407642"><ele>2503.00</ele><time>2026-05-16T20:44:13Z</time></trkpt><trkpt lat="41.89893313691432" lon="-111.64222394116223"><ele>2503.00</ele><time>2026-05-16T20:44:18Z</time></trkpt><trkpt lat="41.89904558612323" lon="-111.64218412712216"><ele>2503.00</ele><time>2026-05-16T20:44:26Z</time></trkpt><trkpt lat="41.89917400653574" lon="-111.64216040633619"><ele>2503.00</ele><time>2026-05-16T20:44:36Z</time></trkpt><trkpt lat="41.8992150016129" lon="-111.64209796115756"><ele>2503.00</ele><time>2026-05-16T20:44:40Z</time></trkpt><trkpt lat="41.899237998515446" lon="-111.64203656371683"><ele>2503.00</ele><time>2026-05-16T20:44:43Z</time></trkpt><trkpt lat="41.89927896320728" lon="-111.64201808162034"><ele>2503.00</ele><time>2026-05-16T20:44:47Z</time></trkpt><trkpt lat="41.8993529677877" lon="-111.6419957857579"><ele>2503.00</ele><time>2026-05-16T20:44:52Z</time></trkpt><trkpt lat="41.89945307988005" lon="-111.64197618758647"><ele>2503.00</ele><time>2026-05-16T20:44:59Z</time></trkpt><trkpt lat="41.899631003090356" lon="-111.64202218875289"><ele>2503.00</ele><time>2026-05-16T20:45:12Z</time></trkpt><trkpt lat="41.899770977174384" lon="-111.64201938081533"><ele>2503.00</ele><time>2026-05-16T20:45:21Z</time></trkpt><trkpt lat="41.8999039635445" lon="-111.6420058440417"><ele>2503.00</ele><time>2026-05-16T20:45:31Z</time></trkpt><trkpt lat="41.90019403829985" lon="-111.6419304907322"><ele>2504.40</ele><time>2026-05-16T20:45:52Z</time></trkpt><trkpt lat="41.90032197666332" lon="-111.641834853217"><ele>2505.80</ele><time>2026-05-16T20:46:02Z</time></trkpt><trkpt lat="41.900479929713356" lon="-111.64177425205708"><ele>2507.20</ele><time>2026-05-16T20:46:13Z</time></trkpt><trkpt lat="41.90067103729147" lon="-111.64170392788947"><ele>2508.60</ele><time>2026-05-16T20:46:27Z</time></trkpt><trkpt lat="41.900861908271466" lon="-111.64165615104139"><ele>2510.00</ele><time>2026-05-16T20:46:41Z</time></trkpt><trkpt lat="41.90098603713567" lon="-111.6416020039469"><ele>2511.40</ele><time>2026-05-16T20:46:50Z</time></trkpt><trkpt lat="41.901079587679114" lon="-111.64157354738563"><ele>2512.80</ele><time>2026-05-16T20:46:57Z</time></trkpt><trkpt lat="41.901165152635194" lon="-111.64157727733254"><ele>2514.20</ele><time>2026-05-16T20:47:03Z</time></trkpt><trkpt lat="41.901270058162574" lon="-111.64151814300567"><ele>2515.60</ele><time>2026-05-16T20:47:11Z</time></trkpt><trkpt lat="41.90139492707602" lon="-111.64144962094724"><ele>2517.00</ele><time>2026-05-16T20:47:20Z</time></trkpt><trkpt lat="41.90151641987185" lon="-111.64139471948147"><ele>2518.60</ele><time>2026-05-16T20:47:29Z</time></trkpt><trkpt lat="41.90162992704426" lon="-111.64138407446444"><ele>2520.20</ele><time>2026-05-16T20:47:37Z</time></trkpt><trkpt lat="41.9017484436498" lon="-111.64139287546277"><ele>2521.80</ele><time>2026-05-16T20:47:45Z</time></trkpt><trkpt lat="41.901872949057406" lon="-111.6413668077439"><ele>2523.40</ele><time>2026-05-16T20:47:54Z</time></trkpt><trkpt lat="41.901985015113304" lon="-111.64134434424341"><ele>2525.00</ele><time>2026-05-16T20:48:02Z</time></trkpt><trkpt lat="41.902155951848705" lon="-111.641248119995"><ele>2526.60</ele><time>2026-05-16T20:48:15Z</time></trkpt><trkpt lat="41.90254798159003" lon="-111.64119900204241"><ele>2528.20</ele><time>2026-05-16T20:48:43Z</time></trkpt><trkpt lat="41.90273204761695" lon="-111.64112599566579"><ele>2529.80</ele><time>2026-05-16T20:48:56Z</time></trkpt><trkpt lat="41.9029139655814" lon="-111.64111384190619"><ele>2531.40</ele><time>2026-05-16T20:49:09Z</time></trkpt><trkpt lat="41.902987501774625" lon="-111.64106975309551"><ele>2533.00</ele><time>2026-05-16T20:49:15Z</time></trkpt><trkpt lat="41.90306103788316" lon="-111.64103102870286"><ele>2532.40</ele><time>2026-05-16T20:49:20Z</time></trkpt><trkpt lat="41.903207553718715" lon="-111.64106359239668"><ele>2531.80</ele><time>2026-05-16T20:49:31Z</time></trkpt><trkpt lat="41.903350076629366" lon="-111.6410773806274"><ele>2531.20</ele><time>2026-05-16T20:49:41Z</time></trkpt><trkpt lat="41.903407066577586" lon="-111.64111778140068"><ele>2530.60</ele><time>2026-05-16T20:49:45Z</time></trkpt><trkpt lat="41.90370895204799" lon="-111.64138742722571"><ele>2530.00</ele><time>2026-05-16T20:50:11Z</time></trkpt><trkpt lat="41.90392995935979" lon="-111.6416331846267"><ele>2529.40</ele><time>2026-05-16T20:50:31Z</time></trkpt><trkpt lat="41.90399055588889" lon="-111.64171985350549"><ele>2528.80</ele><time>2026-05-16T20:50:37Z</time></trkpt><trkpt lat="41.90406113372214" lon="-111.64180384017527"><ele>2528.20</ele><time>2026-05-16T20:50:44Z</time></trkpt><trkpt lat="41.90411254236718" lon="-111.64185928646475"><ele>2527.60</ele><time>2026-05-16T20:50:48Z</time></trkpt><trkpt lat="41.90413400692949" lon="-111.64191741496325"><ele>2527.00</ele><time>2026-05-16T20:50:52Z</time></trkpt><trkpt lat="41.904187513050374" lon="-111.64195450488478"><ele>2530.70</ele><time>2026-05-16T20:50:56Z</time></trkpt><trkpt lat="41.90421906019063" lon="-111.64200232364237"><ele>2534.40</ele><time>2026-05-16T20:50:59Z</time></trkpt><trkpt lat="41.90430901944637" lon="-111.64216199889779"><ele>2538.10</ele><time>2026-05-16T20:51:10Z</time></trkpt><trkpt lat="41.904481048637045" lon="-111.6422965284437"><ele>2541.80</ele><time>2026-05-16T20:51:24Z</time></trkpt><trkpt lat="41.90452004760235" lon="-111.64233575575054"><ele>2545.50</ele><time>2026-05-16T20:51:27Z</time></trkpt><trkpt lat="41.90454991534352" lon="-111.64240297861397"><ele>2549.20</ele><time>2026-05-16T20:51:31Z</time></trkpt><trkpt lat="41.90456500276923" lon="-111.64243801496923"><ele>2552.90</ele><time>2026-05-16T20:51:33Z</time></trkpt><trkpt lat="41.90461252137706" lon="-111.6424974007532"><ele>2556.60</ele><time>2026-05-16T20:51:38Z</time></trkpt><trkpt lat="41.904667026836115" lon="-111.64254873991013"><ele>2560.30</ele><time>2026-05-16T20:51:42Z</time></trkpt><trkpt lat="41.90471903224894" lon="-111.64260406047106"><ele>2564.00</ele><time>2026-05-16T20:51:47Z</time></trkpt><trkpt lat="41.90497807932602" lon="-111.64284009486437"><ele>2562.80</ele><time>2026-05-16T20:52:09Z</time></trkpt><trkpt lat="41.90503397025168" lon="-111.64289608597755"><ele>2561.60</ele><time>2026-05-16T20:52:14Z</time></trkpt><trkpt lat="41.905107982456684" lon="-111.64295601658523"><ele>2560.40</ele><time>2026-05-16T20:52:20Z</time></trkpt><trkpt lat="41.90525500103831" lon="-111.64329095743597"><ele>2559.20</ele><time>2026-05-16T20:52:40Z</time></trkpt><trkpt lat="41.90538310068275" lon="-111.64342003874481"><ele>2558.00</ele><time>2026-05-16T20:52:52Z</time></trkpt><trkpt lat="41.9053990021348" lon="-111.64350905455649"><ele>2556.80</ele><time>2026-05-16T20:52:56Z</time></trkpt><trkpt lat="41.90548799584478" lon="-111.64363905787468"><ele>2555.60</ele><time>2026-05-16T20:53:06Z</time></trkpt><trkpt lat="41.905539063736796" lon="-111.6437469329685"><ele>2554.40</ele><time>2026-05-16T20:53:12Z</time></trkpt><trkpt lat="41.905558477312034" lon="-111.64379957132041"><ele>2553.20</ele><time>2026-05-16T20:53:15Z</time></trkpt><trkpt lat="41.90555193995444" lon="-111.64386025629938"><ele>2552.00</ele><time>2026-05-16T20:53:19Z</time></trkpt><trkpt lat="41.90555004402995" lon="-111.64390501566231"><ele>2553.20</ele><time>2026-05-16T20:53:21Z</time></trkpt><trkpt lat="41.90557505792019" lon="-111.64394468301907"><ele>2554.40</ele><time>2026-05-16T20:53:24Z</time></trkpt><trkpt lat="41.90562402648477" lon="-111.64397093933076"><ele>2555.60</ele><time>2026-05-16T20:53:27Z</time></trkpt><trkpt lat="41.905711982399225" lon="-111.64404356852174"><ele>2556.80</ele><time>2026-05-16T20:53:35Z</time></trkpt><trkpt lat="41.90579596797541" lon="-111.6440199315548"><ele>2558.00</ele><time>2026-05-16T20:53:41Z</time></trkpt><trkpt lat="41.905831951160515" lon="-111.64399185217917"><ele>2559.20</ele><time>2026-05-16T20:53:43Z</time></trkpt><trkpt lat="41.905845975949156" lon="-111.64395304396749"><ele>2560.40</ele><time>2026-05-16T20:53:46Z</time></trkpt><trkpt lat="41.90588287946924" lon="-111.64378238841891"><ele>2561.60</ele><time>2026-05-16T20:53:55Z</time></trkpt><trkpt lat="41.905951885672074" lon="-111.64365079253912"><ele>2562.80</ele><time>2026-05-16T20:54:03Z</time></trkpt><trkpt lat="41.90600501919923" lon="-111.64360888302326"><ele>2564.00</ele><time>2026-05-16T20:54:08Z</time></trkpt><trkpt lat="41.90602987370057" lon="-111.6434810589999"><ele>2567.00</ele><time>2026-05-16T20:54:15Z</time></trkpt><trkpt lat="41.90605894571183" lon="-111.64341199211776"><ele>2570.00</ele><time>2026-05-16T20:54:19Z</time></trkpt><trkpt lat="41.9061409626653" lon="-111.64336652029306"><ele>2573.00</ele><time>2026-05-16T20:54:25Z</time></trkpt><trkpt lat="41.90621898710402" lon="-111.64335323497653"><ele>2576.00</ele><time>2026-05-16T20:54:30Z</time></trkpt><trkpt lat="41.9062674615588" lon="-111.6433174861595"><ele>2579.00</ele><time>2026-05-16T20:54:34Z</time></trkpt><trkpt lat="41.90630994737146" lon="-111.64327100850642"><ele>2582.00</ele><time>2026-05-16T20:54:38Z</time></trkpt><trkpt lat="41.90638396493924" lon="-111.64326333906502"><ele>2585.00</ele><time>2026-05-16T20:54:43Z</time></trkpt><trkpt lat="41.906425045158436" lon="-111.64324225857854"><ele>2588.00</ele><time>2026-05-16T20:54:46Z</time></trkpt><trkpt lat="41.90645499766101" lon="-111.64324217475951"><ele>2591.00</ele><time>2026-05-16T20:54:49Z</time></trkpt><trkpt lat="41.90647496916671" lon="-111.64326891303062"><ele>2594.00</ele><time>2026-05-16T20:54:51Z</time></trkpt><trkpt lat="41.90655900349461" lon="-111.64335524663329"><ele>2592.30</ele><time>2026-05-16T20:54:58Z</time></trkpt><trkpt lat="41.906651022477135" lon="-111.64342682808638"><ele>2590.60</ele><time>2026-05-16T20:55:05Z</time></trkpt><trkpt lat="41.906720919817886" lon="-111.64343839511275"><ele>2588.90</ele><time>2026-05-16T20:55:10Z</time></trkpt><trkpt lat="41.906892983537446" lon="-111.64344359189272"><ele>2587.20</ele><time>2026-05-16T20:55:22Z</time></trkpt><trkpt lat="41.90696606857276" lon="-111.64346052333713"><ele>2585.50</ele><time>2026-05-16T20:55:28Z</time></trkpt><trkpt lat="41.90723400708681" lon="-111.64359010756016"><ele>2583.80</ele><time>2026-05-16T20:55:48Z</time></trkpt><trkpt lat="41.90741299171271" lon="-111.64363914169371"><ele>2582.10</ele><time>2026-05-16T20:56:00Z</time></trkpt><trkpt lat="41.90757503716604" lon="-111.64373905397952"><ele>2580.40</ele><time>2026-05-16T20:56:13Z</time></trkpt><trkpt lat="41.90765103004778" lon="-111.6437741741538"><ele>2578.70</ele><time>2026-05-16T20:56:19Z</time></trkpt><trkpt lat="41.90781000376678" lon="-111.64384835399687"><ele>2577.00</ele><time>2026-05-16T20:56:30Z</time></trkpt><trkpt lat="41.90791305612632" lon="-111.64389210753143"><ele>2577.70</ele><time>2026-05-16T20:56:38Z</time></trkpt><trkpt lat="41.908039096703924" lon="-111.64390853606164"><ele>2578.40</ele><time>2026-05-16T20:56:47Z</time></trkpt><trkpt lat="41.90827298909426" lon="-111.6439800336957"><ele>2579.10</ele><time>2026-05-16T20:57:04Z</time></trkpt><trkpt lat="41.90836899914703" lon="-111.64403719827533"><ele>2579.80</ele><time>2026-05-16T20:57:11Z</time></trkpt><trkpt lat="41.90852109342813" lon="-111.64403862319887"><ele>2580.50</ele><time>2026-05-16T20:57:22Z</time></trkpt><trkpt lat="41.90884614398433" lon="-111.64379018358886"><ele>2581.20</ele><time>2026-05-16T20:57:48Z</time></trkpt><trkpt lat="41.90915492183375" lon="-111.6435188613832"><ele>2581.90</ele><time>2026-05-16T20:58:14Z</time></trkpt><trkpt lat="41.909223858236466" lon="-111.64340704679489"><ele>2582.60</ele><time>2026-05-16T20:58:21Z</time></trkpt><trkpt lat="41.90927289066119" lon="-111.6432596091181"><ele>2583.30</ele><time>2026-05-16T20:58:30Z</time></trkpt><trkpt lat="41.90932143912298" lon="-111.64316405542195"><ele>2584.00</ele><time>2026-05-16T20:58:36Z</time></trkpt><trkpt lat="41.909377971972035" lon="-111.64310873486102"><ele>2586.00</ele><time>2026-05-16T20:58:41Z</time></trkpt><trkpt lat="41.90954496298521" lon="-111.64306175429374"><ele>2588.00</ele><time>2026-05-16T20:58:53Z</time></trkpt><trkpt lat="41.909712951609265" lon="-111.64300538599491"><ele>2590.00</ele><time>2026-05-16T20:59:05Z</time></trkpt><trkpt lat="41.90984397072328" lon="-111.64295149035752"><ele>2592.00</ele><time>2026-05-16T20:59:15Z</time></trkpt><trkpt lat="41.90989999875455" lon="-111.64291515480727"><ele>2594.00</ele><time>2026-05-16T20:59:19Z</time></trkpt><trkpt lat="41.90995403064878" lon="-111.64288954809308"><ele>2596.00</ele><time>2026-05-16T20:59:23Z</time></trkpt><trkpt lat="41.910140500958065" lon="-111.64283452089876"><ele>2598.00</ele><time>2026-05-16T20:59:36Z</time></trkpt><trkpt lat="41.910229244730196" lon="-111.64280164288357"><ele>2600.00</ele><time>2026-05-16T20:59:43Z</time></trkpt><trkpt lat="41.910317988378914" lon="-111.6427902225405"><ele>2602.00</ele><time>2026-05-16T20:59:49Z</time></trkpt><trkpt lat="41.910536003544536" lon="-111.64267379790545"><ele>2604.00</ele><time>2026-05-16T21:00:05Z</time></trkpt><trkpt lat="41.91074800073045" lon="-111.64265053812414"><ele>2603.40</ele><time>2026-05-16T21:00:20Z</time></trkpt><trkpt lat="41.910870965565145" lon="-111.64262683829293"><ele>2602.80</ele><time>2026-05-16T21:00:29Z</time></trkpt><trkpt lat="41.91097197354986" lon="-111.64259911514819"><ele>2602.20</ele><time>2026-05-16T21:00:36Z</time></trkpt><trkpt lat="41.91112594705617" lon="-111.64251940324903"><ele>2601.60</ele><time>2026-05-16T21:00:48Z</time></trkpt><trkpt lat="41.91124797798694" lon="-111.64238051511347"><ele>2601.00</ele><time>2026-05-16T21:00:59Z</time></trkpt><trkpt lat="41.91132701933384" lon="-111.64222301915288"><ele>2600.40</ele><time>2026-05-16T21:01:09Z</time></trkpt><trkpt lat="41.91137303598225" lon="-111.64206694811583"><ele>2599.80</ele><time>2026-05-16T21:01:18Z</time></trkpt><trkpt lat="41.911386949941516" lon="-111.64192101918161"><ele>2599.20</ele><time>2026-05-16T21:01:25Z</time></trkpt><trkpt lat="41.911425003781915" lon="-111.6417780239135"><ele>2598.60</ele><time>2026-05-16T21:01:33Z</time></trkpt><trkpt lat="41.91142902709544" lon="-111.64162304252386"><ele>2598.00</ele><time>2026-05-16T21:01:42Z</time></trkpt><trkpt lat="41.91145895048976" lon="-111.64149404503405"><ele>2598.80</ele><time>2026-05-16T21:01:49Z</time></trkpt><trkpt lat="41.91147197160228" lon="-111.64131504949182"><ele>2599.60</ele><time>2026-05-16T21:01:58Z</time></trkpt><trkpt lat="41.91147102043033" lon="-111.6411360539496"><ele>2600.40</ele><time>2026-05-16T21:02:07Z</time></trkpt><trkpt lat="41.9115240778774" lon="-111.64088090881705"><ele>2601.20</ele><time>2026-05-16T21:02:21Z</time></trkpt><trkpt lat="41.91151703707874" lon="-111.64072500541806"><ele>2602.00</ele><time>2026-05-16T21:02:29Z</time></trkpt><trkpt lat="41.91154302097857" lon="-111.64047505706549"><ele>2602.80</ele><time>2026-05-16T21:02:42Z</time></trkpt><trkpt lat="41.91154302097857" lon="-111.64026299491525"><ele>2603.60</ele><time>2026-05-16T21:02:54Z</time></trkpt><trkpt lat="41.91149700433016" lon="-111.64005193859339"><ele>2604.40</ele><time>2026-05-16T21:03:05Z</time></trkpt><trkpt lat="41.91152701154351" lon="-111.63966896943748"><ele>2605.20</ele><time>2026-05-16T21:03:25Z</time></trkpt><trkpt lat="41.91150601982072" lon="-111.6394316777587"><ele>2606.00</ele><time>2026-05-16T21:03:38Z</time></trkpt><trkpt lat="41.91149700433016" lon="-111.63918902166188"><ele>2607.70</ele><time>2026-05-16T21:03:50Z</time></trkpt><trkpt lat="41.911512007936835" lon="-111.6391309350729"><ele>2609.40</ele><time>2026-05-16T21:03:53Z</time></trkpt><trkpt lat="41.91163396462798" lon="-111.6388870216906"><ele>2611.10</ele><time>2026-05-16T21:04:09Z</time></trkpt><trkpt lat="41.911748964339495" lon="-111.63854202255607"><ele>2612.80</ele><time>2026-05-16T21:04:29Z</time></trkpt><trkpt lat="41.9117989204824" lon="-111.6384329739958"><ele>2614.50</ele><time>2026-05-16T21:04:35Z</time></trkpt><trkpt lat="41.91197703592479" lon="-111.63777306675911"><ele>2616.20</ele><time>2026-05-16T21:05:12Z</time></trkpt><trkpt lat="41.91195205785334" lon="-111.63738406263292"><ele>2617.90</ele><time>2026-05-16T21:05:32Z</time></trkpt><trkpt lat="41.911899000406265" lon="-111.6371400654316"><ele>2619.60</ele><time>2026-05-16T21:05:46Z</time></trkpt><trkpt lat="41.91182490438223" lon="-111.63689497858286"><ele>2621.30</ele><time>2026-05-16T21:05:59Z</time></trkpt><trkpt lat="41.91174392526884" lon="-111.6366612073034"><ele>2623.00</ele><time>2026-05-16T21:06:13Z</time></trkpt><trkpt lat="41.91166197791158" lon="-111.63644839078188"><ele>2623.00</ele><time>2026-05-16T21:06:25Z</time></trkpt><trkpt lat="41.91158501431346" lon="-111.63630296476185"><ele>2623.00</ele><time>2026-05-16T21:06:35Z</time></trkpt><trkpt lat="41.91158291883767" lon="-111.63607003167272"><ele>2623.00</ele><time>2026-05-16T21:06:47Z</time></trkpt><trkpt lat="41.91161502152681" lon="-111.63601504638791"><ele>2623.00</ele><time>2026-05-16T21:06:50Z</time></trkpt><trkpt lat="41.911685010418296" lon="-111.63595704361796"><ele>2623.00</ele><time>2026-05-16T21:06:56Z</time></trkpt><trkpt lat="41.9117989204824" lon="-111.63595100864768"><ele>2623.00</ele><time>2026-05-16T21:07:04Z</time></trkpt><trkpt lat="41.91192699596286" lon="-111.63585201837122"><ele>2623.00</ele><time>2026-05-16T21:07:15Z</time></trkpt><trkpt lat="41.9120240740352" lon="-111.635795943439"><ele>2623.00</ele><time>2026-05-16T21:07:22Z</time></trkpt><trkpt lat="41.91206808686161" lon="-111.63574125152081"><ele>2623.00</ele><time>2026-05-16T21:07:26Z</time></trkpt><trkpt lat="41.91211609169841" lon="-111.63569997064769"><ele>2623.00</ele><time>2026-05-16T21:07:30Z</time></trkpt><trkpt lat="41.91233584875599" lon="-111.63569301366806"><ele>2626.10</ele><time>2026-05-16T21:07:46Z</time></trkpt><trkpt lat="41.912413888433946" lon="-111.63573165424168"><ele>2629.20</ele><time>2026-05-16T21:07:51Z</time></trkpt><trkpt lat="41.91264607943595" lon="-111.6357914172113"><ele>2632.30</ele><time>2026-05-16T21:08:08Z</time></trkpt><trkpt lat="41.912917021700416" lon="-111.63586123846471"><ele>2635.40</ele><time>2026-05-16T21:08:27Z</time></trkpt><trkpt lat="41.91333296856359" lon="-111.63598679937422"><ele>2638.50</ele><time>2026-05-16T21:08:57Z</time></trkpt><trkpt lat="41.91353799775245" lon="-111.63601772859693"><ele>2641.60</ele><time>2026-05-16T21:09:12Z</time></trkpt><trkpt lat="41.9136614961372" lon="-111.63601123262197"><ele>2644.70</ele><time>2026-05-16T21:09:20Z</time></trkpt><trkpt lat="41.913773018473215" lon="-111.63603424094617"><ele>2647.80</ele><time>2026-05-16T21:09:28Z</time></trkpt><trkpt lat="41.91387499225252" lon="-111.63605699781328"><ele>2650.90</ele><time>2026-05-16T21:09:36Z</time></trkpt><trkpt lat="41.91397297394449" lon="-111.63609048351645"><ele>2654.00</ele><time>2026-05-16T21:09:43Z</time></trkpt><trkpt lat="41.914114025686864" lon="-111.63614940829575"><ele>2655.20</ele><time>2026-05-16T21:09:53Z</time></trkpt><trkpt lat="41.91425753453099" lon="-111.63615619763732"><ele>2656.40</ele><time>2026-05-16T21:10:03Z</time></trkpt><trkpt lat="41.91432729288095" lon="-111.63617032114416"><ele>2657.60</ele><time>2026-05-16T21:10:08Z</time></trkpt><trkpt lat="41.91439505520562" lon="-111.63616835139692"><ele>2658.80</ele><time>2026-05-16T21:10:13Z</time></trkpt><trkpt lat="41.91450200829174" lon="-111.63614303804934"><ele>2660.00</ele><time>2026-05-16T21:10:20Z</time></trkpt><trkpt lat="41.91465248589238" lon="-111.63616478908807"><ele>2661.20</ele><time>2026-05-16T21:10:31Z</time></trkpt><trkpt lat="41.914802963138236" lon="-111.6361677646637"><ele>2662.40</ele><time>2026-05-16T21:10:42Z</time></trkpt><trkpt lat="41.91506803035736" lon="-111.63610397838056"><ele>2663.60</ele><time>2026-05-16T21:11:00Z</time></trkpt><trkpt lat="41.915202056989074" lon="-111.63605595007539"><ele>2664.80</ele><time>2026-05-16T21:11:10Z</time></trkpt><trkpt lat="41.915613021701574" lon="-111.63584497757256"><ele>2666.00</ele><time>2026-05-16T21:11:41Z</time></trkpt><trkpt lat="41.91576096229255" lon="-111.6357909142971"><ele>2667.90</ele><time>2026-05-16T21:11:52Z</time></trkpt><trkpt lat="41.915928089563984" lon="-111.63580843247473"><ele>2669.80</ele><time>2026-05-16T21:12:04Z</time></trkpt><trkpt lat="41.91607003458282" lon="-111.63583843968809"><ele>2671.70</ele><time>2026-05-16T21:12:14Z</time></trkpt><trkpt lat="41.91616707914339" lon="-111.63591178134084"><ele>2673.60</ele><time>2026-05-16T21:12:21Z</time></trkpt><trkpt lat="41.916341076720165" lon="-111.63607187569141"><ele>2675.50</ele><time>2026-05-16T21:12:36Z</time></trkpt><trkpt lat="41.91656301377851" lon="-111.63644864223897"><ele>2677.40</ele><time>2026-05-16T21:13:01Z</time></trkpt><trkpt lat="41.91670593805611" lon="-111.63675399497151"><ele>2679.30</ele><time>2026-05-16T21:13:20Z</time></trkpt><trkpt lat="41.916991006582975" lon="-111.63731298409402"><ele>2681.20</ele><time>2026-05-16T21:13:56Z</time></trkpt><trkpt lat="41.917029060423374" lon="-111.63736495189369"><ele>2683.10</ele><time>2026-05-16T21:13:59Z</time></trkpt><trkpt lat="41.917257922807515" lon="-111.63752898573875"><ele>2685.00</ele><time>2026-05-16T21:14:18Z</time></trkpt><trkpt lat="41.91735746827914" lon="-111.63756393827498"><ele>2685.00</ele><time>2026-05-16T21:14:25Z</time></trkpt><trkpt lat="41.91744304262102" lon="-111.6376149840653"><ele>2685.00</ele><time>2026-05-16T21:14:31Z</time></trkpt><trkpt lat="41.917623168456124" lon="-111.63765379227698"><ele>2685.00</ele><time>2026-05-16T21:14:44Z</time></trkpt><trkpt lat="41.91795098595321" lon="-111.63775697350502"><ele>2685.00</ele><time>2026-05-16T21:15:08Z</time></trkpt><trkpt lat="41.9180619623512" lon="-111.63772294297814"><ele>2685.00</ele><time>2026-05-16T21:15:16Z</time></trkpt><trkpt lat="41.918190037831664" lon="-111.63763593882322"><ele>2685.00</ele><time>2026-05-16T21:15:26Z</time></trkpt><trkpt lat="41.91824996843934" lon="-111.6376179177314"><ele>2685.00</ele><time>2026-05-16T21:15:30Z</time></trkpt><trkpt lat="41.91833102144301" lon="-111.63762495853007"><ele>2685.00</ele><time>2026-05-16T21:15:36Z</time></trkpt><trkpt lat="41.91858993843198" lon="-111.63769897073507"><ele>2685.00</ele><time>2026-05-16T21:15:54Z</time></trkpt><trkpt lat="41.91871700808406" lon="-111.63771498017013"><ele>2685.00</ele><time>2026-05-16T21:16:03Z</time></trkpt><trkpt lat="41.918794959783554" lon="-111.63776602596045"><ele>2685.80</ele><time>2026-05-16T21:16:09Z</time></trkpt><trkpt lat="41.9188669603318" lon="-111.63784691132605"><ele>2686.60</ele><time>2026-05-16T21:16:16Z</time></trkpt><trkpt lat="41.91891248764999" lon="-111.63789707701653"><ele>2687.40</ele><time>2026-05-16T21:16:20Z</time></trkpt><trkpt lat="41.91897198557854" lon="-111.63791505619884"><ele>2688.20</ele><time>2026-05-16T21:16:24Z</time></trkpt><trkpt lat="41.91911803004277" lon="-111.63794648833573"><ele>2689.00</ele><time>2026-05-16T21:16:35Z</time></trkpt><trkpt lat="41.919397031888366" lon="-111.63798496127129"><ele>2689.80</ele><time>2026-05-16T21:16:54Z</time></trkpt><trkpt lat="41.91950096748769" lon="-111.63799300789833"><ele>2690.60</ele><time>2026-05-16T21:17:02Z</time></trkpt><trkpt lat="41.91961092324408" lon="-111.63797171786427"><ele>2691.40</ele><time>2026-05-16T21:17:10Z</time></trkpt><trkpt lat="41.919673977905575" lon="-111.63795445114374"><ele>2692.20</ele><time>2026-05-16T21:17:14Z</time></trkpt><trkpt lat="41.91972702646362" lon="-111.63792821578681"><ele>2693.00</ele><time>2026-05-16T21:17:18Z</time></trkpt><trkpt lat="41.919920957312385" lon="-111.63774280808866"><ele>2693.30</ele><time>2026-05-16T21:17:35Z</time></trkpt><trkpt lat="41.92007802620095" lon="-111.63761079311371"><ele>2693.60</ele><time>2026-05-16T21:17:48Z</time></trkpt><trkpt lat="41.92027694897124" lon="-111.6374765150249"><ele>2693.90</ele><time>2026-05-16T21:18:03Z</time></trkpt><trkpt lat="41.92041099505549" lon="-111.63742437958717"><ele>2694.20</ele><time>2026-05-16T21:18:13Z</time></trkpt><trkpt lat="41.920816970333476" lon="-111.63705490529537"><ele>2694.50</ele><time>2026-05-16T21:18:47Z</time></trkpt><trkpt lat="41.92096101545566" lon="-111.63697846233845"><ele>2694.80</ele><time>2026-05-16T21:18:58Z</time></trkpt><trkpt lat="41.92106703431807" lon="-111.63694904185832"><ele>2695.10</ele><time>2026-05-16T21:19:06Z</time></trkpt><trkpt lat="41.921136971226645" lon="-111.63697175681591"><ele>2695.40</ele><time>2026-05-16T21:19:11Z</time></trkpt><trkpt lat="41.92125706002116" lon="-111.63708600215614"><ele>2695.70</ele><time>2026-05-16T21:19:21Z</time></trkpt><trkpt lat="41.921483958140016" lon="-111.63740099407732"><ele>2696.00</ele><time>2026-05-16T21:19:44Z</time></trkpt><trkpt lat="41.921610943973064" lon="-111.6376060154289"><ele>2696.00</ele><time>2026-05-16T21:19:58Z</time></trkpt><trkpt lat="41.921696990108174" lon="-111.63786124438047"><ele>2696.00</ele><time>2026-05-16T21:20:13Z</time></trkpt><trkpt lat="41.92177107816983" lon="-111.63803298957646"><ele>2696.00</ele><time>2026-05-16T21:20:23Z</time></trkpt><trkpt lat="41.921802973374724" lon="-111.63805603981018"><ele>2696.00</ele><time>2026-05-16T21:20:26Z</time></trkpt><trkpt lat="41.92183490842581" lon="-111.63803005591035"><ele>2696.00</ele><time>2026-05-16T21:20:28Z</time></trkpt><trkpt lat="41.921887965872884" lon="-111.6379200015217"><ele>2696.00</ele><time>2026-05-16T21:20:35Z</time></trkpt><trkpt lat="41.92191800110514" lon="-111.63782930932939"><ele>2696.00</ele><time>2026-05-16T21:20:40Z</time></trkpt><trkpt lat="41.92196591757238" lon="-111.63773409090936"><ele>2696.00</ele><time>2026-05-16T21:20:46Z</time></trkpt><trkpt lat="41.92214294336736" lon="-111.63751808926463"><ele>2696.00</ele><time>2026-05-16T21:21:03Z</time></trkpt><trkpt lat="41.92223799414933" lon="-111.63749696686864"><ele>2696.00</ele><time>2026-05-16T21:21:10Z</time></trkpt><trkpt lat="41.92233296111226" lon="-111.63751498796046"><ele>2691.90</ele><time>2026-05-16T21:21:17Z</time></trkpt><trkpt lat="41.92237998358905" lon="-111.63748397491872"><ele>2687.80</ele><time>2026-05-16T21:21:20Z</time></trkpt><trkpt lat="41.922428933903575" lon="-111.63748598657548"><ele>2683.70</ele><time>2026-05-16T21:21:24Z</time></trkpt><trkpt lat="41.92245902493596" lon="-111.63749503903091"><ele>2679.60</ele><time>2026-05-16T21:21:26Z</time></trkpt><trkpt lat="41.922423988580704" lon="-111.63758900016546"><ele>2675.50</ele><time>2026-05-16T21:21:31Z</time></trkpt><trkpt lat="41.92260595969856" lon="-111.63758900016546"><ele>2671.40</ele><time>2026-05-16T21:21:44Z</time></trkpt><trkpt lat="41.92273199956964" lon="-111.6375267226249"><ele>2667.30</ele><time>2026-05-16T21:21:53Z</time></trkpt><trkpt lat="41.922859021299026" lon="-111.63741876371205"><ele>2663.20</ele><time>2026-05-16T21:22:04Z</time></trkpt><trkpt lat="41.9231399267209" lon="-111.63728247396648"><ele>2659.10</ele><time>2026-05-16T21:22:25Z</time></trkpt><trkpt lat="41.9232729272141" lon="-111.63718004710972"><ele>2655.00</ele><time>2026-05-16T21:22:36Z</time></trkpt><trkpt lat="41.92356392741203" lon="-111.6369080543518"><ele>2648.20</ele><time>2026-05-16T21:23:01Z</time></trkpt><trkpt lat="41.92355001345277" lon="-111.63698198273778"><ele>2641.40</ele><time>2026-05-16T21:23:05Z</time></trkpt><trkpt lat="41.923456953944395" lon="-111.63721483200788"><ele>2634.60</ele><time>2026-05-16T21:23:18Z</time></trkpt><trkpt lat="41.923406012107584" lon="-111.63736310787499"><ele>2627.80</ele><time>2026-05-16T21:23:27Z</time></trkpt><trkpt lat="41.92331151024613" lon="-111.63754227105528"><ele>2621.00</ele><time>2026-05-16T21:23:38Z</time></trkpt><trkpt lat="41.92321501257149" lon="-111.63770399987698"><ele>2614.20</ele><time>2026-05-16T21:23:49Z</time></trkpt><trkpt lat="41.923207987579204" lon="-111.63778555579484"><ele>2607.40</ele><time>2026-05-16T21:23:53Z</time></trkpt><trkpt lat="41.92319879504823" lon="-111.63782411254942"><ele>2600.60</ele><time>2026-05-16T21:23:56Z</time></trkpt><trkpt lat="41.92313895269758" lon="-111.63792398292571"><ele>2593.80</ele><time>2026-05-16T21:24:02Z</time></trkpt><trkpt lat="41.92311303679836" lon="-111.63808017969131"><ele>2587.00</ele><time>2026-05-16T21:24:11Z</time></trkpt><trkpt lat="41.92299898713827" lon="-111.63819400593638"><ele>2591.20</ele><time>2026-05-16T21:24:21Z</time></trkpt><trkpt lat="41.92294802516699" lon="-111.63837396539748"><ele>2595.40</ele><time>2026-05-16T21:24:31Z</time></trkpt><trkpt lat="41.92280997522175" lon="-111.63861595094204"><ele>2599.60</ele><time>2026-05-16T21:24:47Z</time></trkpt><trkpt lat="41.9227210432291" lon="-111.6388560924679"><ele>2603.80</ele><time>2026-05-16T21:25:01Z</time></trkpt><trkpt lat="41.92264602519572" lon="-111.63927694782615"><ele>2608.00</ele><time>2026-05-16T21:25:23Z</time></trkpt><trkpt lat="41.92256798967719" lon="-111.6394089628011"><ele>2612.20</ele><time>2026-05-16T21:25:32Z</time></trkpt><trkpt lat="41.92239699885249" lon="-111.6396370343864"><ele>2616.40</ele><time>2026-05-16T21:25:49Z</time></trkpt><trkpt lat="41.922381073236465" lon="-111.6397229488939"><ele>2620.60</ele><time>2026-05-16T21:25:53Z</time></trkpt><trkpt lat="41.922355089336634" lon="-111.63977692835033"><ele>2624.80</ele><time>2026-05-16T21:25:57Z</time></trkpt><trkpt lat="41.922315023839474" lon="-111.63999108597636"><ele>2629.00</ele><time>2026-05-16T21:26:08Z</time></trkpt><trkpt lat="41.922319969162345" lon="-111.64030004292727"><ele>2626.10</ele><time>2026-05-16T21:26:24Z</time></trkpt><trkpt lat="41.922270277357356" lon="-111.64044454693794"><ele>2623.20</ele><time>2026-05-16T21:26:33Z</time></trkpt><trkpt lat="41.92223455544217" lon="-111.64057563990355"><ele>2620.30</ele><time>2026-05-16T21:26:40Z</time></trkpt><trkpt lat="41.92220102995634" lon="-111.64086196571589"><ele>2617.40</ele><time>2026-05-16T21:26:55Z</time></trkpt><trkpt lat="41.92220295779407" lon="-111.64111903868616"><ele>2614.50</ele><time>2026-05-16T21:27:09Z</time></trkpt><trkpt lat="41.922256015241146" lon="-111.64125599898398"><ele>2611.60</ele><time>2026-05-16T21:27:17Z</time></trkpt><trkpt lat="41.922297002747655" lon="-111.64148197509348"><ele>2608.70</ele><time>2026-05-16T21:27:29Z</time></trkpt><trkpt lat="41.92238050848971" lon="-111.64162874221802"><ele>2605.80</ele><time>2026-05-16T21:27:38Z</time></trkpt><trkpt lat="41.92247997969389" lon="-111.64174600504339"><ele>2602.90</ele><time>2026-05-16T21:27:48Z</time></trkpt><trkpt lat="41.9225569534884" lon="-111.64185337722301"><ele>2600.00</ele><time>2026-05-16T21:27:56Z</time></trkpt><trkpt lat="41.9225710350888" lon="-111.64189369417727"><ele>2600.00</ele><time>2026-05-16T21:27:58Z</time></trkpt><trkpt lat="41.9225709233433" lon="-111.64201405830681"><ele>2600.00</ele><time>2026-05-16T21:28:04Z</time></trkpt><trkpt lat="41.92258600677024" lon="-111.64213232696056"><ele>2600.00</ele><time>2026-05-16T21:28:10Z</time></trkpt><trkpt lat="41.92258595890292" lon="-111.64220407605171"><ele>2600.00</ele><time>2026-05-16T21:28:14Z</time></trkpt><trkpt lat="41.92254200577736" lon="-111.64237104356289"><ele>2600.00</ele><time>2026-05-16T21:28:23Z</time></trkpt><trkpt lat="41.922536066582204" lon="-111.6424675192684"><ele>2600.00</ele><time>2026-05-16T21:28:28Z</time></trkpt><trkpt lat="41.922534964978695" lon="-111.64253197610378"><ele>2600.00</ele><time>2026-05-16T21:28:32Z</time></trkpt><trkpt lat="41.92250594362073" lon="-111.64286431856453"><ele>2600.00</ele><time>2026-05-16T21:28:49Z</time></trkpt><trkpt lat="41.92254301160574" lon="-111.64309004321694"><ele>2600.00</ele><time>2026-05-16T21:29:01Z</time></trkpt><trkpt lat="41.922523988658725" lon="-111.64320290554315"><ele>2600.00</ele><time>2026-05-16T21:29:07Z</time></trkpt><trkpt lat="41.92252691835165" lon="-111.64340696297586"><ele>2597.60</ele><time>2026-05-16T21:29:18Z</time></trkpt><trkpt lat="41.92248299717903" lon="-111.6436359565705"><ele>2595.20</ele><time>2026-05-16T21:29:30Z</time></trkpt><trkpt lat="41.92248090170324" lon="-111.64371700957417"><ele>2592.80</ele><time>2026-05-16T21:29:35Z</time></trkpt><trkpt lat="41.922463950338724" lon="-111.64379772730172"><ele>2590.40</ele><time>2026-05-16T21:29:39Z</time></trkpt><trkpt lat="41.92243899218738" lon="-111.64390400983393"><ele>2588.00</ele><time>2026-05-16T21:29:45Z</time></trkpt><trkpt lat="41.9224330409722" lon="-111.64400207810104"><ele>2585.60</ele><time>2026-05-16T21:29:50Z</time></trkpt><trkpt lat="41.92243195138872" lon="-111.64413090795279"><ele>2583.20</ele><time>2026-05-16T21:29:57Z</time></trkpt><trkpt lat="41.92245600745082" lon="-111.64421900175512"><ele>2580.80</ele><time>2026-05-16T21:30:02Z</time></trkpt><trkpt lat="41.92247704602778" lon="-111.64447800256312"><ele>2578.40</ele><time>2026-05-16T21:30:15Z</time></trkpt><trkpt lat="41.92248199135065" lon="-111.64472199976444"><ele>2576.00</ele><time>2026-05-16T21:30:28Z</time></trkpt><trkpt lat="41.92250898107886" lon="-111.64489902555943"><ele>2575.70</ele><time>2026-05-16T21:30:37Z</time></trkpt><trkpt lat="41.92250395193696" lon="-111.6450680885464"><ele>2575.40</ele><time>2026-05-16T21:30:46Z</time></trkpt><trkpt lat="41.92251050575197" lon="-111.64517202414572"><ele>2575.10</ele><time>2026-05-16T21:30:52Z</time></trkpt><trkpt lat="41.922527752523614" lon="-111.64525215514004"><ele>2574.80</ele><time>2026-05-16T21:30:56Z</time></trkpt><trkpt lat="41.9225938937784" lon="-111.64530948735774"><ele>2574.50</ele><time>2026-05-16T21:31:01Z</time></trkpt><trkpt lat="41.92260302603245" lon="-111.64539598859847"><ele>2574.20</ele><time>2026-05-16T21:31:06Z</time></trkpt><trkpt lat="41.922662034630775" lon="-111.64570201188326"><ele>2573.90</ele><time>2026-05-16T21:31:23Z</time></trkpt><trkpt lat="41.9227160140872" lon="-111.645881049335"><ele>2573.60</ele><time>2026-05-16T21:31:33Z</time></trkpt><trkpt lat="41.92272196523845" lon="-111.64603603072464"><ele>2573.30</ele><time>2026-05-16T21:31:41Z</time></trkpt><trkpt lat="41.922747949138284" lon="-111.64615295827389"><ele>2573.00</ele><time>2026-05-16T21:31:47Z</time></trkpt><trkpt lat="41.92272196523845" lon="-111.64637306705117"><ele>2572.20</ele><time>2026-05-16T21:31:59Z</time></trkpt><trkpt lat="41.922767059877515" lon="-111.64679006673396"><ele>2571.40</ele><time>2026-05-16T21:32:21Z</time></trkpt><trkpt lat="41.92269698316648" lon="-111.6469810064882"><ele>2570.60</ele><time>2026-05-16T21:32:32Z</time></trkpt><trkpt lat="41.922618951648474" lon="-111.64721301756799"><ele>2569.80</ele><time>2026-05-16T21:32:45Z</time></trkpt><trkpt lat="41.92258207127452" lon="-111.64741502143443"><ele>2569.00</ele><time>2026-05-16T21:32:56Z</time></trkpt><trkpt lat="41.92254749994585" lon="-111.64754699449986"><ele>2568.20</ele><time>2026-05-16T21:33:03Z</time></trkpt><trkpt lat="41.922492971643806" lon="-111.6476789675653"><ele>2567.40</ele><time>2026-05-16T21:33:11Z</time></trkpt><trkpt lat="41.92246195860207" lon="-111.64783000946045"><ele>2566.60</ele><time>2026-05-16T21:33:19Z</time></trkpt><trkpt lat="41.922402027994394" lon="-111.6479519661516"><ele>2565.80</ele><time>2026-05-16T21:33:27Z</time></trkpt><trkpt lat="41.92238702438772" lon="-111.64807291701436"><ele>2565.00</ele><time>2026-05-16T21:33:33Z</time></trkpt><trkpt lat="41.92239800468087" lon="-111.64817702025175"><ele>2565.00</ele><time>2026-05-16T21:33:39Z</time></trkpt><trkpt lat="41.9222910515964" lon="-111.64839897304773"><ele>2565.00</ele><time>2026-05-16T21:33:53Z</time></trkpt><trkpt lat="41.922276969999075" lon="-111.64851606823504"><ele>2565.00</ele><time>2026-05-16T21:33:59Z</time></trkpt><trkpt lat="41.922235982492566" lon="-111.64860592223704"><ele>2565.00</ele><time>2026-05-16T21:34:04Z</time></trkpt><trkpt lat="41.922165071591735" lon="-111.64890004321933"><ele>2565.00</ele><time>2026-05-16T21:34:20Z</time></trkpt><trkpt lat="41.922145038843155" lon="-111.64905301295221"><ele>2565.00</ele><time>2026-05-16T21:34:29Z</time></trkpt><trkpt lat="41.92215207964182" lon="-111.64911302737892"><ele>2565.00</ele><time>2026-05-16T21:34:32Z</time></trkpt><trkpt lat="41.922127939760685" lon="-111.64922299794853"><ele>2565.00</ele><time>2026-05-16T21:34:38Z</time></trkpt><trkpt lat="41.92222500219941" lon="-111.6496130079031"><ele>2565.00</ele><time>2026-05-16T21:34:59Z</time></trkpt><trkpt lat="41.92227301847968" lon="-111.64978818967938"><ele>2565.00</ele><time>2026-05-16T21:35:09Z</time></trkpt><trkpt lat="41.92232703588666" lon="-111.6498326137662"><ele>2563.90</ele><time>2026-05-16T21:35:13Z</time></trkpt><trkpt lat="41.92239103174349" lon="-111.64986899122596"><ele>2562.80</ele><time>2026-05-16T21:35:18Z</time></trkpt><trkpt lat="41.92253423047987" lon="-111.64987351745367"><ele>2561.70</ele><time>2026-05-16T21:35:28Z</time></trkpt><trkpt lat="41.92274698724434" lon="-111.64994794875383"><ele>2560.60</ele><time>2026-05-16T21:35:44Z</time></trkpt><trkpt lat="41.922873035126194" lon="-111.65000787936151"><ele>2559.50</ele><time>2026-05-16T21:35:53Z</time></trkpt><trkpt lat="41.922980985854515" lon="-111.6501399781555"><ele>2558.40</ele><time>2026-05-16T21:36:03Z</time></trkpt><trkpt lat="41.92313895676998" lon="-111.64970571175218"><ele>2557.30</ele><time>2026-05-16T21:36:29Z</time></trkpt><trkpt lat="41.923254914317845" lon="-111.64951678365469"><ele>2556.20</ele><time>2026-05-16T21:36:41Z</time></trkpt><trkpt lat="41.92340593628303" lon="-111.6492937412113"><ele>2555.10</ele><time>2026-05-16T21:36:57Z</time></trkpt><trkpt lat="41.92348597571254" lon="-111.64892200380564"><ele>2554.00</ele><time>2026-05-16T21:37:17Z</time></trkpt><trkpt lat="41.92353394198013" lon="-111.64887938182801"><ele>2553.00</ele><time>2026-05-16T21:37:21Z</time></trkpt><trkpt lat="41.92359687567274" lon="-111.64884346537292"><ele>2552.00</ele><time>2026-05-16T21:37:26Z</time></trkpt><trkpt lat="41.923667966326924" lon="-111.64877842180431"><ele>2551.00</ele><time>2026-05-16T21:37:32Z</time></trkpt><trkpt lat="41.923752914837664" lon="-111.64869506377727"><ele>2550.00</ele><time>2026-05-16T21:37:40Z</time></trkpt><trkpt lat="41.923815911040684" lon="-111.64859427139163"><ele>2549.00</ele><time>2026-05-16T21:37:46Z</time></trkpt><trkpt lat="41.92394693994632" lon="-111.6482450813055"><ele>2548.00</ele><time>2026-05-16T21:38:07Z</time></trkpt><trkpt lat="41.92411897279489" lon="-111.64786336943507"><ele>2547.00</ele><time>2026-05-16T21:38:30Z</time></trkpt><trkpt lat="41.92413798157748" lon="-111.64780616294593"><ele>2546.00</ele><time>2026-05-16T21:38:33Z</time></trkpt><trkpt lat="41.92413104698062" lon="-111.64774895645678"><ele>2545.00</ele><time>2026-05-16T21:38:36Z</time></trkpt><trkpt lat="41.924099050250874" lon="-111.64749599061906"><ele>2544.00</ele><time>2026-05-16T21:38:50Z</time></trkpt><trkpt lat="41.92408301867545" lon="-111.64724302478135"><ele>2544.00</ele><time>2026-05-16T21:39:03Z</time></trkpt><trkpt lat="41.924114909453856" lon="-111.64701537229121"><ele>2544.00</ele><time>2026-05-16T21:39:15Z</time></trkpt><trkpt lat="41.92415998381988" lon="-111.64691193960607"><ele>2544.00</ele><time>2026-05-16T21:39:21Z</time></trkpt><trkpt lat="41.92423294690014" lon="-111.6467552818358"><ele>2544.00</ele><time>2026-05-16T21:39:31Z</time></trkpt><trkpt lat="41.92427590389259" lon="-111.64654774591327"><ele>2544.00</ele><time>2026-05-16T21:39:42Z</time></trkpt><trkpt lat="41.92428091835131" lon="-111.64644129574299"><ele>2544.00</ele><time>2026-05-16T21:39:48Z</time></trkpt><trkpt lat="41.92431586739805" lon="-111.6463509388268"><ele>2544.00</ele><time>2026-05-16T21:39:53Z</time></trkpt><trkpt lat="41.92436497732508" lon="-111.6462423093617"><ele>2544.00</ele><time>2026-05-16T21:40:00Z</time></trkpt><trkpt lat="41.924408032544626" lon="-111.6461900062859"><ele>2544.00</ele><time>2026-05-16T21:40:04Z</time></trkpt><trkpt lat="41.92448500617558" lon="-111.6461252560839"><ele>2544.00</ele><time>2026-05-16T21:40:10Z</time></trkpt><trkpt lat="41.924544019031586" lon="-111.64607391692698"><ele>2544.70</ele><time>2026-05-16T21:40:15Z</time></trkpt><trkpt lat="41.92475289968586" lon="-111.64595120586455"><ele>2545.40</ele><time>2026-05-16T21:40:31Z</time></trkpt><trkpt lat="41.92487592630495" lon="-111.64587551727891"><ele>2546.10</ele><time>2026-05-16T21:40:41Z</time></trkpt><trkpt lat="41.92496514334874" lon="-111.64586034603417"><ele>2546.80</ele><time>2026-05-16T21:40:47Z</time></trkpt><trkpt lat="41.925177938664284" lon="-111.64580745622516"><ele>2547.50</ele><time>2026-05-16T21:41:02Z</time></trkpt><trkpt lat="41.925313976950605" lon="-111.64582120254636"><ele>2548.20</ele><time>2026-05-16T21:41:12Z</time></trkpt><trkpt lat="41.92550598480528" lon="-111.64588042069227"><ele>2548.90</ele><time>2026-05-16T21:41:26Z</time></trkpt><trkpt lat="41.92570597446374" lon="-111.64593159221113"><ele>2549.60</ele><time>2026-05-16T21:41:40Z</time></trkpt><trkpt lat="41.92580798468304" lon="-111.64592027664185"><ele>2550.30</ele><time>2026-05-16T21:41:47Z</time></trkpt><trkpt lat="41.925912970771144" lon="-111.64586856029928"><ele>2551.00</ele><time>2026-05-16T21:41:55Z</time></trkpt><trkpt lat="41.92596098408103" lon="-111.64582706987858"><ele>2549.40</ele><time>2026-05-16T21:41:59Z</time></trkpt><trkpt lat="41.926104951895944" lon="-111.64566806517541"><ele>2547.80</ele><time>2026-05-16T21:42:12Z</time></trkpt><trkpt lat="41.926290057599545" lon="-111.64550386369228"><ele>2546.20</ele><time>2026-05-16T21:42:27Z</time></trkpt><trkpt lat="41.926547991610384" lon="-111.64526355452836"><ele>2544.60</ele><time>2026-05-16T21:42:49Z</time></trkpt><trkpt lat="41.92670289382581" lon="-111.64512709714472"><ele>2543.00</ele><time>2026-05-16T21:43:02Z</time></trkpt><trkpt lat="41.92684792821485" lon="-111.64495887234807"><ele>2541.40</ele><time>2026-05-16T21:43:16Z</time></trkpt><trkpt lat="41.92702994760047" lon="-111.64489449933171"><ele>2539.80</ele><time>2026-05-16T21:43:29Z</time></trkpt><trkpt lat="41.92713603026955" lon="-111.64481763727963"><ele>2538.20</ele><time>2026-05-16T21:43:38Z</time></trkpt><trkpt lat="41.92731601386413" lon="-111.6447245143354"><ele>2536.60</ele><time>2026-05-16T21:43:51Z</time></trkpt><trkpt lat="41.927555944196975" lon="-111.64457422681153"><ele>2535.00</ele><time>2026-05-16T21:44:10Z</time></trkpt><trkpt lat="41.927702861168676" lon="-111.64450138807297"><ele>2530.40</ele><time>2026-05-16T21:44:21Z</time></trkpt><trkpt lat="41.92784696703507" lon="-111.64440038613975"><ele>2525.80</ele><time>2026-05-16T21:44:32Z</time></trkpt><trkpt lat="41.92811189966297" lon="-111.64415840059519"><ele>2521.20</ele><time>2026-05-16T21:44:54Z</time></trkpt><trkpt lat="41.928289017331416" lon="-111.64396536536515"><ele>2516.60</ele><time>2026-05-16T21:45:10Z</time></trkpt><trkpt lat="41.928368964536844" lon="-111.64386855438352"><ele>2512.00</ele><time>2026-05-16T21:45:18Z</time></trkpt><trkpt lat="41.928461041274225" lon="-111.64375573396683"><ele>2507.40</ele><time>2026-05-16T21:45:27Z</time></trkpt><trkpt lat="41.92865194060968" lon="-111.6434477828443"><ele>2502.80</ele><time>2026-05-16T21:45:48Z</time></trkpt><trkpt lat="41.92880496685485" lon="-111.64316640235484"><ele>2498.20</ele><time>2026-05-16T21:46:06Z</time></trkpt><trkpt lat="41.928839485649206" lon="-111.64302889723331"><ele>2493.60</ele><time>2026-05-16T21:46:13Z</time></trkpt><trkpt lat="41.928850058466196" lon="-111.64288602769375"><ele>2489.00</ele><time>2026-05-16T21:46:21Z</time></trkpt><trkpt lat="41.92884502932429" lon="-111.64269399829209"><ele>2488.90</ele><time>2026-05-16T21:46:31Z</time></trkpt><trkpt lat="41.928804027691044" lon="-111.64257987868041"><ele>2488.80</ele><time>2026-05-16T21:46:38Z</time></trkpt><trkpt lat="41.928782981024874" lon="-111.64246575906873"><ele>2488.70</ele><time>2026-05-16T21:46:44Z</time></trkpt><trkpt lat="41.928725922480226" lon="-111.64227607659996"><ele>2488.60</ele><time>2026-05-16T21:46:54Z</time></trkpt><trkpt lat="41.92868498192283" lon="-111.64216824341565"><ele>2488.50</ele><time>2026-05-16T21:47:01Z</time></trkpt><trkpt lat="41.92866599187255" lon="-111.64205504581332"><ele>2488.40</ele><time>2026-05-16T21:47:07Z</time></trkpt><trkpt lat="41.92862902767956" lon="-111.64136697538197"><ele>2488.30</ele><time>2026-05-16T21:47:43Z</time></trkpt><trkpt lat="41.92864302545786" lon="-111.64100596681237"><ele>2488.20</ele><time>2026-05-16T21:48:02Z</time></trkpt><trkpt lat="41.92868493497372" lon="-111.64084604009986"><ele>2488.10</ele><time>2026-05-16T21:48:10Z</time></trkpt><trkpt lat="41.928719971328974" lon="-111.64061201736331"><ele>2488.00</ele><time>2026-05-16T21:48:23Z</time></trkpt><trkpt lat="41.92871157324043" lon="-111.64053854998201"><ele>2485.40</ele><time>2026-05-16T21:48:27Z</time></trkpt><trkpt lat="41.92872313016298" lon="-111.64045971818268"><ele>2482.80</ele><time>2026-05-16T21:48:31Z</time></trkpt><trkpt lat="41.92877295102404" lon="-111.64025830104947"><ele>2480.20</ele><time>2026-05-16T21:48:42Z</time></trkpt><trkpt lat="41.92879406735301" lon="-111.64014698937535"><ele>2477.60</ele><time>2026-05-16T21:48:48Z</time></trkpt><trkpt lat="41.928843972984545" lon="-111.63994372822344"><ele>2475.00</ele><time>2026-05-16T21:48:59Z</time></trkpt><trkpt lat="41.928872019052505" lon="-111.63982906378806"><ele>2472.40</ele><time>2026-05-16T21:49:06Z</time></trkpt><trkpt lat="41.92907201126218" lon="-111.63912900723517"><ele>2469.80</ele><time>2026-05-16T21:49:45Z</time></trkpt><trkpt lat="41.929251134708245" lon="-111.63881611078978"><ele>2467.20</ele><time>2026-05-16T21:50:05Z</time></trkpt><trkpt lat="41.92952806252325" lon="-111.63851377554238"><ele>2464.60</ele><time>2026-05-16T21:50:30Z</time></trkpt><trkpt lat="41.929574925452485" lon="-111.63845107890666"><ele>2462.00</ele><time>2026-05-16T21:50:35Z</time></trkpt><trkpt lat="41.92960991097291" lon="-111.6384057328105"><ele>2462.00</ele><time>2026-05-16T21:50:38Z</time></trkpt><trkpt lat="41.92964801564813" lon="-111.63831696845591"><ele>2462.00</ele><time>2026-05-16T21:50:44Z</time></trkpt><trkpt lat="41.9297150708735" lon="-111.63815402425826"><ele>2462.00</ele><time>2026-05-16T21:50:53Z</time></trkpt><trkpt lat="41.92990700311893" lon="-111.63794741034508"><ele>2462.00</ele><time>2026-05-16T21:51:11Z</time></trkpt><trkpt lat="41.93003487044623" lon="-111.63784716278315"><ele>2462.00</ele><time>2026-05-16T21:51:21Z</time></trkpt><trkpt lat="41.93013295488674" lon="-111.6377804428339"><ele>2462.00</ele><time>2026-05-16T21:51:29Z</time></trkpt><trkpt lat="41.93023646600485" lon="-111.63773966487497"><ele>2462.00</ele><time>2026-05-16T21:51:36Z</time></trkpt><trkpt lat="41.930333990603685" lon="-111.6376559715718"><ele>2462.00</ele><time>2026-05-16T21:51:44Z</time></trkpt><trkpt lat="41.930437899331594" lon="-111.63758271373808"><ele>2462.00</ele><time>2026-05-16T21:51:53Z</time></trkpt><trkpt lat="41.93046846757526" lon="-111.63751670625061"><ele>2462.00</ele><time>2026-05-16T21:51:57Z</time></trkpt><trkpt lat="41.930479081347585" lon="-111.63743996992707"><ele>2457.70</ele><time>2026-05-16T21:52:01Z</time></trkpt><trkpt lat="41.93048503249884" lon="-111.63740392774343"><ele>2453.40</ele><time>2026-05-16T21:52:03Z</time></trkpt><trkpt lat="41.930438010022044" lon="-111.6373369563371"><ele>2449.10</ele><time>2026-05-16T21:52:08Z</time></trkpt><trkpt lat="41.93042007274926" lon="-111.6371900215745"><ele>2444.80</ele><time>2026-05-16T21:52:15Z</time></trkpt><trkpt lat="41.9304870441556" lon="-111.63703202269971"><ele>2440.50</ele><time>2026-05-16T21:52:25Z</time></trkpt><trkpt lat="41.930503975600004" lon="-111.63692607544363"><ele>2436.20</ele><time>2026-05-16T21:52:30Z</time></trkpt><trkpt lat="41.930438036902515" lon="-111.6368393227458"><ele>2431.90</ele><time>2026-05-16T21:52:37Z</time></trkpt><trkpt lat="41.930430033566715" lon="-111.63656003773212"><ele>2427.60</ele><time>2026-05-16T21:52:52Z</time></trkpt><trkpt lat="41.93038148082879" lon="-111.63635032251477"><ele>2423.30</ele><time>2026-05-16T21:53:03Z</time></trkpt><trkpt lat="41.930314968996505" lon="-111.6361540183425"><ele>2419.00</ele><time>2026-05-16T21:53:14Z</time></trkpt><trkpt lat="41.93023399449885" lon="-111.6359399445355"><ele>2418.40</ele><time>2026-05-16T21:53:27Z</time></trkpt><trkpt lat="41.93008496426046" lon="-111.63591303862631"><ele>2417.80</ele><time>2026-05-16T21:53:37Z</time></trkpt><trkpt lat="41.929985070633485" lon="-111.63581040222198"><ele>2417.20</ele><time>2026-05-16T21:53:46Z</time></trkpt><trkpt lat="41.929915108811315" lon="-111.63569703698158"><ele>2416.60</ele><time>2026-05-16T21:53:54Z</time></trkpt><trkpt lat="41.92983303900015" lon="-111.63553610444069"><ele>2416.00</ele><time>2026-05-16T21:54:04Z</time></trkpt><trkpt lat="41.92973602563143" lon="-111.6353630181402"><ele>2415.40</ele><time>2026-05-16T21:54:15Z</time></trkpt><trkpt lat="41.929687997326255" lon="-111.635233014822"><ele>2414.80</ele><time>2026-05-16T21:54:23Z</time></trkpt><trkpt lat="41.929669976234436" lon="-111.63513603620231"><ele>2414.20</ele><time>2026-05-16T21:54:28Z</time></trkpt><trkpt lat="41.92956302314997" lon="-111.6348500456661"><ele>2413.60</ele><time>2026-05-16T21:54:45Z</time></trkpt><trkpt lat="41.9295699801296" lon="-111.63470604456961"><ele>2413.00</ele><time>2026-05-16T21:54:52Z</time></trkpt><trkpt lat="41.92952396348119" lon="-111.63442399352789"><ele>2412.50</ele><time>2026-05-16T21:55:07Z</time></trkpt><trkpt lat="41.92952597513795" lon="-111.63405502215028"><ele>2412.00</ele><time>2026-05-16T21:55:27Z</time></trkpt><trkpt lat="41.92954005673528" lon="-111.6339279524982"><ele>2411.50</ele><time>2026-05-16T21:55:33Z</time></trkpt><trkpt lat="41.929597053676844" lon="-111.63381303660572"><ele>2411.00</ele><time>2026-05-16T21:55:41Z</time></trkpt><trkpt lat="41.9296339340508" lon="-111.63368705660105"><ele>2410.50</ele><time>2026-05-16T21:55:48Z</time></trkpt><trkpt lat="41.929647009819746" lon="-111.633530985564"><ele>2410.00</ele><time>2026-05-16T21:55:56Z</time></trkpt><trkpt lat="41.92961004562676" lon="-111.63331699557602"><ele>2409.50</ele><time>2026-05-16T21:56:07Z</time></trkpt><trkpt lat="41.92961398512125" lon="-111.63319805637002"><ele>2409.00</ele><time>2026-05-16T21:56:14Z</time></trkpt><trkpt lat="41.9295890070498" lon="-111.63311993703246"><ele>2408.50</ele><time>2026-05-16T21:56:18Z</time></trkpt><trkpt lat="41.929597053676844" lon="-111.63300803862512"><ele>2408.00</ele><time>2026-05-16T21:56:24Z</time></trkpt><trkpt lat="41.92953594960272" lon="-111.63279295898974"><ele>2407.50</ele><time>2026-05-16T21:56:36Z</time></trkpt><trkpt lat="41.929579954594374" lon="-111.63253203034401"><ele>2407.00</ele><time>2026-05-16T21:56:50Z</time></trkpt><trkpt lat="41.929600993171334" lon="-111.63233497180045"><ele>2406.50</ele><time>2026-05-16T21:57:00Z</time></trkpt><trkpt lat="41.92961096763611" lon="-111.63225400261581"><ele>2406.00</ele><time>2026-05-16T21:57:04Z</time></trkpt><trkpt lat="41.92958607338369" lon="-111.63214897736907"><ele>2405.50</ele><time>2026-05-16T21:57:10Z</time></trkpt><trkpt lat="41.92963192239404" lon="-111.63171001709998"><ele>2405.00</ele><time>2026-05-16T21:57:33Z</time></trkpt><trkpt lat="41.92961800843477" lon="-111.63148202933371"><ele>2404.50</ele><time>2026-05-16T21:57:45Z</time></trkpt><trkpt lat="41.92962898872793" lon="-111.63130902685225"><ele>2404.00</ele><time>2026-05-16T21:57:54Z</time></trkpt><trkpt lat="41.92958800122142" lon="-111.63118598051369"><ele>2403.50</ele><time>2026-05-16T21:58:01Z</time></trkpt><trkpt lat="41.92958699539304" lon="-111.63099504075944"><ele>2403.00</ele><time>2026-05-16T21:58:11Z</time></trkpt><trkpt lat="41.9295559823513" lon="-111.63084995001554"><ele>2403.00</ele><time>2026-05-16T21:58:19Z</time></trkpt><trkpt lat="41.929480213808226" lon="-111.63068826310337"><ele>2403.00</ele><time>2026-05-16T21:58:29Z</time></trkpt><trkpt lat="41.92945333668005" lon="-111.63046304136515"><ele>2403.00</ele><time>2026-05-16T21:58:41Z</time></trkpt><trkpt lat="41.92946722039299" lon="-111.63031208328903"><ele>2403.00</ele><time>2026-05-16T21:58:49Z</time></trkpt><trkpt lat="41.92951901815831" lon="-111.63016112521291"><ele>2403.00</ele><time>2026-05-16T21:58:58Z</time></trkpt><trkpt lat="41.929510546607105" lon="-111.63000191096216"><ele>2403.00</ele><time>2026-05-16T21:59:06Z</time></trkpt><trkpt lat="41.929522029817015" lon="-111.6298386733979"><ele>2403.00</ele><time>2026-05-16T21:59:15Z</time></trkpt><trkpt lat="41.929512061178684" lon="-111.629727948457"><ele>2403.00</ele><time>2026-05-16T21:59:20Z</time></trkpt><trkpt lat="41.92949906922877" lon="-111.62958394736052"><ele>2403.00</ele><time>2026-05-16T21:59:28Z</time></trkpt><trkpt lat="41.92941359887357" lon="-111.62922109477222"><ele>2403.00</ele><time>2026-05-16T21:59:48Z</time></trkpt><trkpt lat="41.929367040290586" lon="-111.6289802826941"><ele>2402.10</ele><time>2026-05-16T22:00:01Z</time></trkpt><trkpt lat="41.92938700247145" lon="-111.62874936126173"><ele>2401.20</ele><time>2026-05-16T22:00:13Z</time></trkpt><trkpt lat="41.92940002455501" lon="-111.62854031659663"><ele>2400.30</ele><time>2026-05-16T22:00:24Z</time></trkpt><trkpt lat="41.929385997354984" lon="-111.62837804295123"><ele>2399.40</ele><time>2026-05-16T22:00:32Z</time></trkpt><trkpt lat="41.9293820872783" lon="-111.62823529914021"><ele>2398.50</ele><time>2026-05-16T22:00:40Z</time></trkpt><trkpt lat="41.92940107082758" lon="-111.62811334244907"><ele>2397.60</ele><time>2026-05-16T22:00:46Z</time></trkpt><trkpt lat="41.92941703173318" lon="-111.6278560180217"><ele>2396.70</ele><time>2026-05-16T22:01:00Z</time></trkpt><trkpt lat="41.92940498089932" lon="-111.627756357193"><ele>2395.80</ele><time>2026-05-16T22:01:05Z</time></trkpt><trkpt lat="41.92940300159709" lon="-111.62752032279968"><ele>2394.90</ele><time>2026-05-16T22:01:17Z</time></trkpt><trkpt lat="41.92937300540507" lon="-111.62709603086114"><ele>2394.00</ele><time>2026-05-16T22:01:40Z</time></trkpt><trkpt lat="41.929310020564046" lon="-111.6267822124064"><ele>2393.40</ele><time>2026-05-16T22:01:57Z</time></trkpt><trkpt lat="41.92926898598671" lon="-111.62646302953362"><ele>2392.80</ele><time>2026-05-16T22:02:14Z</time></trkpt><trkpt lat="41.92924593575299" lon="-111.62619899958372"><ele>2392.20</ele><time>2026-05-16T22:02:27Z</time></trkpt><trkpt lat="41.92920402623713" lon="-111.62600990384817"><ele>2391.60</ele><time>2026-05-16T22:02:38Z</time></trkpt><trkpt lat="41.92907905206084" lon="-111.62569298408926"><ele>2391.00</ele><time>2026-05-16T22:02:56Z</time></trkpt><trkpt lat="41.92888794466853" lon="-111.6253709513694"><ele>2390.40</ele><time>2026-05-16T22:03:18Z</time></trkpt><trkpt lat="41.92881502211094" lon="-111.62521102465689"><ele>2389.80</ele><time>2026-05-16T22:03:28Z</time></trkpt><trkpt lat="41.92870899103582" lon="-111.62484398111701"><ele>2389.20</ele><time>2026-05-16T22:03:48Z</time></trkpt><trkpt lat="41.92860604205512" lon="-111.6246164124459"><ele>2388.60</ele><time>2026-05-16T22:04:02Z</time></trkpt><trkpt lat="41.92852396706297" lon="-111.62431566976011"><ele>2388.00</ele><time>2026-05-16T22:04:19Z</time></trkpt><trkpt lat="41.92844403907657" lon="-111.62407896481454"><ele>2387.30</ele><time>2026-05-16T22:04:32Z</time></trkpt><trkpt lat="41.92838102023817" lon="-111.62381988018751"><ele>2386.60</ele><time>2026-05-16T22:04:47Z</time></trkpt><trkpt lat="41.92833496320067" lon="-111.62355006672442"><ele>2385.90</ele><time>2026-05-16T22:05:01Z</time></trkpt><trkpt lat="41.92831401651523" lon="-111.62329073064029"><ele>2385.20</ele><time>2026-05-16T22:05:15Z</time></trkpt><trkpt lat="41.92830204963684" lon="-111.62302603013813"><ele>2384.50</ele><time>2026-05-16T22:05:29Z</time></trkpt><trkpt lat="41.92834496498108" lon="-111.62270994856954"><ele>2383.80</ele><time>2026-05-16T22:05:45Z</time></trkpt><trkpt lat="41.92834102548659" lon="-111.62265596911311"><ele>2383.10</ele><time>2026-05-16T22:05:48Z</time></trkpt><trkpt lat="41.92825603298843" lon="-111.62232605740428"><ele>2382.40</ele><time>2026-05-16T22:06:06Z</time></trkpt><trkpt lat="41.928248992189765" lon="-111.62216898053885"><ele>2381.70</ele><time>2026-05-16T22:06:15Z</time></trkpt><trkpt lat="41.928194958072176" lon="-111.62199639715254"><ele>2381.00</ele><time>2026-05-16T22:06:24Z</time></trkpt><trkpt lat="41.928190023939585" lon="-111.6217829938978"><ele>2381.10</ele><time>2026-05-16T22:06:36Z</time></trkpt><trkpt lat="41.92819004502758" lon="-111.62148761563003"><ele>2381.20</ele><time>2026-05-16T22:06:51Z</time></trkpt><trkpt lat="41.928171077712435" lon="-111.62133196368814"><ele>2381.30</ele><time>2026-05-16T22:06:59Z</time></trkpt><trkpt lat="41.92812954628509" lon="-111.62120799534023"><ele>2381.40</ele><time>2026-05-16T22:07:06Z</time></trkpt><trkpt lat="41.928123934194446" lon="-111.62107598036528"><ele>2381.50</ele><time>2026-05-16T22:07:13Z</time></trkpt><trkpt lat="41.92809399645861" lon="-111.6209053248167"><ele>2381.60</ele><time>2026-05-16T22:07:22Z</time></trkpt><trkpt lat="41.92806400358677" lon="-111.6207930073142"><ele>2381.70</ele><time>2026-05-16T22:07:29Z</time></trkpt><trkpt lat="41.92804095335305" lon="-111.62072301842272"><ele>2381.80</ele><time>2026-05-16T22:07:33Z</time></trkpt><trkpt lat="41.92808604799211" lon="-111.62063207477331"><ele>2381.90</ele><time>2026-05-16T22:07:38Z</time></trkpt><trkpt lat="41.92806995473802" lon="-111.62055102176964"><ele>2382.00</ele><time>2026-05-16T22:07:43Z</time></trkpt><trkpt lat="41.928099961951375" lon="-111.62046301178634"><ele>2380.60</ele><time>2026-05-16T22:07:48Z</time></trkpt><trkpt lat="41.928161066025496" lon="-111.62037206813693"><ele>2379.20</ele><time>2026-05-16T22:07:54Z</time></trkpt><trkpt lat="41.92819501273334" lon="-111.6199660487473"><ele>2377.80</ele><time>2026-05-16T22:08:15Z</time></trkpt><trkpt lat="41.92824396304786" lon="-111.61985691636801"><ele>2376.40</ele><time>2026-05-16T22:08:22Z</time></trkpt><trkpt lat="41.928272964432836" lon="-111.61963001824915"><ele>2375.00</ele><time>2026-05-16T22:08:34Z</time></trkpt><trkpt lat="41.928272964432836" lon="-111.61951803602278"><ele>2373.60</ele><time>2026-05-16T22:08:40Z</time></trkpt><trkpt lat="41.928202053532004" lon="-111.6193410102278"><ele>2372.20</ele><time>2026-05-16T22:08:50Z</time></trkpt><trkpt lat="41.928205993026495" lon="-111.61915895529091"><ele>2370.80</ele><time>2026-05-16T22:09:00Z</time></trkpt><trkpt lat="41.928163999691606" lon="-111.61886801943183"><ele>2369.40</ele><time>2026-05-16T22:09:15Z</time></trkpt><trkpt lat="41.928184032440186" lon="-111.61871504969895"><ele>2368.00</ele><time>2026-05-16T22:09:24Z</time></trkpt><trkpt lat="41.92815008573234" lon="-111.61855604499578"><ele>2368.00</ele><time>2026-05-16T22:09:32Z</time></trkpt><trkpt lat="41.92811295390129" lon="-111.61853006109595"><ele>2368.00</ele><time>2026-05-16T22:09:35Z</time></trkpt><trkpt lat="41.928099039942026" lon="-111.61849703639746"><ele>2368.00</ele><time>2026-05-16T22:09:37Z</time></trkpt><trkpt lat="41.928010024130344" lon="-111.61847901530564"><ele>2368.00</ele><time>2026-05-16T22:09:43Z</time></trkpt><trkpt lat="41.927880020812154" lon="-111.61837005056441"><ele>2368.00</ele><time>2026-05-16T22:09:54Z</time></trkpt><trkpt lat="41.92783400416374" lon="-111.61811800673604"><ele>2368.00</ele><time>2026-05-16T22:10:08Z</time></trkpt><trkpt lat="41.927728056907654" lon="-111.61790301091969"><ele>2368.00</ele><time>2026-05-16T22:10:21Z</time></trkpt><trkpt lat="41.92757399752736" lon="-111.61770293489099"><ele>2368.00</ele><time>2026-05-16T22:10:36Z</time></trkpt><trkpt lat="41.927281050011516" lon="-111.61745206452906"><ele>2368.00</ele><time>2026-05-16T22:11:01Z</time></trkpt><trkpt lat="41.92713906057179" lon="-111.61727503873408"><ele>2368.00</ele><time>2026-05-16T22:11:14Z</time></trkpt><trkpt lat="41.92700052063187" lon="-111.6170486016199"><ele>2366.90</ele><time>2026-05-16T22:11:29Z</time></trkpt><trkpt lat="41.92688592709601" lon="-111.61680607125163"><ele>2365.80</ele><time>2026-05-16T22:11:44Z</time></trkpt><trkpt lat="41.925910944119096" lon="-111.615268914029"><ele>2364.70</ele><time>2026-05-16T22:13:30Z</time></trkpt><trkpt lat="41.925842044875026" lon="-111.61509398370981"><ele>2363.60</ele><time>2026-05-16T22:13:40Z</time></trkpt><trkpt lat="41.92574297077954" lon="-111.6146819293499"><ele>2362.50</ele><time>2026-05-16T22:14:03Z</time></trkpt><trkpt lat="41.92569997161627" lon="-111.61429300904274"><ele>2361.40</ele><time>2026-05-16T22:14:23Z</time></trkpt><trkpt lat="41.92570106126368" lon="-111.61407398991287"><ele>2360.30</ele><time>2026-05-16T22:14:35Z</time></trkpt><trkpt lat="41.92568195052445" lon="-111.61392102017999"><ele>2359.20</ele><time>2026-05-16T22:14:43Z</time></trkpt><trkpt lat="41.92569603212178" lon="-111.61351500079036"><ele>2358.10</ele><time>2026-05-16T22:15:04Z</time></trkpt><trkpt lat="41.92565890029073" lon="-111.61314904689789"><ele>2357.00</ele><time>2026-05-16T22:15:23Z</time></trkpt><trkpt lat="41.92556703463197" lon="-111.61271402612329"><ele>2356.30</ele><time>2026-05-16T22:15:47Z</time></trkpt><trkpt lat="41.92546997219324" lon="-111.61211295984685"><ele>2355.60</ele><time>2026-05-16T22:16:19Z</time></trkpt><trkpt lat="41.925325049087405" lon="-111.61156000569463"><ele>2354.90</ele><time>2026-05-16T22:16:50Z</time></trkpt><trkpt lat="41.92529757070964" lon="-111.61126818973571"><ele>2354.20</ele><time>2026-05-16T22:17:05Z</time></trkpt><trkpt lat="41.925284061580896" lon="-111.61097100935876"><ele>2353.50</ele><time>2026-05-16T22:17:20Z</time></trkpt><trkpt lat="41.9252010807395" lon="-111.61017095670104"><ele>2352.80</ele><time>2026-05-16T22:18:03Z</time></trkpt><trkpt lat="41.925182824552486" lon="-111.6099055018276"><ele>2352.10</ele><time>2026-05-16T22:18:17Z</time></trkpt><trkpt lat="41.925186796126106" lon="-111.60975311882794"><ele>2351.40</ele><time>2026-05-16T22:18:24Z</time></trkpt><trkpt lat="41.92520587196945" lon="-111.60958087071776"><ele>2350.70</ele><time>2026-05-16T22:18:34Z</time></trkpt><trkpt lat="41.92521786527762" lon="-111.6095080319792"><ele>2350.00</ele><time>2026-05-16T22:18:37Z</time></trkpt><trkpt lat="41.92523389156659" lon="-111.60940694622695"><ele>2350.80</ele><time>2026-05-16T22:18:43Z</time></trkpt><trkpt lat="41.92525397054851" lon="-111.60927602089942"><ele>2351.60</ele><time>2026-05-16T22:18:50Z</time></trkpt><trkpt lat="41.92532094195485" lon="-111.60850094631314"><ele>2352.40</ele><time>2026-05-16T22:19:31Z</time></trkpt><trkpt lat="41.92531800471724" lon="-111.60836935043335"><ele>2353.20</ele><time>2026-05-16T22:19:37Z</time></trkpt><trkpt lat="41.92528308427278" lon="-111.60783399827778"><ele>2354.00</ele><time>2026-05-16T22:20:05Z</time></trkpt><trkpt lat="41.92524699035747" lon="-111.607665438205"><ele>2354.80</ele><time>2026-05-16T22:20:15Z</time></trkpt><trkpt lat="41.92514303066228" lon="-111.60746200941503"><ele>2355.60</ele><time>2026-05-16T22:20:28Z</time></trkpt><trkpt lat="41.92496804879001" lon="-111.60720594227314"><ele>2356.40</ele><time>2026-05-16T22:20:46Z</time></trkpt><trkpt lat="41.924803044556235" lon="-111.60692841745913"><ele>2357.20</ele><time>2026-05-16T22:21:04Z</time></trkpt><trkpt lat="41.924635023097615" lon="-111.6066793911159"><ele>2358.00</ele><time>2026-05-16T22:21:22Z</time></trkpt><trkpt lat="41.924187026338274" lon="-111.60593834705651"><ele>2355.50</ele><time>2026-05-16T22:22:12Z</time></trkpt><trkpt lat="41.924075016315065" lon="-111.60573307424784"><ele>2353.00</ele><time>2026-05-16T22:22:25Z</time></trkpt><trkpt lat="41.923992075026035" lon="-111.60556602291763"><ele>2350.50</ele><time>2026-05-16T22:22:35Z</time></trkpt><trkpt lat="41.92365596070886" lon="-111.60495607182384"><ele>2348.00</ele><time>2026-05-16T22:23:15Z</time></trkpt><trkpt lat="41.92347402571125" lon="-111.60458508878946"><ele>2345.50</ele><time>2026-05-16T22:23:38Z</time></trkpt><trkpt lat="41.92344604200706" lon="-111.60440504550934"><ele>2343.00</ele><time>2026-05-16T22:23:48Z</time></trkpt><trkpt lat="41.92339002303229" lon="-111.60400506108999"><ele>2340.50</ele><time>2026-05-16T22:24:09Z</time></trkpt><trkpt lat="41.92331902829799" lon="-111.60363969393075"><ele>2338.00</ele><time>2026-05-16T22:24:29Z</time></trkpt><trkpt lat="41.923241056501865" lon="-111.60328899510205"><ele>2335.50</ele><time>2026-05-16T22:24:48Z</time></trkpt><trkpt lat="41.92314911927037" lon="-111.60290376283228"><ele>2333.00</ele><time>2026-05-16T22:25:09Z</time></trkpt><trkpt lat="41.92301097325981" lon="-111.60254208371043"><ele>2336.10</ele><time>2026-05-16T22:25:30Z</time></trkpt><trkpt lat="41.92293308950422" lon="-111.6021030396223"><ele>2339.20</ele><time>2026-05-16T22:25:54Z</time></trkpt><trkpt lat="41.92289705134998" lon="-111.60198234021664"><ele>2342.30</ele><time>2026-05-16T22:26:00Z</time></trkpt><trkpt lat="41.922853980213404" lon="-111.6017700266093"><ele>2345.40</ele><time>2026-05-16T22:26:12Z</time></trkpt><trkpt lat="41.922796041383705" lon="-111.60156232304871"><ele>2348.50</ele><time>2026-05-16T22:26:24Z</time></trkpt><trkpt lat="41.922767981886864" lon="-111.6013059206307"><ele>2351.60</ele><time>2026-05-16T22:26:37Z</time></trkpt><trkpt lat="41.922765048220754" lon="-111.60109603777528"><ele>2354.70</ele><time>2026-05-16T22:26:48Z</time></trkpt><trkpt lat="41.92269899882376" lon="-111.60079705528915"><ele>2357.80</ele><time>2026-05-16T22:27:04Z</time></trkpt><trkpt lat="41.92262900993228" lon="-111.60056194290519"><ele>2360.90</ele><time>2026-05-16T22:27:18Z</time></trkpt><trkpt lat="41.922527093938015" lon="-111.60037712194026"><ele>2364.00</ele><time>2026-05-16T22:27:30Z</time></trkpt><trkpt lat="41.922426000237465" lon="-111.60015793517232"><ele>2361.10</ele><time>2026-05-16T22:27:43Z</time></trkpt><trkpt lat="41.92228702828288" lon="-111.60001804120839"><ele>2358.20</ele><time>2026-05-16T22:27:55Z</time></trkpt><trkpt lat="41.92215098999441" lon="-111.59966507926583"><ele>2355.30</ele><time>2026-05-16T22:28:16Z</time></trkpt><trkpt lat="41.92213799804449" lon="-111.59957597963512"><ele>2352.40</ele><time>2026-05-16T22:28:21Z</time></trkpt><trkpt lat="41.922139071580844" lon="-111.59931899048388"><ele>2349.50</ele><time>2026-05-16T22:28:34Z</time></trkpt><trkpt lat="41.92212314189188" lon="-111.59914221614599"><ele>2346.60</ele><time>2026-05-16T22:28:43Z</time></trkpt><trkpt lat="41.922103967517614" lon="-111.59887801855803"><ele>2343.70</ele><time>2026-05-16T22:28:57Z</time></trkpt><trkpt lat="41.922060968354344" lon="-111.59875798970461"><ele>2340.80</ele><time>2026-05-16T22:29:04Z</time></trkpt><trkpt lat="41.921995988363136" lon="-111.59857610240579"><ele>2337.90</ele><time>2026-05-16T22:29:15Z</time></trkpt><trkpt lat="41.92194496281445" lon="-111.59833797253668"><ele>2335.00</ele><time>2026-05-16T22:29:28Z</time></trkpt><trkpt lat="41.921913949772716" lon="-111.59829405136406"><ele>2333.40</ele><time>2026-05-16T22:29:31Z</time></trkpt><trkpt lat="41.92184404470028" lon="-111.59824929200113"><ele>2331.80</ele><time>2026-05-16T22:29:36Z</time></trkpt><trkpt lat="41.921717980876565" lon="-111.59824300557375"><ele>2330.20</ele><time>2026-05-16T22:29:45Z</time></trkpt><trkpt lat="41.92160298116505" lon="-111.59818399697542"><ele>2328.60</ele><time>2026-05-16T22:29:54Z</time></trkpt><trkpt lat="41.92146006971598" lon="-111.59802792593837"><ele>2327.00</ele><time>2026-05-16T22:30:07Z</time></trkpt><trkpt lat="41.92142402753234" lon="-111.59794796258211"><ele>2325.40</ele><time>2026-05-16T22:30:12Z</time></trkpt><trkpt lat="41.921417992562056" lon="-111.59785794094205"><ele>2323.80</ele><time>2026-05-16T22:30:16Z</time></trkpt><trkpt lat="41.92136594094336" lon="-111.59771301783621"><ele>2322.20</ele><time>2026-05-16T22:30:25Z</time></trkpt><trkpt lat="41.921350015327334" lon="-111.5975929889828"><ele>2320.60</ele><time>2026-05-16T22:30:31Z</time></trkpt><trkpt lat="41.92129503004253" lon="-111.59750606864691"><ele>2319.00</ele><time>2026-05-16T22:30:37Z</time></trkpt><trkpt lat="41.921285977587104" lon="-111.59743700176477"><ele>2316.10</ele><time>2026-05-16T22:30:41Z</time></trkpt><trkpt lat="41.92131497897208" lon="-111.59728202037513"><ele>2313.20</ele><time>2026-05-16T22:30:49Z</time></trkpt><trkpt lat="41.92126709773278" lon="-111.59718948416412"><ele>2310.30</ele><time>2026-05-16T22:30:55Z</time></trkpt><trkpt lat="41.921290067923266" lon="-111.59706300124526"><ele>2307.40</ele><time>2026-05-16T22:31:02Z</time></trkpt><trkpt lat="41.92132308887134" lon="-111.59696199931204"><ele>2304.50</ele><time>2026-05-16T22:31:07Z</time></trkpt><trkpt lat="41.92139608731731" lon="-111.59682000987232"><ele>2301.60</ele><time>2026-05-16T22:31:16Z</time></trkpt><trkpt lat="41.921420171070594" lon="-111.59661557525396"><ele>2298.70</ele><time>2026-05-16T22:31:27Z</time></trkpt><trkpt lat="41.92140511170543" lon="-111.59634442068636"><ele>2295.80</ele><time>2026-05-16T22:31:41Z</time></trkpt><trkpt lat="41.92133898264309" lon="-111.59601165913045"><ele>2292.90</ele><time>2026-05-16T22:31:59Z</time></trkpt><trkpt lat="41.92133000184906" lon="-111.5958209708333"><ele>2290.00</ele><time>2026-05-16T22:32:09Z</time></trkpt><trkpt lat="41.92134004002363" lon="-111.59569725394249"><ele>2290.10</ele><time>2026-05-16T22:32:16Z</time></trkpt><trkpt lat="41.92133905053656" lon="-111.5955397579819"><ele>2290.20</ele><time>2026-05-16T22:32:24Z</time></trkpt><trkpt lat="41.921288995072246" lon="-111.59546993672848"><ele>2290.30</ele><time>2026-05-16T22:32:29Z</time></trkpt><trkpt lat="41.921226968988776" lon="-111.59544395282865"><ele>2290.40</ele><time>2026-05-16T22:32:34Z</time></trkpt><trkpt lat="41.921162931248546" lon="-111.59543707966805"><ele>2290.50</ele><time>2026-05-16T22:32:38Z</time></trkpt><trkpt lat="41.92108799703419" lon="-111.59545803442597"><ele>2290.60</ele><time>2026-05-16T22:32:44Z</time></trkpt><trkpt lat="41.921010967344046" lon="-111.59544101916254"><ele>2290.70</ele><time>2026-05-16T22:32:49Z</time></trkpt><trkpt lat="41.920966040343046" lon="-111.59545694477856"><ele>2290.80</ele><time>2026-05-16T22:32:52Z</time></trkpt><trkpt lat="41.92073503509164" lon="-111.59535896033049"><ele>2290.90</ele><time>2026-05-16T22:33:09Z</time></trkpt><trkpt lat="41.920703032133616" lon="-111.5953531768173"><ele>2291.00</ele><time>2026-05-16T22:33:12Z</time></trkpt><trkpt lat="41.92067302491224" lon="-111.59538494423032"><ele>2291.00</ele><time>2026-05-16T22:33:14Z</time></trkpt><trkpt lat="41.92058408065447" lon="-111.59550379961729"><ele>2291.00</ele><time>2026-05-16T22:33:23Z</time></trkpt><trkpt lat="41.920455087474345" lon="-111.59561955370009"><ele>2291.00</ele><time>2026-05-16T22:33:34Z</time></trkpt><trkpt lat="41.92036899738014" lon="-111.59565492533147"><ele>2291.00</ele><time>2026-05-16T22:33:40Z</time></trkpt><trkpt lat="41.92029195179788" lon="-111.5956312045455"><ele>2291.00</ele><time>2026-05-16T22:33:46Z</time></trkpt><trkpt lat="41.920209109599035" lon="-111.59547069109976"><ele>2291.00</ele><time>2026-05-16T22:33:56Z</time></trkpt><trkpt lat="41.92018995992839" lon="-111.59540405496955"><ele>2291.00</ele><time>2026-05-16T22:34:00Z</time></trkpt><trkpt lat="41.920107984915376" lon="-111.5952530130744"><ele>2291.00</ele><time>2026-05-16T22:34:09Z</time></trkpt><trkpt lat="41.92007990553975" lon="-111.59498504363"><ele>2291.00</ele><time>2026-05-16T22:34:24Z</time></trkpt><trkpt lat="41.92006096243858" lon="-111.59493098035455"><ele>2291.00</ele><time>2026-05-16T22:34:27Z</time></trkpt><trkpt lat="41.92006506957114" lon="-111.59483894705772"><ele>2287.40</ele><time>2026-05-16T22:34:31Z</time></trkpt><trkpt lat="41.9200340565294" lon="-111.59455597400665"><ele>2283.80</ele><time>2026-05-16T22:34:46Z</time></trkpt><trkpt lat="41.91990497522056" lon="-111.5942719951272"><ele>2280.20</ele><time>2026-05-16T22:35:04Z</time></trkpt><trkpt lat="41.91975795663893" lon="-111.5940010920167"><ele>2276.60</ele><time>2026-05-16T22:35:21Z</time></trkpt><trkpt lat="41.919741025194526" lon="-111.59392096102238"><ele>2273.00</ele><time>2026-05-16T22:35:26Z</time></trkpt><trkpt lat="41.91973105072975" lon="-111.59369096159935"><ele>2269.40</ele><time>2026-05-16T22:35:38Z</time></trkpt><trkpt lat="41.91970297135413" lon="-111.59357202239335"><ele>2265.80</ele><time>2026-05-16T22:35:44Z</time></trkpt><trkpt lat="41.91953600384295" lon="-111.59316005185246"><ele>2262.20</ele><time>2026-05-16T22:36:09Z</time></trkpt><trkpt lat="41.919443970546126" lon="-111.59301697276533"><ele>2258.60</ele><time>2026-05-16T22:36:19Z</time></trkpt><trkpt lat="41.919375993311405" lon="-111.5929629933089"><ele>2255.00</ele><time>2026-05-16T22:36:24Z</time></trkpt><trkpt lat="41.9193070102483" lon="-111.59286199137568"><ele>2254.20</ele><time>2026-05-16T22:36:31Z</time></trkpt><trkpt lat="41.91917097195983" lon="-111.59247005358338"><ele>2253.40</ele><time>2026-05-16T22:36:54Z</time></trkpt><trkpt lat="41.91886905580759" lon="-111.59199203364551"><ele>2252.60</ele><time>2026-05-16T22:37:27Z</time></trkpt><trkpt lat="41.91876604221761" lon="-111.59175004810095"><ele>2251.80</ele><time>2026-05-16T22:37:41Z</time></trkpt><trkpt lat="41.918452056124806" lon="-111.59137403592467"><ele>2251.00</ele><time>2026-05-16T22:38:11Z</time></trkpt><trkpt lat="41.918279975652695" lon="-111.59126699902117"><ele>2250.20</ele><time>2026-05-16T22:38:24Z</time></trkpt><trkpt lat="41.918065985664725" lon="-111.59079694189131"><ele>2249.40</ele><time>2026-05-16T22:38:53Z</time></trkpt><trkpt lat="41.917976969853044" lon="-111.59068596549332"><ele>2248.60</ele><time>2026-05-16T22:39:01Z</time></trkpt><trkpt lat="41.91788996569812" lon="-111.59036007709801"><ele>2247.80</ele><time>2026-05-16T22:39:19Z</time></trkpt><trkpt lat="41.91782106645405" lon="-111.59018003381789"><ele>2247.00</ele><time>2026-05-16T22:39:30Z</time></trkpt><trkpt lat="41.91775099374354" lon="-111.59003905020654"><ele>2242.90</ele><time>2026-05-16T22:39:39Z</time></trkpt><trkpt lat="41.91766298376024" lon="-111.58990804105997"><ele>2238.80</ele><time>2026-05-16T22:39:48Z</time></trkpt><trkpt lat="41.91760003566742" lon="-111.58976194448769"><ele>2234.70</ele><time>2026-05-16T22:39:57Z</time></trkpt><trkpt lat="41.91749299876392" lon="-111.58957502804697"><ele>2230.60</ele><time>2026-05-16T22:40:09Z</time></trkpt><trkpt lat="41.91742896102369" lon="-111.58950101584196"><ele>2226.50</ele><time>2026-05-16T22:40:15Z</time></trkpt><trkpt lat="41.917376071214676" lon="-111.58938802778721"><ele>2222.40</ele><time>2026-05-16T22:40:22Z</time></trkpt><trkpt lat="41.917245984077454" lon="-111.58903204835951"><ele>2218.30</ele><time>2026-05-16T22:40:43Z</time></trkpt><trkpt lat="41.917184963822365" lon="-111.58890799619257"><ele>2214.20</ele><time>2026-05-16T22:40:50Z</time></trkpt><trkpt lat="41.9170881996352" lon="-111.58870305866003"><ele>2210.10</ele><time>2026-05-16T22:41:03Z</time></trkpt><trkpt lat="41.91704210884293" lon="-111.58856928348541"><ele>2206.00</ele><time>2026-05-16T22:41:11Z</time></trkpt><trkpt lat="41.91699406958729" lon="-111.5884056687355"><ele>2206.90</ele><time>2026-05-16T22:41:20Z</time></trkpt><trkpt lat="41.91692101769149" lon="-111.58803703263402"><ele>2207.80</ele><time>2026-05-16T22:41:40Z</time></trkpt><trkpt lat="41.91680098883808" lon="-111.58775699324906"><ele>2208.70</ele><time>2026-05-16T22:41:57Z</time></trkpt><trkpt lat="41.91660091280937" lon="-111.58738693222404"><ele>2209.60</ele><time>2026-05-16T22:42:21Z</time></trkpt><trkpt lat="41.916497983038425" lon="-111.58725801855326"><ele>2210.50</ele><time>2026-05-16T22:42:30Z</time></trkpt><trkpt lat="41.91631198860705" lon="-111.58694302663207"><ele>2211.40</ele><time>2026-05-16T22:42:51Z</time></trkpt><trkpt lat="41.916158983104204" lon="-111.58662610687315"><ele>2212.30</ele><time>2026-05-16T22:43:11Z</time></trkpt><trkpt lat="41.91606512149406" lon="-111.58638579770923"><ele>2213.20</ele><time>2026-05-16T22:43:25Z</time></trkpt><trkpt lat="41.91606103442609" lon="-111.58628596924245"><ele>2214.10</ele><time>2026-05-16T22:43:31Z</time></trkpt><trkpt lat="41.91595605207823" lon="-111.58599746413529"><ele>2215.00</ele><time>2026-05-16T22:43:47Z</time></trkpt><trkpt lat="41.91582304915408" lon="-111.5854895208031"><ele>2209.30</ele><time>2026-05-16T22:44:15Z</time></trkpt><trkpt lat="41.91576911186896" lon="-111.58524108119309"><ele>2203.60</ele><time>2026-05-16T22:44:29Z</time></trkpt><trkpt lat="41.9157309550792" lon="-111.58487596549094"><ele>2197.90</ele><time>2026-05-16T22:44:48Z</time></trkpt><trkpt lat="41.91566004417837" lon="-111.58466801047325"><ele>2192.20</ele><time>2026-05-16T22:45:00Z</time></trkpt><trkpt lat="41.91562601365149" lon="-111.58461201936007"><ele>2186.50</ele><time>2026-05-16T22:45:04Z</time></trkpt><trkpt lat="41.91558393649757" lon="-111.58444094471633"><ele>2180.80</ele><time>2026-05-16T22:45:13Z</time></trkpt><trkpt lat="41.91557501047402" lon="-111.58424816094339"><ele>2175.10</ele><time>2026-05-16T22:45:23Z</time></trkpt><trkpt lat="41.91553803560364" lon="-111.58393828198314"><ele>2169.40</ele><time>2026-05-16T22:45:40Z</time></trkpt><trkpt lat="41.91553803560364" lon="-111.58346503973007"><ele>2163.70</ele><time>2026-05-16T22:46:04Z</time></trkpt><trkpt lat="41.915555126823186" lon="-111.58332120627165"><ele>2158.00</ele><time>2026-05-16T22:46:12Z</time></trkpt><trkpt lat="41.91554106605906" lon="-111.58315734006464"><ele>2158.00</ele><time>2026-05-16T22:46:21Z</time></trkpt><trkpt lat="41.9155430439088" lon="-111.58302993513644"><ele>2158.00</ele><time>2026-05-16T22:46:27Z</time></trkpt><trkpt lat="41.91555803409511" lon="-111.58286690711975"><ele>2158.00</ele><time>2026-05-16T22:46:36Z</time></trkpt><trkpt lat="41.91559203083679" lon="-111.582603296265"><ele>2158.00</ele><time>2026-05-16T22:46:50Z</time></trkpt><trkpt lat="41.91558813579365" lon="-111.58238402567804"><ele>2158.00</ele><time>2026-05-16T22:47:01Z</time></trkpt><trkpt lat="41.915564076939866" lon="-111.58222099766135"><ele>2158.00</ele><time>2026-05-16T22:47:10Z</time></trkpt><trkpt lat="41.91558310156043" lon="-111.58188831992447"><ele>2158.00</ele><time>2026-05-16T22:47:27Z</time></trkpt><trkpt lat="41.91560108838426" lon="-111.58171162940562"><ele>2158.00</ele><time>2026-05-16T22:47:37Z</time></trkpt><trkpt lat="41.91560700017205" lon="-111.58148364163935"><ele>2158.00</ele><time>2026-05-16T22:47:49Z</time></trkpt><trkpt lat="41.91559097729623" lon="-111.5813859924674"><ele>2158.00</ele><time>2026-05-16T22:47:54Z</time></trkpt><trkpt lat="41.915616039186716" lon="-111.58129597082734"><ele>2155.60</ele><time>2026-05-16T22:47:59Z</time></trkpt><trkpt lat="41.91562291234732" lon="-111.58119496889412"><ele>2153.20</ele><time>2026-05-16T22:48:04Z</time></trkpt><trkpt lat="41.91557204253125" lon="-111.58081577159464"><ele>2150.80</ele><time>2026-05-16T22:48:24Z</time></trkpt><trkpt lat="41.915528029203415" lon="-111.58057705499232"><ele>2148.40</ele><time>2026-05-16T22:48:37Z</time></trkpt><trkpt lat="41.91553900949657" lon="-111.58042701892555"><ele>2146.00</ele><time>2026-05-16T22:48:45Z</time></trkpt><trkpt lat="41.91543599590659" lon="-111.57997095957398"><ele>2143.60</ele><time>2026-05-16T22:49:10Z</time></trkpt><trkpt lat="41.91534806974232" lon="-111.57979301176965"><ele>2141.20</ele><time>2026-05-16T22:49:21Z</time></trkpt><trkpt lat="41.9153050630403" lon="-111.57970315776765"><ele>2138.80</ele><time>2026-05-16T22:49:27Z</time></trkpt><trkpt lat="41.915230974555016" lon="-111.57958396710455"><ele>2136.40</ele><time>2026-05-16T22:49:35Z</time></trkpt><trkpt lat="41.91513005644083" lon="-111.57943996600807"><ele>2134.00</ele><time>2026-05-16T22:49:45Z</time></trkpt><trkpt lat="41.91504296846688" lon="-111.57940099015832"><ele>2133.20</ele><time>2026-05-16T22:49:51Z</time></trkpt><trkpt lat="41.91498200325349" lon="-111.57934047281742"><ele>2132.40</ele><time>2026-05-16T22:49:57Z</time></trkpt><trkpt lat="41.91495504230261" lon="-111.5792360343039"><ele>2131.60</ele><time>2026-05-16T22:50:02Z</time></trkpt><trkpt lat="41.91486703231931" lon="-111.5791620220989"><ele>2130.80</ele><time>2026-05-16T22:50:10Z</time></trkpt><trkpt lat="41.91480652682197" lon="-111.57896865159273"><ele>2130.00</ele><time>2026-05-16T22:50:21Z</time></trkpt><trkpt lat="41.914769972519494" lon="-111.57873773016036"><ele>2129.20</ele><time>2026-05-16T22:50:33Z</time></trkpt><trkpt lat="41.91470006480813" lon="-111.57852197997272"><ele>2128.40</ele><time>2026-05-16T22:50:45Z</time></trkpt><trkpt lat="41.91460911070747" lon="-111.57824906520545"><ele>2127.60</ele><time>2026-05-16T22:51:01Z</time></trkpt><trkpt lat="41.91454210781491" lon="-111.57795469276607"><ele>2126.80</ele><time>2026-05-16T22:51:17Z</time></trkpt><trkpt lat="41.9145599193871" lon="-111.57783499918878"><ele>2126.00</ele><time>2026-05-16T22:51:23Z</time></trkpt><trkpt lat="41.91463803872466" lon="-111.57766291871667"><ele>2124.00</ele><time>2026-05-16T22:51:34Z</time></trkpt><trkpt lat="41.914803012944496" lon="-111.57756585627794"><ele>2122.00</ele><time>2026-05-16T22:51:47Z</time></trkpt><trkpt lat="41.914882950073846" lon="-111.57755286432803"><ele>2120.00</ele><time>2026-05-16T22:51:52Z</time></trkpt><trkpt lat="41.91493400372565" lon="-111.57754691317677"><ele>2118.00</ele><time>2026-05-16T22:51:56Z</time></trkpt><trkpt lat="41.9151109457016" lon="-111.57754800282419"><ele>2116.00</ele><time>2026-05-16T22:52:08Z</time></trkpt><trkpt lat="41.915237942121244" lon="-111.57766208052635"><ele>2114.00</ele><time>2026-05-16T22:52:19Z</time></trkpt><trkpt lat="41.91537798801072" lon="-111.57779593952"><ele>2112.00</ele><time>2026-05-16T22:52:31Z</time></trkpt><trkpt lat="41.915507996454835" lon="-111.57794496975839"><ele>2110.00</ele><time>2026-05-16T22:52:43Z</time></trkpt><trkpt lat="41.9157309550792" lon="-111.57816692255437"><ele>2108.00</ele><time>2026-05-16T22:53:02Z</time></trkpt><trkpt lat="41.91586498171091" lon="-111.57833095639944"><ele>2106.00</ele><time>2026-05-16T22:53:15Z</time></trkpt><trkpt lat="41.91590496338904" lon="-111.5783519949764"><ele>2108.60</ele><time>2026-05-16T22:53:18Z</time></trkpt><trkpt lat="41.916042007505894" lon="-111.57831503078341"><ele>2111.20</ele><time>2026-05-16T22:53:28Z</time></trkpt><trkpt lat="41.916046030819416" lon="-111.57827194780111"><ele>2113.80</ele><time>2026-05-16T22:53:30Z</time></trkpt><trkpt lat="41.91610394977033" lon="-111.57822299748659"><ele>2116.40</ele><time>2026-05-16T22:53:35Z</time></trkpt><trkpt lat="41.91614493727684" lon="-111.57812199555337"><ele>2119.00</ele><time>2026-05-16T22:53:41Z</time></trkpt><trkpt lat="41.916193049401045" lon="-111.57811294309795"><ele>2121.60</ele><time>2026-05-16T22:53:44Z</time></trkpt><trkpt lat="41.916280053555965" lon="-111.57828200608492"><ele>2124.20</ele><time>2026-05-16T22:53:55Z</time></trkpt><trkpt lat="41.916458923369646" lon="-111.57875097356737"><ele>2126.80</ele><time>2026-05-16T22:54:23Z</time></trkpt><trkpt lat="41.91657098941505" lon="-111.578927077353"><ele>2129.40</ele><time>2026-05-16T22:54:35Z</time></trkpt><trkpt lat="41.916777938604355" lon="-111.5793930273503"><ele>2132.00</ele><time>2026-05-16T22:55:03Z</time></trkpt><trkpt lat="41.91686904989183" lon="-111.5795489307493"><ele>2132.00</ele><time>2026-05-16T22:55:13Z</time></trkpt><trkpt lat="41.9168930221349" lon="-111.57962998375297"><ele>2132.00</ele><time>2026-05-16T22:55:18Z</time></trkpt><trkpt lat="41.916904002428055" lon="-111.57976308837533"><ele>2132.00</ele><time>2026-05-16T22:55:25Z</time></trkpt><trkpt lat="41.91713199019432" lon="-111.5801010467112"><ele>2132.00</ele><time>2026-05-16T22:55:49Z</time></trkpt><trkpt lat="41.91719401627779" lon="-111.5801650006324"><ele>2132.00</ele><time>2026-05-16T22:55:54Z</time></trkpt><trkpt lat="41.91725503653288" lon="-111.5802860353142"><ele>2132.00</ele><time>2026-05-16T22:56:02Z</time></trkpt><trkpt lat="41.91738998517394" lon="-111.58038100227714"><ele>2132.00</ele><time>2026-05-16T22:56:13Z</time></trkpt><trkpt lat="41.917528957128525" lon="-111.58036801032722"><ele>2132.00</ele><time>2026-05-16T22:56:22Z</time></trkpt><trkpt lat="41.91764790110709" lon="-111.5802706964314"><ele>2132.00</ele><time>2026-05-16T22:56:32Z</time></trkpt><trkpt lat="41.91768303394949" lon="-111.5801980253309"><ele>2132.00</ele><time>2026-05-16T22:56:37Z</time></trkpt><trkpt lat="41.9177149515599" lon="-111.58015393652022"><ele>2132.80</ele><time>2026-05-16T22:56:40Z</time></trkpt><trkpt lat="41.91777798347175" lon="-111.58014798536897"><ele>2133.60</ele><time>2026-05-16T22:56:44Z</time></trkpt><trkpt lat="41.91797096180215" lon="-111.58026021905243"><ele>2134.40</ele><time>2026-05-16T22:56:59Z</time></trkpt><trkpt lat="41.9181000161916" lon="-111.58035401254892"><ele>2135.20</ele><time>2026-05-16T22:57:09Z</time></trkpt><trkpt lat="41.91819895253863" lon="-111.58044235780835"><ele>2136.00</ele><time>2026-05-16T22:57:18Z</time></trkpt><trkpt lat="41.91825313162352" lon="-111.58054746687412"><ele>2136.80</ele><time>2026-05-16T22:57:24Z</time></trkpt><trkpt lat="41.91842791624367" lon="-111.58067001029849"><ele>2137.60</ele><time>2026-05-16T22:57:38Z</time></trkpt><trkpt lat="41.918599957117905" lon="-111.58079808577895"><ele>2138.40</ele><time>2026-05-16T22:57:52Z</time></trkpt><trkpt lat="41.918879205519616" lon="-111.58078383654356"><ele>2139.20</ele><time>2026-05-16T22:58:12Z</time></trkpt><trkpt lat="41.91908299030577" lon="-111.5807958226651"><ele>2140.00</ele><time>2026-05-16T22:58:26Z</time></trkpt><trkpt lat="41.91934500406352" lon="-111.58085541799664"><ele>2140.00</ele><time>2026-05-16T22:58:45Z</time></trkpt><trkpt lat="41.91945302300156" lon="-111.58092012628913"><ele>2140.00</ele><time>2026-05-16T22:58:53Z</time></trkpt><trkpt lat="41.9195649214089" lon="-111.58094015903771"><ele>2140.00</ele><time>2026-05-16T22:59:01Z</time></trkpt><trkpt lat="41.91972594570605" lon="-111.5809287596494"><ele>2140.00</ele><time>2026-05-16T22:59:12Z</time></trkpt><trkpt lat="41.91993004505148" lon="-111.58101450651884"><ele>2140.00</ele><time>2026-05-16T22:59:27Z</time></trkpt><trkpt lat="41.92015394157656" lon="-111.58099874854088"><ele>2140.00</ele><time>2026-05-16T22:59:43Z</time></trkpt><trkpt lat="41.92026698961854" lon="-111.58100293949246"><ele>2140.00</ele><time>2026-05-16T22:59:51Z</time></trkpt><trkpt lat="41.920318035408854" lon="-111.5809839963913"><ele>2140.00</ele><time>2026-05-16T22:59:54Z</time></trkpt><trkpt lat="41.920385006815195" lon="-111.58092590980232"><ele>2140.00</ele><time>2026-05-16T23:00:00Z</time></trkpt><trkpt lat="41.92056295461953" lon="-111.58087394200265"><ele>2140.00</ele><time>2026-05-16T23:00:13Z</time></trkpt><trkpt lat="41.920684484377176" lon="-111.58091128338128"><ele>2139.60</ele><time>2026-05-16T23:00:22Z</time></trkpt><trkpt lat="41.92080401815474" lon="-111.58088425174356"><ele>2139.20</ele><time>2026-05-16T23:00:30Z</time></trkpt><trkpt lat="41.92096153022785" lon="-111.58081237692386"><ele>2138.80</ele><time>2026-05-16T23:00:42Z</time></trkpt><trkpt lat="41.92104926695343" lon="-111.58079655608162"><ele>2138.40</ele><time>2026-05-16T23:00:48Z</time></trkpt><trkpt lat="41.92112103765081" lon="-111.5807458665222"><ele>2138.00</ele><time>2026-05-16T23:00:54Z</time></trkpt><trkpt lat="41.92123996093869" lon="-111.58062994480133"><ele>2137.60</ele><time>2026-05-16T23:01:04Z</time></trkpt><trkpt lat="41.92129902527015" lon="-111.5805725287646"><ele>2137.20</ele><time>2026-05-16T23:01:09Z</time></trkpt><trkpt lat="41.92135403864086" lon="-111.58050396479666"><ele>2136.80</ele><time>2026-05-16T23:01:14Z</time></trkpt><trkpt lat="41.92149795591831" lon="-111.58038293011487"><ele>2136.40</ele><time>2026-05-16T23:01:26Z</time></trkpt><trkpt lat="41.921568028628826" lon="-111.58008805476129"><ele>2136.00</ele><time>2026-05-16T23:01:42Z</time></trkpt><trkpt lat="41.921660983935" lon="-111.57988504506648"><ele>2132.50</ele><time>2026-05-16T23:01:55Z</time></trkpt><trkpt lat="41.92174698226154" lon="-111.57979200594127"><ele>2129.00</ele><time>2026-05-16T23:02:03Z</time></trkpt><trkpt lat="41.92200397141278" lon="-111.57961908727884"><ele>2125.50</ele><time>2026-05-16T23:02:23Z</time></trkpt><trkpt lat="41.92219398915768" lon="-111.5794210229069"><ele>2122.00</ele><time>2026-05-16T23:02:40Z</time></trkpt><trkpt lat="41.92238903604448" lon="-111.57931800931692"><ele>2118.50</ele><time>2026-05-16T23:02:54Z</time></trkpt><trkpt lat="41.922664968296885" lon="-111.57921398989856"><ele>2115.00</ele><time>2026-05-16T23:03:14Z</time></trkpt><trkpt lat="41.922987001016736" lon="-111.57919705845416"><ele>2111.50</ele><time>2026-05-16T23:03:37Z</time></trkpt><trkpt lat="41.92318597971386" lon="-111.57914940733463"><ele>2108.00</ele><time>2026-05-16T23:03:51Z</time></trkpt><trkpt lat="41.92338296212256" lon="-111.57908298075199"><ele>2104.50</ele><time>2026-05-16T23:04:05Z</time></trkpt><trkpt lat="41.92347005009651" lon="-111.57901802100241"><ele>2101.00</ele><time>2026-05-16T23:04:12Z</time></trkpt><trkpt lat="41.92363408394158" lon="-111.5788110718131"><ele>2101.00</ele><time>2026-05-16T23:04:28Z</time></trkpt><trkpt lat="41.923817060887814" lon="-111.57876094803214"><ele>2101.00</ele><time>2026-05-16T23:04:41Z</time></trkpt><trkpt lat="41.92392899707206" lon="-111.57865466549993"><ele>2101.00</ele><time>2026-05-16T23:04:51Z</time></trkpt><trkpt lat="41.924018980935216" lon="-111.57859398052096"><ele>2101.00</ele><time>2026-05-16T23:04:58Z</time></trkpt><trkpt lat="41.924116001538195" lon="-111.57853367272764"><ele>2101.00</ele><time>2026-05-16T23:05:05Z</time></trkpt><trkpt lat="41.92421302199364" lon="-111.57848409377038"><ele>2101.00</ele><time>2026-05-16T23:05:13Z</time></trkpt><trkpt lat="41.92431000068706" lon="-111.57846163026989"><ele>2101.00</ele><time>2026-05-16T23:05:20Z</time></trkpt><trkpt lat="41.92440298796113" lon="-111.57839356921613"><ele>2101.00</ele><time>2026-05-16T23:05:27Z</time></trkpt><trkpt lat="41.92445395794678" lon="-111.57832274213433"><ele>2101.00</ele><time>2026-05-16T23:05:32Z</time></trkpt><trkpt lat="41.92453303936249" lon="-111.57818988896906"><ele>2101.00</ele><time>2026-05-16T23:05:41Z</time></trkpt><trkpt lat="41.9246380843316" lon="-111.57808226533234"><ele>2101.60</ele><time>2026-05-16T23:05:50Z</time></trkpt><trkpt lat="41.924941996112466" lon="-111.57786098308861"><ele>2102.20</ele><time>2026-05-16T23:06:15Z</time></trkpt><trkpt lat="41.924995538648204" lon="-111.57776446547359"><ele>2102.80</ele><time>2026-05-16T23:06:21Z</time></trkpt><trkpt lat="41.92505506798625" lon="-111.5777269564569"><ele>2103.40</ele><time>2026-05-16T23:06:25Z</time></trkpt><trkpt lat="41.92528607323766" lon="-111.577536938712"><ele>2104.00</ele><time>2026-05-16T23:06:44Z</time></trkpt><trkpt lat="41.9254030007869" lon="-111.57739402726293"><ele>2104.60</ele><time>2026-05-16T23:06:56Z</time></trkpt><trkpt lat="41.92547298967838" lon="-111.57735505141318"><ele>2105.20</ele><time>2026-05-16T23:07:01Z</time></trkpt><trkpt lat="41.92561497911811" lon="-111.57722605392337"><ele>2105.80</ele><time>2026-05-16T23:07:13Z</time></trkpt><trkpt lat="41.925842044875026" lon="-111.57709797844291"><ele>2106.40</ele><time>2026-05-16T23:07:30Z</time></trkpt><trkpt lat="41.92614992940897" lon="-111.57689756713808"><ele>2107.00</ele><time>2026-05-16T23:07:54Z</time></trkpt><trkpt lat="41.92624979222188" lon="-111.576794302091"><ele>2106.40</ele><time>2026-05-16T23:08:03Z</time></trkpt><trkpt lat="41.92630980314789" lon="-111.57672808505595"><ele>2105.80</ele><time>2026-05-16T23:08:08Z</time></trkpt><trkpt lat="41.92643793385354" lon="-111.57666513696313"><ele>2105.20</ele><time>2026-05-16T23:08:18Z</time></trkpt><trkpt lat="41.92652900829807" lon="-111.57661383971572"><ele>2104.60</ele><time>2026-05-16T23:08:25Z</time></trkpt><trkpt lat="41.926872013136744" lon="-111.57649305649102"><ele>2104.00</ele><time>2026-05-16T23:08:50Z</time></trkpt><trkpt lat="41.92694996483624" lon="-111.57645793631673"><ele>2103.40</ele><time>2026-05-16T23:08:56Z</time></trkpt><trkpt lat="41.92710100673139" lon="-111.57634695991874"><ele>2102.80</ele><time>2026-05-16T23:09:08Z</time></trkpt><trkpt lat="41.927307955920696" lon="-111.57630505040288"><ele>2102.20</ele><time>2026-05-16T23:09:22Z</time></trkpt><trkpt lat="41.92752697505057" lon="-111.57620002515614"><ele>2101.60</ele><time>2026-05-16T23:09:39Z</time></trkpt><trkpt lat="41.92767801694572" lon="-111.57618401572108"><ele>2101.00</ele><time>2026-05-16T23:09:49Z</time></trkpt><trkpt lat="41.927798045799136" lon="-111.57613799907267"><ele>2101.00</ele><time>2026-05-16T23:09:58Z</time></trkpt><trkpt lat="41.927883038297296" lon="-111.57608292996883"><ele>2101.00</ele><time>2026-05-16T23:10:05Z</time></trkpt><trkpt lat="41.92796703220236" lon="-111.57607580535114"><ele>2101.00</ele><time>2026-05-16T23:10:11Z</time></trkpt><trkpt lat="41.92802907525183" lon="-111.57604722306132"><ele>2101.00</ele><time>2026-05-16T23:10:15Z</time></trkpt><trkpt lat="41.92819898450689" lon="-111.57591118477285"><ele>2101.00</ele><time>2026-05-16T23:10:29Z</time></trkpt><trkpt lat="41.928379982098306" lon="-111.57580247148871"><ele>2101.00</ele><time>2026-05-16T23:10:43Z</time></trkpt><trkpt lat="41.928676050156355" lon="-111.57559200190008"><ele>2101.00</ele><time>2026-05-16T23:11:06Z</time></trkpt><trkpt lat="41.92887998186052" lon="-111.57538496889174"><ele>2101.00</ele><time>2026-05-16T23:11:24Z</time></trkpt><trkpt lat="41.9290218812225" lon="-111.57514524646103"><ele>2101.00</ele><time>2026-05-16T23:11:40Z</time></trkpt><trkpt lat="41.92908088873436" lon="-111.57511272467673"><ele>2101.00</ele><time>2026-05-16T23:11:45Z</time></trkpt><trkpt lat="41.929143887167214" lon="-111.57503192313015"><ele>2098.80</ele><time>2026-05-16T23:11:51Z</time></trkpt><trkpt lat="41.92921186049754" lon="-111.57486663199961"><ele>2096.60</ele><time>2026-05-16T23:12:01Z</time></trkpt><trkpt lat="41.92926202900708" lon="-111.57478591427207"><ele>2094.40</ele><time>2026-05-16T23:12:06Z</time></trkpt><trkpt lat="41.92931500263512" lon="-111.57474693842232"><ele>2092.20</ele><time>2026-05-16T23:12:10Z</time></trkpt><trkpt lat="41.9294439163059" lon="-111.57451400533319"><ele>2090.00</ele><time>2026-05-16T23:12:26Z</time></trkpt><trkpt lat="41.92956604063511" lon="-111.57433295622468"><ele>2087.80</ele><time>2026-05-16T23:12:38Z</time></trkpt><trkpt lat="41.92965807393193" lon="-111.57416699454188"><ele>2085.60</ele><time>2026-05-16T23:12:49Z</time></trkpt><trkpt lat="41.92967902868986" lon="-111.57409599982202"><ele>2083.40</ele><time>2026-05-16T23:12:53Z</time></trkpt><trkpt lat="41.92979704588652" lon="-111.57393707893789"><ele>2081.20</ele><time>2026-05-16T23:13:05Z</time></trkpt><trkpt lat="41.92996099591255" lon="-111.5735650062561"><ele>2079.00</ele><time>2026-05-16T23:13:27Z</time></trkpt><trkpt lat="41.93004204891622" lon="-111.57333894632757"><ele>2077.50</ele><time>2026-05-16T23:13:41Z</time></trkpt><trkpt lat="41.930116983130574" lon="-111.57319997437298"><ele>2076.00</ele><time>2026-05-16T23:13:50Z</time></trkpt><trkpt lat="41.93022894385805" lon="-111.57286109402776"><ele>2074.50</ele><time>2026-05-16T23:14:09Z</time></trkpt><trkpt lat="41.93035896867514" lon="-111.57269295305014"><ele>2073.00</ele><time>2026-05-16T23:14:22Z</time></trkpt><trkpt lat="41.930480890805896" lon="-111.57263645902276"><ele>2071.50</ele><time>2026-05-16T23:14:31Z</time></trkpt><trkpt lat="41.930534656913906" lon="-111.57256873324513"><ele>2070.00</ele><time>2026-05-16T23:14:36Z</time></trkpt><trkpt lat="41.93058172535829" lon="-111.57244610600173"><ele>2068.50</ele><time>2026-05-16T23:14:43Z</time></trkpt><trkpt lat="41.930611783531006" lon="-111.57240671105683"><ele>2067.00</ele><time>2026-05-16T23:14:46Z</time></trkpt><trkpt lat="41.93068187222894" lon="-111.57235943712294"><ele>2065.50</ele><time>2026-05-16T23:14:51Z</time></trkpt><trkpt lat="41.930750933588314" lon="-111.57231610268354"><ele>2064.00</ele><time>2026-05-16T23:14:57Z</time></trkpt><trkpt lat="41.93085894919932" lon="-111.5722560044378"><ele>2064.10</ele><time>2026-05-16T23:15:05Z</time></trkpt><trkpt lat="41.93110395222902" lon="-111.57226396724582"><ele>2064.20</ele><time>2026-05-16T23:15:22Z</time></trkpt><trkpt lat="41.93116058305063" lon="-111.57229183707386"><ele>2064.30</ele><time>2026-05-16T23:15:26Z</time></trkpt><trkpt lat="41.93129104442592" lon="-111.57216950319707"><ele>2064.40</ele><time>2026-05-16T23:15:38Z</time></trkpt><trkpt lat="41.931333997510386" lon="-111.57213790342212"><ele>2064.50</ele><time>2026-05-16T23:15:41Z</time></trkpt><trkpt lat="41.93145485351832" lon="-111.57201846130192"><ele>2064.60</ele><time>2026-05-16T23:15:51Z</time></trkpt><trkpt lat="41.931518804501366" lon="-111.57192081212997"><ele>2064.70</ele><time>2026-05-16T23:15:58Z</time></trkpt><trkpt lat="41.93170200102031" lon="-111.57163700088859"><ele>2064.80</ele><time>2026-05-16T23:16:18Z</time></trkpt><trkpt lat="41.93186100525081" lon="-111.57148470170796"><ele>2064.90</ele><time>2026-05-16T23:16:32Z</time></trkpt><trkpt lat="41.93194101479566" lon="-111.57141479663551"><ele>2065.00</ele><time>2026-05-16T23:16:38Z</time></trkpt><trkpt lat="41.93217303645575" lon="-111.57125755213201"><ele>2063.40</ele><time>2026-05-16T23:16:56Z</time></trkpt><trkpt lat="41.932290994189266" lon="-111.57122033648193"><ele>2061.80</ele><time>2026-05-16T23:17:05Z</time></trkpt><trkpt lat="41.93240698342067" lon="-111.57118949107826"><ele>2060.20</ele><time>2026-05-16T23:17:13Z</time></trkpt><trkpt lat="41.93256696134401" lon="-111.57111413776875"><ele>2058.60</ele><time>2026-05-16T23:17:25Z</time></trkpt><trkpt lat="41.932656887710095" lon="-111.57103911973536"><ele>2057.00</ele><time>2026-05-16T23:17:33Z</time></trkpt><trkpt lat="41.932718439074044" lon="-111.57080451026559"><ele>2055.40</ele><time>2026-05-16T23:17:46Z</time></trkpt><trkpt lat="41.93277400425636" lon="-111.57053771428764"><ele>2053.80</ele><time>2026-05-16T23:18:00Z</time></trkpt><trkpt lat="41.93288492990322" lon="-111.5702027734369"><ele>2052.20</ele><time>2026-05-16T23:18:19Z</time></trkpt><trkpt lat="41.93296207797987" lon="-111.57002566382289"><ele>2050.60</ele><time>2026-05-16T23:18:30Z</time></trkpt><trkpt lat="41.93296025576665" lon="-111.56994109041989"><ele>2049.00</ele><time>2026-05-16T23:18:34Z</time></trkpt><trkpt lat="41.93294230667376" lon="-111.569819804281"><ele>2047.20</ele><time>2026-05-16T23:18:41Z</time></trkpt><trkpt lat="41.93285274093313" lon="-111.56958032692819"><ele>2045.40</ele><time>2026-05-16T23:18:55Z</time></trkpt><trkpt lat="41.932715286060294" lon="-111.56938376491962"><ele>2043.60</ele><time>2026-05-16T23:19:09Z</time></trkpt><trkpt lat="41.932683932560295" lon="-111.56923453420171"><ele>2041.80</ele><time>2026-05-16T23:19:17Z</time></trkpt><trkpt lat="41.93260668533479" lon="-111.56905848139365"><ele>2040.00</ele><time>2026-05-16T23:19:28Z</time></trkpt><trkpt lat="41.93251604286719" lon="-111.56894777458876"><ele>2038.20</ele><time>2026-05-16T23:19:36Z</time></trkpt><trkpt lat="41.93254626831478" lon="-111.56882023829462"><ele>2036.40</ele><time>2026-05-16T23:19:43Z</time></trkpt><trkpt lat="41.93255084851883" lon="-111.56867781848496"><ele>2034.60</ele><time>2026-05-16T23:19:51Z</time></trkpt><trkpt lat="41.93262386108208" lon="-111.56857805128766"><ele>2032.80</ele><time>2026-05-16T23:19:58Z</time></trkpt><trkpt lat="41.932881395592716" lon="-111.56822741031648"><ele>2031.00</ele><time>2026-05-16T23:20:24Z</time></trkpt><trkpt lat="41.93347601332631" lon="-111.56761050224306"><ele>2032.10</ele><time>2026-05-16T23:21:16Z</time></trkpt><trkpt lat="41.93357179016101" lon="-111.56739056110384"><ele>2033.20</ele><time>2026-05-16T23:21:30Z</time></trkpt><trkpt lat="41.933583762255225" lon="-111.56700968742372"><ele>2034.30</ele><time>2026-05-16T23:21:49Z</time></trkpt><trkpt lat="41.93328046850889" lon="-111.56656980514528"><ele>2035.40</ele><time>2026-05-16T23:22:21Z</time></trkpt><trkpt lat="41.93116535360124" lon="-111.56399488449098"><ele>2036.50</ele><time>2026-05-16T23:25:41Z</time></trkpt><trkpt lat="41.93095383825291" lon="-111.5642148256302"><ele>2037.60</ele><time>2026-05-16T23:26:00Z</time></trkpt><trkpt lat="41.93119728038535" lon="-111.56404852867128"><ele>2038.70</ele><time>2026-05-16T23:26:19Z</time></trkpt><trkpt lat="41.933256524204324" lon="-111.56654834747316"><ele>2039.80</ele><time>2026-05-16T23:29:33Z</time></trkpt><trkpt lat="41.93357578085936" lon="-111.56699895858766"><ele>2040.90</ele><time>2026-05-16T23:30:06Z</time></trkpt><trkpt lat="41.93359573434721" lon="-111.56758368015291"><ele>2042.00</ele><time>2026-05-16T23:30:37Z</time></trkpt><trkpt lat="41.933240561329605" lon="-111.56888723373415"><ele>2043.30</ele><time>2026-05-16T23:31:49Z</time></trkpt><trkpt lat="41.933439490200186" lon="-111.56913684681058"><ele>2044.60</ele><time>2026-05-16T23:32:08Z</time></trkpt><trkpt lat="41.93356214026574" lon="-111.56927489675581"><ele>2045.90</ele><time>2026-05-16T23:32:19Z</time></trkpt><trkpt lat="41.93360346870133" lon="-111.56937154009938"><ele>2047.20</ele><time>2026-05-16T23:32:25Z</time></trkpt><trkpt lat="41.933581532760414" lon="-111.56968653202057"><ele>2048.50</ele><time>2026-05-16T23:32:42Z</time></trkpt><trkpt lat="41.93358578555351" lon="-111.56989163719118"><ele>2049.80</ele><time>2026-05-16T23:32:52Z</time></trkpt><trkpt lat="41.933776978278864" lon="-111.57032791525126"><ele>2051.10</ele><time>2026-05-16T23:33:19Z</time></trkpt><trkpt lat="41.933917086571455" lon="-111.57050301320851"><ele>2052.40</ele><time>2026-05-16T23:33:32Z</time></trkpt><trkpt lat="41.934093022719026" lon="-111.57072102651"><ele>2053.70</ele><time>2026-05-16T23:33:49Z</time></trkpt><trkpt lat="41.93420806705453" lon="-111.57089327462018"><ele>2055.00</ele><time>2026-05-16T23:34:01Z</time></trkpt><trkpt lat="41.93431009287788" lon="-111.57106786966324"><ele>2055.00</ele><time>2026-05-16T23:34:13Z</time></trkpt><trkpt lat="41.93444621688073" lon="-111.57136232592165"><ele>2055.00</ele><time>2026-05-16T23:34:31Z</time></trkpt><trkpt lat="41.934504248173" lon="-111.57138562761247"><ele>2055.00</ele><time>2026-05-16T23:34:35Z</time></trkpt><trkpt lat="41.93454253459652" lon="-111.57145427539945"><ele>2055.00</ele><time>2026-05-16T23:34:39Z</time></trkpt><trkpt lat="41.93457356181298" lon="-111.57158528454602"><ele>2055.00</ele><time>2026-05-16T23:34:47Z</time></trkpt><trkpt lat="41.93459296462705" lon="-111.57171905972064"><ele>2055.00</ele><time>2026-05-16T23:34:54Z</time></trkpt><trkpt lat="41.93462295973394" lon="-111.57178049907088"><ele>2055.00</ele><time>2026-05-16T23:34:58Z</time></trkpt><trkpt lat="41.93470181554099" lon="-111.57186632975936"><ele>2055.00</ele><time>2026-05-16T23:35:05Z</time></trkpt><trkpt lat="41.93478236263533" lon="-111.5719282720238"><ele>2055.00</ele><time>2026-05-16T23:35:11Z</time></trkpt><trkpt lat="41.93480442881526" lon="-111.57196146436036"><ele>2055.00</ele><time>2026-05-16T23:35:13Z</time></trkpt><trkpt lat="41.93483846684622" lon="-111.5719731990248"><ele>2055.00</ele><time>2026-05-16T23:35:16Z</time></trkpt><trkpt lat="41.93489319872225" lon="-111.57200538553298"><ele>2055.00</ele><time>2026-05-16T23:35:20Z</time></trkpt><trkpt lat="41.93494823134449" lon="-111.57203941605985"><ele>2055.00</ele><time>2026-05-16T23:35:24Z</time></trkpt><trkpt lat="41.93498712939706" lon="-111.57205760478973"><ele>2055.00</ele><time>2026-05-16T23:35:27Z</time></trkpt><trkpt lat="41.93505773537226" lon="-111.57208140939474"><ele>2055.00</ele><time>2026-05-16T23:35:32Z</time></trkpt><trkpt lat="41.93511030790982" lon="-111.57213999889791"><ele>2055.00</ele><time>2026-05-16T23:35:37Z</time></trkpt><trkpt lat="41.935136392944905" lon="-111.57219963613898"><ele>2055.00</ele><time>2026-05-16T23:35:41Z</time></trkpt><trkpt lat="41.93515848737024" lon="-111.57226195558906"><ele>2055.00</ele><time>2026-05-16T23:35:44Z</time></trkpt><trkpt lat="41.93510690181226" lon="-111.57235440798104"><ele>2055.00</ele><time>2026-05-16T23:35:50Z</time></trkpt><trkpt lat="41.934911934658885" lon="-111.57250000163913"><ele>2055.00</ele><time>2026-05-16T23:36:06Z</time></trkpt><trkpt lat="41.93489596414971" lon="-111.57258700579405"><ele>2056.60</ele><time>2026-05-16T23:36:11Z</time></trkpt><trkpt lat="41.93486901931465" lon="-111.57267107628286"><ele>2058.20</ele><time>2026-05-16T23:36:15Z</time></trkpt><trkpt lat="41.93484295159578" lon="-111.57281398773193"><ele>2059.80</ele><time>2026-05-16T23:36:23Z</time></trkpt><trkpt lat="41.93484201725028" lon="-111.57292705960572"><ele>2061.40</ele><time>2026-05-16T23:36:29Z</time></trkpt><trkpt lat="41.934832026435025" lon="-111.5730940271169"><ele>2063.00</ele><time>2026-05-16T23:36:38Z</time></trkpt><trkpt lat="41.934829113129354" lon="-111.57323366962373"><ele>2064.60</ele><time>2026-05-16T23:36:45Z</time></trkpt><trkpt lat="41.934794101272736" lon="-111.57337297685444"><ele>2066.20</ele><time>2026-05-16T23:36:53Z</time></trkpt><trkpt lat="41.93481000446033" lon="-111.573496023193"><ele>2067.80</ele><time>2026-05-16T23:36:59Z</time></trkpt><trkpt lat="41.93482002589298" lon="-111.57360440120101"><ele>2069.40</ele><time>2026-05-16T23:37:05Z</time></trkpt><trkpt lat="41.93481000446033" lon="-111.57382501289248"><ele>2071.00</ele><time>2026-05-16T23:37:17Z</time></trkpt><trkpt lat="41.93476018900411" lon="-111.57394303008914"><ele>2071.00</ele><time>2026-05-16T23:37:24Z</time></trkpt><trkpt lat="41.93473238749426" lon="-111.57408971339464"><ele>2071.00</ele><time>2026-05-16T23:37:32Z</time></trkpt><trkpt lat="41.93473006747853" lon="-111.57427285797894"><ele>2071.00</ele><time>2026-05-16T23:37:41Z</time></trkpt><trkpt lat="41.934735045693586" lon="-111.57430378720164"><ele>2071.00</ele><time>2026-05-16T23:37:43Z</time></trkpt><trkpt lat="41.9347220598141" lon="-111.57437704503536"><ele>2071.00</ele><time>2026-05-16T23:37:47Z</time></trkpt><trkpt lat="41.93472895771265" lon="-111.57445499673486"><ele>2071.00</ele><time>2026-05-16T23:37:51Z</time></trkpt><trkpt lat="41.934648072347045" lon="-111.57454501837492"><ele>2071.00</ele><time>2026-05-16T23:37:58Z</time></trkpt><trkpt lat="41.93444891832769" lon="-111.57462297007442"><ele>2071.00</ele><time>2026-05-16T23:38:13Z</time></trkpt><trkpt lat="41.93431899882853" lon="-111.57470997422934"><ele>2071.00</ele><time>2026-05-16T23:38:23Z</time></trkpt><trkpt lat="41.934157982468605" lon="-111.57476202584803"><ele>2071.00</ele><time>2026-05-16T23:38:34Z</time></trkpt><trkpt lat="41.93412101827562" lon="-111.57482698559761"><ele>2073.90</ele><time>2026-05-16T23:38:39Z</time></trkpt><trkpt lat="41.93404600024223" lon="-111.5748779475689"><ele>2076.80</ele><time>2026-05-16T23:38:45Z</time></trkpt><trkpt lat="41.93401901051402" lon="-111.57494701445103"><ele>2079.70</ele><time>2026-05-16T23:38:49Z</time></trkpt><trkpt lat="41.93389202468097" lon="-111.5750119742006"><ele>2082.60</ele><time>2026-05-16T23:38:58Z</time></trkpt><trkpt lat="41.93386101163924" lon="-111.57504793256521"><ele>2085.50</ele><time>2026-05-16T23:39:01Z</time></trkpt><trkpt lat="41.933812061324716" lon="-111.57518304884434"><ele>2088.40</ele><time>2026-05-16T23:39:09Z</time></trkpt><trkpt lat="41.93373704329133" lon="-111.57530995085835"><ele>2091.30</ele><time>2026-05-16T23:39:17Z</time></trkpt><trkpt lat="41.933651062631476" lon="-111.57545210793614"><ele>2094.20</ele><time>2026-05-16T23:39:27Z</time></trkpt><trkpt lat="41.933639058843255" lon="-111.57557900995016"><ele>2097.10</ele><time>2026-05-16T23:39:34Z</time></trkpt><trkpt lat="41.93361106328666" lon="-111.57578897662461"><ele>2100.00</ele><time>2026-05-16T23:39:45Z</time></trkpt><trkpt lat="41.93356499888394" lon="-111.57597199548036"><ele>2100.50</ele><time>2026-05-16T23:39:55Z</time></trkpt><trkpt lat="41.9334969855845" lon="-111.57614696770906"><ele>2101.00</ele><time>2026-05-16T23:40:05Z</time></trkpt><trkpt lat="41.93346203304827" lon="-111.5762089099735"><ele>2101.50</ele><time>2026-05-16T23:40:09Z</time></trkpt><trkpt lat="41.9333759509027" lon="-111.57630002126098"><ele>2102.00</ele><time>2026-05-16T23:40:17Z</time></trkpt><trkpt lat="41.93328903056681" lon="-111.57633807510138"><ele>2102.50</ele><time>2026-05-16T23:40:23Z</time></trkpt><trkpt lat="41.93316397257149" lon="-111.57643605954945"><ele>2103.00</ele><time>2026-05-16T23:40:33Z</time></trkpt><trkpt lat="41.933042015880346" lon="-111.57656597904861"><ele>2103.50</ele><time>2026-05-16T23:40:44Z</time></trkpt><trkpt lat="41.93289700895548" lon="-111.57665206119418"><ele>2104.00</ele><time>2026-05-16T23:40:55Z</time></trkpt><trkpt lat="41.932757031172514" lon="-111.57676991075277"><ele>2104.50</ele><time>2026-05-16T23:41:07Z</time></trkpt><trkpt lat="41.9325989484787" lon="-111.5768619440496"><ele>2105.00</ele><time>2026-05-16T23:41:19Z</time></trkpt><trkpt lat="41.93245192989707" lon="-111.57687401399016"><ele>2106.30</ele><time>2026-05-16T23:41:29Z</time></trkpt><trkpt lat="41.93234900012612" lon="-111.5769499540329"><ele>2107.60</ele><time>2026-05-16T23:41:38Z</time></trkpt><trkpt lat="41.93231597542763" lon="-111.57693394459784"><ele>2108.90</ele><time>2026-05-16T23:41:40Z</time></trkpt><trkpt lat="41.93227306008339" lon="-111.5769549831748"><ele>2110.20</ele><time>2026-05-16T23:41:43Z</time></trkpt><trkpt lat="41.93225100754495" lon="-111.57694945111871"><ele>2111.50</ele><time>2026-05-16T23:41:45Z</time></trkpt><trkpt lat="41.93218597210944" lon="-111.57693302258849"><ele>2112.80</ele><time>2026-05-16T23:41:50Z</time></trkpt><trkpt lat="41.93206700851281" lon="-111.57697677612305"><ele>2114.10</ele><time>2026-05-16T23:41:58Z</time></trkpt><trkpt lat="41.93202907914141" lon="-111.57700024545193"><ele>2115.40</ele><time>2026-05-16T23:42:01Z</time></trkpt><trkpt lat="41.93194901570678" lon="-111.57709705643356"><ele>2116.70</ele><time>2026-05-16T23:42:09Z</time></trkpt><trkpt lat="41.93191599100828" lon="-111.57721599563956"><ele>2118.00</ele><time>2026-05-16T23:42:15Z</time></trkpt><trkpt lat="41.93190207704902" lon="-111.57735303975642"><ele>2118.00</ele><time>2026-05-16T23:42:23Z</time></trkpt><trkpt lat="41.931882966309786" lon="-111.57738698646426"><ele>2118.00</ele><time>2026-05-16T23:42:25Z</time></trkpt><trkpt lat="41.93189796991646" lon="-111.57742202281952"><ele>2118.00</ele><time>2026-05-16T23:42:27Z</time></trkpt><trkpt lat="41.9318510312587" lon="-111.57760298810899"><ele>2118.00</ele><time>2026-05-16T23:42:37Z</time></trkpt><trkpt lat="41.93184994161129" lon="-111.57778202556074"><ele>2118.00</ele><time>2026-05-16T23:42:46Z</time></trkpt><trkpt lat="41.93181096576154" lon="-111.57789300195873"><ele>2118.00</ele><time>2026-05-16T23:42:53Z</time></trkpt><trkpt lat="41.931813983246684" lon="-111.5779880527407"><ele>2118.00</ele><time>2026-05-16T23:42:58Z</time></trkpt><trkpt lat="41.93178104236722" lon="-111.57803205773234"><ele>2118.00</ele><time>2026-05-16T23:43:01Z</time></trkpt><trkpt lat="41.93175807595253" lon="-111.57817304134369"><ele>2118.00</ele><time>2026-05-16T23:43:08Z</time></trkpt><trkpt lat="41.93170401267707" lon="-111.57823297195137"><ele>2118.00</ele><time>2026-05-16T23:43:13Z</time></trkpt><trkpt lat="41.931408969685435" lon="-111.57840203493834"><ele>2121.60</ele><time>2026-05-16T23:43:36Z</time></trkpt><trkpt lat="41.931364042684436" lon="-111.57847495749593"><ele>2125.20</ele><time>2026-05-16T23:43:41Z</time></trkpt><trkpt lat="41.93132498301566" lon="-111.57859800383449"><ele>2128.80</ele><time>2026-05-16T23:43:48Z</time></trkpt><trkpt lat="41.9313089735806" lon="-111.5786850079894"><ele>2132.40</ele><time>2026-05-16T23:43:52Z</time></trkpt><trkpt lat="41.931318026036024" lon="-111.57880495302379"><ele>2136.00</ele><time>2026-05-16T23:43:59Z</time></trkpt><trkpt lat="41.93144300021231" lon="-111.57908105291426"><ele>2139.60</ele><time>2026-05-16T23:44:16Z</time></trkpt><trkpt lat="41.931511061266065" lon="-111.57916101627052"><ele>2143.20</ele><time>2026-05-16T23:44:22Z</time></trkpt><trkpt lat="41.931557077914476" lon="-111.57929806038737"><ele>2146.80</ele><time>2026-05-16T23:44:30Z</time></trkpt><trkpt lat="41.93151198327541" lon="-111.57949402928352"><ele>2150.40</ele><time>2026-05-16T23:44:40Z</time></trkpt><trkpt lat="41.931470073759556" lon="-111.57960106618702"><ele>2154.00</ele><time>2026-05-16T23:44:47Z</time></trkpt><trkpt lat="41.93145800381899" lon="-111.57986995764077"><ele>2154.00</ele><time>2026-05-16T23:45:01Z</time></trkpt><trkpt lat="41.93137200549245" lon="-111.58009693957865"><ele>2154.00</ele><time>2026-05-16T23:45:14Z</time></trkpt><trkpt lat="41.931362031027675" lon="-111.58019400201738"><ele>2154.00</ele><time>2026-05-16T23:45:19Z</time></trkpt><trkpt lat="41.931384227358016" lon="-111.58037974499166"><ele>2154.00</ele><time>2026-05-16T23:45:29Z</time></trkpt><trkpt lat="41.931409064508834" lon="-111.58045643940568"><ele>2154.00</ele><time>2026-05-16T23:45:33Z</time></trkpt><trkpt lat="41.93142600146706" lon="-111.58059490844607"><ele>2154.00</ele><time>2026-05-16T23:45:41Z</time></trkpt><trkpt lat="41.93146512904309" lon="-111.58075081184506"><ele>2154.00</ele><time>2026-05-16T23:45:49Z</time></trkpt><trkpt lat="41.931527209456824" lon="-111.5809472836554"><ele>2154.00</ele><time>2026-05-16T23:46:00Z</time></trkpt><trkpt lat="41.9315691271482" lon="-111.58105683512986"><ele>2154.00</ele><time>2026-05-16T23:46:07Z</time></trkpt><trkpt lat="41.93161614710983" lon="-111.58115549013019"><ele>2154.00</ele><time>2026-05-16T23:46:13Z</time></trkpt><trkpt lat="41.93164610006077" lon="-111.58127602189779"><ele>2155.90</ele><time>2026-05-16T23:46:20Z</time></trkpt><trkpt lat="41.93172217020797" lon="-111.58142924308777"><ele>2157.80</ele><time>2026-05-16T23:46:29Z</time></trkpt><trkpt lat="41.9317731262051" lon="-111.58157718367875"><ele>2159.70</ele><time>2026-05-16T23:46:38Z</time></trkpt><trkpt lat="41.93191005916196" lon="-111.58184909261763"><ele>2161.60</ele><time>2026-05-16T23:46:55Z</time></trkpt><trkpt lat="41.93196292966604" lon="-111.5820369310677"><ele>2163.50</ele><time>2026-05-16T23:47:05Z</time></trkpt><trkpt lat="41.93201202631177" lon="-111.58219140954316"><ele>2165.40</ele><time>2026-05-16T23:47:14Z</time></trkpt><trkpt lat="41.93204104396515" lon="-111.58252635039389"><ele>2167.30</ele><time>2026-05-16T23:47:32Z</time></trkpt><trkpt lat="41.932095028460026" lon="-111.58268904313445"><ele>2169.20</ele><time>2026-05-16T23:47:41Z</time></trkpt><trkpt lat="41.93213299848139" lon="-111.58300495706499"><ele>2171.10</ele><time>2026-05-16T23:47:58Z</time></trkpt><trkpt lat="41.93208203651011" lon="-111.5831249859184"><ele>2173.00</ele><time>2026-05-16T23:48:05Z</time></trkpt><trkpt lat="41.932070050388575" lon="-111.58320905640721"><ele>2175.50</ele><time>2026-05-16T23:48:09Z</time></trkpt><trkpt lat="41.93207801319659" lon="-111.5833979845047"><ele>2178.00</ele><time>2026-05-16T23:48:19Z</time></trkpt><trkpt lat="41.93205404095352" lon="-111.58360803499818"><ele>2180.50</ele><time>2026-05-16T23:48:30Z</time></trkpt><trkpt lat="41.932010035961866" lon="-111.5837399661541"><ele>2183.00</ele><time>2026-05-16T23:48:38Z</time></trkpt><trkpt lat="41.93197407759726" lon="-111.58379302360117"><ele>2185.50</ele><time>2026-05-16T23:48:42Z</time></trkpt><trkpt lat="41.93195798434317" lon="-111.58411296084523"><ele>2188.00</ele><time>2026-05-16T23:48:58Z</time></trkpt><trkpt lat="41.93181096576154" lon="-111.58445896580815"><ele>2190.50</ele><time>2026-05-16T23:49:19Z</time></trkpt><trkpt lat="41.9317389652133" lon="-111.58455393277109"><ele>2193.00</ele><time>2026-05-16T23:49:26Z</time></trkpt><trkpt lat="41.93161700852215" lon="-111.58491301350296"><ele>2195.50</ele><time>2026-05-16T23:49:47Z</time></trkpt><trkpt lat="41.93159710610912" lon="-111.58500739373267"><ele>2198.00</ele><time>2026-05-16T23:49:52Z</time></trkpt><trkpt lat="41.93157817665594" lon="-111.5851406659931"><ele>2201.00</ele><time>2026-05-16T23:49:59Z</time></trkpt><trkpt lat="41.931579120454195" lon="-111.58524678088725"><ele>2204.00</ele><time>2026-05-16T23:50:05Z</time></trkpt><trkpt lat="41.93161298520863" lon="-111.58539296127856"><ele>2207.00</ele><time>2026-05-16T23:50:13Z</time></trkpt><trkpt lat="41.93156816451946" lon="-111.58554710447788"><ele>2210.00</ele><time>2026-05-16T23:50:21Z</time></trkpt><trkpt lat="41.931562074907944" lon="-111.58571675419807"><ele>2213.00</ele><time>2026-05-16T23:50:30Z</time></trkpt><trkpt lat="41.93154615516806" lon="-111.58581851050258"><ele>2216.00</ele><time>2026-05-16T23:50:36Z</time></trkpt><trkpt lat="41.93160416057976" lon="-111.58594742417336"><ele>2219.00</ele><time>2026-05-16T23:50:43Z</time></trkpt><trkpt lat="41.93169316578292" lon="-111.58603702671826"><ele>2222.00</ele><time>2026-05-16T23:50:51Z</time></trkpt><trkpt lat="41.93174022383108" lon="-111.5861732326448"><ele>2225.00</ele><time>2026-05-16T23:50:59Z</time></trkpt><trkpt lat="41.93176809705952" lon="-111.5862488374114"><ele>2228.00</ele><time>2026-05-16T23:51:03Z</time></trkpt><trkpt lat="41.93180206770458" lon="-111.58630533143878"><ele>2228.00</ele><time>2026-05-16T23:51:07Z</time></trkpt><trkpt lat="41.93182304732886" lon="-111.58640524372458"><ele>2228.00</ele><time>2026-05-16T23:51:13Z</time></trkpt><trkpt lat="41.93183902681285" lon="-111.58648084849119"><ele>2228.00</ele><time>2026-05-16T23:51:17Z</time></trkpt><trkpt lat="41.93185195326805" lon="-111.5865429583937"><ele>2228.00</ele><time>2026-05-16T23:51:20Z</time></trkpt><trkpt lat="41.93188204430044" lon="-111.58660900779068"><ele>2228.00</ele><time>2026-05-16T23:51:24Z</time></trkpt><trkpt lat="41.931839102504654" lon="-111.58672694116831"><ele>2228.00</ele><time>2026-05-16T23:51:31Z</time></trkpt><trkpt lat="41.93182296302991" lon="-111.58685593865812"><ele>2228.00</ele><time>2026-05-16T23:51:38Z</time></trkpt><trkpt lat="41.93174097687006" lon="-111.58701594918966"><ele>2228.00</ele><time>2026-05-16T23:51:48Z</time></trkpt><trkpt lat="41.93171298131347" lon="-111.58716095611453"><ele>2228.00</ele><time>2026-05-16T23:51:56Z</time></trkpt><trkpt lat="41.93163896910846" lon="-111.58727704547346"><ele>2228.00</ele><time>2026-05-16T23:52:04Z</time></trkpt><trkpt lat="41.93156805820763" lon="-111.58749606460333"><ele>2231.90</ele><time>2026-05-16T23:52:16Z</time></trkpt><trkpt lat="41.931555066257715" lon="-111.58763595856726"><ele>2235.80</ele><time>2026-05-16T23:52:24Z</time></trkpt><trkpt lat="41.931620026007295" lon="-111.58771499991417"><ele>2239.70</ele><time>2026-05-16T23:52:30Z</time></trkpt><trkpt lat="41.931559005752206" lon="-111.58779395744205"><ele>2243.60</ele><time>2026-05-16T23:52:36Z</time></trkpt><trkpt lat="41.93153997883201" lon="-111.58784701488912"><ele>2247.50</ele><time>2026-05-16T23:52:39Z</time></trkpt><trkpt lat="41.93144211648437" lon="-111.58814859576523"><ele>2251.40</ele><time>2026-05-16T23:52:56Z</time></trkpt><trkpt lat="41.93127007627029" lon="-111.58847264014184"><ele>2255.30</ele><time>2026-05-16T23:53:17Z</time></trkpt><trkpt lat="41.931211035184994" lon="-111.5886321477592"><ele>2259.20</ele><time>2026-05-16T23:53:26Z</time></trkpt><trkpt lat="41.93117503076792" lon="-111.58871806226671"><ele>2263.10</ele><time>2026-05-16T23:53:31Z</time></trkpt><trkpt lat="41.931107975542545" lon="-111.58894504420459"><ele>2267.00</ele><time>2026-05-16T23:53:44Z</time></trkpt><trkpt lat="41.93110395222902" lon="-111.5890140272677"><ele>2269.90</ele><time>2026-05-16T23:53:48Z</time></trkpt><trkpt lat="41.931040082126856" lon="-111.58905996009707"><ele>2272.80</ele><time>2026-05-16T23:53:53Z</time></trkpt><trkpt lat="41.93102206103504" lon="-111.5891239978373"><ele>2275.70</ele><time>2026-05-16T23:53:56Z</time></trkpt><trkpt lat="41.93102893419564" lon="-111.58919205889106"><ele>2278.60</ele><time>2026-05-16T23:54:00Z</time></trkpt><trkpt lat="41.93098400719464" lon="-111.58925995230675"><ele>2281.50</ele><time>2026-05-16T23:54:04Z</time></trkpt><trkpt lat="41.9309720210731" lon="-111.58931007608771"><ele>2284.40</ele><time>2026-05-16T23:54:07Z</time></trkpt><trkpt lat="41.930979983881116" lon="-111.58946203999221"><ele>2287.30</ele><time>2026-05-16T23:54:15Z</time></trkpt><trkpt lat="41.9310499727726" lon="-111.58966597169638"><ele>2290.20</ele><time>2026-05-16T23:54:27Z</time></trkpt><trkpt lat="41.93111501634121" lon="-111.58972095698118"><ele>2293.10</ele><time>2026-05-16T23:54:32Z</time></trkpt><trkpt lat="41.93115617726099" lon="-111.58982086926699"><ele>2296.00</ele><time>2026-05-16T23:54:38Z</time></trkpt><trkpt lat="41.93121407173113" lon="-111.58988557755947"><ele>2295.60</ele><time>2026-05-16T23:54:44Z</time></trkpt><trkpt lat="41.93122901022434" lon="-111.58991801552474"><ele>2295.20</ele><time>2026-05-16T23:54:46Z</time></trkpt><trkpt lat="41.93134710335909" lon="-111.59005179069936"><ele>2294.80</ele><time>2026-05-16T23:54:56Z</time></trkpt><trkpt lat="41.931421142859556" lon="-111.59014097414911"><ele>2294.40</ele><time>2026-05-16T23:55:03Z</time></trkpt><trkpt lat="41.931410200854366" lon="-111.59027910791337"><ele>2294.00</ele><time>2026-05-16T23:55:11Z</time></trkpt><trkpt lat="41.93138230010266" lon="-111.59044942818582"><ele>2293.60</ele><time>2026-05-16T23:55:20Z</time></trkpt><trkpt lat="41.93137723004984" lon="-111.59061857499182"><ele>2293.20</ele><time>2026-05-16T23:55:29Z</time></trkpt><trkpt lat="41.93136322702907" lon="-111.5907562058419"><ele>2292.80</ele><time>2026-05-16T23:55:36Z</time></trkpt><trkpt lat="41.931385133412256" lon="-111.59086659550667"><ele>2292.40</ele><time>2026-05-16T23:55:42Z</time></trkpt><trkpt lat="41.93139817642554" lon="-111.59097639843822"><ele>2292.00</ele><time>2026-05-16T23:55:48Z</time></trkpt><trkpt lat="41.931415180972806" lon="-111.5911513287574"><ele>2296.40</ele><time>2026-05-16T23:55:57Z</time></trkpt><trkpt lat="41.931473953797955" lon="-111.59131787717342"><ele>2300.80</ele><time>2026-05-16T23:56:06Z</time></trkpt><trkpt lat="41.93153697206906" lon="-111.59137546084821"><ele>2305.20</ele><time>2026-05-16T23:56:12Z</time></trkpt><trkpt lat="41.931562083387" lon="-111.5914557594806"><ele>2309.60</ele><time>2026-05-16T23:56:16Z</time></trkpt><trkpt lat="41.93157806551527" lon="-111.59150110557675"><ele>2314.00</ele><time>2026-05-16T23:56:19Z</time></trkpt><trkpt lat="41.93159520005889" lon="-111.59159925766289"><ele>2318.40</ele><time>2026-05-16T23:56:24Z</time></trkpt><trkpt lat="41.93162895920215" lon="-111.59167930483818"><ele>2322.80</ele><time>2026-05-16T23:56:29Z</time></trkpt><trkpt lat="41.931596053764224" lon="-111.5918300114572"><ele>2327.20</ele><time>2026-05-16T23:56:37Z</time></trkpt><trkpt lat="41.931580044680615" lon="-111.59191944636405"><ele>2331.60</ele><time>2026-05-16T23:56:42Z</time></trkpt><trkpt lat="41.93157202759945" lon="-111.592030338943"><ele>2336.00</ele><time>2026-05-16T23:56:48Z</time></trkpt><trkpt lat="41.931530996588755" lon="-111.59215841442347"><ele>2336.00</ele><time>2026-05-16T23:56:55Z</time></trkpt><trkpt lat="41.93145205266774" lon="-111.59226503223181"><ele>2336.00</ele><time>2026-05-16T23:57:03Z</time></trkpt><trkpt lat="41.931447023525834" lon="-111.59233602695167"><ele>2336.00</ele><time>2026-05-16T23:57:07Z</time></trkpt><trkpt lat="41.93148507736623" lon="-111.59240702167153"><ele>2336.00</ele><time>2026-05-16T23:57:11Z</time></trkpt><trkpt lat="41.931537007480905" lon="-111.59251120872796"><ele>2336.00</ele><time>2026-05-16T23:57:18Z</time></trkpt><trkpt lat="41.93154908035982" lon="-111.59265252761543"><ele>2336.00</ele><time>2026-05-16T23:57:25Z</time></trkpt><trkpt lat="41.931616016354" lon="-111.59270776435733"><ele>2336.00</ele><time>2026-05-16T23:57:31Z</time></trkpt><trkpt lat="41.93164008054435" lon="-111.59288168884814"><ele>2336.00</ele><time>2026-05-16T23:57:40Z</time></trkpt><trkpt lat="41.93163393996656" lon="-111.59293306991458"><ele>2336.00</ele><time>2026-05-16T23:57:43Z</time></trkpt><trkpt lat="41.93157694302499" lon="-111.59297891892493"><ele>2336.00</ele><time>2026-05-16T23:57:47Z</time></trkpt><trkpt lat="41.93155102150756" lon="-111.59310054033995"><ele>2337.70</ele><time>2026-05-16T23:57:54Z</time></trkpt><trkpt lat="41.93155605488809" lon="-111.59315418452024"><ele>2339.40</ele><time>2026-05-16T23:57:57Z</time></trkpt><trkpt lat="41.93157106532807" lon="-111.59320514649153"><ele>2341.10</ele><time>2026-05-16T23:58:00Z</time></trkpt><trkpt lat="41.9317320843524" lon="-111.59338619560003"><ele>2342.80</ele><time>2026-05-16T23:58:14Z</time></trkpt><trkpt lat="41.931751035153866" lon="-111.59348795190454"><ele>2344.50</ele><time>2026-05-16T23:58:20Z</time></trkpt><trkpt lat="41.93176004998013" lon="-111.59358476288617"><ele>2346.20</ele><time>2026-05-16T23:58:25Z</time></trkpt><trkpt lat="41.93177005288933" lon="-111.59368115477264"><ele>2347.90</ele><time>2026-05-16T23:58:30Z</time></trkpt><trkpt lat="41.931794023632364" lon="-111.59384191967547"><ele>2349.60</ele><time>2026-05-16T23:58:38Z</time></trkpt><trkpt lat="41.931848107779906" lon="-111.59390863962471"><ele>2351.30</ele><time>2026-05-16T23:58:44Z</time></trkpt><trkpt lat="41.93197203089422" lon="-111.59401156939566"><ele>2353.00</ele><time>2026-05-16T23:58:54Z</time></trkpt><trkpt lat="41.93210007446803" lon="-111.59421239979565"><ele>2353.00</ele><time>2026-05-16T23:59:08Z</time></trkpt><trkpt lat="41.932180072889764" lon="-111.59432890824974"><ele>2353.00</ele><time>2026-05-16T23:59:16Z</time></trkpt><trkpt lat="41.93227617338996" lon="-111.59461414441466"><ele>2353.00</ele><time>2026-05-16T23:59:32Z</time></trkpt><trkpt lat="41.93230109701316" lon="-111.59473333507776"><ele>2353.00</ele><time>2026-05-16T23:59:39Z</time></trkpt><trkpt lat="41.9323350543449" lon="-111.59482209943235"><ele>2353.00</ele><time>2026-05-16T23:59:44Z</time></trkpt><trkpt lat="41.93239908719415" lon="-111.59491295926273"><ele>2353.00</ele><time>2026-05-16T23:59:50Z</time></trkpt><trkpt lat="41.9324741020402" lon="-111.59503784961998"><ele>2353.00</ele><time>2026-05-16T23:59:59Z</time></trkpt><trkpt lat="41.93257011070002" lon="-111.59519853070378"><ele>2353.00</ele><time>2026-05-17T00:00:10Z</time></trkpt><trkpt lat="41.932599245636894" lon="-111.59531629644334"><ele>2353.00</ele><time>2026-05-17T00:00:16Z</time></trkpt><trkpt lat="41.93263229811799" lon="-111.59541008993983"><ele>2353.00</ele><time>2026-05-17T00:00:21Z</time></trkpt><trkpt lat="41.93267275503097" lon="-111.59546633251011"><ele>2357.00</ele><time>2026-05-17T00:00:26Z</time></trkpt><trkpt lat="41.93272917492501" lon="-111.59545820206404"><ele>2361.00</ele><time>2026-05-17T00:00:30Z</time></trkpt><trkpt lat="41.932832197717616" lon="-111.59546448849142"><ele>2365.00</ele><time>2026-05-17T00:00:37Z</time></trkpt><trkpt lat="41.932947643563594" lon="-111.59542735666037"><ele>2369.00</ele><time>2026-05-17T00:00:45Z</time></trkpt><trkpt lat="41.93305325519692" lon="-111.59537392202765"><ele>2373.00</ele><time>2026-05-17T00:00:53Z</time></trkpt><trkpt lat="41.933128936216235" lon="-111.59529902972281"><ele>2377.00</ele><time>2026-05-17T00:01:00Z</time></trkpt><trkpt lat="41.93326103501022" lon="-111.59523800946772"><ele>2381.00</ele><time>2026-05-17T00:01:09Z</time></trkpt><trkpt lat="41.93348206579685" lon="-111.59522795118392"><ele>2385.00</ele><time>2026-05-17T00:01:25Z</time></trkpt><trkpt lat="41.93369404412806" lon="-111.59513792954385"><ele>2389.00</ele><time>2026-05-17T00:01:40Z</time></trkpt><trkpt lat="41.93386604078114" lon="-111.59509099088609"><ele>2393.00</ele><time>2026-05-17T00:01:53Z</time></trkpt><trkpt lat="41.933944914489985" lon="-111.59511395730078"><ele>2393.00</ele><time>2026-05-17T00:01:58Z</time></trkpt><trkpt lat="41.934069972485304" lon="-111.59509803168476"><ele>2393.00</ele><time>2026-05-17T00:02:07Z</time></trkpt><trkpt lat="41.93414003703315" lon="-111.59511521458626"><ele>2393.00</ele><time>2026-05-17T00:02:12Z</time></trkpt><trkpt lat="41.93425486529314" lon="-111.5952892228961"><ele>2393.00</ele><time>2026-05-17T00:02:24Z</time></trkpt><trkpt lat="41.93429285897753" lon="-111.59539315849543"><ele>2393.00</ele><time>2026-05-17T00:02:30Z</time></trkpt><trkpt lat="41.93430890405521" lon="-111.59552123397589"><ele>2393.00</ele><time>2026-05-17T00:02:37Z</time></trkpt><trkpt lat="41.93428195081651" lon="-111.59573899582028"><ele>2393.00</ele><time>2026-05-17T00:02:49Z</time></trkpt><trkpt lat="41.93425294943154" lon="-111.59587101079524"><ele>2393.00</ele><time>2026-05-17T00:02:56Z</time></trkpt><trkpt lat="41.93425596691668" lon="-111.59597695805132"><ele>2393.00</ele><time>2026-05-17T00:03:01Z</time></trkpt><trkpt lat="41.93420601077378" lon="-111.59621408209205"><ele>2393.00</ele><time>2026-05-17T00:03:14Z</time></trkpt><trkpt lat="41.934177009388804" lon="-111.59655405208468"><ele>2396.90</ele><time>2026-05-17T00:03:32Z</time></trkpt><trkpt lat="41.934090005233884" lon="-111.59703198820353"><ele>2400.80</ele><time>2026-05-17T00:03:58Z</time></trkpt><trkpt lat="41.93411506712437" lon="-111.59743297845125"><ele>2404.70</ele><time>2026-05-17T00:04:19Z</time></trkpt><trkpt lat="41.93407220827858" lon="-111.59812012687325"><ele>2408.60</ele><time>2026-05-17T00:04:55Z</time></trkpt><trkpt lat="41.93412107918975" lon="-111.59864952787757"><ele>2412.50</ele><time>2026-05-17T00:05:23Z</time></trkpt><trkpt lat="41.93418819540032" lon="-111.59929091110826"><ele>2416.40</ele><time>2026-05-17T00:05:56Z</time></trkpt><trkpt lat="41.93430728341345" lon="-111.59976113587618"><ele>2420.30</ele><time>2026-05-17T00:06:22Z</time></trkpt><trkpt lat="41.93434713447851" lon="-111.59994159825146"><ele>2424.20</ele><time>2026-05-17T00:06:32Z</time></trkpt><trkpt lat="41.934450093537286" lon="-111.60016279667616"><ele>2428.10</ele><time>2026-05-17T00:06:46Z</time></trkpt><trkpt lat="41.93451110352402" lon="-111.6002490464598"><ele>2432.00</ele><time>2026-05-17T00:06:52Z</time></trkpt><trkpt lat="41.934613650874304" lon="-111.60038020479135"><ele>2429.00</ele><time>2026-05-17T00:07:02Z</time></trkpt><trkpt lat="41.93463333127094" lon="-111.60040214366131"><ele>2426.00</ele><time>2026-05-17T00:07:04Z</time></trkpt><trkpt lat="41.93463412951156" lon="-111.60040101053391"><ele>2423.00</ele><time>2026-05-17T00:07:04Z</time></trkpt><trkpt lat="41.93498" lon="-111.60084"><ele>2420.00</ele><time>2026-05-17T00:07:37Z</time></trkpt><trkpt lat="41.93498" lon="-111.60084"><ele>2417.00</ele><time>2026-05-17T00:07:37Z</time></trkpt><trkpt lat="41.93513" lon="-111.60104000000001"><ele>2414.00</ele><time>2026-05-17T00:07:52Z</time></trkpt><trkpt lat="41.93533" lon="-111.60122999999999"><ele>2411.00</ele><time>2026-05-17T00:08:09Z</time></trkpt><trkpt lat="41.93549" lon="-111.60145999999997"><ele>2408.00</ele><time>2026-05-17T00:08:26Z</time></trkpt><trkpt lat="41.93566" lon="-111.60192"><ele>2405.00</ele><time>2026-05-17T00:08:52Z</time></trkpt><trkpt lat="41.93581" lon="-111.60251"><ele>2402.00</ele><time>2026-05-17T00:09:25Z</time></trkpt><trkpt lat="41.9361" lon="-111.60336999999998"><ele>2405.50</ele><time>2026-05-17T00:10:14Z</time></trkpt><trkpt lat="41.93618" lon="-111.60377"><ele>2409.00</ele><time>2026-05-17T00:10:36Z</time></trkpt><trkpt lat="41.93634" lon="-111.60415999999998"><ele>2412.50</ele><time>2026-05-17T00:10:59Z</time></trkpt><trkpt lat="41.93644" lon="-111.60426999999999"><ele>2416.00</ele><time>2026-05-17T00:11:08Z</time></trkpt><trkpt lat="41.93648598266504" lon="-111.60430039532093"><ele>2419.50</ele><time>2026-05-17T00:11:12Z</time></trkpt><trkpt lat="41.936493677421254" lon="-111.60430548168523"><ele>2423.00</ele><time>2026-05-17T00:11:12Z</time></trkpt><trkpt lat="41.93703" lon="-111.60465999999997"><ele>2426.50</ele><time>2026-05-17T00:11:54Z</time></trkpt><trkpt lat="41.93718" lon="-111.60482000000002"><ele>2430.00</ele><time>2026-05-17T00:12:08Z</time></trkpt><trkpt lat="41.93737" lon="-111.6051"><ele>2433.50</ele><time>2026-05-17T00:12:28Z</time></trkpt><trkpt lat="41.937469495450934" lon="-111.60519847668644"><ele>2437.00</ele><time>2026-05-17T00:12:36Z</time></trkpt><trkpt lat="41.93757298119484" lon="-111.6052701312828"><ele>2438.40</ele><time>2026-05-17T00:12:44Z</time></trkpt><trkpt lat="41.93776" lon="-111.60550999999998"><ele>2439.80</ele><time>2026-05-17T00:13:02Z</time></trkpt><trkpt lat="41.9378" lon="-111.60559999999998"><ele>2441.20</ele><time>2026-05-17T00:13:08Z</time></trkpt><trkpt lat="41.93778" lon="-111.60588999999999"><ele>2442.60</ele><time>2026-05-17T00:13:23Z</time></trkpt><trkpt lat="41.93779" lon="-111.60624999999999"><ele>2444.00</ele><time>2026-05-17T00:13:42Z</time></trkpt><trkpt lat="41.93777" lon="-111.60642999999999"><ele>2445.40</ele><time>2026-05-17T00:13:51Z</time></trkpt><trkpt lat="41.93782" lon="-111.60667000000001"><ele>2446.80</ele><time>2026-05-17T00:14:04Z</time></trkpt><trkpt lat="41.93783" lon="-111.60683"><ele>2448.20</ele><time>2026-05-17T00:14:13Z</time></trkpt><trkpt lat="41.93781" lon="-111.60696999999999"><ele>2449.60</ele><time>2026-05-17T00:14:20Z</time></trkpt><trkpt lat="41.93765" lon="-111.60729000000003"><ele>2451.00</ele><time>2026-05-17T00:14:40Z</time></trkpt><trkpt lat="41.9376" lon="-111.60759000000002"><ele>2453.60</ele><time>2026-05-17T00:14:56Z</time></trkpt><trkpt lat="41.93764" lon="-111.60774000000004"><ele>2456.20</ele><time>2026-05-17T00:15:05Z</time></trkpt><trkpt lat="41.93773" lon="-111.60789"><ele>2458.80</ele><time>2026-05-17T00:15:15Z</time></trkpt><trkpt lat="41.93776244620861" lon="-111.6079264723873"><ele>2461.40</ele><time>2026-05-17T00:15:18Z</time></trkpt><trkpt lat="41.9377709497909" lon="-111.60802731779097"><ele>2464.00</ele><time>2026-05-17T00:15:23Z</time></trkpt><trkpt lat="41.9377756466047" lon="-111.60813500735759"><ele>2466.60</ele><time>2026-05-17T00:15:29Z</time></trkpt><trkpt lat="41.937752410366215" lon="-111.60826415459633"><ele>2469.20</ele><time>2026-05-17T00:15:36Z</time></trkpt><trkpt lat="41.937655059736414" lon="-111.60853451901437"><ele>2471.80</ele><time>2026-05-17T00:15:51Z</time></trkpt><trkpt lat="41.93768805257887" lon="-111.60864877546311"><ele>2474.40</ele><time>2026-05-17T00:15:58Z</time></trkpt><trkpt lat="41.93796" lon="-111.60881999999998"><ele>2477.00</ele><time>2026-05-17T00:16:19Z</time></trkpt><trkpt lat="41.93808" lon="-111.60899"><ele>2477.00</ele><time>2026-05-17T00:16:31Z</time></trkpt><trkpt lat="41.93812" lon="-111.60910999999999"><ele>2477.00</ele><time>2026-05-17T00:16:38Z</time></trkpt><trkpt lat="41.93816" lon="-111.60941000000003"><ele>2477.00</ele><time>2026-05-17T00:16:54Z</time></trkpt><trkpt lat="41.93823995203495" lon="-111.60956329447748"><ele>2477.00</ele><time>2026-05-17T00:17:04Z</time></trkpt><trkpt lat="41.93824194723809" lon="-111.60964670552255"><ele>2477.00</ele><time>2026-05-17T00:17:08Z</time></trkpt><trkpt lat="41.9382" lon="-111.60971999999998"><ele>2477.00</ele><time>2026-05-17T00:17:13Z</time></trkpt><trkpt lat="41.93812" lon="-111.60986000000003"><ele>2477.00</ele><time>2026-05-17T00:17:22Z</time></trkpt><trkpt lat="41.938054728063484" lon="-111.61014906143316"><ele>2477.00</ele><time>2026-05-17T00:17:38Z</time></trkpt><trkpt lat="41.938053900905125" lon="-111.61015272456302"><ele>2477.00</ele><time>2026-05-17T00:17:38Z</time></trkpt><trkpt lat="41.93805" lon="-111.61016999999998"><ele>2477.00</ele><time>2026-05-17T00:17:39Z</time></trkpt><trkpt lat="41.93806" lon="-111.61045999999999"><ele>2478.00</ele><time>2026-05-17T00:17:54Z</time></trkpt><trkpt lat="41.9381" lon="-111.61065000000002"><ele>2479.00</ele><time>2026-05-17T00:18:04Z</time></trkpt><trkpt lat="41.93817" lon="-111.61077"><ele>2480.00</ele><time>2026-05-17T00:18:12Z</time></trkpt><trkpt lat="41.93832" lon="-111.61095"><ele>2481.00</ele><time>2026-05-17T00:18:26Z</time></trkpt><trkpt lat="41.93848" lon="-111.61139000000003"><ele>2482.00</ele><time>2026-05-17T00:18:52Z</time></trkpt><trkpt lat="41.93858959754633" lon="-111.61147304662705"><ele>2483.00</ele><time>2026-05-17T00:19:01Z</time></trkpt><trkpt lat="41.93870119009309" lon="-111.61147294477462"><ele>2484.00</ele><time>2026-05-17T00:19:09Z</time></trkpt><trkpt lat="41.938813368742515" lon="-111.6115252042818"><ele>2485.00</ele><time>2026-05-17T00:19:17Z</time></trkpt><trkpt lat="41.938905595374145" lon="-111.61161233250618"><ele>2486.00</ele><time>2026-05-17T00:19:25Z</time></trkpt><trkpt lat="41.93911" lon="-111.61180000000002"><ele>2487.00</ele><time>2026-05-17T00:19:42Z</time></trkpt><trkpt lat="41.93916195899372" lon="-111.61183488343238"><ele>2488.80</ele><time>2026-05-17T00:19:46Z</time></trkpt><trkpt lat="41.93919995173458" lon="-111.61189122453686"><ele>2490.60</ele><time>2026-05-17T00:19:50Z</time></trkpt><trkpt lat="41.93921498793186" lon="-111.61198865889548"><ele>2492.40</ele><time>2026-05-17T00:19:55Z</time></trkpt><trkpt lat="41.93926" lon="-111.61284999999998"><ele>2494.20</ele><time>2026-05-17T00:20:40Z</time></trkpt><trkpt lat="41.93934" lon="-111.61313999999999"><ele>2496.00</ele><time>2026-05-17T00:20:57Z</time></trkpt><trkpt lat="41.93939293235055" lon="-111.61338122453685"><ele>2497.80</ele><time>2026-05-17T00:21:10Z</time></trkpt><trkpt lat="41.93939" lon="-111.61365999999998"><ele>2499.60</ele><time>2026-05-17T00:21:24Z</time></trkpt><trkpt lat="41.939381203065274" lon="-111.61376204166413"><ele>2501.40</ele><time>2026-05-17T00:21:30Z</time></trkpt><trkpt lat="41.939406936170904" lon="-111.61384454902174"><ele>2503.20</ele><time>2026-05-17T00:21:34Z</time></trkpt><trkpt lat="41.93943865476339" lon="-111.61388950545313"><ele>2505.00</ele><time>2026-05-17T00:21:37Z</time></trkpt><trkpt lat="41.93949930322148" lon="-111.61421207051751"><ele>2504.10</ele><time>2026-05-17T00:21:55Z</time></trkpt><trkpt lat="41.93954" lon="-111.61454000000003"><ele>2503.20</ele><time>2026-05-17T00:22:12Z</time></trkpt><trkpt lat="41.9396380170288" lon="-111.6149040233135"><ele>2502.30</ele><time>2026-05-17T00:22:32Z</time></trkpt><trkpt lat="41.93975" lon="-111.61526000000003"><ele>2501.40</ele><time>2026-05-17T00:22:53Z</time></trkpt><trkpt lat="41.93981" lon="-111.61594000000002"><ele>2500.50</ele><time>2026-05-17T00:23:28Z</time></trkpt><trkpt lat="41.93989" lon="-111.61621000000002"><ele>2499.60</ele><time>2026-05-17T00:23:43Z</time></trkpt><trkpt lat="41.940066983011434" lon="-111.61657597668648"><ele>2498.70</ele><time>2026-05-17T00:24:06Z</time></trkpt><trkpt lat="41.94040097324655" lon="-111.61750927116395"><ele>2497.80</ele><time>2026-05-17T00:25:00Z</time></trkpt><trkpt lat="41.940498467216685" lon="-111.6177529300594"><ele>2496.90</ele><time>2026-05-17T00:25:15Z</time></trkpt><trkpt lat="41.94053274944451" lon="-111.6178975582838"><ele>2496.00</ele><time>2026-05-17T00:25:23Z</time></trkpt><trkpt lat="41.94058897808422" lon="-111.61799658895495"><ele>2497.70</ele><time>2026-05-17T00:25:29Z</time></trkpt><trkpt lat="41.9406679867602" lon="-111.61810915459637"><ele>2499.40</ele><time>2026-05-17T00:25:37Z</time></trkpt><trkpt lat="41.940755973398964" lon="-111.61824317790985"><ele>2501.10</ele><time>2026-05-17T00:25:47Z</time></trkpt><trkpt lat="41.94091" lon="-111.61853000000002"><ele>2502.80</ele><time>2026-05-17T00:26:05Z</time></trkpt><trkpt lat="41.94125" lon="-111.61926"><ele>2504.50</ele><time>2026-05-17T00:26:50Z</time></trkpt><trkpt lat="41.9414" lon="-111.61946999999998"><ele>2506.20</ele><time>2026-05-17T00:27:05Z</time></trkpt><trkpt lat="41.94157" lon="-111.61982"><ele>2507.90</ele><time>2026-05-17T00:27:27Z</time></trkpt><trkpt lat="41.94207" lon="-111.62038999999999"><ele>2509.60</ele><time>2026-05-17T00:28:13Z</time></trkpt><trkpt lat="41.9420909483717" lon="-111.62045169080733"><ele>2511.30</ele><time>2026-05-17T00:28:16Z</time></trkpt><trkpt lat="41.94219" lon="-111.62020999999999"><ele>2513.00</ele><time>2026-05-17T00:28:31Z</time></trkpt><trkpt lat="41.94237" lon="-111.61959999999999"><ele>2515.10</ele><time>2026-05-17T00:29:05Z</time></trkpt><trkpt lat="41.94240396551182" lon="-111.61944731779101"><ele>2517.20</ele><time>2026-05-17T00:29:13Z</time></trkpt><trkpt lat="41.94236301724391" lon="-111.61919365889548"><ele>2519.30</ele><time>2026-05-17T00:29:27Z</time></trkpt><trkpt lat="41.94234553571224" lon="-111.61906817055228"><ele>2521.40</ele><time>2026-05-17T00:29:34Z</time></trkpt><trkpt lat="41.94235" lon="-111.61894000000001"><ele>2523.50</ele><time>2026-05-17T00:29:40Z</time></trkpt><trkpt lat="41.94230304186285" lon="-111.61868037913325"><ele>2525.60</ele><time>2026-05-17T00:29:54Z</time></trkpt><trkpt lat="41.94229" lon="-111.61851999999999"><ele>2527.70</ele><time>2026-05-17T00:30:03Z</time></trkpt><trkpt lat="41.942269051693735" lon="-111.61824218650816"><ele>2529.80</ele><time>2026-05-17T00:30:17Z</time></trkpt><trkpt lat="41.94234" lon="-111.61788000000001"><ele>2531.90</ele><time>2026-05-17T00:30:37Z</time></trkpt><trkpt lat="41.94237" lon="-111.61775"><ele>2534.00</ele><time>2026-05-17T00:30:44Z</time></trkpt><trkpt lat="41.94242" lon="-111.61765000000003"><ele>2536.10</ele><time>2026-05-17T00:30:50Z</time></trkpt><trkpt lat="41.94253" lon="-111.61752999999999"><ele>2538.20</ele><time>2026-05-17T00:31:00Z</time></trkpt><trkpt lat="41.94266" lon="-111.61732"><ele>2540.30</ele><time>2026-05-17T00:31:14Z</time></trkpt><trkpt lat="41.94275" lon="-111.61703"><ele>2542.40</ele><time>2026-05-17T00:31:31Z</time></trkpt><trkpt lat="41.94277" lon="-111.61684000000002"><ele>2544.50</ele><time>2026-05-17T00:31:41Z</time></trkpt><trkpt lat="41.942805849373755" lon="-111.6165286588955"><ele>2546.60</ele><time>2026-05-17T00:31:57Z</time></trkpt><trkpt lat="41.94272" lon="-111.61622"><ele>2548.70</ele><time>2026-05-17T00:32:14Z</time></trkpt><trkpt lat="41.9426" lon="-111.61574000000002"><ele>2550.80</ele><time>2026-05-17T00:32:41Z</time></trkpt><trkpt lat="41.94258" lon="-111.61554999999998"><ele>2552.90</ele><time>2026-05-17T00:32:51Z</time></trkpt><trkpt lat="41.9426" lon="-111.61541"><ele>2555.00</ele><time>2026-05-17T00:32:58Z</time></trkpt><trkpt lat="41.94268" lon="-111.61527000000001"><ele>2556.20</ele><time>2026-05-17T00:33:07Z</time></trkpt><trkpt lat="41.9427" lon="-111.61514"><ele>2557.40</ele><time>2026-05-17T00:33:14Z</time></trkpt><trkpt lat="41.94268" lon="-111.61489"><ele>2558.60</ele><time>2026-05-17T00:33:28Z</time></trkpt><trkpt lat="41.942660049354295" lon="-111.61459450429919"><ele>2559.80</ele><time>2026-05-17T00:33:43Z</time></trkpt><trkpt lat="41.94268" lon="-111.61424"><ele>2561.00</ele><time>2026-05-17T00:34:02Z</time></trkpt><trkpt lat="41.94269004936368" lon="-111.61401912516595"><ele>2562.20</ele><time>2026-05-17T00:34:13Z</time></trkpt><trkpt lat="41.94269344843926" lon="-111.61389473950214"><ele>2563.40</ele><time>2026-05-17T00:34:20Z</time></trkpt><trkpt lat="41.94273504924022" lon="-111.61380036016203"><ele>2564.60</ele><time>2026-05-17T00:34:25Z</time></trkpt><trkpt lat="41.94280158827455" lon="-111.61347128753312"><ele>2565.80</ele><time>2026-05-17T00:34:43Z</time></trkpt><trkpt lat="41.94284498764798" lon="-111.61336172023778"><ele>2567.00</ele><time>2026-05-17T00:34:50Z</time></trkpt><trkpt lat="41.94295" lon="-111.61319000000003"><ele>2568.60</ele><time>2026-05-17T00:35:01Z</time></trkpt><trkpt lat="41.943274987614316" lon="-111.61265341104507"><ele>2570.20</ele><time>2026-05-17T00:35:37Z</time></trkpt><trkpt lat="41.94356" lon="-111.61205000000001"><ele>2571.80</ele><time>2026-05-17T00:36:15Z</time></trkpt><trkpt lat="41.9436" lon="-111.61190999999997"><ele>2573.40</ele><time>2026-05-17T00:36:22Z</time></trkpt><trkpt lat="41.94384" lon="-111.61086999999998"><ele>2575.00</ele><time>2026-05-17T00:37:19Z</time></trkpt><trkpt lat="41.94396" lon="-111.61020000000002"><ele>2576.60</ele><time>2026-05-17T00:37:55Z</time></trkpt><trkpt lat="41.944016034882765" lon="-111.60964425644875"><ele>2578.20</ele><time>2026-05-17T00:38:24Z</time></trkpt><trkpt lat="41.94409301743022" lon="-111.60900536441801"><ele>2579.80</ele><time>2026-05-17T00:38:58Z</time></trkpt><trkpt lat="41.94419" lon="-111.60854"><ele>2581.40</ele><time>2026-05-17T00:39:23Z</time></trkpt><trkpt lat="41.944224139578054" lon="-111.60840900859836"><ele>2583.00</ele><time>2026-05-17T00:39:31Z</time></trkpt><trkpt lat="41.944264364226896" lon="-111.608339854002"><ele>2582.10</ele><time>2026-05-17T00:39:35Z</time></trkpt><trkpt lat="41.94454" lon="-111.60815000000002"><ele>2581.20</ele><time>2026-05-17T00:39:57Z</time></trkpt><trkpt lat="41.94463" lon="-111.60813999999999"><ele>2580.30</ele><time>2026-05-17T00:40:03Z</time></trkpt><trkpt lat="41.94474" lon="-111.60818999999998"><ele>2579.40</ele><time>2026-05-17T00:40:11Z</time></trkpt><trkpt lat="41.94501" lon="-111.60843"><ele>2578.50</ele><time>2026-05-17T00:40:34Z</time></trkpt><trkpt lat="41.94538" lon="-111.60869000000002"><ele>2577.60</ele><time>2026-05-17T00:41:03Z</time></trkpt><trkpt lat="41.94552" lon="-111.60874999999999"><ele>2576.70</ele><time>2026-05-17T00:41:14Z</time></trkpt><trkpt lat="41.94612" lon="-111.60883000000001"><ele>2575.80</ele><time>2026-05-17T00:41:56Z</time></trkpt><trkpt lat="41.94648" lon="-111.60881999999998"><ele>2574.90</ele><time>2026-05-17T00:42:21Z</time></trkpt><trkpt lat="41.94661" lon="-111.60876000000002"><ele>2574.00</ele><time>2026-05-17T00:42:31Z</time></trkpt><trkpt lat="41.94679" lon="-111.60854"><ele>2566.60</ele><time>2026-05-17T00:42:48Z</time></trkpt><trkpt lat="41.94686" lon="-111.60840999999999"><ele>2559.20</ele><time>2026-05-17T00:42:56Z</time></trkpt><trkpt lat="41.94695" lon="-111.60791999999998"><ele>2551.80</ele><time>2026-05-17T00:43:23Z</time></trkpt><trkpt lat="41.947" lon="-111.60779000000002"><ele>2544.40</ele><time>2026-05-17T00:43:30Z</time></trkpt><trkpt lat="41.94708" lon="-111.60766000000001"><ele>2537.00</ele><time>2026-05-17T00:43:39Z</time></trkpt><trkpt lat="41.94718" lon="-111.60757999999998"><ele>2529.60</ele><time>2026-05-17T00:43:47Z</time></trkpt><trkpt lat="41.94729" lon="-111.60755"><ele>2522.20</ele><time>2026-05-17T00:43:55Z</time></trkpt><trkpt lat="41.9476" lon="-111.60765000000004"><ele>2514.80</ele><time>2026-05-17T00:44:18Z</time></trkpt><trkpt lat="41.94786" lon="-111.60777999999999"><ele>2507.40</ele><time>2026-05-17T00:44:37Z</time></trkpt><trkpt lat="41.94818" lon="-111.608"><ele>2500.00</ele><time>2026-05-17T00:45:02Z</time></trkpt><trkpt lat="41.94879" lon="-111.60831999999999"><ele>2500.30</ele><time>2026-05-17T00:45:48Z</time></trkpt><trkpt lat="41.94922" lon="-111.60843"><ele>2500.60</ele><time>2026-05-17T00:46:19Z</time></trkpt><trkpt lat="41.949284501385065" lon="-111.60844870982169"><ele>2500.90</ele><time>2026-05-17T00:46:23Z</time></trkpt><trkpt lat="41.94935099756032" lon="-111.60843791534421"><ele>2501.20</ele><time>2026-05-17T00:46:28Z</time></trkpt><trkpt lat="41.94948" lon="-111.60836"><ele>2501.50</ele><time>2026-05-17T00:46:38Z</time></trkpt><trkpt lat="41.94964" lon="-111.60825999999997"><ele>2501.80</ele><time>2026-05-17T00:46:50Z</time></trkpt><trkpt lat="41.95013" lon="-111.60782"><ele>2502.10</ele><time>2026-05-17T00:47:32Z</time></trkpt><trkpt lat="41.95019599744769" lon="-111.60776183680537"><ele>2502.40</ele><time>2026-05-17T00:47:37Z</time></trkpt><trkpt lat="41.950227998731876" lon="-111.60775287177563"><ele>2502.70</ele><time>2026-05-17T00:47:40Z</time></trkpt><trkpt lat="41.95026" lon="-111.60775999999998"><ele>2503.00</ele><time>2026-05-17T00:47:42Z</time></trkpt><trkpt lat="41.95054" lon="-111.60777999999999"><ele>2502.30</ele><time>2026-05-17T00:48:02Z</time></trkpt><trkpt lat="41.95098" lon="-111.60793000000001"><ele>2501.60</ele><time>2026-05-17T00:48:33Z</time></trkpt><trkpt lat="41.9512401543121" lon="-111.60793000000001"><ele>2500.90</ele><time>2026-05-17T00:48:52Z</time></trkpt><trkpt lat="41.95145220498128" lon="-111.60795524424725"><ele>2500.20</ele><time>2026-05-17T00:49:07Z</time></trkpt><trkpt lat="41.95149570672278" lon="-111.6079493443711"><ele>2499.50</ele><time>2026-05-17T00:49:10Z</time></trkpt><trkpt lat="41.95167" lon="-111.60795000000002"><ele>2498.80</ele><time>2026-05-17T00:49:22Z</time></trkpt><trkpt lat="41.95186398983706" lon="-111.60804293005947"><ele>2498.10</ele><time>2026-05-17T00:49:36Z</time></trkpt><trkpt lat="41.95205" lon="-111.60816"><ele>2497.40</ele><time>2026-05-17T00:49:51Z</time></trkpt><trkpt lat="41.95261" lon="-111.60881"><ele>2496.70</ele><time>2026-05-17T00:50:43Z</time></trkpt><trkpt lat="41.9528" lon="-111.60908999999998"><ele>2496.00</ele><time>2026-05-17T00:51:02Z</time></trkpt><trkpt lat="41.95315" lon="-111.60977000000003"><ele>2496.70</ele><time>2026-05-17T00:51:46Z</time></trkpt><trkpt lat="41.95344" lon="-111.61014999999998"><ele>2497.40</ele><time>2026-05-17T00:52:14Z</time></trkpt><trkpt lat="41.95358" lon="-111.61029000000002"><ele>2498.10</ele><time>2026-05-17T00:52:26Z</time></trkpt><trkpt lat="41.95382" lon="-111.61039"><ele>2498.80</ele><time>2026-05-17T00:52:44Z</time></trkpt><trkpt lat="41.95427" lon="-111.61050999999998"><ele>2499.50</ele><time>2026-05-17T00:53:16Z</time></trkpt><trkpt lat="41.95455" lon="-111.61050999999998"><ele>2500.20</ele><time>2026-05-17T00:53:36Z</time></trkpt><trkpt lat="41.95470587793389" lon="-111.61051316319464"><ele>2500.90</ele><time>2026-05-17T00:53:47Z</time></trkpt><trkpt lat="41.95477" lon="-111.61045999999999"><ele>2501.60</ele><time>2026-05-17T00:53:52Z</time></trkpt><trkpt lat="41.95483328472503" lon="-111.6104152625656"><ele>2502.30</ele><time>2026-05-17T00:53:57Z</time></trkpt><trkpt lat="41.95486492706399" lon="-111.6104237392521"><ele>2503.00</ele><time>2026-05-17T00:53:59Z</time></trkpt><trkpt lat="41.95490867377586" lon="-111.61047893956663"><ele>2501.00</ele><time>2026-05-17T00:54:03Z</time></trkpt><trkpt lat="41.95511" lon="-111.61050999999998"><ele>2499.00</ele><time>2026-05-17T00:54:18Z</time></trkpt><trkpt lat="41.95541" lon="-111.61043000000001"><ele>2497.00</ele><time>2026-05-17T00:54:39Z</time></trkpt><trkpt lat="41.95549461758981" lon="-111.61041672023771"><ele>2495.00</ele><time>2026-05-17T00:54:45Z</time></trkpt><trkpt lat="41.955625688736355" lon="-111.61045031349181"><ele>2493.00</ele><time>2026-05-17T00:54:54Z</time></trkpt><trkpt lat="41.95572428016486" lon="-111.6104520062828"><ele>2491.00</ele><time>2026-05-17T00:55:01Z</time></trkpt><trkpt lat="41.955798935600605" lon="-111.61043224140167"><ele>2489.00</ele><time>2026-05-17T00:55:07Z</time></trkpt><trkpt lat="41.95604" lon="-111.6105"><ele>2487.00</ele><time>2026-05-17T00:55:24Z</time></trkpt><trkpt lat="41.95645" lon="-111.61068"><ele>2485.00</ele><time>2026-05-17T00:55:54Z</time></trkpt><trkpt lat="41.95673" lon="-111.61086"><ele>2483.00</ele><time>2026-05-17T00:56:16Z</time></trkpt><trkpt lat="41.95680446049655" lon="-111.61090065641406"><ele>2483.20</ele><time>2026-05-17T00:56:22Z</time></trkpt><trkpt lat="41.95689355083937" lon="-111.61096792327879"><ele>2483.40</ele><time>2026-05-17T00:56:29Z</time></trkpt><trkpt lat="41.956928122872945" lon="-111.61098278124808"><ele>2483.60</ele><time>2026-05-17T00:56:31Z</time></trkpt><trkpt lat="41.957037161237324" lon="-111.61109883969783"><ele>2483.80</ele><time>2026-05-17T00:56:41Z</time></trkpt><trkpt lat="41.95722" lon="-111.61129"><ele>2484.00</ele><time>2026-05-17T00:56:57Z</time></trkpt><trkpt lat="41.95744800539793" lon="-111.61144206994055"><ele>2484.20</ele><time>2026-05-17T00:57:15Z</time></trkpt><trkpt lat="41.95756" lon="-111.61144999999999"><ele>2484.40</ele><time>2026-05-17T00:57:23Z</time></trkpt><trkpt lat="41.95779" lon="-111.61140999999998"><ele>2484.60</ele><time>2026-05-17T00:57:39Z</time></trkpt><trkpt lat="41.95797" lon="-111.61142999999998"><ele>2484.80</ele><time>2026-05-17T00:57:52Z</time></trkpt><trkpt lat="41.95846" lon="-111.61167"><ele>2485.00</ele><time>2026-05-17T00:58:28Z</time></trkpt><trkpt lat="41.958569972914226" lon="-111.61168548098567"><ele>2487.10</ele><time>2026-05-17T00:58:36Z</time></trkpt><trkpt lat="41.95866" lon="-111.61165"><ele>2489.20</ele><time>2026-05-17T00:58:43Z</time></trkpt><trkpt lat="41.95881" lon="-111.61160000000001"><ele>2491.30</ele><time>2026-05-17T00:58:54Z</time></trkpt><trkpt lat="41.95891" lon="-111.61153000000002"><ele>2493.40</ele><time>2026-05-17T00:59:02Z</time></trkpt><trkpt lat="41.95908" lon="-111.61133999999998"><ele>2495.50</ele><time>2026-05-17T00:59:17Z</time></trkpt><trkpt lat="41.95954" lon="-111.61075"><ele>2497.60</ele><time>2026-05-17T01:00:02Z</time></trkpt><trkpt lat="41.95971" lon="-111.61058000000003"><ele>2499.70</ele><time>2026-05-17T01:00:17Z</time></trkpt><trkpt lat="41.96011" lon="-111.61025999999998"><ele>2501.80</ele><time>2026-05-17T01:00:49Z</time></trkpt><trkpt lat="41.9606" lon="-111.60962999999998"><ele>2503.90</ele><time>2026-05-17T01:01:37Z</time></trkpt><trkpt lat="41.96092" lon="-111.60906"><ele>2506.00</ele><time>2026-05-17T01:02:14Z</time></trkpt><trkpt lat="41.96103" lon="-111.60894000000002"><ele>2504.10</ele><time>2026-05-17T01:02:24Z</time></trkpt><trkpt lat="41.9611" lon="-111.60895"><ele>2502.20</ele><time>2026-05-17T01:02:29Z</time></trkpt><trkpt lat="41.96124" lon="-111.60908999999998"><ele>2500.30</ele><time>2026-05-17T01:02:41Z</time></trkpt><trkpt lat="41.9613938183454" lon="-111.60948153760648"><ele>2498.40</ele><time>2026-05-17T01:03:04Z</time></trkpt><trkpt lat="41.961399396656034" lon="-111.60949573694262"><ele>2496.50</ele><time>2026-05-17T01:03:05Z</time></trkpt><trkpt lat="41.96146" lon="-111.60964999999999"><ele>2494.60</ele><time>2026-05-17T01:03:14Z</time></trkpt><trkpt lat="41.96167" lon="-111.61004000000003"><ele>2492.70</ele><time>2026-05-17T01:03:39Z</time></trkpt><trkpt lat="41.9618" lon="-111.61018000000001"><ele>2490.80</ele><time>2026-05-17T01:03:51Z</time></trkpt><trkpt lat="41.96231" lon="-111.61050999999998"><ele>2488.90</ele><time>2026-05-17T01:04:31Z</time></trkpt><trkpt lat="41.96283" lon="-111.61090999999999"><ele>2487.00</ele><time>2026-05-17T01:05:13Z</time></trkpt><trkpt lat="41.96324" lon="-111.61129"><ele>2487.50</ele><time>2026-05-17T01:05:48Z</time></trkpt><trkpt lat="41.96369" lon="-111.61163999999997"><ele>2488.00</ele><time>2026-05-17T01:06:24Z</time></trkpt><trkpt lat="41.96394" lon="-111.61190999999997"><ele>2488.50</ele><time>2026-05-17T01:06:47Z</time></trkpt><trkpt lat="41.96436" lon="-111.61256000000003"><ele>2489.00</ele><time>2026-05-17T01:07:31Z</time></trkpt><trkpt lat="41.96448" lon="-111.61261999999999"><ele>2489.50</ele><time>2026-05-17T01:07:40Z</time></trkpt><trkpt lat="41.96464" lon="-111.61261999999999"><ele>2490.00</ele><time>2026-05-17T01:07:52Z</time></trkpt><trkpt lat="41.96507" lon="-111.61248999999998"><ele>2490.50</ele><time>2026-05-17T01:08:23Z</time></trkpt><trkpt lat="41.96531" lon="-111.61252999999999"><ele>2491.00</ele><time>2026-05-17T01:08:40Z</time></trkpt><trkpt lat="41.96571" lon="-111.61252999999999"><ele>2491.50</ele><time>2026-05-17T01:09:08Z</time></trkpt><trkpt lat="41.96582" lon="-111.61250000000001"><ele>2492.00</ele><time>2026-05-17T01:09:15Z</time></trkpt><trkpt lat="41.96611" lon="-111.61238000000003"><ele>2481.60</ele><time>2026-05-17T01:09:37Z</time></trkpt><trkpt lat="41.96683" lon="-111.61216000000002"><ele>2471.20</ele><time>2026-05-17T01:10:29Z</time></trkpt><trkpt lat="41.96726" lon="-111.61196999999999"><ele>2460.80</ele><time>2026-05-17T01:11:00Z</time></trkpt><trkpt lat="41.96766" lon="-111.61189999999999"><ele>2450.40</ele><time>2026-05-17T01:11:29Z</time></trkpt><trkpt lat="41.96766" lon="-111.61189999999999"><ele>2440.00</ele><time>2026-05-17T01:11:29Z</time></trkpt><trkpt lat="41.96806" lon="-111.61187999999999"><ele>2429.60</ele><time>2026-05-17T01:11:57Z</time></trkpt><trkpt lat="41.96868" lon="-111.61167"><ele>2419.20</ele><time>2026-05-17T01:12:41Z</time></trkpt><trkpt lat="41.969" lon="-111.61167"><ele>2408.80</ele><time>2026-05-17T01:13:04Z</time></trkpt><trkpt lat="41.96942" lon="-111.61162000000002"><ele>2398.40</ele><time>2026-05-17T01:13:34Z</time></trkpt><trkpt lat="41.9697" lon="-111.61144000000002"><ele>2388.00</ele><time>2026-05-17T01:13:55Z</time></trkpt><trkpt lat="41.97009" lon="-111.61131999999998"><ele>2388.10</ele><time>2026-05-17T01:14:23Z</time></trkpt><trkpt lat="41.97031" lon="-111.61136999999997"><ele>2388.20</ele><time>2026-05-17T01:14:39Z</time></trkpt><trkpt lat="41.97049" lon="-111.61131"><ele>2388.30</ele><time>2026-05-17T01:14:52Z</time></trkpt><trkpt lat="41.97049" lon="-111.61131"><ele>2388.40</ele><time>2026-05-17T01:14:52Z</time></trkpt><trkpt lat="41.97056" lon="-111.61094000000003"><ele>2388.50</ele><time>2026-05-17T01:15:12Z</time></trkpt><trkpt lat="41.97057604066333" lon="-111.60992169080737"><ele>2388.60</ele><time>2026-05-17T01:16:05Z</time></trkpt><trkpt lat="41.97071407575283" lon="-111.60926890674591"><ele>2388.70</ele><time>2026-05-17T01:16:40Z</time></trkpt><trkpt lat="41.9707920670159" lon="-111.60898408895491"><ele>2388.80</ele><time>2026-05-17T01:16:56Z</time></trkpt><trkpt lat="41.97084812217804" lon="-111.60870061226842"><ele>2388.90</ele><time>2026-05-17T01:17:12Z</time></trkpt><trkpt lat="41.97086212509858" lon="-111.6083962828207"><ele>2389.00</ele><time>2026-05-17T01:17:27Z</time></trkpt><trkpt lat="41.97088109164856" lon="-111.60824680030584"><ele>2386.10</ele><time>2026-05-17T01:17:35Z</time></trkpt><trkpt lat="41.970907037826066" lon="-111.60809731779096"><ele>2383.20</ele><time>2026-05-17T01:17:43Z</time></trkpt><trkpt lat="41.971010014627105" lon="-111.60775670552255"><ele>2380.30</ele><time>2026-05-17T01:18:03Z</time></trkpt><trkpt lat="41.97106812232266" lon="-111.60739597668646"><ele>2377.40</ele><time>2026-05-17T01:18:22Z</time></trkpt><trkpt lat="41.97115" lon="-111.60701"><ele>2374.50</ele><time>2026-05-17T01:18:43Z</time></trkpt><trkpt lat="41.97112" lon="-111.60693000000003"><ele>2371.60</ele><time>2026-05-17T01:18:47Z</time></trkpt><trkpt lat="41.97104" lon="-111.60689000000002"><ele>2368.70</ele><time>2026-05-17T01:18:53Z</time></trkpt><trkpt lat="41.97094" lon="-111.60692"><ele>2365.80</ele><time>2026-05-17T01:19:01Z</time></trkpt><trkpt lat="41.9706" lon="-111.60723000000002"><ele>2362.90</ele><time>2026-05-17T01:19:29Z</time></trkpt><trkpt lat="41.97055" lon="-111.60723999999999"><ele>2360.00</ele><time>2026-05-17T01:19:33Z</time></trkpt><trkpt lat="41.97045" lon="-111.60720000000003"><ele>2357.90</ele><time>2026-05-17T01:19:40Z</time></trkpt><trkpt lat="41.9704" lon="-111.60712999999998"><ele>2355.80</ele><time>2026-05-17T01:19:45Z</time></trkpt><trkpt lat="41.97038" lon="-111.60703000000001"><ele>2353.70</ele><time>2026-05-17T01:19:51Z</time></trkpt><trkpt lat="41.97034205221607" lon="-111.6067740233135"><ele>2351.60</ele><time>2026-05-17T01:20:04Z</time></trkpt><trkpt lat="41.970324104427064" lon="-111.60626402331354"><ele>2349.50</ele><time>2026-05-17T01:20:31Z</time></trkpt><trkpt lat="41.970299031901796" lon="-111.60580743435861"><ele>2347.40</ele><time>2026-05-17T01:20:55Z</time></trkpt><trkpt lat="41.97024539716534" lon="-111.60564247792718"><ele>2345.30</ele><time>2026-05-17T01:21:04Z</time></trkpt><trkpt lat="41.97009703766124" lon="-111.60533804662703"><ele>2343.20</ele><time>2026-05-17T01:21:23Z</time></trkpt><trkpt lat="41.96996551318087" lon="-111.60508932944776"><ele>2341.10</ele><time>2026-05-17T01:21:39Z</time></trkpt><trkpt lat="41.969816040496774" lon="-111.60485938773155"><ele>2339.00</ele><time>2026-05-17T01:21:55Z</time></trkpt><trkpt lat="41.96972703758594" lon="-111.60476486871721"><ele>2335.80</ele><time>2026-05-17T01:22:03Z</time></trkpt><trkpt lat="41.96958803466852" lon="-111.60463413988111"><ele>2332.60</ele><time>2026-05-17T01:22:15Z</time></trkpt><trkpt lat="41.96936700907176" lon="-111.60448804662701"><ele>2329.40</ele><time>2026-05-17T01:22:32Z</time></trkpt><trkpt lat="41.96913401729135" lon="-111.60437145767213"><ele>2326.20</ele><time>2026-05-17T01:22:50Z</time></trkpt><trkpt lat="41.96901304896138" lon="-111.6042948687172"><ele>2323.00</ele><time>2026-05-17T01:22:59Z</time></trkpt><trkpt lat="41.96895606910186" lon="-111.60420072883608"><ele>2319.80</ele><time>2026-05-17T01:23:05Z</time></trkpt><trkpt lat="41.96893906045806" lon="-111.60408463558196"><ele>2316.60</ele><time>2026-05-17T01:23:12Z</time></trkpt><trkpt lat="41.968969559035365" lon="-111.60399225950721"><ele>2313.40</ele><time>2026-05-17T01:23:17Z</time></trkpt><trkpt lat="41.969010028799815" lon="-111.60389720122339"><ele>2310.20</ele><time>2026-05-17T01:23:22Z</time></trkpt><trkpt lat="41.96932" lon="-111.60356999999999"><ele>2307.00</ele><time>2026-05-17T01:23:50Z</time></trkpt><trkpt lat="41.96986" lon="-111.60307999999998"><ele>2307.00</ele><time>2026-05-17T01:24:36Z</time></trkpt><trkpt lat="41.97" lon="-111.60300000000001"><ele>2307.00</ele><time>2026-05-17T01:24:47Z</time></trkpt><trkpt lat="41.97029" lon="-111.60295000000002"><ele>2307.00</ele><time>2026-05-17T01:25:07Z</time></trkpt><trkpt lat="41.97038" lon="-111.60289999999998"><ele>2307.00</ele><time>2026-05-17T01:25:14Z</time></trkpt><trkpt lat="41.97044" lon="-111.60279000000003"><ele>2307.00</ele><time>2026-05-17T01:25:21Z</time></trkpt><trkpt lat="41.97045" lon="-111.60271999999998"><ele>2307.00</ele><time>2026-05-17T01:25:25Z</time></trkpt><trkpt lat="41.97044" lon="-111.60261000000003"><ele>2307.00</ele><time>2026-05-17T01:25:30Z</time></trkpt><trkpt lat="41.9704" lon="-111.60253"><ele>2307.00</ele><time>2026-05-17T01:25:35Z</time></trkpt><trkpt lat="41.97007" lon="-111.60219999999998"><ele>2307.00</ele><time>2026-05-17T01:26:04Z</time></trkpt><trkpt lat="41.96995" lon="-111.60217999999998"><ele>2307.00</ele><time>2026-05-17T01:26:13Z</time></trkpt><trkpt lat="41.96985" lon="-111.60219999999998"><ele>2304.50</ele><time>2026-05-17T01:26:20Z</time></trkpt><trkpt lat="41.96951299133675" lon="-111.6023160932541"><ele>2302.00</ele><time>2026-05-17T01:26:44Z</time></trkpt><trkpt lat="41.96924941559928" lon="-111.60229701165679"><ele>2299.50</ele><time>2026-05-17T01:27:03Z</time></trkpt><trkpt lat="41.969076745453464" lon="-111.60230490521667"><ele>2297.00</ele><time>2026-05-17T01:27:15Z</time></trkpt><trkpt lat="41.96898583877122" lon="-111.60233425644873"><ele>2294.50</ele><time>2026-05-17T01:27:21Z</time></trkpt><trkpt lat="41.96894740644863" lon="-111.60234306105377"><ele>2292.00</ele><time>2026-05-17T01:27:24Z</time></trkpt><trkpt lat="41.96889900288525" lon="-111.60233309019566"><ele>2289.50</ele><time>2026-05-17T01:27:28Z</time></trkpt><trkpt lat="41.968841083447025" lon="-111.60224877546312"><ele>2287.00</ele><time>2026-05-17T01:27:34Z</time></trkpt><trkpt lat="41.968738063267956" lon="-111.60198218650817"><ele>2284.50</ele><time>2026-05-17T01:27:49Z</time></trkpt><trkpt lat="41.968720675519755" lon="-111.6019042053606"><ele>2282.00</ele><time>2026-05-17T01:27:54Z</time></trkpt><trkpt lat="41.96863307760373" lon="-111.60151000000002"><ele>2278.00</ele><time>2026-05-17T01:28:15Z</time></trkpt><trkpt lat="41.9686170948423" lon="-111.60128440244677"><ele>2274.00</ele><time>2026-05-17T01:28:27Z</time></trkpt><trkpt lat="41.96864857617785" lon="-111.60091574355124"><ele>2270.00</ele><time>2026-05-17T01:28:46Z</time></trkpt><trkpt lat="41.96864615522988" lon="-111.600587317791"><ele>2266.00</ele><time>2026-05-17T01:29:03Z</time></trkpt><trkpt lat="41.96864715235567" lon="-111.60039854232787"><ele>2262.00</ele><time>2026-05-17T01:29:13Z</time></trkpt><trkpt lat="41.968593106325606" lon="-111.60006011656765"><ele>2258.00</ele><time>2026-05-17T01:29:31Z</time></trkpt><trkpt lat="41.96859712357229" lon="-111.59986766749381"><ele>2254.00</ele><time>2026-05-17T01:29:41Z</time></trkpt><trkpt lat="41.968640143725175" lon="-111.59968241964339"><ele>2250.00</ele><time>2026-05-17T01:29:51Z</time></trkpt><trkpt lat="41.968677109254465" lon="-111.5995851165676"><ele>2246.00</ele><time>2026-05-17T01:29:57Z</time></trkpt><trkpt lat="41.96873401725376" lon="-111.59950793005942"><ele>2242.00</ele><time>2026-05-17T01:30:03Z</time></trkpt><trkpt lat="41.96907" lon="-111.59928000000002"><ele>2242.20</ele><time>2026-05-17T01:30:29Z</time></trkpt><trkpt lat="41.9692" lon="-111.59911999999997"><ele>2242.40</ele><time>2026-05-17T01:30:42Z</time></trkpt><trkpt lat="41.9692" lon="-111.59911999999997"><ele>2242.60</ele><time>2026-05-17T01:30:42Z</time></trkpt><trkpt lat="41.96947" lon="-111.59868"><ele>2242.80</ele><time>2026-05-17T01:31:11Z</time></trkpt><trkpt lat="41.96953" lon="-111.59845999999999"><ele>2243.00</ele><time>2026-05-17T01:31:23Z</time></trkpt><trkpt lat="41.96946" lon="-111.5983"><ele>2243.20</ele><time>2026-05-17T01:31:33Z</time></trkpt><trkpt lat="41.96937" lon="-111.59821"><ele>2243.40</ele><time>2026-05-17T01:31:41Z</time></trkpt><trkpt lat="41.96922" lon="-111.59812999999997"><ele>2243.60</ele><time>2026-05-17T01:31:52Z</time></trkpt><trkpt lat="41.969004017279126" lon="-111.5981562098217"><ele>2243.80</ele><time>2026-05-17T01:32:08Z</time></trkpt><trkpt lat="41.9688950431733" lon="-111.5981409619713"><ele>2244.00</ele><time>2026-05-17T01:32:15Z</time></trkpt><trkpt lat="41.96872507189092" lon="-111.5979388920307"><ele>2241.30</ele><time>2026-05-17T01:32:31Z</time></trkpt><trkpt lat="41.96866108336532" lon="-111.59779341104507"><ele>2238.60</ele><time>2026-05-17T01:32:40Z</time></trkpt><trkpt lat="41.96861304885499" lon="-111.59758609325411"><ele>2235.90</ele><time>2026-05-17T01:32:51Z</time></trkpt><trkpt lat="41.968596567530724" lon="-111.59746804662706"><ele>2233.20</ele><time>2026-05-17T01:32:58Z</time></trkpt><trkpt lat="41.96858008620219" lon="-111.59735268220902"><ele>2230.50</ele><time>2026-05-17T01:33:04Z</time></trkpt><trkpt lat="41.96867" lon="-111.59643"><ele>2227.80</ele><time>2026-05-17T01:33:52Z</time></trkpt><trkpt lat="41.968662022996135" lon="-111.59645011656761"><ele>2225.10</ele><time>2026-05-17T01:33:53Z</time></trkpt><trkpt lat="41.968440057422725" lon="-111.59601413988116"><ele>2222.40</ele><time>2026-05-17T01:34:21Z</time></trkpt><trkpt lat="41.96790304866601" lon="-111.59518816319468"><ele>2219.70</ele><time>2026-05-17T01:35:18Z</time></trkpt><trkpt lat="41.96766" lon="-111.59485000000001"><ele>2217.00</ele><time>2026-05-17T01:35:43Z</time></trkpt><trkpt lat="41.9676510257283" lon="-111.59486475214959"><ele>2211.30</ele><time>2026-05-17T01:35:44Z</time></trkpt><trkpt lat="41.96712301995293" lon="-111.59419938773152"><ele>2205.60</ele><time>2026-05-17T01:36:34Z</time></trkpt><trkpt lat="41.96679" lon="-111.59392000000003"><ele>2199.90</ele><time>2026-05-17T01:37:02Z</time></trkpt><trkpt lat="41.96644" lon="-111.59377999999998"><ele>2194.20</ele><time>2026-05-17T01:37:28Z</time></trkpt><trkpt lat="41.96563" lon="-111.59352000000001"><ele>2188.50</ele><time>2026-05-17T01:38:26Z</time></trkpt><trkpt lat="41.96402" lon="-111.59312"><ele>2182.80</ele><time>2026-05-17T01:40:21Z</time></trkpt><trkpt lat="41.96303" lon="-111.59273000000002"><ele>2177.10</ele><time>2026-05-17T01:41:33Z</time></trkpt><trkpt lat="41.960631873889874" lon="-111.59163003215303"><ele>2171.40</ele><time>2026-05-17T01:44:31Z</time></trkpt><trkpt lat="41.96046736722934" lon="-111.5913282571014"><ele>2165.70</ele><time>2026-05-17T01:44:51Z</time></trkpt><trkpt lat="41.96035719059115" lon="-111.59116529963501"><ele>2160.00</ele><time>2026-05-17T01:45:02Z</time></trkpt><trkpt lat="41.960231057644386" lon="-111.59111231273823"><ele>2160.00</ele><time>2026-05-17T01:45:11Z</time></trkpt><trkpt lat="41.9602598442895" lon="-111.59111202796475"><ele>2160.00</ele><time>2026-05-17T01:45:13Z</time></trkpt><trkpt lat="41.96040444639783" lon="-111.59114957889096"><ele>2160.00</ele><time>2026-05-17T01:45:24Z</time></trkpt><trkpt lat="41.96039447384918" lon="-111.59106240709798"><ele>2160.00</ele><time>2026-05-17T01:45:28Z</time></trkpt><trkpt lat="41.960395253726986" lon="-111.5910623580827"><ele>2160.00</ele><time>2026-05-17T01:45:28Z</time></trkpt><trkpt lat="41.96039" lon="-111.59091000000001"><ele>2160.00</ele><time>2026-05-17T01:45:36Z</time></trkpt><trkpt lat="41.96035" lon="-111.59082999999998"><ele>2160.00</ele><time>2026-05-17T01:45:41Z</time></trkpt><trkpt lat="41.96021" lon="-111.59064000000001"><ele>2160.00</ele><time>2026-05-17T01:45:55Z</time></trkpt><trkpt lat="41.96018" lon="-111.59054000000003"><ele>2160.00</ele><time>2026-05-17T01:46:01Z</time></trkpt><trkpt lat="41.96018" lon="-111.59015"><ele>2160.00</ele><time>2026-05-17T01:46:21Z</time></trkpt><trkpt lat="41.960156099307056" lon="-111.58995879445644"><ele>2161.40</ele><time>2026-05-17T01:46:31Z</time></trkpt><trkpt lat="41.96015620136938" lon="-111.58995961095508"><ele>2162.80</ele><time>2026-05-17T01:46:31Z</time></trkpt><trkpt lat="41.96015" lon="-111.58991000000003"><ele>2164.20</ele><time>2026-05-17T01:46:34Z</time></trkpt><trkpt lat="41.96017495887821" lon="-111.58984975214958"><ele>2165.60</ele><time>2026-05-17T01:46:38Z</time></trkpt><trkpt lat="41.96023829846077" lon="-111.58980889938834"><ele>2167.00</ele><time>2026-05-17T01:46:42Z</time></trkpt><trkpt lat="41.96027172028143" lon="-111.58976000000001"><ele>2168.40</ele><time>2026-05-17T01:46:46Z</time></trkpt><trkpt lat="41.960280941446854" lon="-111.58967302418972"><ele>2169.80</ele><time>2026-05-17T01:46:51Z</time></trkpt><trkpt lat="41.96026907492026" lon="-111.58961316106843"><ele>2171.20</ele><time>2026-05-17T01:46:54Z</time></trkpt><trkpt lat="41.96035" lon="-111.58940000000001"><ele>2172.60</ele><time>2026-05-17T01:47:06Z</time></trkpt><trkpt lat="41.96052" lon="-111.58893999999998"><ele>2174.00</ele><time>2026-05-17T01:47:33Z</time></trkpt><trkpt lat="41.96074" lon="-111.58859999999999"><ele>2176.80</ele><time>2026-05-17T01:47:57Z</time></trkpt><trkpt lat="41.96093" lon="-111.58843999999999"><ele>2179.60</ele><time>2026-05-17T01:48:12Z</time></trkpt><trkpt lat="41.96108" lon="-111.58839"><ele>2182.40</ele><time>2026-05-17T01:48:23Z</time></trkpt><trkpt lat="41.96161" lon="-111.58837"><ele>2185.20</ele><time>2026-05-17T01:49:00Z</time></trkpt><trkpt lat="41.96231" lon="-111.58825999999999"><ele>2188.00</ele><time>2026-05-17T01:49:50Z</time></trkpt><trkpt lat="41.96269" lon="-111.58814999999998"><ele>2190.80</ele><time>2026-05-17T01:50:17Z</time></trkpt><trkpt lat="41.96284" lon="-111.58805999999998"><ele>2193.60</ele><time>2026-05-17T01:50:29Z</time></trkpt><trkpt lat="41.96343" lon="-111.58780000000002"><ele>2196.40</ele><time>2026-05-17T01:51:12Z</time></trkpt><trkpt lat="41.96386" lon="-111.58766000000003"><ele>2199.20</ele><time>2026-05-17T01:51:43Z</time></trkpt><trkpt lat="41.9640000281922" lon="-111.58760720122336"><ele>2202.00</ele><time>2026-05-17T01:51:53Z</time></trkpt><trkpt lat="41.964080014146305" lon="-111.58758884846213"><ele>2203.40</ele><time>2026-05-17T01:51:59Z</time></trkpt><trkpt lat="41.96416199439201" lon="-111.5875812245369"><ele>2204.80</ele><time>2026-05-17T01:52:05Z</time></trkpt><trkpt lat="41.964467668953056" lon="-111.58767938773155"><ele>2206.20</ele><time>2026-05-17T01:52:27Z</time></trkpt><trkpt lat="41.96455595503905" lon="-111.58770781349182"><ele>2207.60</ele><time>2026-05-17T01:52:33Z</time></trkpt><trkpt lat="41.96468199437571" lon="-111.58790536441802"><ele>2209.00</ele><time>2026-05-17T01:52:47Z</time></trkpt><trkpt lat="41.9649" lon="-111.58805000000001"><ele>2210.40</ele><time>2026-05-17T01:53:04Z</time></trkpt><trkpt lat="41.96539" lon="-111.58856000000003"><ele>2211.80</ele><time>2026-05-17T01:53:47Z</time></trkpt><trkpt lat="41.96578" lon="-111.58888999999999"><ele>2213.20</ele><time>2026-05-17T01:54:20Z</time></trkpt><trkpt lat="41.96613" lon="-111.58906999999999"><ele>2214.60</ele><time>2026-05-17T01:54:46Z</time></trkpt><trkpt lat="41.96632" lon="-111.58909"><ele>2216.00</ele><time>2026-05-17T01:54:59Z</time></trkpt><trkpt lat="41.96658" lon="-111.58904000000001"><ele>2220.70</ele><time>2026-05-17T01:55:18Z</time></trkpt><trkpt lat="41.96678" lon="-111.58895999999999"><ele>2225.40</ele><time>2026-05-17T01:55:32Z</time></trkpt><trkpt lat="41.96717" lon="-111.58895999999999"><ele>2230.10</ele><time>2026-05-17T01:56:00Z</time></trkpt><trkpt lat="41.96746" lon="-111.58888000000002"><ele>2234.80</ele><time>2026-05-17T01:56:20Z</time></trkpt><trkpt lat="41.96766" lon="-111.58888000000002"><ele>2239.50</ele><time>2026-05-17T01:56:34Z</time></trkpt><trkpt lat="41.96766" lon="-111.58888000000002"><ele>2244.20</ele><time>2026-05-17T01:56:34Z</time></trkpt><trkpt lat="41.96879" lon="-111.58844999999997"><ele>2248.90</ele><time>2026-05-17T01:57:57Z</time></trkpt><trkpt lat="41.969" lon="-111.58832999999998"><ele>2253.60</ele><time>2026-05-17T01:58:13Z</time></trkpt><trkpt lat="41.96925" lon="-111.58823000000001"><ele>2258.30</ele><time>2026-05-17T01:58:31Z</time></trkpt><trkpt lat="41.96966" lon="-111.58789999999999"><ele>2263.00</ele><time>2026-05-17T01:59:05Z</time></trkpt><trkpt lat="41.97007" lon="-111.58772999999997"><ele>2266.80</ele><time>2026-05-17T01:59:35Z</time></trkpt><trkpt lat="41.97017" lon="-111.58765"><ele>2270.60</ele><time>2026-05-17T01:59:43Z</time></trkpt><trkpt lat="41.97072" lon="-111.58712000000003"><ele>2274.40</ele><time>2026-05-17T02:00:30Z</time></trkpt><trkpt lat="41.97152" lon="-111.58609999999999"><ele>2278.20</ele><time>2026-05-17T02:01:48Z</time></trkpt><trkpt lat="41.9716" lon="-111.58596"><ele>2282.00</ele><time>2026-05-17T02:01:57Z</time></trkpt><trkpt lat="41.97182" lon="-111.58544999999998"><ele>2285.80</ele><time>2026-05-17T02:02:28Z</time></trkpt><trkpt lat="41.9719" lon="-111.58519000000001"><ele>2289.60</ele><time>2026-05-17T02:02:42Z</time></trkpt><trkpt lat="41.97207" lon="-111.58479"><ele>2293.40</ele><time>2026-05-17T02:03:06Z</time></trkpt><trkpt lat="41.97227" lon="-111.58407"><ele>2297.20</ele><time>2026-05-17T02:03:46Z</time></trkpt><trkpt lat="41.97243" lon="-111.58371999999997"><ele>2301.00</ele><time>2026-05-17T02:04:08Z</time></trkpt><trkpt lat="41.97246" lon="-111.58357999999998"><ele>2304.40</ele><time>2026-05-17T02:04:15Z</time></trkpt><trkpt lat="41.97248" lon="-111.58323000000001"><ele>2307.80</ele><time>2026-05-17T02:04:34Z</time></trkpt><trkpt lat="41.97263" lon="-111.58262000000002"><ele>2311.20</ele><time>2026-05-17T02:05:07Z</time></trkpt><trkpt lat="41.97265" lon="-111.58235000000002"><ele>2314.60</ele><time>2026-05-17T02:05:21Z</time></trkpt><trkpt lat="41.97273" lon="-111.58209"><ele>2318.00</ele><time>2026-05-17T02:05:36Z</time></trkpt><trkpt lat="41.973" lon="-111.58150999999998"><ele>2321.40</ele><time>2026-05-17T02:06:12Z</time></trkpt><trkpt lat="41.97321" lon="-111.58118000000002"><ele>2324.80</ele><time>2026-05-17T02:06:34Z</time></trkpt><trkpt lat="41.97339" lon="-111.58096999999998"><ele>2328.20</ele><time>2026-05-17T02:06:51Z</time></trkpt><trkpt lat="41.97371" lon="-111.58078999999998"><ele>2331.60</ele><time>2026-05-17T02:07:15Z</time></trkpt><trkpt lat="41.97434" lon="-111.58069"><ele>2335.00</ele><time>2026-05-17T02:08:00Z</time></trkpt><trkpt lat="41.97468" lon="-111.58055000000002"><ele>2338.60</ele><time>2026-05-17T02:08:25Z</time></trkpt><trkpt lat="41.97553" lon="-111.57992000000002"><ele>2342.20</ele><time>2026-05-17T02:09:33Z</time></trkpt><trkpt lat="41.97553" lon="-111.57992000000002"><ele>2345.80</ele><time>2026-05-17T02:09:33Z</time></trkpt><trkpt lat="41.97647" lon="-111.57981999999998"><ele>2349.40</ele><time>2026-05-17T02:10:39Z</time></trkpt><trkpt lat="41.97706" lon="-111.57988"><ele>2353.00</ele><time>2026-05-17T02:11:21Z</time></trkpt><trkpt lat="41.97729" lon="-111.57993999999997"><ele>2356.60</ele><time>2026-05-17T02:11:37Z</time></trkpt><trkpt lat="41.97747" lon="-111.57990999999998"><ele>2360.20</ele><time>2026-05-17T02:11:50Z</time></trkpt><trkpt lat="41.97826" lon="-111.58001999999999"><ele>2363.80</ele><time>2026-05-17T02:12:46Z</time></trkpt><trkpt lat="41.97886" lon="-111.58037999999999"><ele>2367.40</ele><time>2026-05-17T02:13:32Z</time></trkpt><trkpt lat="41.97915" lon="-111.58073999999999"><ele>2371.00</ele><time>2026-05-17T02:13:59Z</time></trkpt><trkpt lat="41.97955" lon="-111.58105"><ele>2375.50</ele><time>2026-05-17T02:14:32Z</time></trkpt><trkpt lat="41.97983" lon="-111.58134999999999"><ele>2380.00</ele><time>2026-05-17T02:14:57Z</time></trkpt><trkpt lat="41.98003" lon="-111.58145999999999"><ele>2384.50</ele><time>2026-05-17T02:15:12Z</time></trkpt><trkpt lat="41.98042" lon="-111.58179999999999"><ele>2389.00</ele><time>2026-05-17T02:15:45Z</time></trkpt><trkpt lat="41.98073" lon="-111.58195999999998"><ele>2393.50</ele><time>2026-05-17T02:16:08Z</time></trkpt><trkpt lat="41.98093" lon="-111.58197000000001"><ele>2398.00</ele><time>2026-05-17T02:16:22Z</time></trkpt><trkpt lat="41.98141" lon="-111.58188999999999"><ele>2402.50</ele><time>2026-05-17T02:16:56Z</time></trkpt><trkpt lat="41.98172905014748" lon="-111.58173549570085"><ele>2407.00</ele><time>2026-05-17T02:17:20Z</time></trkpt><trkpt lat="41.98208" lon="-111.58164"><ele>2411.50</ele><time>2026-05-17T02:17:45Z</time></trkpt><trkpt lat="41.98236236460231" lon="-111.5815713411045"><ele>2416.00</ele><time>2026-05-17T02:18:05Z</time></trkpt><trkpt lat="41.98241137756469" lon="-111.58153690980436"><ele>2416.00</ele><time>2026-05-17T02:18:09Z</time></trkpt><trkpt lat="41.98257046672866" lon="-111.58158004385712"><ele>2416.00</ele><time>2026-05-17T02:18:20Z</time></trkpt><trkpt lat="41.98287830235624" lon="-111.58159222315192"><ele>2416.00</ele><time>2026-05-17T02:18:42Z</time></trkpt><trkpt lat="41.98311097470924" lon="-111.58160367721734"><ele>2416.00</ele><time>2026-05-17T02:18:58Z</time></trkpt><trkpt lat="41.98326389450552" lon="-111.58163390674588"><ele>2416.00</ele><time>2026-05-17T02:19:09Z</time></trkpt><trkpt lat="41.98378510890173" lon="-111.58182049570087"><ele>2416.00</ele><time>2026-05-17T02:19:47Z</time></trkpt><trkpt lat="41.98399" lon="-111.58185000000003"><ele>2416.00</ele><time>2026-05-17T02:20:01Z</time></trkpt><trkpt lat="41.98399" lon="-111.58185000000003"><ele>2416.00</ele><time>2026-05-17T02:20:01Z</time></trkpt><trkpt lat="41.98456" lon="-111.58177999999998"><ele>2416.00</ele><time>2026-05-17T02:20:41Z</time></trkpt><trkpt lat="41.98478" lon="-111.58167000000003"><ele>2416.00</ele><time>2026-05-17T02:20:58Z</time></trkpt><trkpt lat="41.98514" lon="-111.58143999999999"><ele>2421.60</ele><time>2026-05-17T02:21:26Z</time></trkpt><trkpt lat="41.98542" lon="-111.58122000000003"><ele>2427.20</ele><time>2026-05-17T02:21:48Z</time></trkpt><trkpt lat="41.98603" lon="-111.58060999999998"><ele>2432.80</ele><time>2026-05-17T02:22:42Z</time></trkpt><trkpt lat="41.98617735589845" lon="-111.58040851289752"><ele>2438.40</ele><time>2026-05-17T02:22:57Z</time></trkpt><trkpt lat="41.986262807237665" lon="-111.58030925644874"><ele>2444.00</ele><time>2026-05-17T02:23:04Z</time></trkpt><trkpt lat="41.98643" lon="-111.58020999999997"><ele>2449.60</ele><time>2026-05-17T02:23:17Z</time></trkpt><trkpt lat="41.98671346570808" lon="-111.5798202037048"><ele>2455.20</ele><time>2026-05-17T02:23:46Z</time></trkpt><trkpt lat="41.98712253168178" lon="-111.57929763806345"><ele>2460.80</ele><time>2026-05-17T02:24:25Z</time></trkpt><trkpt lat="41.9873312344846" lon="-111.57904161780834"><ele>2466.40</ele><time>2026-05-17T02:24:45Z</time></trkpt><trkpt lat="41.987496076067956" lon="-111.57873731779097"><ele>2472.00</ele><time>2026-05-17T02:25:05Z</time></trkpt><trkpt lat="41.98785" lon="-111.57828"><ele>2469.00</ele><time>2026-05-17T02:25:39Z</time></trkpt><trkpt lat="41.98817" lon="-111.57779"><ele>2466.00</ele><time>2026-05-17T02:26:13Z</time></trkpt><trkpt lat="41.98846" lon="-111.57715000000002"><ele>2463.00</ele><time>2026-05-17T02:26:52Z</time></trkpt><trkpt lat="41.98846" lon="-111.57715000000002"><ele>2460.00</ele><time>2026-05-17T02:26:52Z</time></trkpt><trkpt lat="41.98868" lon="-111.57664999999997"><ele>2457.00</ele><time>2026-05-17T02:27:23Z</time></trkpt><trkpt lat="41.98887001625295" lon="-111.57628317790989"><ele>2454.00</ele><time>2026-05-17T02:27:46Z</time></trkpt><trkpt lat="41.9890540511013" lon="-111.57596731779097"><ele>2451.00</ele><time>2026-05-17T02:28:07Z</time></trkpt><trkpt lat="41.98908128117459" lon="-111.57590238487973"><ele>2448.00</ele><time>2026-05-17T02:28:11Z</time></trkpt><trkpt lat="41.9890952364552" lon="-111.57588226831211"><ele>2445.00</ele><time>2026-05-17T02:28:12Z</time></trkpt><trkpt lat="41.98921" lon="-111.57565999999997"><ele>2442.00</ele><time>2026-05-17T02:28:26Z</time></trkpt><trkpt lat="41.98928" lon="-111.57541000000003"><ele>2445.10</ele><time>2026-05-17T02:28:40Z</time></trkpt><trkpt lat="41.9893" lon="-111.57511999999997"><ele>2448.20</ele><time>2026-05-17T02:28:55Z</time></trkpt><trkpt lat="41.9893" lon="-111.57490999999999"><ele>2451.30</ele><time>2026-05-17T02:29:06Z</time></trkpt><trkpt lat="41.98928189769524" lon="-111.57477682209014"><ele>2454.40</ele><time>2026-05-17T02:29:13Z</time></trkpt><trkpt lat="41.98899398722906" lon="-111.57422463558197"><ele>2457.50</ele><time>2026-05-17T02:29:48Z</time></trkpt><trkpt lat="41.988666076507634" lon="-111.57385743435862"><ele>2460.60</ele><time>2026-05-17T02:30:18Z</time></trkpt><trkpt lat="41.98846" lon="-111.57346000000001"><ele>2463.70</ele><time>2026-05-17T02:30:44Z</time></trkpt><trkpt lat="41.98822" lon="-111.57315"><ele>2466.80</ele><time>2026-05-17T02:31:07Z</time></trkpt><trkpt lat="41.98809" lon="-111.57290999999998"><ele>2469.90</ele><time>2026-05-17T02:31:22Z</time></trkpt><trkpt lat="41.98806" lon="-111.57274999999998"><ele>2473.00</ele><time>2026-05-17T02:31:31Z</time></trkpt><trkpt lat="41.98809" lon="-111.57250999999997"><ele>2476.00</ele><time>2026-05-17T02:31:44Z</time></trkpt><trkpt lat="41.98806" lon="-111.57222000000002"><ele>2479.00</ele><time>2026-05-17T02:31:59Z</time></trkpt><trkpt lat="41.98789" lon="-111.57175000000001"><ele>2482.00</ele><time>2026-05-17T02:32:26Z</time></trkpt><trkpt lat="41.987735015865454" lon="-111.57116720122337"><ele>2485.00</ele><time>2026-05-17T02:32:59Z</time></trkpt><trkpt lat="41.98779" lon="-111.57092999999998"><ele>2488.00</ele><time>2026-05-17T02:33:12Z</time></trkpt><trkpt lat="41.98779" lon="-111.57082000000003"><ele>2491.00</ele><time>2026-05-17T02:33:17Z</time></trkpt><trkpt lat="41.98773637694582" lon="-111.57061297773959"><ele>2494.00</ele><time>2026-05-17T02:33:29Z</time></trkpt><trkpt lat="41.987750538098496" lon="-111.57051592604876"><ele>2497.00</ele><time>2026-05-17T02:33:34Z</time></trkpt><trkpt lat="41.98770908251782" lon="-111.57040765335563"><ele>2500.00</ele><time>2026-05-17T02:33:40Z</time></trkpt><trkpt lat="41.98766803806518" lon="-111.57032253621105"><ele>2503.00</ele><time>2026-05-17T02:33:45Z</time></trkpt><trkpt lat="41.987651091987" lon="-111.57019638467312"><ele>2506.10</ele><time>2026-05-17T02:33:52Z</time></trkpt><trkpt lat="41.98768" lon="-111.57002999999997"><ele>2509.20</ele><time>2026-05-17T02:34:01Z</time></trkpt><trkpt lat="41.98768708884017" lon="-111.56982731779101"><ele>2512.30</ele><time>2026-05-17T02:34:12Z</time></trkpt><trkpt lat="41.98775" lon="-111.56963000000002"><ele>2515.40</ele><time>2026-05-17T02:34:23Z</time></trkpt><trkpt lat="41.98789" lon="-111.56925000000001"><ele>2518.50</ele><time>2026-05-17T02:34:45Z</time></trkpt><trkpt lat="41.98787" lon="-111.56896999999998"><ele>2521.60</ele><time>2026-05-17T02:35:00Z</time></trkpt><trkpt lat="41.98779" lon="-111.56870000000004"><ele>2524.70</ele><time>2026-05-17T02:35:15Z</time></trkpt><trkpt lat="41.9875" lon="-111.56806"><ele>2527.80</ele><time>2026-05-17T02:35:54Z</time></trkpt><trkpt lat="41.987" lon="-111.56716"><ele>2530.90</ele><time>2026-05-17T02:36:52Z</time></trkpt><trkpt lat="41.98673803789042" lon="-111.56655938773156"><ele>2534.00</ele><time>2026-05-17T02:37:29Z</time></trkpt><trkpt lat="41.986573022084364" lon="-111.56606268220901"><ele>2534.00</ele><time>2026-05-17T02:37:57Z</time></trkpt><trkpt lat="41.98651856782728" lon="-111.56581755092623"><ele>2534.00</ele><time>2026-05-17T02:38:10Z</time></trkpt><trkpt lat="41.9865" lon="-111.56549999999999"><ele>2534.00</ele><time>2026-05-17T02:38:27Z</time></trkpt><trkpt lat="41.98645" lon="-111.56534999999997"><ele>2534.00</ele><time>2026-05-17T02:38:36Z</time></trkpt><trkpt lat="41.98634000000004" lon="-111.56518303191183"><ele>2534.00</ele><time>2026-05-17T02:38:47Z</time></trkpt><trkpt lat="41.986307072470886" lon="-111.56509724479201"><ele>2534.00</ele><time>2026-05-17T02:38:52Z</time></trkpt><trkpt lat="41.98628363075258" lon="-111.56503423466444"><ele>2534.00</ele><time>2026-05-17T02:38:56Z</time></trkpt><trkpt lat="41.9863150157543" lon="-111.56498999999997"><ele>2534.00</ele><time>2026-05-17T02:38:59Z</time></trkpt><trkpt lat="41.98628660554625" lon="-111.56486597668646"><ele>2534.00</ele><time>2026-05-17T02:39:06Z</time></trkpt><trkpt lat="41.98632" lon="-111.56475"><ele>2534.00</ele><time>2026-05-17T02:39:12Z</time></trkpt><trkpt lat="41.98645" lon="-111.56441999999998"><ele>2531.50</ele><time>2026-05-17T02:39:32Z</time></trkpt><trkpt lat="41.98646897162237" lon="-111.56434134110452"><ele>2529.00</ele><time>2026-05-17T02:39:36Z</time></trkpt><trkpt lat="41.98647" lon="-111.56425999999999"><ele>2526.50</ele><time>2026-05-17T02:39:40Z</time></trkpt><trkpt lat="41.98646" lon="-111.56394999999998"><ele>2524.00</ele><time>2026-05-17T02:39:57Z</time></trkpt><trkpt lat="41.9865" lon="-111.56385999999998"><ele>2521.50</ele><time>2026-05-17T02:40:02Z</time></trkpt><trkpt lat="41.98669" lon="-111.56364000000002"><ele>2519.00</ele><time>2026-05-17T02:40:20Z</time></trkpt><trkpt lat="41.98685" lon="-111.56324999999998"><ele>2516.50</ele><time>2026-05-17T02:40:43Z</time></trkpt><trkpt lat="41.986894082162245" lon="-111.5627360932541"><ele>2514.00</ele><time>2026-05-17T02:41:10Z</time></trkpt><trkpt lat="41.98709" lon="-111.56191000000001"><ele>2511.50</ele><time>2026-05-17T02:41:55Z</time></trkpt><trkpt lat="41.98711" lon="-111.56155999999999"><ele>2509.00</ele><time>2026-05-17T02:42:13Z</time></trkpt><trkpt lat="41.98723" lon="-111.56126"><ele>2506.90</ele><time>2026-05-17T02:42:31Z</time></trkpt><trkpt lat="41.98752" lon="-111.56078000000002"><ele>2504.80</ele><time>2026-05-17T02:43:03Z</time></trkpt><trkpt lat="41.98755" lon="-111.5607"><ele>2502.70</ele><time>2026-05-17T02:43:08Z</time></trkpt><trkpt lat="41.98755" lon="-111.56064000000003"><ele>2500.60</ele><time>2026-05-17T02:43:11Z</time></trkpt><trkpt lat="41.98750602853548" lon="-111.56059986871719"><ele>2498.50</ele><time>2026-05-17T02:43:15Z</time></trkpt><trkpt lat="41.98745806971552" lon="-111.56053023313524"><ele>2496.40</ele><time>2026-05-17T02:43:20Z</time></trkpt><trkpt lat="41.9874431172445" lon="-111.5605082797623"><ele>2494.30</ele><time>2026-05-17T02:43:21Z</time></trkpt><trkpt lat="41.98745408239025" lon="-111.56046486871719"><ele>2492.20</ele><time>2026-05-17T02:43:24Z</time></trkpt><trkpt lat="41.98754" lon="-111.56027"><ele>2490.10</ele><time>2026-05-17T02:43:36Z</time></trkpt><trkpt lat="41.98755" lon="-111.55993000000001"><ele>2488.00</ele><time>2026-05-17T02:43:53Z</time></trkpt><trkpt lat="41.98753" lon="-111.55983000000003"><ele>2486.50</ele><time>2026-05-17T02:43:59Z</time></trkpt><trkpt lat="41.98742" lon="-111.55948999999998"><ele>2485.00</ele><time>2026-05-17T02:44:18Z</time></trkpt><trkpt lat="41.98742" lon="-111.55948999999998"><ele>2483.50</ele><time>2026-05-17T02:44:18Z</time></trkpt><trkpt lat="41.98771" lon="-111.55905999999999"><ele>2482.00</ele><time>2026-05-17T02:44:48Z</time></trkpt><trkpt lat="41.98775916186522" lon="-111.55891157423974"><ele>2480.50</ele><time>2026-05-17T02:44:57Z</time></trkpt><trkpt lat="41.98817812377162" lon="-111.5584001024294"><ele>2479.00</ele><time>2026-05-17T02:45:37Z</time></trkpt><trkpt lat="41.98819820823049" lon="-111.55831468679668"><ele>2477.50</ele><time>2026-05-17T02:45:41Z</time></trkpt><trkpt lat="41.98827603415003" lon="-111.55829343665243"><ele>2476.00</ele><time>2026-05-17T02:45:47Z</time></trkpt><trkpt lat="41.98831" lon="-111.55824000000001"><ele>2474.50</ele><time>2026-05-17T02:45:50Z</time></trkpt><trkpt lat="41.988375047798165" lon="-111.55812596197126"><ele>2473.00</ele><time>2026-05-17T02:45:58Z</time></trkpt><trkpt lat="41.98839461305759" lon="-111.5580273687172"><ele>2473.00</ele><time>2026-05-17T02:46:03Z</time></trkpt><trkpt lat="41.98847" lon="-111.55790999999999"><ele>2473.00</ele><time>2026-05-17T02:46:11Z</time></trkpt><trkpt lat="41.98848421027998" lon="-111.55779776934622"><ele>2473.00</ele><time>2026-05-17T02:46:17Z</time></trkpt><trkpt lat="41.98851318163103" lon="-111.55770600921869"><ele>2473.00</ele><time>2026-05-17T02:46:22Z</time></trkpt><trkpt lat="41.98852221667955" lon="-111.55763034234525"><ele>2473.00</ele><time>2026-05-17T02:46:26Z</time></trkpt><trkpt lat="41.98863" lon="-111.55741999999998"><ele>2473.00</ele><time>2026-05-17T02:46:40Z</time></trkpt><trkpt lat="41.98863" lon="-111.55732999999998"><ele>2473.00</ele><time>2026-05-17T02:46:44Z</time></trkpt><trkpt lat="41.98854" lon="-111.55705999999998"><ele>2473.00</ele><time>2026-05-17T02:47:00Z</time></trkpt><trkpt lat="41.98853" lon="-111.55676"><ele>2473.00</ele><time>2026-05-17T02:47:16Z</time></trkpt><trkpt lat="41.98846" lon="-111.55651999999998"><ele>2473.00</ele><time>2026-05-17T02:47:29Z</time></trkpt><trkpt lat="41.98837" lon="-111.55592999999999"><ele>2469.90</ele><time>2026-05-17T02:48:00Z</time></trkpt><trkpt lat="41.98828" lon="-111.55579999999998"><ele>2466.80</ele><time>2026-05-17T02:48:10Z</time></trkpt><trkpt lat="41.98818" lon="-111.55551000000003"><ele>2463.70</ele><time>2026-05-17T02:48:26Z</time></trkpt><trkpt lat="41.98794" lon="-111.55518000000001"><ele>2460.60</ele><time>2026-05-17T02:48:50Z</time></trkpt><trkpt lat="41.98794" lon="-111.55518000000001"><ele>2457.50</ele><time>2026-05-17T02:48:50Z</time></trkpt><trkpt lat="41.98718" lon="-111.55446"><ele>2454.40</ele><time>2026-05-17T02:49:56Z</time></trkpt><trkpt lat="41.987089936839126" lon="-111.55440278406144"><ele>2451.30</ele><time>2026-05-17T02:50:03Z</time></trkpt><trkpt lat="41.98703194631886" lon="-111.55428901595593"><ele>2448.20</ele><time>2026-05-17T02:50:10Z</time></trkpt><trkpt lat="41.98695202528683" lon="-111.55421279877663"><ele>2445.10</ele><time>2026-05-17T02:50:17Z</time></trkpt><trkpt lat="41.98675498421165" lon="-111.55380632638929"><ele>2442.00</ele><time>2026-05-17T02:50:42Z</time></trkpt><trkpt lat="41.9866" lon="-111.55311"><ele>2439.40</ele><time>2026-05-17T02:51:20Z</time></trkpt><trkpt lat="41.98635" lon="-111.55267000000003"><ele>2436.80</ele><time>2026-05-17T02:51:49Z</time></trkpt><trkpt lat="41.98622985850284" lon="-111.55251827976224"><ele>2434.20</ele><time>2026-05-17T02:52:00Z</time></trkpt><trkpt lat="41.9860937671386" lon="-111.55239874603274"><ele>2431.60</ele><time>2026-05-17T02:52:12Z</time></trkpt><trkpt lat="41.98572" lon="-111.55174999999997"><ele>2429.00</ele><time>2026-05-17T02:52:55Z</time></trkpt><trkpt lat="41.98565" lon="-111.55169999999998"><ele>2426.40</ele><time>2026-05-17T02:53:00Z</time></trkpt><trkpt lat="41.98543" lon="-111.55171000000001"><ele>2423.80</ele><time>2026-05-17T02:53:16Z</time></trkpt><trkpt lat="41.98469" lon="-111.55151999999998"><ele>2421.20</ele><time>2026-05-17T02:54:08Z</time></trkpt><trkpt lat="41.98448" lon="-111.55138999999997"><ele>2418.60</ele><time>2026-05-17T02:54:25Z</time></trkpt><trkpt lat="41.98438003120598" lon="-111.55130548098566"><ele>2416.00</ele><time>2026-05-17T02:54:33Z</time></trkpt><trkpt lat="41.984297040551205" lon="-111.55113670552254"><ele>2414.20</ele><time>2026-05-17T02:54:43Z</time></trkpt><trkpt lat="41.98408" lon="-111.55036999999999"><ele>2412.40</ele><time>2026-05-17T02:55:26Z</time></trkpt><trkpt lat="41.98399" lon="-111.55020999999999"><ele>2410.60</ele><time>2026-05-17T02:55:37Z</time></trkpt><trkpt lat="41.98399" lon="-111.55020999999999"><ele>2408.80</ele><time>2026-05-17T02:55:37Z</time></trkpt><trkpt lat="41.98365" lon="-111.54971999999998"><ele>2407.00</ele><time>2026-05-17T02:56:12Z</time></trkpt><trkpt lat="41.98353" lon="-111.54946999999999"><ele>2405.20</ele><time>2026-05-17T02:56:27Z</time></trkpt><trkpt lat="41.98351" lon="-111.54935999999998"><ele>2403.40</ele><time>2026-05-17T02:56:33Z</time></trkpt><trkpt lat="41.98357" lon="-111.54899999999998"><ele>2401.60</ele><time>2026-05-17T02:56:52Z</time></trkpt><trkpt lat="41.98356" lon="-111.54889000000003"><ele>2399.80</ele><time>2026-05-17T02:56:58Z</time></trkpt><trkpt lat="41.98351" lon="-111.54881999999998"><ele>2398.00</ele><time>2026-05-17T02:57:03Z</time></trkpt><trkpt lat="41.98337" lon="-111.54872"><ele>2393.50</ele><time>2026-05-17T02:57:14Z</time></trkpt><trkpt lat="41.98327" lon="-111.54859999999996"><ele>2389.00</ele><time>2026-05-17T02:57:24Z</time></trkpt><trkpt lat="41.98309" lon="-111.54834"><ele>2384.50</ele><time>2026-05-17T02:57:42Z</time></trkpt><trkpt lat="41.98305" lon="-111.54818"><ele>2380.00</ele><time>2026-05-17T02:57:51Z</time></trkpt><trkpt lat="41.98302" lon="-111.54786000000001"><ele>2375.50</ele><time>2026-05-17T02:58:08Z</time></trkpt><trkpt lat="41.98294252327403" lon="-111.54758488343236"><ele>2371.00</ele><time>2026-05-17T02:58:23Z</time></trkpt><trkpt lat="41.98283713315805" lon="-111.54735"><ele>2366.50</ele><time>2026-05-17T02:58:37Z</time></trkpt><trkpt lat="41.98279806813861" lon="-111.54719201165676"><ele>2362.00</ele><time>2026-05-17T02:58:46Z</time></trkpt><trkpt lat="41.98274903404577" lon="-111.54703938773156"><ele>2357.50</ele><time>2026-05-17T02:58:55Z</time></trkpt><trkpt lat="41.98265443980236" lon="-111.54680962086678"><ele>2353.00</ele><time>2026-05-17T02:59:08Z</time></trkpt><trkpt lat="41.98254389488879" lon="-111.54660131167412"><ele>2351.80</ele><time>2026-05-17T02:59:22Z</time></trkpt><trkpt lat="41.98246045213284" lon="-111.54642120982169"><ele>2350.60</ele><time>2026-05-17T02:59:33Z</time></trkpt><trkpt lat="41.982393807954274" lon="-111.54635932209015"><ele>2349.40</ele><time>2026-05-17T02:59:39Z</time></trkpt><trkpt lat="41.98235707104758" lon="-111.54630011656758"><ele>2348.20</ele><time>2026-05-17T02:59:43Z</time></trkpt><trkpt lat="41.98231" lon="-111.54611"><ele>2347.00</ele><time>2026-05-17T02:59:53Z</time></trkpt><trkpt lat="41.98214" lon="-111.54581999999999"><ele>2345.80</ele><time>2026-05-17T03:00:12Z</time></trkpt><trkpt lat="41.98207204012205" lon="-111.54567072883606"><ele>2344.60</ele><time>2026-05-17T03:00:21Z</time></trkpt><trkpt lat="41.98203" lon="-111.5455"><ele>2343.40</ele><time>2026-05-17T03:00:31Z</time></trkpt><trkpt lat="41.98193" lon="-111.54507000000001"><ele>2342.20</ele><time>2026-05-17T03:00:54Z</time></trkpt><trkpt lat="41.98176" lon="-111.54458999999997"><ele>2341.00</ele><time>2026-05-17T03:01:22Z</time></trkpt><trkpt lat="41.98154" lon="-111.54434000000003"><ele>2336.20</ele><time>2026-05-17T03:01:42Z</time></trkpt><trkpt lat="41.98129" lon="-111.54390000000001"><ele>2331.40</ele><time>2026-05-17T03:02:11Z</time></trkpt><trkpt lat="41.98112" lon="-111.54367000000002"><ele>2326.60</ele><time>2026-05-17T03:02:28Z</time></trkpt><trkpt lat="41.98059" lon="-111.54313000000002"><ele>2321.80</ele><time>2026-05-17T03:03:15Z</time></trkpt><trkpt lat="41.98031" lon="-111.54278"><ele>2317.00</ele><time>2026-05-17T03:03:41Z</time></trkpt><trkpt lat="41.98005" lon="-111.54253"><ele>2312.20</ele><time>2026-05-17T03:04:04Z</time></trkpt><trkpt lat="41.97991" lon="-111.54230999999999"><ele>2307.40</ele><time>2026-05-17T03:04:19Z</time></trkpt><trkpt lat="41.97971" lon="-111.54191000000003"><ele>2302.60</ele><time>2026-05-17T03:04:44Z</time></trkpt><trkpt lat="41.97955" lon="-111.54172"><ele>2297.80</ele><time>2026-05-17T03:04:59Z</time></trkpt><trkpt lat="41.97937" lon="-111.54143999999997"><ele>2293.00</ele><time>2026-05-17T03:05:18Z</time></trkpt><trkpt lat="41.97931" lon="-111.54129"><ele>2287.10</ele><time>2026-05-17T03:05:27Z</time></trkpt><trkpt lat="41.97926" lon="-111.54102"><ele>2281.20</ele><time>2026-05-17T03:05:42Z</time></trkpt><trkpt lat="41.97916" lon="-111.54074000000003"><ele>2275.30</ele><time>2026-05-17T03:05:58Z</time></trkpt><trkpt lat="41.97911" lon="-111.54003999999998"><ele>2269.40</ele><time>2026-05-17T03:06:35Z</time></trkpt><trkpt lat="41.97911" lon="-111.53967999999998"><ele>2263.50</ele><time>2026-05-17T03:06:53Z</time></trkpt><trkpt lat="41.97915" lon="-111.53904"><ele>2257.60</ele><time>2026-05-17T03:07:27Z</time></trkpt><trkpt lat="41.97901" lon="-111.53841"><ele>2251.70</ele><time>2026-05-17T03:08:01Z</time></trkpt><trkpt lat="41.9789660425021" lon="-111.53800536441804"><ele>2245.80</ele><time>2026-05-17T03:08:22Z</time></trkpt><trkpt lat="41.97895711536644" lon="-111.53791304662701"><ele>2239.90</ele><time>2026-05-17T03:08:27Z</time></trkpt><trkpt lat="41.97901" lon="-111.53780999999998"><ele>2234.00</ele><time>2026-05-17T03:08:34Z</time></trkpt><trkpt lat="41.97908" lon="-111.53762"><ele>2230.30</ele><time>2026-05-17T03:08:45Z</time></trkpt><trkpt lat="41.9791" lon="-111.53753"><ele>2226.60</ele><time>2026-05-17T03:08:50Z</time></trkpt><trkpt lat="41.9790685121674" lon="-111.5374620699406"><ele>2222.90</ele><time>2026-05-17T03:08:54Z</time></trkpt><trkpt lat="41.97902107290707" lon="-111.53741023313523"><ele>2219.20</ele><time>2026-05-17T03:08:58Z</time></trkpt><trkpt lat="41.97899" lon="-111.53721000000002"><ele>2215.50</ele><time>2026-05-17T03:09:09Z</time></trkpt><trkpt lat="41.97855" lon="-111.53613000000001"><ele>2211.80</ele><time>2026-05-17T03:10:13Z</time></trkpt><trkpt lat="41.97848503030679" lon="-111.53587377546307"><ele>2208.10</ele><time>2026-05-17T03:10:27Z</time></trkpt><trkpt lat="41.97844" lon="-111.53557999999998"><ele>2204.40</ele><time>2026-05-17T03:10:43Z</time></trkpt><trkpt lat="41.97837" lon="-111.53550000000001"><ele>2200.70</ele><time>2026-05-17T03:10:49Z</time></trkpt><trkpt lat="41.97781" lon="-111.53512999999998"><ele>2197.00</ele><time>2026-05-17T03:11:33Z</time></trkpt><trkpt lat="41.97771" lon="-111.53503"><ele>2196.30</ele><time>2026-05-17T03:11:42Z</time></trkpt><trkpt lat="41.97762" lon="-111.53487000000001"><ele>2195.60</ele><time>2026-05-17T03:11:52Z</time></trkpt><trkpt lat="41.9775" lon="-111.53456"><ele>2194.90</ele><time>2026-05-17T03:12:11Z</time></trkpt><trkpt lat="41.97735" lon="-111.53426999999999"><ele>2194.20</ele><time>2026-05-17T03:12:29Z</time></trkpt><trkpt lat="41.97729" lon="-111.53417000000002"><ele>2193.50</ele><time>2026-05-17T03:12:36Z</time></trkpt><trkpt lat="41.97721480184341" lon="-111.53411360138256"><ele>2192.80</ele><time>2026-05-17T03:12:42Z</time></trkpt><trkpt lat="41.97721480184341" lon="-111.53411360138256"><ele>2192.10</ele><time>2026-05-17T03:12:42Z</time></trkpt><trkpt lat="41.97721" lon="-111.53411"><ele>2191.40</ele><time>2026-05-17T03:12:42Z</time></trkpt><trkpt lat="41.97713" lon="-111.53408999999999"><ele>2190.70</ele><time>2026-05-17T03:12:48Z</time></trkpt><trkpt lat="41.97689" lon="-111.53412000000003"><ele>2190.00</ele><time>2026-05-17T03:13:05Z</time></trkpt><trkpt lat="41.97646" lon="-111.53424000000001"><ele>2191.80</ele><time>2026-05-17T03:13:36Z</time></trkpt><trkpt lat="41.976464745345666" lon="-111.53437046627045"><ele>2193.60</ele><time>2026-05-17T03:13:42Z</time></trkpt><trkpt lat="41.9765084936823" lon="-111.53448046627045"><ele>2195.40</ele><time>2026-05-17T03:13:49Z</time></trkpt><trkpt lat="41.97649699820523" lon="-111.53462202694891"><ele>2197.20</ele><time>2026-05-17T03:13:56Z</time></trkpt><trkpt lat="41.97653113057297" lon="-111.53471426496026"><ele>2199.00</ele><time>2026-05-17T03:14:02Z</time></trkpt><trkpt lat="41.976548196749995" lon="-111.53495752632858"><ele>2200.80</ele><time>2026-05-17T03:14:14Z</time></trkpt><trkpt lat="41.976511864732615" lon="-111.53518644537326"><ele>2202.60</ele><time>2026-05-17T03:14:27Z</time></trkpt><trkpt lat="41.9763140179657" lon="-111.53538720122339"><ele>2204.40</ele><time>2026-05-17T03:14:44Z</time></trkpt><trkpt lat="41.976248155667825" lon="-111.53542781349182"><ele>2206.20</ele><time>2026-05-17T03:14:49Z</time></trkpt><trkpt lat="41.97606211364243" lon="-111.53549064169886"><ele>2208.00</ele><time>2026-05-17T03:15:03Z</time></trkpt><trkpt lat="41.97592" lon="-111.53568000000001"><ele>2204.30</ele><time>2026-05-17T03:15:17Z</time></trkpt><trkpt lat="41.97578" lon="-111.53568000000001"><ele>2200.60</ele><time>2026-05-17T03:15:26Z</time></trkpt><trkpt lat="41.97521401786239" lon="-111.53560655952452"><ele>2196.90</ele><time>2026-05-17T03:16:06Z</time></trkpt><trkpt lat="41.974999033057344" lon="-111.53554912516591"><ele>2193.20</ele><time>2026-05-17T03:16:22Z</time></trkpt><trkpt lat="41.97477008910906" lon="-111.53549169080736"><ele>2189.50</ele><time>2026-05-17T03:16:38Z</time></trkpt><trkpt lat="41.974605133552636" lon="-111.53541107853891"><ele>2185.80</ele><time>2026-05-17T03:16:50Z</time></trkpt><trkpt lat="41.97443" lon="-111.53514999999999"><ele>2182.10</ele><time>2026-05-17T03:17:09Z</time></trkpt><trkpt lat="41.97417" lon="-111.53512"><ele>2178.40</ele><time>2026-05-17T03:17:27Z</time></trkpt><trkpt lat="41.97416929730058" lon="-111.5351192969938"><ele>2174.70</ele><time>2026-05-17T03:17:27Z</time></trkpt><trkpt lat="41.97416929730058" lon="-111.5351192969938"><ele>2171.00</ele><time>2026-05-17T03:17:27Z</time></trkpt><trkpt lat="41.97416822812225" lon="-111.53511822734873"><ele>2176.60</ele><time>2026-05-17T03:17:27Z</time></trkpt><trkpt lat="41.97403" lon="-111.53537"><ele>2182.20</ele><time>2026-05-17T03:17:43Z</time></trkpt><trkpt lat="41.97345" lon="-111.53649999999999"><ele>2187.80</ele><time>2026-05-17T03:18:55Z</time></trkpt><trkpt lat="41.97324" lon="-111.53678000000002"><ele>2193.40</ele><time>2026-05-17T03:19:16Z</time></trkpt><trkpt lat="41.9728" lon="-111.53726"><ele>2199.00</ele><time>2026-05-17T03:19:56Z</time></trkpt><trkpt lat="41.97222" lon="-111.53782999999999"><ele>2204.60</ele><time>2026-05-17T03:20:46Z</time></trkpt><trkpt lat="41.97197" lon="-111.53811999999999"><ele>2210.20</ele><time>2026-05-17T03:21:09Z</time></trkpt><trkpt lat="41.97178" lon="-111.53843"><ele>2215.80</ele><time>2026-05-17T03:21:30Z</time></trkpt><trkpt lat="41.97115" lon="-111.53975000000003"><ele>2221.40</ele><time>2026-05-17T03:22:52Z</time></trkpt><trkpt lat="41.97098" lon="-111.54000000000002"><ele>2227.00</ele><time>2026-05-17T03:23:09Z</time></trkpt><trkpt lat="41.970884648805296" lon="-111.54007151339601"><ele>2227.50</ele><time>2026-05-17T03:23:17Z</time></trkpt><trkpt lat="41.970766812524886" lon="-111.54128223982616"><ele>2228.00</ele><time>2026-05-17T03:24:21Z</time></trkpt><trkpt lat="41.970859452337926" lon="-111.542566201922"><ele>2228.50</ele><time>2026-05-17T03:25:28Z</time></trkpt><trkpt lat="41.97065726935371" lon="-111.54263238258955"><ele>2229.00</ele><time>2026-05-17T03:25:43Z</time></trkpt><trkpt lat="41.97043115538379" lon="-111.54260200373255"><ele>2229.50</ele><time>2026-05-17T03:25:59Z</time></trkpt><trkpt lat="41.970232959444125" lon="-111.5422712174659"><ele>2230.00</ele><time>2026-05-17T03:26:21Z</time></trkpt><trkpt lat="41.97000623199427" lon="-111.54231503663573"><ele>2230.50</ele><time>2026-05-17T03:26:37Z</time></trkpt><trkpt lat="41.969521943350884" lon="-111.54191315719629"><ele>2231.00</ele><time>2026-05-17T03:27:17Z</time></trkpt><trkpt lat="41.969235118693405" lon="-111.54169246004473"><ele>2231.50</ele><time>2026-05-17T03:27:40Z</time></trkpt><trkpt lat="41.96914692103972" lon="-111.54170304536821"><ele>2232.00</ele><time>2026-05-17T03:27:46Z</time></trkpt><trkpt lat="41.96907911698266" lon="-111.54187202453615"><ele>2227.40</ele><time>2026-05-17T03:27:56Z</time></trkpt><trkpt lat="41.96804808757566" lon="-111.54211342334749"><ele>2222.80</ele><time>2026-05-17T03:29:10Z</time></trkpt><trkpt lat="41.96770706643981" lon="-111.54186397790912"><ele>2218.20</ele><time>2026-05-17T03:29:37Z</time></trkpt><trkpt lat="41.967615329448414" lon="-111.54137581586839"><ele>2213.60</ele><time>2026-05-17T03:30:03Z</time></trkpt><trkpt lat="41.967421883620496" lon="-111.54100298881532"><ele>2209.00</ele><time>2026-05-17T03:30:27Z</time></trkpt><trkpt lat="41.96726034593269" lon="-111.54041558504107"><ele>2204.40</ele><time>2026-05-17T03:30:59Z</time></trkpt><trkpt lat="41.967210488538946" lon="-111.54024928808215"><ele>2199.80</ele><time>2026-05-17T03:31:09Z</time></trkpt><trkpt lat="41.96727430599597" lon="-111.54016077518465"><ele>2195.20</ele><time>2026-05-17T03:31:15Z</time></trkpt><trkpt lat="41.96742786648995" lon="-111.54013127088548"><ele>2190.60</ele><time>2026-05-17T03:31:26Z</time></trkpt><trkpt lat="41.967535558044155" lon="-111.53954654932024"><ele>2186.00</ele><time>2026-05-17T03:31:58Z</time></trkpt><trkpt lat="41.967998230798386" lon="-111.53858363628389"><ele>2185.90</ele><time>2026-05-17T03:32:57Z</time></trkpt><trkpt lat="41.968131846873625" lon="-111.53827786445619"><ele>2185.80</ele><time>2026-05-17T03:33:16Z</time></trkpt><trkpt lat="41.96828939382619" lon="-111.53812766075134"><ele>2185.70</ele><time>2026-05-17T03:33:29Z</time></trkpt><trkpt lat="41.96887969286713" lon="-111.53747051954272"><ele>2185.60</ele><time>2026-05-17T03:34:23Z</time></trkpt><trkpt lat="41.968983393485104" lon="-111.53729081153871"><ele>2185.50</ele><time>2026-05-17T03:34:35Z</time></trkpt><trkpt lat="41.96909905935987" lon="-111.53704404830934"><ele>2185.40</ele><time>2026-05-17T03:34:50Z</time></trkpt><trkpt lat="41.96913495562315" lon="-111.53681874275209"><ele>2185.30</ele><time>2026-05-17T03:35:02Z</time></trkpt><trkpt lat="41.969122990204305" lon="-111.53652638196947"><ele>2185.20</ele><time>2026-05-17T03:35:17Z</time></trkpt><trkpt lat="41.96899934741135" lon="-111.53617769479753"><ele>2185.10</ele><time>2026-05-17T03:35:38Z</time></trkpt><trkpt lat="41.96851873363036" lon="-111.53575658798219"><ele>2185.00</ele><time>2026-05-17T03:36:18Z</time></trkpt><trkpt lat="41.968436969099244" lon="-111.53557419776918"><ele>2180.60</ele><time>2026-05-17T03:36:29Z</time></trkpt><trkpt lat="41.968287399563394" lon="-111.5347132086754"><ele>2176.20</ele><time>2026-05-17T03:37:15Z</time></trkpt><trkpt lat="41.96805207611616" lon="-111.53423041105272"><ele>2171.80</ele><time>2026-05-17T03:37:45Z</time></trkpt><trkpt lat="41.96805905606142" lon="-111.53403460979463"><ele>2167.40</ele><time>2026-05-17T03:37:55Z</time></trkpt><trkpt lat="41.96826945119551" lon="-111.53379321098329"><ele>2163.00</ele><time>2026-05-17T03:38:15Z</time></trkpt><trkpt lat="41.9690631630764" lon="-111.53351426124574"><ele>2158.60</ele><time>2026-05-17T03:39:12Z</time></trkpt><trkpt lat="41.970104147085095" lon="-111.53277933597566"><ele>2154.20</ele><time>2026-05-17T03:40:35Z</time></trkpt><trkpt lat="41.97084199901116" lon="-111.53225362300874"><ele>2149.80</ele><time>2026-05-17T03:41:33Z</time></trkpt><trkpt lat="41.970834022279305" lon="-111.53198003768922"><ele>2145.40</ele><time>2026-05-17T03:41:48Z</time></trkpt><trkpt lat="41.969795108045105" lon="-111.53193021608486"><ele>2141.00</ele><time>2026-05-17T03:43:01Z</time></trkpt><trkpt lat="41.969795108045105" lon="-111.53193021608486"><ele>2139.10</ele><time>2026-05-17T03:43:01Z</time></trkpt><trkpt lat="41.96766" lon="-111.53189"><ele>2137.20</ele><time>2026-05-17T03:45:30Z</time></trkpt><trkpt lat="41.96766" lon="-111.53189"><ele>2135.30</ele><time>2026-05-17T03:45:30Z</time></trkpt><trkpt lat="41.96427667300582" lon="-111.53180725558983"><ele>2133.40</ele><time>2026-05-17T03:49:28Z</time></trkpt><trkpt lat="41.964276680883245" lon="-111.53180725558983"><ele>2131.50</ele><time>2026-05-17T03:49:28Z</time></trkpt><trkpt lat="41.96398" lon="-111.5318"><ele>2129.60</ele><time>2026-05-17T03:49:49Z</time></trkpt><trkpt lat="41.963642157272844" lon="-111.5315939983371"><ele>2127.70</ele><time>2026-05-17T03:50:15Z</time></trkpt><trkpt lat="41.963642157272844" lon="-111.5315939983371"><ele>2125.80</ele><time>2026-05-17T03:50:15Z</time></trkpt><trkpt lat="41.96357" lon="-111.53155"><ele>2123.90</ele><time>2026-05-17T03:50:20Z</time></trkpt><trkpt lat="41.96324915337347" lon="-111.53125705398729"><ele>2122.00</ele><time>2026-05-17T03:50:47Z</time></trkpt><trkpt lat="41.96324915337347" lon="-111.53125705398729"><ele>2122.00</ele><time>2026-05-17T03:50:47Z</time></trkpt><trkpt lat="41.96311" lon="-111.53113"><ele>2122.00</ele><time>2026-05-17T03:50:59Z</time></trkpt><trkpt lat="41.96311" lon="-111.53113"><ele>2122.00</ele><time>2026-05-17T03:50:59Z</time></trkpt><trkpt lat="41.963087050227635" lon="-111.53116695306781"><ele>2122.00</ele><time>2026-05-17T03:51:02Z</time></trkpt><trkpt lat="41.96308705025674" lon="-111.53116695306781"><ele>2122.00</ele><time>2026-05-17T03:51:02Z</time></trkpt><trkpt lat="41.96292546952532" lon="-111.53142712569844"><ele>2122.00</ele><time>2026-05-17T03:51:19Z</time></trkpt><trkpt lat="41.96292546952532" lon="-111.53142712569844"><ele>2122.00</ele><time>2026-05-17T03:51:19Z</time></trkpt><trkpt lat="41.96292" lon="-111.53143"><ele>2122.00</ele><time>2026-05-17T03:51:20Z</time></trkpt><trkpt lat="41.96282" lon="-111.53144"><ele>2122.00</ele><time>2026-05-17T03:51:27Z</time></trkpt><trkpt lat="41.9626457518295" lon="-111.53158599171041"><ele>2122.00</ele><time>2026-05-17T03:51:41Z</time></trkpt><trkpt lat="41.96264575209715" lon="-111.53158599171043"><ele>2122.20</ele><time>2026-05-17T03:51:41Z</time></trkpt><trkpt lat="41.96245" lon="-111.53175"><ele>2122.40</ele><time>2026-05-17T03:51:57Z</time></trkpt><trkpt lat="41.96228" lon="-111.53194"><ele>2122.60</ele><time>2026-05-17T03:52:13Z</time></trkpt><trkpt lat="41.962249182145186" lon="-111.53204786249185"><ele>2122.80</ele><time>2026-05-17T03:52:19Z</time></trkpt><trkpt lat="41.96224918214741" lon="-111.53204786249185"><ele>2123.00</ele><time>2026-05-17T03:52:19Z</time></trkpt><trkpt lat="41.96224" lon="-111.53208"><ele>2123.20</ele><time>2026-05-17T03:52:21Z</time></trkpt><trkpt lat="41.962240817552626" lon="-111.5320890058854"><ele>2123.40</ele><time>2026-05-17T03:52:21Z</time></trkpt><trkpt lat="41.96221" lon="-111.53209"><ele>2123.60</ele><time>2026-05-17T03:52:23Z</time></trkpt><trkpt lat="41.96203" lon="-111.53219"><ele>2123.80</ele><time>2026-05-17T03:52:37Z</time></trkpt><trkpt lat="41.9619" lon="-111.53228"><ele>2124.00</ele><time>2026-05-17T03:52:47Z</time></trkpt><trkpt lat="41.96174" lon="-111.53244"><ele>2124.00</ele><time>2026-05-17T03:53:01Z</time></trkpt><trkpt lat="41.96165249955882" lon="-111.53254993645174"><ele>2124.00</ele><time>2026-05-17T03:53:10Z</time></trkpt><trkpt lat="41.96165249976649" lon="-111.53254993645174"><ele>2124.00</ele><time>2026-05-17T03:53:10Z</time></trkpt><trkpt lat="41.96135" lon="-111.53293"><ele>2124.00</ele><time>2026-05-17T03:53:39Z</time></trkpt><trkpt lat="41.96122" lon="-111.53305"><ele>2124.00</ele><time>2026-05-17T03:53:50Z</time></trkpt><trkpt lat="41.9611" lon="-111.53308"><ele>2124.00</ele><time>2026-05-17T03:53:58Z</time></trkpt><trkpt lat="41.96101" lon="-111.53304"><ele>2124.00</ele><time>2026-05-17T03:54:05Z</time></trkpt><trkpt lat="41.961" lon="-111.53274"><ele>2124.00</ele><time>2026-05-17T03:54:21Z</time></trkpt><trkpt lat="41.96092" lon="-111.5326"><ele>2124.00</ele><time>2026-05-17T03:54:30Z</time></trkpt><trkpt lat="41.96062" lon="-111.53237"><ele>2124.00</ele><time>2026-05-17T03:54:54Z</time></trkpt><trkpt lat="41.96019" lon="-111.53184"><ele>2125.50</ele><time>2026-05-17T03:55:35Z</time></trkpt><trkpt lat="41.95996" lon="-111.53129"><ele>2127.00</ele><time>2026-05-17T03:56:08Z</time></trkpt><trkpt lat="41.95989" lon="-111.53102"><ele>2128.50</ele><time>2026-05-17T03:56:23Z</time></trkpt><trkpt lat="41.95984" lon="-111.53067"><ele>2130.00</ele><time>2026-05-17T03:56:41Z</time></trkpt><trkpt lat="41.95971" lon="-111.53043"><ele>2131.50</ele><time>2026-05-17T03:56:57Z</time></trkpt><trkpt lat="41.95964930658403" lon="-111.53024792243083"><ele>2133.00</ele><time>2026-05-17T03:57:07Z</time></trkpt><trkpt lat="41.95963625343105" lon="-111.53020876301571"><ele>2134.50</ele><time>2026-05-17T03:57:10Z</time></trkpt><trkpt lat="41.95957" lon="-111.53001"><ele>2136.00</ele><time>2026-05-17T03:57:21Z</time></trkpt><trkpt lat="41.95953443226275" lon="-111.52995503167878"><ele>2137.50</ele><time>2026-05-17T03:57:25Z</time></trkpt><trkpt lat="41.95953443228351" lon="-111.5299550316788"><ele>2139.00</ele><time>2026-05-17T03:57:25Z</time></trkpt><trkpt lat="41.95946" lon="-111.52984"><ele>2141.60</ele><time>2026-05-17T03:57:33Z</time></trkpt><trkpt lat="41.95931" lon="-111.52969"><ele>2144.20</ele><time>2026-05-17T03:57:46Z</time></trkpt><trkpt lat="41.95926" lon="-111.5296"><ele>2146.80</ele><time>2026-05-17T03:57:52Z</time></trkpt><trkpt lat="41.95909" lon="-111.52947"><ele>2149.40</ele><time>2026-05-17T03:58:05Z</time></trkpt><trkpt lat="41.95874" lon="-111.5293"><ele>2152.00</ele><time>2026-05-17T03:58:31Z</time></trkpt><trkpt lat="41.95824" lon="-111.52926"><ele>2154.60</ele><time>2026-05-17T03:59:07Z</time></trkpt><trkpt lat="41.95807" lon="-111.52914"><ele>2157.20</ele><time>2026-05-17T03:59:20Z</time></trkpt><trkpt lat="41.95786" lon="-111.52913"><ele>2159.80</ele><time>2026-05-17T03:59:35Z</time></trkpt><trkpt lat="41.95746" lon="-111.52889"><ele>2162.40</ele><time>2026-05-17T04:00:05Z</time></trkpt><trkpt lat="41.95659" lon="-111.52854"><ele>2165.00</ele><time>2026-05-17T04:01:09Z</time></trkpt><trkpt lat="41.95546" lon="-111.52841"><ele>2170.60</ele><time>2026-05-17T04:02:29Z</time></trkpt><trkpt lat="41.95484" lon="-111.52842"><ele>2176.20</ele><time>2026-05-17T04:03:12Z</time></trkpt><trkpt lat="41.95463" lon="-111.52849"><ele>2181.80</ele><time>2026-05-17T04:03:27Z</time></trkpt><trkpt lat="41.95456" lon="-111.52858"><ele>2187.40</ele><time>2026-05-17T04:03:34Z</time></trkpt><trkpt lat="41.95347" lon="-111.52896"><ele>2193.00</ele><time>2026-05-17T04:04:53Z</time></trkpt><trkpt lat="41.95307" lon="-111.52917"><ele>2198.60</ele><time>2026-05-17T04:05:23Z</time></trkpt><trkpt lat="41.95278" lon="-111.52925"><ele>2204.20</ele><time>2026-05-17T04:05:44Z</time></trkpt><trkpt lat="41.95231" lon="-111.52915"><ele>2209.80</ele><time>2026-05-17T04:06:17Z</time></trkpt><trkpt lat="41.9522" lon="-111.52918"><ele>2215.40</ele><time>2026-05-17T04:06:25Z</time></trkpt><trkpt lat="41.95187" lon="-111.52934"><ele>2221.00</ele><time>2026-05-17T04:06:50Z</time></trkpt><trkpt lat="41.95178" lon="-111.52935"><ele>2221.00</ele><time>2026-05-17T04:06:56Z</time></trkpt><trkpt lat="41.95162" lon="-111.52926"><ele>2221.00</ele><time>2026-05-17T04:07:08Z</time></trkpt><trkpt lat="41.95132" lon="-111.52938"><ele>2221.00</ele><time>2026-05-17T04:07:30Z</time></trkpt><trkpt lat="41.95132" lon="-111.52938"><ele>2221.00</ele><time>2026-05-17T04:07:30Z</time></trkpt><trkpt lat="41.95112983706956" lon="-111.52948948774784"><ele>2221.00</ele><time>2026-05-17T04:07:45Z</time></trkpt><trkpt lat="41.95112983706956" lon="-111.52948948774784"><ele>2221.00</ele><time>2026-05-17T04:07:45Z</time></trkpt><trkpt lat="41.950996316363856" lon="-111.52956636330566"><ele>2221.00</ele><time>2026-05-17T04:07:55Z</time></trkpt><trkpt lat="41.95099631637044" lon="-111.52956636330566"><ele>2221.00</ele><time>2026-05-17T04:07:55Z</time></trkpt><trkpt lat="41.95099" lon="-111.52957"><ele>2221.00</ele><time>2026-05-17T04:07:56Z</time></trkpt><trkpt lat="41.95011" lon="-111.52964"><ele>2221.00</ele><time>2026-05-17T04:08:57Z</time></trkpt><trkpt lat="41.94923" lon="-111.52985"><ele>2224.40</ele><time>2026-05-17T04:10:00Z</time></trkpt><trkpt lat="41.94891" lon="-111.53001"><ele>2227.80</ele><time>2026-05-17T04:10:24Z</time></trkpt><trkpt lat="41.94855" lon="-111.53003"><ele>2231.20</ele><time>2026-05-17T04:10:49Z</time></trkpt><trkpt lat="41.94843" lon="-111.52993"><ele>2234.60</ele><time>2026-05-17T04:10:59Z</time></trkpt><trkpt lat="41.94805" lon="-111.53001"><ele>2238.00</ele><time>2026-05-17T04:11:26Z</time></trkpt><trkpt lat="41.94739" lon="-111.53"><ele>2241.40</ele><time>2026-05-17T04:12:13Z</time></trkpt><trkpt lat="41.94709" lon="-111.52986"><ele>2244.80</ele><time>2026-05-17T04:12:35Z</time></trkpt><trkpt lat="41.94694" lon="-111.52984"><ele>2248.20</ele><time>2026-05-17T04:12:45Z</time></trkpt><trkpt lat="41.94665195802665" lon="-111.52984"><ele>2251.60</ele><time>2026-05-17T04:13:06Z</time></trkpt><trkpt lat="41.946651958166626" lon="-111.52984"><ele>2255.00</ele><time>2026-05-17T04:13:06Z</time></trkpt><trkpt lat="41.94659" lon="-111.52984"><ele>2258.70</ele><time>2026-05-17T04:13:10Z</time></trkpt><trkpt lat="41.94623" lon="-111.52991"><ele>2262.40</ele><time>2026-05-17T04:13:35Z</time></trkpt><trkpt lat="41.94566" lon="-111.53017"><ele>2266.10</ele><time>2026-05-17T04:14:18Z</time></trkpt><trkpt lat="41.94519" lon="-111.53026"><ele>2269.80</ele><time>2026-05-17T04:14:51Z</time></trkpt><trkpt lat="41.945" lon="-111.53026"><ele>2273.50</ele><time>2026-05-17T04:15:04Z</time></trkpt><trkpt lat="41.94481" lon="-111.53022"><ele>2277.20</ele><time>2026-05-17T04:15:18Z</time></trkpt><trkpt lat="41.94435" lon="-111.53022"><ele>2280.90</ele><time>2026-05-17T04:15:50Z</time></trkpt><trkpt lat="41.94412" lon="-111.53027"><ele>2284.60</ele><time>2026-05-17T04:16:06Z</time></trkpt><trkpt lat="41.94396" lon="-111.53027"><ele>2288.30</ele><time>2026-05-17T04:16:18Z</time></trkpt><trkpt lat="41.94372" lon="-111.53023"><ele>2292.00</ele><time>2026-05-17T04:16:35Z</time></trkpt><trkpt lat="41.94303" lon="-111.53032"><ele>2292.00</ele><time>2026-05-17T04:17:23Z</time></trkpt><trkpt lat="41.94292" lon="-111.53036"><ele>2292.00</ele><time>2026-05-17T04:17:31Z</time></trkpt><trkpt lat="41.94284" lon="-111.53044"><ele>2292.00</ele><time>2026-05-17T04:17:38Z</time></trkpt><trkpt lat="41.94271" lon="-111.53065"><ele>2292.00</ele><time>2026-05-17T04:17:52Z</time></trkpt><trkpt lat="41.94262" lon="-111.5307"><ele>2292.00</ele><time>2026-05-17T04:17:59Z</time></trkpt><trkpt lat="41.94235" lon="-111.53065"><ele>2292.00</ele><time>2026-05-17T04:18:18Z</time></trkpt><trkpt lat="41.94223" lon="-111.53069"><ele>2292.00</ele><time>2026-05-17T04:18:27Z</time></trkpt><trkpt lat="41.94216" lon="-111.53077"><ele>2292.00</ele><time>2026-05-17T04:18:34Z</time></trkpt><trkpt lat="41.94207" lon="-111.53093"><ele>2292.00</ele><time>2026-05-17T04:18:44Z</time></trkpt><trkpt lat="41.94202" lon="-111.53108"><ele>2292.00</ele><time>2026-05-17T04:18:53Z</time></trkpt><trkpt lat="41.94182" lon="-111.53191"><ele>2296.80</ele><time>2026-05-17T04:19:38Z</time></trkpt><trkpt lat="41.94172" lon="-111.53212"><ele>2301.60</ele><time>2026-05-17T04:19:51Z</time></trkpt><trkpt lat="41.94121" lon="-111.5318"><ele>2306.40</ele><time>2026-05-17T04:20:31Z</time></trkpt><trkpt lat="41.94077" lon="-111.53159"><ele>2311.20</ele><time>2026-05-17T04:21:03Z</time></trkpt><trkpt lat="41.94061" lon="-111.53147"><ele>2316.00</ele><time>2026-05-17T04:21:16Z</time></trkpt><trkpt lat="41.94048" lon="-111.53141"><ele>2320.80</ele><time>2026-05-17T04:21:26Z</time></trkpt><trkpt lat="41.94025" lon="-111.53139"><ele>2325.60</ele><time>2026-05-17T04:21:42Z</time></trkpt><trkpt lat="41.94014" lon="-111.53145"><ele>2330.40</ele><time>2026-05-17T04:21:50Z</time></trkpt><trkpt lat="41.9398" lon="-111.53204"><ele>2335.20</ele><time>2026-05-17T04:22:29Z</time></trkpt><trkpt lat="41.93969" lon="-111.53214"><ele>2340.00</ele><time>2026-05-17T04:22:39Z</time></trkpt><trkpt lat="41.93944" lon="-111.5322"><ele>2343.30</ele><time>2026-05-17T04:22:56Z</time></trkpt><trkpt lat="41.93913" lon="-111.53217"><ele>2346.60</ele><time>2026-05-17T04:23:18Z</time></trkpt><trkpt lat="41.93885" lon="-111.53201"><ele>2349.90</ele><time>2026-05-17T04:23:40Z</time></trkpt><trkpt lat="41.93874" lon="-111.5319"><ele>2353.20</ele><time>2026-05-17T04:23:49Z</time></trkpt><trkpt lat="41.93853" lon="-111.53147"><ele>2356.50</ele><time>2026-05-17T04:24:16Z</time></trkpt><trkpt lat="41.93813" lon="-111.52988"><ele>2359.80</ele><time>2026-05-17T04:25:44Z</time></trkpt><trkpt lat="41.93809" lon="-111.52943"><ele>2363.10</ele><time>2026-05-17T04:26:07Z</time></trkpt><trkpt lat="41.93817" lon="-111.52897"><ele>2366.40</ele><time>2026-05-17T04:26:32Z</time></trkpt><trkpt lat="41.93832" lon="-111.52847"><ele>2369.70</ele><time>2026-05-17T04:27:00Z</time></trkpt><trkpt lat="41.93838" lon="-111.52816"><ele>2373.00</ele><time>2026-05-17T04:27:17Z</time></trkpt><trkpt lat="41.93843" lon="-111.52774"><ele>2376.30</ele><time>2026-05-17T04:27:39Z</time></trkpt><trkpt lat="41.93843" lon="-111.52756"><ele>2379.60</ele><time>2026-05-17T04:27:48Z</time></trkpt><trkpt lat="41.9384" lon="-111.52728"><ele>2382.90</ele><time>2026-05-17T04:28:03Z</time></trkpt><trkpt lat="41.9384" lon="-111.52713"><ele>2386.20</ele><time>2026-05-17T04:28:11Z</time></trkpt><trkpt lat="41.93843" lon="-111.52705"><ele>2389.50</ele><time>2026-05-17T04:28:16Z</time></trkpt><trkpt lat="41.93876" lon="-111.52652"><ele>2392.80</ele><time>2026-05-17T04:28:52Z</time></trkpt><trkpt lat="41.93894637470619" lon="-111.52628703161727"><ele>2396.10</ele><time>2026-05-17T04:29:09Z</time></trkpt><trkpt lat="41.93894637484302" lon="-111.52628703161726"><ele>2399.40</ele><time>2026-05-17T04:29:09Z</time></trkpt><trkpt lat="41.93904" lon="-111.52617"><ele>2402.70</ele><time>2026-05-17T04:29:18Z</time></trkpt><trkpt lat="41.93944" lon="-111.52574"><ele>2406.00</ele><time>2026-05-17T04:29:54Z</time></trkpt><trkpt lat="41.93982" lon="-111.52547"><ele>2412.60</ele><time>2026-05-17T04:30:25Z</time></trkpt><trkpt lat="41.93979" lon="-111.52544"><ele>2419.20</ele><time>2026-05-17T04:30:27Z</time></trkpt><trkpt lat="41.93794" lon="-111.52593"><ele>2425.80</ele><time>2026-05-17T04:32:39Z</time></trkpt><trkpt lat="41.93763" lon="-111.52593"><ele>2432.40</ele><time>2026-05-17T04:33:01Z</time></trkpt><trkpt lat="41.93746" lon="-111.52598"><ele>2439.00</ele><time>2026-05-17T04:33:13Z</time></trkpt><trkpt lat="41.93744" lon="-111.52592"><ele>2445.60</ele><time>2026-05-17T04:33:17Z</time></trkpt><trkpt lat="41.93795" lon="-111.52541"><ele>2452.20</ele><time>2026-05-17T04:34:01Z</time></trkpt><trkpt lat="41.93831" lon="-111.52492"><ele>2458.80</ele><time>2026-05-17T04:34:37Z</time></trkpt><trkpt lat="41.93891" lon="-111.52429"><ele>2465.40</ele><time>2026-05-17T04:35:31Z</time></trkpt><trkpt lat="41.9389" lon="-111.52422"><ele>2472.00</ele><time>2026-05-17T04:35:34Z</time></trkpt><trkpt lat="41.9382" lon="-111.52426"><ele>2473.60</ele><time>2026-05-17T04:36:24Z</time></trkpt><trkpt lat="41.93795" lon="-111.52433"><ele>2475.20</ele><time>2026-05-17T04:36:41Z</time></trkpt><trkpt lat="41.93741" lon="-111.52451"><ele>2476.80</ele><time>2026-05-17T04:37:21Z</time></trkpt><trkpt lat="41.93696" lon="-111.52476"><ele>2478.40</ele><time>2026-05-17T04:37:55Z</time></trkpt><trkpt lat="41.93628" lon="-111.52508"><ele>2480.00</ele><time>2026-05-17T04:38:45Z</time></trkpt><trkpt lat="41.93619" lon="-111.52515"><ele>2481.60</ele><time>2026-05-17T04:38:52Z</time></trkpt><trkpt lat="41.93614" lon="-111.52522"><ele>2483.20</ele><time>2026-05-17T04:38:58Z</time></trkpt><trkpt lat="41.93604" lon="-111.52575"><ele>2484.80</ele><time>2026-05-17T04:39:26Z</time></trkpt><trkpt lat="41.936" lon="-111.52581"><ele>2486.40</ele><time>2026-05-17T04:39:30Z</time></trkpt><trkpt lat="41.93594" lon="-111.52582"><ele>2488.00</ele><time>2026-05-17T04:39:35Z</time></trkpt><trkpt lat="41.9358" lon="-111.52574"><ele>2493.70</ele><time>2026-05-17T04:39:45Z</time></trkpt><trkpt lat="41.93551" lon="-111.52534"><ele>2499.40</ele><time>2026-05-17T04:40:14Z</time></trkpt><trkpt lat="41.93507" lon="-111.52486"><ele>2505.10</ele><time>2026-05-17T04:40:54Z</time></trkpt><trkpt lat="41.93498" lon="-111.52479"><ele>2510.80</ele><time>2026-05-17T04:41:01Z</time></trkpt><trkpt lat="41.93498" lon="-111.52479"><ele>2516.50</ele><time>2026-05-17T04:41:01Z</time></trkpt><trkpt lat="41.93475790894002" lon="-111.52462565261561"><ele>2522.20</ele><time>2026-05-17T04:41:19Z</time></trkpt><trkpt lat="41.93475790942388" lon="-111.52462565261561"><ele>2527.90</ele><time>2026-05-17T04:41:19Z</time></trkpt><trkpt lat="41.93448" lon="-111.52442"><ele>2533.60</ele><time>2026-05-17T04:41:41Z</time></trkpt><trkpt lat="41.93415" lon="-111.52429"><ele>2539.30</ele><time>2026-05-17T04:42:06Z</time></trkpt><trkpt lat="41.93365" lon="-111.5243"><ele>2545.00</ele><time>2026-05-17T04:42:41Z</time></trkpt><trkpt lat="41.93334" lon="-111.52438"><ele>2542.80</ele><time>2026-05-17T04:43:03Z</time></trkpt><trkpt lat="41.93306" lon="-111.52452"><ele>2540.60</ele><time>2026-05-17T04:43:24Z</time></trkpt><trkpt lat="41.93175" lon="-111.52534"><ele>2538.40</ele><time>2026-05-17T04:45:05Z</time></trkpt><trkpt lat="41.9314" lon="-111.52569"><ele>2536.20</ele><time>2026-05-17T04:45:36Z</time></trkpt><trkpt lat="41.93121" lon="-111.52583"><ele>2534.00</ele><time>2026-05-17T04:45:51Z</time></trkpt><trkpt lat="41.93108" lon="-111.52589"><ele>2531.80</ele><time>2026-05-17T04:46:01Z</time></trkpt><trkpt lat="41.93086" lon="-111.52592"><ele>2529.60</ele><time>2026-05-17T04:46:16Z</time></trkpt><trkpt lat="41.93069" lon="-111.52591"><ele>2527.40</ele><time>2026-05-17T04:46:28Z</time></trkpt><trkpt lat="41.93002" lon="-111.52572"><ele>2525.20</ele><time>2026-05-17T04:47:16Z</time></trkpt><trkpt lat="41.9294" lon="-111.52529"><ele>2523.00</ele><time>2026-05-17T04:48:05Z</time></trkpt><trkpt lat="41.92929" lon="-111.5252"><ele>2522.70</ele><time>2026-05-17T04:48:14Z</time></trkpt><trkpt lat="41.92878" lon="-111.52459"><ele>2522.40</ele><time>2026-05-17T04:49:02Z</time></trkpt><trkpt lat="41.92868" lon="-111.52445"><ele>2522.10</ele><time>2026-05-17T04:49:12Z</time></trkpt><trkpt lat="41.92863" lon="-111.52432"><ele>2521.80</ele><time>2026-05-17T04:49:20Z</time></trkpt><trkpt lat="41.92862" lon="-111.52414"><ele>2521.50</ele><time>2026-05-17T04:49:29Z</time></trkpt><trkpt lat="41.92863" lon="-111.52405"><ele>2521.20</ele><time>2026-05-17T04:49:34Z</time></trkpt><trkpt lat="41.9287" lon="-111.52398"><ele>2520.90</ele><time>2026-05-17T04:49:40Z</time></trkpt><trkpt lat="41.92894" lon="-111.52385"><ele>2520.60</ele><time>2026-05-17T04:49:58Z</time></trkpt><trkpt lat="41.92906" lon="-111.52375"><ele>2520.30</ele><time>2026-05-17T04:50:08Z</time></trkpt><trkpt lat="41.92911" lon="-111.52365"><ele>2520.00</ele><time>2026-05-17T04:50:14Z</time></trkpt><trkpt lat="41.92911" lon="-111.52355"><ele>2524.70</ele><time>2026-05-17T04:50:19Z</time></trkpt><trkpt lat="41.92906" lon="-111.52338"><ele>2529.40</ele><time>2026-05-17T04:50:29Z</time></trkpt><trkpt lat="41.9288" lon="-111.52306"><ele>2534.10</ele><time>2026-05-17T04:50:54Z</time></trkpt><trkpt lat="41.92874" lon="-111.52289"><ele>2538.80</ele><time>2026-05-17T04:51:04Z</time></trkpt><trkpt lat="41.92866" lon="-111.52245"><ele>2543.50</ele><time>2026-05-17T04:51:27Z</time></trkpt><trkpt lat="41.92869" lon="-111.52197"><ele>2548.20</ele><time>2026-05-17T04:51:52Z</time></trkpt><trkpt lat="41.92868" lon="-111.52186"><ele>2552.90</ele><time>2026-05-17T04:51:58Z</time></trkpt><trkpt lat="41.92864" lon="-111.52179"><ele>2557.60</ele><time>2026-05-17T04:52:03Z</time></trkpt><trkpt lat="41.92815" lon="-111.52132"><ele>2562.30</ele><time>2026-05-17T04:52:45Z</time></trkpt><trkpt lat="41.92745" lon="-111.52047"><ele>2567.00</ele><time>2026-05-17T04:53:51Z</time></trkpt><trkpt lat="41.92734" lon="-111.52037"><ele>2565.70</ele><time>2026-05-17T04:54:00Z</time></trkpt><trkpt lat="41.92697" lon="-111.52014"><ele>2564.40</ele><time>2026-05-17T04:54:29Z</time></trkpt><trkpt lat="41.92643" lon="-111.51938"><ele>2563.10</ele><time>2026-05-17T04:55:24Z</time></trkpt><trkpt lat="41.92561" lon="-111.51842"><ele>2561.80</ele><time>2026-05-17T04:56:40Z</time></trkpt><trkpt lat="41.92505" lon="-111.51773"><ele>2560.50</ele><time>2026-05-17T04:57:33Z</time></trkpt><trkpt lat="41.92414" lon="-111.51682"><ele>2559.20</ele><time>2026-05-17T04:58:53Z</time></trkpt><trkpt lat="41.92367" lon="-111.51623"><ele>2557.90</ele><time>2026-05-17T04:59:38Z</time></trkpt><trkpt lat="41.92341" lon="-111.51584"><ele>2556.60</ele><time>2026-05-17T05:00:05Z</time></trkpt><trkpt lat="41.92312" lon="-111.51558"><ele>2555.30</ele><time>2026-05-17T05:00:30Z</time></trkpt><trkpt lat="41.92279130708424" lon="-111.51538615545994"><ele>2554.00</ele><time>2026-05-17T05:00:55Z</time></trkpt><trkpt lat="41.92279130724215" lon="-111.51538615545994"><ele>2554.00</ele><time>2026-05-17T05:00:55Z</time></trkpt><trkpt lat="41.92273" lon="-111.51535"><ele>2554.00</ele><time>2026-05-17T05:01:00Z</time></trkpt><trkpt lat="41.92273" lon="-111.51535"><ele>2554.00</ele><time>2026-05-17T05:01:00Z</time></trkpt><trkpt lat="41.92273" lon="-111.51535"><ele>2554.00</ele><time>2026-05-17T05:01:00Z</time></trkpt><trkpt lat="41.92256" lon="-111.51531"><ele>2554.00</ele><time>2026-05-17T05:01:12Z</time></trkpt><trkpt lat="41.92241" lon="-111.51538"><ele>2554.00</ele><time>2026-05-17T05:01:23Z</time></trkpt><trkpt lat="41.92218" lon="-111.51575"><ele>2554.00</ele><time>2026-05-17T05:01:48Z</time></trkpt><trkpt lat="41.9221" lon="-111.51595"><ele>2554.00</ele><time>2026-05-17T05:02:00Z</time></trkpt><trkpt lat="41.92197" lon="-111.51642"><ele>2554.00</ele><time>2026-05-17T05:02:26Z</time></trkpt><trkpt lat="41.92185" lon="-111.51664"><ele>2554.00</ele><time>2026-05-17T05:02:40Z</time></trkpt><trkpt lat="41.92109" lon="-111.51767"><ele>2554.20</ele><time>2026-05-17T05:03:56Z</time></trkpt><trkpt lat="41.92081" lon="-111.51793"><ele>2554.40</ele><time>2026-05-17T05:04:20Z</time></trkpt><trkpt lat="41.92057" lon="-111.51807"><ele>2554.60</ele><time>2026-05-17T05:04:38Z</time></trkpt><trkpt lat="41.92057" lon="-111.51807"><ele>2554.80</ele><time>2026-05-17T05:04:38Z</time></trkpt><trkpt lat="41.92057" lon="-111.51807"><ele>2555.00</ele><time>2026-05-17T05:04:38Z</time></trkpt><trkpt lat="41.92019" lon="-111.51814"><ele>2555.20</ele><time>2026-05-17T05:05:05Z</time></trkpt><trkpt lat="41.91999" lon="-111.51811"><ele>2555.40</ele><time>2026-05-17T05:05:19Z</time></trkpt><trkpt lat="41.91999" lon="-111.51811"><ele>2555.60</ele><time>2026-05-17T05:05:19Z</time></trkpt><trkpt lat="41.91964" lon="-111.51808"><ele>2555.80</ele><time>2026-05-17T05:05:44Z</time></trkpt><trkpt lat="41.91928" lon="-111.51788"><ele>2556.00</ele><time>2026-05-17T05:06:11Z</time></trkpt><trkpt lat="41.91898" lon="-111.51775"><ele>2553.30</ele><time>2026-05-17T05:06:33Z</time></trkpt><trkpt lat="41.9188" lon="-111.51771"><ele>2550.60</ele><time>2026-05-17T05:06:46Z</time></trkpt><trkpt lat="41.91863" lon="-111.51771"><ele>2547.90</ele><time>2026-05-17T05:06:58Z</time></trkpt><trkpt lat="41.91863" lon="-111.51771"><ele>2545.20</ele><time>2026-05-17T05:06:58Z</time></trkpt><trkpt lat="41.918341232426314" lon="-111.51772178643157"><ele>2542.50</ele><time>2026-05-17T05:07:18Z</time></trkpt><trkpt lat="41.91834123288161" lon="-111.51772178643158"><ele>2539.80</ele><time>2026-05-17T05:07:18Z</time></trkpt><trkpt lat="41.91814" lon="-111.51773"><ele>2537.10</ele><time>2026-05-17T05:07:33Z</time></trkpt><trkpt lat="41.91814" lon="-111.51766"><ele>2534.40</ele><time>2026-05-17T05:07:36Z</time></trkpt><trkpt lat="41.91826" lon="-111.51756"><ele>2531.70</ele><time>2026-05-17T05:07:46Z</time></trkpt><trkpt lat="41.91825" lon="-111.51748"><ele>2529.00</ele><time>2026-05-17T05:07:50Z</time></trkpt><trkpt lat="41.91756" lon="-111.5172"><ele>2525.90</ele><time>2026-05-17T05:08:41Z</time></trkpt><trkpt lat="41.91718" lon="-111.51711"><ele>2522.80</ele><time>2026-05-17T05:09:08Z</time></trkpt><trkpt lat="41.91658" lon="-111.51683"><ele>2519.70</ele><time>2026-05-17T05:09:53Z</time></trkpt><trkpt lat="41.91647" lon="-111.51671"><ele>2516.60</ele><time>2026-05-17T05:10:02Z</time></trkpt><trkpt lat="41.91615" lon="-111.51615"><ele>2513.50</ele><time>2026-05-17T05:10:39Z</time></trkpt><trkpt lat="41.91595" lon="-111.51588"><ele>2510.40</ele><time>2026-05-17T05:10:59Z</time></trkpt><trkpt lat="41.91585" lon="-111.5158"><ele>2507.30</ele><time>2026-05-17T05:11:07Z</time></trkpt><trkpt lat="41.91531" lon="-111.51551"><ele>2504.20</ele><time>2026-05-17T05:11:48Z</time></trkpt><trkpt lat="41.91504" lon="-111.51527"><ele>2501.10</ele><time>2026-05-17T05:12:11Z</time></trkpt><trkpt lat="41.914983296878916" lon="-111.51525379910825"><ele>2498.00</ele><time>2026-05-17T05:12:15Z</time></trkpt><trkpt lat="41.914983296884806" lon="-111.51525379910827"><ele>2498.60</ele><time>2026-05-17T05:12:15Z</time></trkpt><trkpt lat="41.91497" lon="-111.51525"><ele>2499.20</ele><time>2026-05-17T05:12:16Z</time></trkpt><trkpt lat="41.91483" lon="-111.51529"><ele>2499.80</ele><time>2026-05-17T05:12:26Z</time></trkpt><trkpt lat="41.91467" lon="-111.51549"><ele>2500.40</ele><time>2026-05-17T05:12:41Z</time></trkpt><trkpt lat="41.91449" lon="-111.51563"><ele>2501.00</ele><time>2026-05-17T05:12:56Z</time></trkpt><trkpt lat="41.91409" lon="-111.51574"><ele>2501.60</ele><time>2026-05-17T05:13:24Z</time></trkpt><trkpt lat="41.91377" lon="-111.51587"><ele>2502.20</ele><time>2026-05-17T05:13:48Z</time></trkpt><trkpt lat="41.91346" lon="-111.51616"><ele>2502.80</ele><time>2026-05-17T05:14:14Z</time></trkpt><trkpt lat="41.91319" lon="-111.5165"><ele>2503.40</ele><time>2026-05-17T05:14:40Z</time></trkpt><trkpt lat="41.91301" lon="-111.51666"><ele>2504.00</ele><time>2026-05-17T05:14:56Z</time></trkpt><trkpt lat="41.91284" lon="-111.51673"><ele>2504.40</ele><time>2026-05-17T05:15:08Z</time></trkpt><trkpt lat="41.91256" lon="-111.51677"><ele>2504.80</ele><time>2026-05-17T05:15:28Z</time></trkpt><trkpt lat="41.91232" lon="-111.51691"><ele>2505.20</ele><time>2026-05-17T05:15:46Z</time></trkpt><trkpt lat="41.91226" lon="-111.51701"><ele>2505.60</ele><time>2026-05-17T05:15:53Z</time></trkpt><trkpt lat="41.91211" lon="-111.51757"><ele>2506.00</ele><time>2026-05-17T05:16:24Z</time></trkpt><trkpt lat="41.91202" lon="-111.51778"><ele>2506.40</ele><time>2026-05-17T05:16:37Z</time></trkpt><trkpt lat="41.91187" lon="-111.51793"><ele>2506.80</ele><time>2026-05-17T05:16:50Z</time></trkpt><trkpt lat="41.91142" lon="-111.51824"><ele>2507.20</ele><time>2026-05-17T05:17:25Z</time></trkpt><trkpt lat="41.91122" lon="-111.51834"><ele>2507.60</ele><time>2026-05-17T05:17:40Z</time></trkpt><trkpt lat="41.91112" lon="-111.51835"><ele>2508.00</ele><time>2026-05-17T05:17:47Z</time></trkpt><trkpt lat="41.91085" lon="-111.5181"><ele>2510.20</ele><time>2026-05-17T05:18:10Z</time></trkpt><trkpt lat="41.91072" lon="-111.51808"><ele>2512.40</ele><time>2026-05-17T05:18:19Z</time></trkpt><trkpt lat="41.91072" lon="-111.51808"><ele>2514.60</ele><time>2026-05-17T05:18:19Z</time></trkpt><trkpt lat="41.91072" lon="-111.51808"><ele>2516.80</ele><time>2026-05-17T05:18:19Z</time></trkpt><trkpt lat="41.91072" lon="-111.51808"><ele>2519.00</ele><time>2026-05-17T05:18:19Z</time></trkpt><trkpt lat="41.91072" lon="-111.51808"><ele>2521.20</ele><time>2026-05-17T05:18:19Z</time></trkpt><trkpt lat="41.9107" lon="-111.51822"><ele>2523.40</ele><time>2026-05-17T05:18:27Z</time></trkpt><trkpt lat="41.91061" lon="-111.51836"><ele>2525.60</ele><time>2026-05-17T05:18:36Z</time></trkpt><trkpt lat="41.91055" lon="-111.51851"><ele>2527.80</ele><time>2026-05-17T05:18:45Z</time></trkpt><trkpt lat="41.91034" lon="-111.51877"><ele>2530.00</ele><time>2026-05-17T05:19:05Z</time></trkpt><trkpt lat="41.91014" lon="-111.51897"><ele>2528.80</ele><time>2026-05-17T05:19:23Z</time></trkpt><trkpt lat="41.90986" lon="-111.51939"><ele>2527.60</ele><time>2026-05-17T05:19:52Z</time></trkpt><trkpt lat="41.9098" lon="-111.5199"><ele>2526.40</ele><time>2026-05-17T05:20:19Z</time></trkpt><trkpt lat="41.9097" lon="-111.52028"><ele>2525.20</ele><time>2026-05-17T05:20:40Z</time></trkpt><trkpt lat="41.90958" lon="-111.521"><ele>2524.00</ele><time>2026-05-17T05:21:19Z</time></trkpt><trkpt lat="41.90952" lon="-111.52117"><ele>2522.80</ele><time>2026-05-17T05:21:29Z</time></trkpt><trkpt lat="41.9093" lon="-111.52141"><ele>2521.60</ele><time>2026-05-17T05:21:48Z</time></trkpt><trkpt lat="41.90912" lon="-111.5217"><ele>2520.40</ele><time>2026-05-17T05:22:08Z</time></trkpt><trkpt lat="41.90891" lon="-111.5222"><ele>2519.20</ele><time>2026-05-17T05:22:38Z</time></trkpt><trkpt lat="41.90859" lon="-111.52253"><ele>2518.00</ele><time>2026-05-17T05:23:06Z</time></trkpt><trkpt lat="41.90802" lon="-111.52281"><ele>2521.90</ele><time>2026-05-17T05:23:49Z</time></trkpt><trkpt lat="41.90772" lon="-111.52306"><ele>2525.80</ele><time>2026-05-17T05:24:14Z</time></trkpt><trkpt lat="41.90735" lon="-111.52419"><ele>2529.70</ele><time>2026-05-17T05:25:18Z</time></trkpt><trkpt lat="41.90712" lon="-111.52469"><ele>2533.60</ele><time>2026-05-17T05:25:49Z</time></trkpt><trkpt lat="41.90702" lon="-111.52541"><ele>2537.50</ele><time>2026-05-17T05:26:27Z</time></trkpt><trkpt lat="41.90685" lon="-111.52567"><ele>2541.40</ele><time>2026-05-17T05:26:45Z</time></trkpt><trkpt lat="41.90676" lon="-111.52591"><ele>2545.30</ele><time>2026-05-17T05:26:59Z</time></trkpt><trkpt lat="41.90663" lon="-111.52648"><ele>2549.20</ele><time>2026-05-17T05:27:30Z</time></trkpt><trkpt lat="41.90663" lon="-111.52733"><ele>2553.10</ele><time>2026-05-17T05:28:15Z</time></trkpt><trkpt lat="41.90662" lon="-111.52746"><ele>2557.00</ele><time>2026-05-17T05:28:22Z</time></trkpt><trkpt lat="41.90655" lon="-111.52758"><ele>2553.10</ele><time>2026-05-17T05:28:30Z</time></trkpt><trkpt lat="41.90645" lon="-111.52766"><ele>2549.20</ele><time>2026-05-17T05:28:38Z</time></trkpt><trkpt lat="41.90636" lon="-111.52769"><ele>2545.30</ele><time>2026-05-17T05:28:44Z</time></trkpt><trkpt lat="41.90614" lon="-111.52761"><ele>2541.40</ele><time>2026-05-17T05:29:00Z</time></trkpt><trkpt lat="41.90602" lon="-111.52769"><ele>2537.50</ele><time>2026-05-17T05:29:10Z</time></trkpt><trkpt lat="41.90588" lon="-111.52785"><ele>2533.60</ele><time>2026-05-17T05:29:22Z</time></trkpt><trkpt lat="41.90579" lon="-111.52806"><ele>2529.70</ele><time>2026-05-17T05:29:35Z</time></trkpt><trkpt lat="41.90571" lon="-111.52818"><ele>2525.80</ele><time>2026-05-17T05:29:44Z</time></trkpt><trkpt lat="41.9052" lon="-111.52841"><ele>2521.90</ele><time>2026-05-17T05:30:21Z</time></trkpt><trkpt lat="41.90494" lon="-111.52866"><ele>2518.00</ele><time>2026-05-17T05:30:44Z</time></trkpt><trkpt lat="41.90461" lon="-111.5289"><ele>2520.40</ele><time>2026-05-17T05:31:10Z</time></trkpt><trkpt lat="41.90433" lon="-111.52906"><ele>2522.80</ele><time>2026-05-17T05:31:31Z</time></trkpt><trkpt lat="41.90414" lon="-111.52913"><ele>2525.20</ele><time>2026-05-17T05:31:45Z</time></trkpt><trkpt lat="41.90396" lon="-111.52913"><ele>2527.60</ele><time>2026-05-17T05:31:58Z</time></trkpt><trkpt lat="41.90359" lon="-111.5293"><ele>2530.00</ele><time>2026-05-17T05:32:25Z</time></trkpt><trkpt lat="41.90331" lon="-111.52923"><ele>2532.40</ele><time>2026-05-17T05:32:45Z</time></trkpt><trkpt lat="41.90303" lon="-111.52933"><ele>2534.80</ele><time>2026-05-17T05:33:06Z</time></trkpt><trkpt lat="41.90277" lon="-111.52931"><ele>2537.20</ele><time>2026-05-17T05:33:24Z</time></trkpt><trkpt lat="41.90244268058691" lon="-111.52936343990419"><ele>2539.60</ele><time>2026-05-17T05:33:47Z</time></trkpt><trkpt lat="41.90244268100388" lon="-111.52936343990419"><ele>2542.00</ele><time>2026-05-17T05:33:47Z</time></trkpt><trkpt lat="41.90228" lon="-111.52939"><ele>2538.90</ele><time>2026-05-17T05:33:58Z</time></trkpt><trkpt lat="41.90228" lon="-111.52939"><ele>2535.80</ele><time>2026-05-17T05:33:58Z</time></trkpt><trkpt lat="41.90167" lon="-111.52935"><ele>2532.70</ele><time>2026-05-17T05:34:41Z</time></trkpt><trkpt lat="41.90103" lon="-111.52941"><ele>2529.60</ele><time>2026-05-17T05:35:26Z</time></trkpt><trkpt lat="41.9009" lon="-111.5293"><ele>2526.50</ele><time>2026-05-17T05:35:37Z</time></trkpt><trkpt lat="41.90084" lon="-111.52928"><ele>2523.40</ele><time>2026-05-17T05:35:41Z</time></trkpt><trkpt lat="41.90071" lon="-111.52931"><ele>2520.30</ele><time>2026-05-17T05:35:51Z</time></trkpt><trkpt lat="41.90047" lon="-111.52928"><ele>2517.20</ele><time>2026-05-17T05:36:08Z</time></trkpt><trkpt lat="41.90024" lon="-111.52934"><ele>2514.10</ele><time>2026-05-17T05:36:24Z</time></trkpt><trkpt lat="41.8997" lon="-111.52939"><ele>2511.00</ele><time>2026-05-17T05:37:02Z</time></trkpt><trkpt lat="41.89927" lon="-111.52929"><ele>2510.90</ele><time>2026-05-17T05:37:33Z</time></trkpt><trkpt lat="41.89905" lon="-111.52931"><ele>2510.80</ele><time>2026-05-17T05:37:48Z</time></trkpt><trkpt lat="41.89892" lon="-111.52944"><ele>2510.70</ele><time>2026-05-17T05:37:59Z</time></trkpt><trkpt lat="41.89861" lon="-111.52954"><ele>2510.60</ele><time>2026-05-17T05:38:22Z</time></trkpt><trkpt lat="41.89846" lon="-111.52964"><ele>2510.50</ele><time>2026-05-17T05:38:33Z</time></trkpt><trkpt lat="41.89822" lon="-111.52971"><ele>2510.40</ele><time>2026-05-17T05:38:51Z</time></trkpt><trkpt lat="41.89794" lon="-111.52974"><ele>2510.30</ele><time>2026-05-17T05:39:10Z</time></trkpt><trkpt lat="41.89723" lon="-111.53002"><ele>2510.20</ele><time>2026-05-17T05:40:02Z</time></trkpt><trkpt lat="41.89682" lon="-111.5301"><ele>2510.10</ele><time>2026-05-17T05:40:31Z</time></trkpt><trkpt lat="41.89667" lon="-111.5302"><ele>2510.00</ele><time>2026-05-17T05:40:43Z</time></trkpt><trkpt lat="41.89657" lon="-111.53031"><ele>2512.20</ele><time>2026-05-17T05:40:52Z</time></trkpt><trkpt lat="41.8964" lon="-111.53063"><ele>2514.40</ele><time>2026-05-17T05:41:13Z</time></trkpt><trkpt lat="41.8964" lon="-111.53063"><ele>2516.60</ele><time>2026-05-17T05:41:13Z</time></trkpt><trkpt lat="41.8963" lon="-111.5308"><ele>2518.80</ele><time>2026-05-17T05:41:24Z</time></trkpt><trkpt lat="41.89589" lon="-111.53123"><ele>2521.00</ele><time>2026-05-17T05:42:01Z</time></trkpt><trkpt lat="41.89577" lon="-111.53132"><ele>2523.20</ele><time>2026-05-17T05:42:10Z</time></trkpt><trkpt lat="41.89559" lon="-111.53139"><ele>2525.40</ele><time>2026-05-17T05:42:23Z</time></trkpt><trkpt lat="41.89544" lon="-111.53148"><ele>2527.60</ele><time>2026-05-17T05:42:35Z</time></trkpt><trkpt lat="41.89529" lon="-111.5316"><ele>2529.80</ele><time>2026-05-17T05:42:47Z</time></trkpt><trkpt lat="41.89517" lon="-111.53182"><ele>2532.00</ele><time>2026-05-17T05:43:01Z</time></trkpt><trkpt lat="41.89485" lon="-111.53192"><ele>2533.70</ele><time>2026-05-17T05:43:24Z</time></trkpt><trkpt lat="41.89476" lon="-111.53198"><ele>2535.40</ele><time>2026-05-17T05:43:31Z</time></trkpt><trkpt lat="41.8947" lon="-111.53211"><ele>2537.10</ele><time>2026-05-17T05:43:39Z</time></trkpt><trkpt lat="41.89461" lon="-111.53244"><ele>2538.80</ele><time>2026-05-17T05:43:58Z</time></trkpt><trkpt lat="41.89449" lon="-111.5332"><ele>2540.50</ele><time>2026-05-17T05:44:38Z</time></trkpt><trkpt lat="41.89449" lon="-111.5332"><ele>2542.20</ele><time>2026-05-17T05:44:38Z</time></trkpt><trkpt lat="41.89442" lon="-111.5334"><ele>2543.90</ele><time>2026-05-17T05:44:50Z</time></trkpt><trkpt lat="41.89437" lon="-111.53345"><ele>2545.60</ele><time>2026-05-17T05:44:54Z</time></trkpt><trkpt lat="41.89417" lon="-111.53349"><ele>2547.30</ele><time>2026-05-17T05:45:08Z</time></trkpt><trkpt lat="41.89406" lon="-111.53356"><ele>2549.00</ele><time>2026-05-17T05:45:17Z</time></trkpt><trkpt lat="41.89392" lon="-111.53373"><ele>2546.90</ele><time>2026-05-17T05:45:30Z</time></trkpt><trkpt lat="41.89368" lon="-111.53409"><ele>2544.80</ele><time>2026-05-17T05:45:55Z</time></trkpt><trkpt lat="41.89326" lon="-111.53442"><ele>2542.70</ele><time>2026-05-17T05:46:30Z</time></trkpt><trkpt lat="41.89314" lon="-111.53456"><ele>2540.60</ele><time>2026-05-17T05:46:41Z</time></trkpt><trkpt lat="41.89281" lon="-111.53481"><ele>2538.50</ele><time>2026-05-17T05:47:07Z</time></trkpt><trkpt lat="41.89271" lon="-111.53501"><ele>2536.40</ele><time>2026-05-17T05:47:20Z</time></trkpt><trkpt lat="41.89271" lon="-111.53501"><ele>2534.30</ele><time>2026-05-17T05:47:20Z</time></trkpt><trkpt lat="41.89233" lon="-111.53489"><ele>2532.20</ele><time>2026-05-17T05:47:47Z</time></trkpt><trkpt lat="41.89194" lon="-111.53484"><ele>2530.10</ele><time>2026-05-17T05:48:15Z</time></trkpt><trkpt lat="41.89181" lon="-111.53498"><ele>2528.00</ele><time>2026-05-17T05:48:26Z</time></trkpt><trkpt lat="41.89164" lon="-111.53537"><ele>2518.50</ele><time>2026-05-17T05:48:50Z</time></trkpt><trkpt lat="41.89159" lon="-111.53568"><ele>2509.00</ele><time>2026-05-17T05:49:07Z</time></trkpt><trkpt lat="41.89161" lon="-111.53616"><ele>2499.50</ele><time>2026-05-17T05:49:32Z</time></trkpt><trkpt lat="41.89185" lon="-111.5364"><ele>2490.00</ele><time>2026-05-17T05:49:53Z</time></trkpt><trkpt lat="41.89198" lon="-111.53663"><ele>2480.50</ele><time>2026-05-17T05:50:08Z</time></trkpt><trkpt lat="41.89201" lon="-111.53684"><ele>2471.00</ele><time>2026-05-17T05:50:19Z</time></trkpt><trkpt lat="41.89186" lon="-111.53694"><ele>2461.50</ele><time>2026-05-17T05:50:31Z</time></trkpt><trkpt lat="41.89164" lon="-111.53697"><ele>2452.00</ele><time>2026-05-17T05:50:46Z</time></trkpt><trkpt lat="41.89155" lon="-111.53709"><ele>2442.50</ele><time>2026-05-17T05:50:55Z</time></trkpt><trkpt lat="41.8916" lon="-111.53751"><ele>2433.00</ele><time>2026-05-17T05:51:17Z</time></trkpt><trkpt lat="41.89116" lon="-111.53798"><ele>2415.80</ele><time>2026-05-17T05:51:57Z</time></trkpt><trkpt lat="41.89048" lon="-111.53854"><ele>2398.60</ele><time>2026-05-17T05:52:53Z</time></trkpt><trkpt lat="41.88879" lon="-111.53918"><ele>2381.40</ele><time>2026-05-17T05:54:56Z</time></trkpt><trkpt lat="41.88592" lon="-111.53973"><ele>2364.20</ele><time>2026-05-17T05:58:19Z</time></trkpt><trkpt lat="41.88592" lon="-111.53973"><ele>2347.00</ele><time>2026-05-17T05:58:19Z</time></trkpt><trkpt lat="41.88531" lon="-111.53985"><ele>2329.80</ele><time>2026-05-17T05:59:02Z</time></trkpt><trkpt lat="41.88391" lon="-111.54026"><ele>2312.60</ele><time>2026-05-17T06:00:43Z</time></trkpt><trkpt lat="41.88315" lon="-111.54058"><ele>2295.40</ele><time>2026-05-17T06:01:39Z</time></trkpt><trkpt lat="41.88292" lon="-111.54062"><ele>2278.20</ele><time>2026-05-17T06:01:55Z</time></trkpt><trkpt lat="41.88275" lon="-111.54053"><ele>2261.00</ele><time>2026-05-17T06:02:08Z</time></trkpt><trkpt lat="41.88262" lon="-111.54038"><ele>2257.80</ele><time>2026-05-17T06:02:20Z</time></trkpt><trkpt lat="41.88228" lon="-111.53909"><ele>2254.60</ele><time>2026-05-17T06:03:31Z</time></trkpt><trkpt lat="41.88189" lon="-111.53853"><ele>2251.40</ele><time>2026-05-17T06:04:11Z</time></trkpt><trkpt lat="41.88112" lon="-111.53787"><ele>2248.20</ele><time>2026-05-17T06:05:16Z</time></trkpt><trkpt lat="41.8805" lon="-111.53708"><ele>2245.00</ele><time>2026-05-17T06:06:15Z</time></trkpt><trkpt lat="41.88022" lon="-111.53665"><ele>2241.80</ele><time>2026-05-17T06:06:45Z</time></trkpt><trkpt lat="41.88022" lon="-111.53665"><ele>2238.60</ele><time>2026-05-17T06:06:45Z</time></trkpt><trkpt lat="41.88026" lon="-111.53652"><ele>2235.40</ele><time>2026-05-17T06:06:53Z</time></trkpt><trkpt lat="41.88022" lon="-111.53612"><ele>2232.20</ele><time>2026-05-17T06:07:14Z</time></trkpt><trkpt lat="41.88023" lon="-111.53557"><ele>2229.00</ele><time>2026-05-17T06:07:42Z</time></trkpt><trkpt lat="41.88029" lon="-111.53511"><ele>2229.00</ele><time>2026-05-17T06:08:07Z</time></trkpt><trkpt lat="41.88041583981388" lon="-111.53446681872907"><ele>2229.00</ele><time>2026-05-17T06:08:42Z</time></trkpt><trkpt lat="41.8804158398672" lon="-111.53446681872907"><ele>2229.00</ele><time>2026-05-17T06:08:42Z</time></trkpt><trkpt lat="41.88047" lon="-111.53419"><ele>2229.00</ele><time>2026-05-17T06:08:57Z</time></trkpt><trkpt lat="41.88072" lon="-111.5332"><ele>2229.00</ele><time>2026-05-17T06:09:51Z</time></trkpt><trkpt lat="41.88072" lon="-111.5332"><ele>2229.00</ele><time>2026-05-17T06:09:51Z</time></trkpt><trkpt lat="41.88081" lon="-111.53294"><ele>2229.00</ele><time>2026-05-17T06:10:06Z</time></trkpt><trkpt lat="41.88096" lon="-111.53264"><ele>2229.00</ele><time>2026-05-17T06:10:25Z</time></trkpt><trkpt lat="41.88105" lon="-111.53241"><ele>2229.00</ele><time>2026-05-17T06:10:39Z</time></trkpt><trkpt lat="41.88104" lon="-111.53217"><ele>2229.00</ele><time>2026-05-17T06:10:51Z</time></trkpt><trkpt lat="41.88106" lon="-111.53181"><ele>2234.50</ele><time>2026-05-17T06:11:10Z</time></trkpt><trkpt lat="41.88115" lon="-111.53136"><ele>2240.00</ele><time>2026-05-17T06:11:34Z</time></trkpt><trkpt lat="41.88164" lon="-111.53076"><ele>2245.50</ele><time>2026-05-17T06:12:21Z</time></trkpt><trkpt lat="41.88162" lon="-111.53026"><ele>2251.00</ele><time>2026-05-17T06:12:47Z</time></trkpt><trkpt lat="41.88182" lon="-111.52895"><ele>2256.50</ele><time>2026-05-17T06:13:57Z</time></trkpt><trkpt lat="41.88183" lon="-111.52862"><ele>2262.00</ele><time>2026-05-17T06:14:14Z</time></trkpt><trkpt lat="41.88192" lon="-111.5279"><ele>2267.50</ele><time>2026-05-17T06:14:52Z</time></trkpt><trkpt lat="41.88205" lon="-111.52707"><ele>2273.00</ele><time>2026-05-17T06:15:36Z</time></trkpt><trkpt lat="41.88216" lon="-111.52686"><ele>2278.50</ele><time>2026-05-17T06:15:50Z</time></trkpt><trkpt lat="41.88214" lon="-111.52634"><ele>2284.00</ele><time>2026-05-17T06:16:17Z</time></trkpt><trkpt lat="41.8819" lon="-111.52541"><ele>2291.60</ele><time>2026-05-17T06:17:08Z</time></trkpt><trkpt lat="41.882" lon="-111.52482"><ele>2299.20</ele><time>2026-05-17T06:17:40Z</time></trkpt><trkpt lat="41.88218" lon="-111.52441"><ele>2306.80</ele><time>2026-05-17T06:18:05Z</time></trkpt><trkpt lat="41.88224" lon="-111.52379"><ele>2314.40</ele><time>2026-05-17T06:18:38Z</time></trkpt><trkpt lat="41.88228" lon="-111.52366"><ele>2322.00</ele><time>2026-05-17T06:18:45Z</time></trkpt><trkpt lat="41.88211" lon="-111.52333"><ele>2329.60</ele><time>2026-05-17T06:19:06Z</time></trkpt><trkpt lat="41.88174" lon="-111.52229"><ele>2337.20</ele><time>2026-05-17T06:20:06Z</time></trkpt><trkpt lat="41.88159" lon="-111.5216"><ele>2344.80</ele><time>2026-05-17T06:20:44Z</time></trkpt><trkpt lat="41.88147" lon="-111.52"><ele>2352.40</ele><time>2026-05-17T06:22:08Z</time></trkpt><trkpt lat="41.88143" lon="-111.51888"><ele>2360.00</ele><time>2026-05-17T06:23:06Z</time></trkpt><trkpt lat="41.88148" lon="-111.51854"><ele>2358.70</ele><time>2026-05-17T06:23:24Z</time></trkpt><trkpt lat="41.88147" lon="-111.51806"><ele>2357.40</ele><time>2026-05-17T06:23:49Z</time></trkpt><trkpt lat="41.88152" lon="-111.51774"><ele>2356.10</ele><time>2026-05-17T06:24:06Z</time></trkpt><trkpt lat="41.88148" lon="-111.51736"><ele>2354.80</ele><time>2026-05-17T06:24:26Z</time></trkpt><trkpt lat="41.88144" lon="-111.5167"><ele>2353.50</ele><time>2026-05-17T06:25:01Z</time></trkpt><trkpt lat="41.88149" lon="-111.51619"><ele>2352.20</ele><time>2026-05-17T06:25:28Z</time></trkpt><trkpt lat="41.881507413008315" lon="-111.5156893760109"><ele>2350.90</ele><time>2026-05-17T06:25:54Z</time></trkpt><trkpt lat="41.881507413011384" lon="-111.51568937601091"><ele>2349.60</ele><time>2026-05-17T06:25:54Z</time></trkpt><trkpt lat="41.88153" lon="-111.51504"><ele>2348.30</ele><time>2026-05-17T06:26:28Z</time></trkpt><trkpt lat="41.88195659647725" lon="-111.51399720861114"><ele>2347.00</ele><time>2026-05-17T06:27:30Z</time></trkpt><trkpt lat="41.88198313982143" lon="-111.5138214826584"><ele>2351.60</ele><time>2026-05-17T06:27:40Z</time></trkpt><trkpt lat="41.882206799208774" lon="-111.51369273662569"><ele>2356.20</ele><time>2026-05-17T06:27:57Z</time></trkpt><trkpt lat="41.88231" lon="-111.51362"><ele>2360.80</ele><time>2026-05-17T06:28:05Z</time></trkpt><trkpt lat="41.88275" lon="-111.51344"><ele>2365.40</ele><time>2026-05-17T06:28:37Z</time></trkpt><trkpt lat="41.88307" lon="-111.5134"><ele>2370.00</ele><time>2026-05-17T06:29:00Z</time></trkpt><trkpt lat="41.88366" lon="-111.51318"><ele>2374.60</ele><time>2026-05-17T06:29:43Z</time></trkpt><trkpt lat="41.8857" lon="-111.51226"><ele>2379.20</ele><time>2026-05-17T06:32:13Z</time></trkpt><trkpt lat="41.88592" lon="-111.51213"><ele>2383.80</ele><time>2026-05-17T06:32:30Z</time></trkpt><trkpt lat="41.88592" lon="-111.51213"><ele>2388.40</ele><time>2026-05-17T06:32:30Z</time></trkpt><trkpt lat="41.8864455799476" lon="-111.51183071141872"><ele>2393.00</ele><time>2026-05-17T06:33:10Z</time></trkpt><trkpt lat="41.886445580747306" lon="-111.51183071141872"><ele>2395.60</ele><time>2026-05-17T06:33:10Z</time></trkpt><trkpt lat="41.88664" lon="-111.51172"><ele>2398.20</ele><time>2026-05-17T06:33:25Z</time></trkpt><trkpt lat="41.88728" lon="-111.51123"><ele>2400.80</ele><time>2026-05-17T06:34:17Z</time></trkpt><trkpt lat="41.88728" lon="-111.51123"><ele>2403.40</ele><time>2026-05-17T06:34:17Z</time></trkpt><trkpt lat="41.88764" lon="-111.51072"><ele>2406.00</ele><time>2026-05-17T06:34:54Z</time></trkpt><trkpt lat="41.88913" lon="-111.50953"><ele>2408.60</ele><time>2026-05-17T06:36:55Z</time></trkpt><trkpt lat="41.88931" lon="-111.50917"><ele>2411.20</ele><time>2026-05-17T06:37:18Z</time></trkpt><trkpt lat="41.88957" lon="-111.50888"><ele>2413.80</ele><time>2026-05-17T06:37:42Z</time></trkpt><trkpt lat="41.8902" lon="-111.50777"><ele>2416.40</ele><time>2026-05-17T06:38:54Z</time></trkpt><trkpt lat="41.89101" lon="-111.5069"><ele>2419.00</ele><time>2026-05-17T06:40:07Z</time></trkpt><trkpt lat="41.89121" lon="-111.50676"><ele>2420.70</ele><time>2026-05-17T06:40:23Z</time></trkpt><trkpt lat="41.89144" lon="-111.5067"><ele>2422.40</ele><time>2026-05-17T06:40:39Z</time></trkpt><trkpt lat="41.89165" lon="-111.50651"><ele>2424.10</ele><time>2026-05-17T06:40:57Z</time></trkpt><trkpt lat="41.89201" lon="-111.50594"><ele>2425.80</ele><time>2026-05-17T06:41:36Z</time></trkpt><trkpt lat="41.89239" lon="-111.50545"><ele>2427.50</ele><time>2026-05-17T06:42:13Z</time></trkpt><trkpt lat="41.89278" lon="-111.50522"><ele>2429.20</ele><time>2026-05-17T06:42:43Z</time></trkpt><trkpt lat="41.89315" lon="-111.50504"><ele>2430.90</ele><time>2026-05-17T06:43:11Z</time></trkpt><trkpt lat="41.89405" lon="-111.50494"><ele>2432.60</ele><time>2026-05-17T06:44:14Z</time></trkpt><trkpt lat="41.89455" lon="-111.50492"><ele>2434.30</ele><time>2026-05-17T06:44:49Z</time></trkpt><trkpt lat="41.89508" lon="-111.50512"><ele>2436.00</ele><time>2026-05-17T06:45:28Z</time></trkpt><trkpt lat="41.89528" lon="-111.50537"><ele>2438.10</ele><time>2026-05-17T06:45:47Z</time></trkpt><trkpt lat="41.89537" lon="-111.50544"><ele>2440.20</ele><time>2026-05-17T06:45:54Z</time></trkpt><trkpt lat="41.89564" lon="-111.50555"><ele>2442.30</ele><time>2026-05-17T06:46:14Z</time></trkpt><trkpt lat="41.89587" lon="-111.50587"><ele>2444.40</ele><time>2026-05-17T06:46:37Z</time></trkpt><trkpt lat="41.89592364200972" lon="-111.50589768619855"><ele>2446.50</ele><time>2026-05-17T06:46:41Z</time></trkpt><trkpt lat="41.895923642117374" lon="-111.50589768619855"><ele>2448.60</ele><time>2026-05-17T06:46:41Z</time></trkpt><trkpt lat="41.89618" lon="-111.50603"><ele>2450.70</ele><time>2026-05-17T06:47:00Z</time></trkpt><trkpt lat="41.89664" lon="-111.50617"><ele>2452.80</ele><time>2026-05-17T06:47:34Z</time></trkpt><trkpt lat="41.89777" lon="-111.50641"><ele>2454.90</ele><time>2026-05-17T06:48:54Z</time></trkpt><trkpt lat="41.89812" lon="-111.50656"><ele>2457.00</ele><time>2026-05-17T06:49:20Z</time></trkpt><trkpt lat="41.89839" lon="-111.50681"><ele>2461.10</ele><time>2026-05-17T06:49:43Z</time></trkpt><trkpt lat="41.89859" lon="-111.50676"><ele>2465.20</ele><time>2026-05-17T06:49:57Z</time></trkpt><trkpt lat="41.89887" lon="-111.50656"><ele>2469.30</ele><time>2026-05-17T06:50:19Z</time></trkpt><trkpt lat="41.89913" lon="-111.50619"><ele>2473.40</ele><time>2026-05-17T06:50:46Z</time></trkpt><trkpt lat="41.89936" lon="-111.50595"><ele>2477.50</ele><time>2026-05-17T06:51:06Z</time></trkpt><trkpt lat="41.899646074343" lon="-111.50555048238304"><ele>2481.60</ele><time>2026-05-17T06:51:35Z</time></trkpt><trkpt lat="41.899646075001385" lon="-111.50555048238306"><ele>2485.70</ele><time>2026-05-17T06:51:35Z</time></trkpt><trkpt lat="41.89994" lon="-111.50514"><ele>2489.80</ele><time>2026-05-17T06:52:05Z</time></trkpt><trkpt lat="41.90015" lon="-111.50479"><ele>2493.90</ele><time>2026-05-17T06:52:28Z</time></trkpt><trkpt lat="41.90038" lon="-111.50453"><ele>2498.00</ele><time>2026-05-17T06:52:49Z</time></trkpt><trkpt lat="41.9008" lon="-111.50419"><ele>2500.40</ele><time>2026-05-17T06:53:24Z</time></trkpt><trkpt lat="41.90098" lon="-111.50389"><ele>2502.80</ele><time>2026-05-17T06:53:44Z</time></trkpt><trkpt lat="41.90106" lon="-111.50349"><ele>2505.20</ele><time>2026-05-17T06:54:05Z</time></trkpt><trkpt lat="41.90106" lon="-111.50349"><ele>2507.60</ele><time>2026-05-17T06:54:05Z</time></trkpt><trkpt lat="41.90139" lon="-111.50386"><ele>2510.00</ele><time>2026-05-17T06:54:36Z</time></trkpt><trkpt lat="41.90175" lon="-111.50419"><ele>2512.40</ele><time>2026-05-17T06:55:06Z</time></trkpt><trkpt lat="41.90188" lon="-111.50437"><ele>2514.80</ele><time>2026-05-17T06:55:19Z</time></trkpt><trkpt lat="41.90216" lon="-111.50455"><ele>2517.20</ele><time>2026-05-17T06:55:41Z</time></trkpt><trkpt lat="41.90228" lon="-111.50468"><ele>2519.60</ele><time>2026-05-17T06:55:52Z</time></trkpt><trkpt lat="41.90228" lon="-111.50468"><ele>2522.00</ele><time>2026-05-17T06:55:52Z</time></trkpt><trkpt lat="41.90231" lon="-111.50472"><ele>2524.70</ele><time>2026-05-17T06:55:55Z</time></trkpt><trkpt lat="41.90256" lon="-111.50481"><ele>2527.40</ele><time>2026-05-17T06:56:13Z</time></trkpt><trkpt lat="41.90273" lon="-111.50497"><ele>2530.10</ele><time>2026-05-17T06:56:28Z</time></trkpt><trkpt lat="41.90274" lon="-111.50506"><ele>2532.80</ele><time>2026-05-17T06:56:32Z</time></trkpt><trkpt lat="41.9027" lon="-111.50522"><ele>2535.50</ele><time>2026-05-17T06:56:41Z</time></trkpt><trkpt lat="41.90273" lon="-111.50533"><ele>2538.20</ele><time>2026-05-17T06:56:47Z</time></trkpt><trkpt lat="41.90284" lon="-111.50556"><ele>2540.90</ele><time>2026-05-17T06:57:01Z</time></trkpt><trkpt lat="41.90289" lon="-111.50579"><ele>2543.60</ele><time>2026-05-17T06:57:14Z</time></trkpt><trkpt lat="41.90307" lon="-111.5062"><ele>2546.30</ele><time>2026-05-17T06:57:39Z</time></trkpt><trkpt lat="41.90322" lon="-111.50694"><ele>2549.00</ele><time>2026-05-17T06:58:19Z</time></trkpt><trkpt lat="41.90334" lon="-111.50718"><ele>2555.00</ele><time>2026-05-17T06:58:34Z</time></trkpt><trkpt lat="41.90348" lon="-111.50767"><ele>2561.00</ele><time>2026-05-17T06:59:01Z</time></trkpt><trkpt lat="41.90391" lon="-111.50846"><ele>2567.00</ele><time>2026-05-17T06:59:52Z</time></trkpt><trkpt lat="41.90399" lon="-111.5087"><ele>2573.00</ele><time>2026-05-17T07:00:06Z</time></trkpt><trkpt lat="41.90416" lon="-111.50894"><ele>2579.00</ele><time>2026-05-17T07:00:23Z</time></trkpt><trkpt lat="41.90437" lon="-111.50936"><ele>2585.00</ele><time>2026-05-17T07:00:50Z</time></trkpt><trkpt lat="41.90451" lon="-111.50981"><ele>2591.00</ele><time>2026-05-17T07:01:15Z</time></trkpt><trkpt lat="41.90461" lon="-111.51003"><ele>2597.00</ele><time>2026-05-17T07:01:29Z</time></trkpt><trkpt lat="41.90466" lon="-111.51025"><ele>2603.00</ele><time>2026-05-17T07:01:41Z</time></trkpt><trkpt lat="41.9049" lon="-111.51051"><ele>2609.00</ele><time>2026-05-17T07:02:02Z</time></trkpt><trkpt lat="41.9052" lon="-111.51118"><ele>2609.00</ele><time>2026-05-17T07:02:43Z</time></trkpt><trkpt lat="41.90521" lon="-111.51123"><ele>2609.00</ele><time>2026-05-17T07:02:46Z</time></trkpt><trkpt lat="41.90521" lon="-111.51123"><ele>2609.00</ele><time>2026-05-17T07:02:46Z</time></trkpt><trkpt lat="41.90523" lon="-111.51142"><ele>2609.00</ele><time>2026-05-17T07:02:56Z</time></trkpt><trkpt lat="41.90522" lon="-111.51172"><ele>2609.00</ele><time>2026-05-17T07:03:12Z</time></trkpt><trkpt lat="41.90521974805056" lon="-111.51172111577606"><ele>2609.00</ele><time>2026-05-17T07:03:12Z</time></trkpt><trkpt lat="41.9052197480507" lon="-111.51172111577604"><ele>2609.00</ele><time>2026-05-17T07:03:12Z</time></trkpt><trkpt lat="41.90515" lon="-111.51203"><ele>2609.00</ele><time>2026-05-17T07:03:29Z</time></trkpt><trkpt lat="41.90492" lon="-111.51224"><ele>2609.00</ele><time>2026-05-17T07:03:48Z</time></trkpt><trkpt lat="41.90486170014585" lon="-111.51246931275965"><ele>2609.00</ele><time>2026-05-17T07:04:01Z</time></trkpt><trkpt lat="41.90486170014585" lon="-111.51246931275965"><ele>2609.00</ele><time>2026-05-17T07:04:01Z</time></trkpt><trkpt lat="41.90485781723396" lon="-111.51248458554642"><ele>2609.00</ele><time>2026-05-17T07:04:02Z</time></trkpt><trkpt lat="41.9048779125414" lon="-111.51250714383971"><ele>2609.00</ele><time>2026-05-17T07:04:03Z</time></trkpt><trkpt lat="41.90493" lon="-111.51262"><ele>2609.00</ele><time>2026-05-17T07:04:10Z</time></trkpt><trkpt lat="41.9051" lon="-111.51261"><ele>2609.00</ele><time>2026-05-17T07:04:22Z</time></trkpt><trkpt lat="41.90534" lon="-111.51252"><ele>2609.00</ele><time>2026-05-17T07:04:40Z</time></trkpt><trkpt lat="41.90564" lon="-111.51216"><ele>2609.00</ele><time>2026-05-17T07:05:08Z</time></trkpt><trkpt lat="41.90576" lon="-111.5121"><ele>2609.00</ele><time>2026-05-17T07:05:17Z</time></trkpt><trkpt lat="41.90582125181385" lon="-111.51210706751698"><ele>2609.00</ele><time>2026-05-17T07:05:21Z</time></trkpt><trkpt lat="41.905821251909174" lon="-111.51210706751698"><ele>2609.00</ele><time>2026-05-17T07:05:21Z</time></trkpt><trkpt lat="41.90602" lon="-111.51213"><ele>2604.60</ele><time>2026-05-17T07:05:35Z</time></trkpt><trkpt lat="41.90651" lon="-111.51202"><ele>2600.20</ele><time>2026-05-17T07:06:10Z</time></trkpt><trkpt lat="41.90678" lon="-111.5121"><ele>2595.80</ele><time>2026-05-17T07:06:30Z</time></trkpt><trkpt lat="41.90719" lon="-111.51209"><ele>2591.40</ele><time>2026-05-17T07:06:58Z</time></trkpt><trkpt lat="41.90774" lon="-111.51194"><ele>2587.00</ele><time>2026-05-17T07:07:38Z</time></trkpt><trkpt lat="41.90796" lon="-111.5118"><ele>2582.60</ele><time>2026-05-17T07:07:55Z</time></trkpt><trkpt lat="41.90832" lon="-111.51172"><ele>2578.20</ele><time>2026-05-17T07:08:20Z</time></trkpt><trkpt lat="41.90853" lon="-111.5116"><ele>2573.80</ele><time>2026-05-17T07:08:36Z</time></trkpt><trkpt lat="41.90909" lon="-111.51123"><ele>2569.40</ele><time>2026-05-17T07:09:20Z</time></trkpt><trkpt lat="41.90909" lon="-111.51123"><ele>2565.00</ele><time>2026-05-17T07:09:20Z</time></trkpt><trkpt lat="41.90972" lon="-111.51085"><ele>2567.10</ele><time>2026-05-17T07:10:09Z</time></trkpt><trkpt lat="41.91018" lon="-111.51053"><ele>2569.20</ele><time>2026-05-17T07:10:45Z</time></trkpt><trkpt lat="41.91041" lon="-111.51026"><ele>2571.30</ele><time>2026-05-17T07:11:06Z</time></trkpt><trkpt lat="41.91077" lon="-111.50993"><ele>2573.40</ele><time>2026-05-17T07:11:37Z</time></trkpt><trkpt lat="41.91128" lon="-111.50919"><ele>2575.50</ele><time>2026-05-17T07:12:30Z</time></trkpt><trkpt lat="41.91128" lon="-111.50919"><ele>2577.60</ele><time>2026-05-17T07:12:30Z</time></trkpt><trkpt lat="41.91113" lon="-111.50869"><ele>2579.70</ele><time>2026-05-17T07:12:58Z</time></trkpt><trkpt lat="41.91106" lon="-111.50835"><ele>2581.80</ele><time>2026-05-17T07:13:16Z</time></trkpt><trkpt lat="41.910943946676234" lon="-111.50823394667623"><ele>2583.90</ele><time>2026-05-17T07:13:26Z</time></trkpt><trkpt lat="41.91094394680709" lon="-111.50823394667624"><ele>2586.00</ele><time>2026-05-17T07:13:26Z</time></trkpt><trkpt lat="41.9108" lon="-111.50809"><ele>2577.80</ele><time>2026-05-17T07:13:39Z</time></trkpt><trkpt lat="41.90972" lon="-111.50728"><ele>2569.60</ele><time>2026-05-17T07:15:06Z</time></trkpt><trkpt lat="41.90895" lon="-111.50658"><ele>2561.40</ele><time>2026-05-17T07:16:11Z</time></trkpt><trkpt lat="41.90823" lon="-111.50627"><ele>2553.20</ele><time>2026-05-17T07:17:04Z</time></trkpt><trkpt lat="41.90798" lon="-111.50611"><ele>2545.00</ele><time>2026-05-17T07:17:23Z</time></trkpt><trkpt lat="41.90779" lon="-111.50586"><ele>2536.80</ele><time>2026-05-17T07:17:42Z</time></trkpt><trkpt lat="41.90705" lon="-111.50508"><ele>2528.60</ele><time>2026-05-17T07:18:48Z</time></trkpt><trkpt lat="41.90598" lon="-111.50419"><ele>2520.40</ele><time>2026-05-17T07:20:16Z</time></trkpt><trkpt lat="41.90515" lon="-111.50356"><ele>2512.20</ele><time>2026-05-17T07:21:23Z</time></trkpt><trkpt lat="41.9046" lon="-111.50299"><ele>2504.00</ele><time>2026-05-17T07:22:12Z</time></trkpt><trkpt lat="41.90428" lon="-111.50271"><ele>2502.10</ele><time>2026-05-17T07:22:39Z</time></trkpt><trkpt lat="41.90364" lon="-111.50234"><ele>2500.20</ele><time>2026-05-17T07:23:27Z</time></trkpt><trkpt lat="41.90348" lon="-111.50215"><ele>2498.30</ele><time>2026-05-17T07:23:42Z</time></trkpt><trkpt lat="41.90335" lon="-111.50183"><ele>2496.40</ele><time>2026-05-17T07:24:01Z</time></trkpt><trkpt lat="41.90327" lon="-111.50127"><ele>2494.50</ele><time>2026-05-17T07:24:31Z</time></trkpt><trkpt lat="41.90326" lon="-111.50072"><ele>2492.60</ele><time>2026-05-17T07:25:00Z</time></trkpt><trkpt lat="41.90309" lon="-111.50006"><ele>2490.70</ele><time>2026-05-17T07:25:36Z</time></trkpt><trkpt lat="41.90276" lon="-111.49915"><ele>2488.80</ele><time>2026-05-17T07:26:29Z</time></trkpt><trkpt lat="41.90241" lon="-111.49862"><ele>2486.90</ele><time>2026-05-17T07:27:06Z</time></trkpt><trkpt lat="41.90228" lon="-111.49835"><ele>2485.00</ele><time>2026-05-17T07:27:23Z</time></trkpt><trkpt lat="41.90228" lon="-111.49835"><ele>2483.50</ele><time>2026-05-17T07:27:23Z</time></trkpt><trkpt lat="41.90205" lon="-111.4979"><ele>2482.00</ele><time>2026-05-17T07:27:51Z</time></trkpt><trkpt lat="41.90192" lon="-111.49775"><ele>2480.50</ele><time>2026-05-17T07:28:04Z</time></trkpt><trkpt lat="41.90169" lon="-111.49724"><ele>2479.00</ele><time>2026-05-17T07:28:35Z</time></trkpt><trkpt lat="41.90133" lon="-111.49675"><ele>2477.50</ele><time>2026-05-17T07:29:11Z</time></trkpt><trkpt lat="41.90117" lon="-111.49639"><ele>2476.00</ele><time>2026-05-17T07:29:32Z</time></trkpt><trkpt lat="41.90083" lon="-111.496"><ele>2474.50</ele><time>2026-05-17T07:30:04Z</time></trkpt><trkpt lat="41.90065" lon="-111.49584"><ele>2473.00</ele><time>2026-05-17T07:30:19Z</time></trkpt><trkpt lat="41.900640837057615" lon="-111.49573920763373"><ele>2471.50</ele><time>2026-05-17T07:30:24Z</time></trkpt><trkpt lat="41.90064083705767" lon="-111.49573920763373"><ele>2470.00</ele><time>2026-05-17T07:30:24Z</time></trkpt><trkpt lat="41.90064" lon="-111.49573"><ele>2465.50</ele><time>2026-05-17T07:30:25Z</time></trkpt><trkpt lat="41.90042" lon="-111.49536"><ele>2461.00</ele><time>2026-05-17T07:30:49Z</time></trkpt><trkpt lat="41.90026" lon="-111.49494"><ele>2456.50</ele><time>2026-05-17T07:31:14Z</time></trkpt><trkpt lat="41.90002" lon="-111.49362"><ele>2452.00</ele><time>2026-05-17T07:32:25Z</time></trkpt><trkpt lat="41.90004" lon="-111.49323"><ele>2447.50</ele><time>2026-05-17T07:32:45Z</time></trkpt><trkpt lat="41.89996" lon="-111.49292"><ele>2443.00</ele><time>2026-05-17T07:33:03Z</time></trkpt><trkpt lat="41.89975" lon="-111.49247"><ele>2438.50</ele><time>2026-05-17T07:33:30Z</time></trkpt><trkpt lat="41.89947" lon="-111.49212"><ele>2434.00</ele><time>2026-05-17T07:33:57Z</time></trkpt><trkpt lat="41.89938" lon="-111.49162"><ele>2429.50</ele><time>2026-05-17T07:34:24Z</time></trkpt><trkpt lat="41.89942" lon="-111.49115"><ele>2425.00</ele><time>2026-05-17T07:34:49Z</time></trkpt><trkpt lat="41.89937" lon="-111.49003"><ele>2421.70</ele><time>2026-05-17T07:35:47Z</time></trkpt><trkpt lat="41.89943" lon="-111.48969"><ele>2418.40</ele><time>2026-05-17T07:36:06Z</time></trkpt><trkpt lat="41.89962" lon="-111.4894"><ele>2415.10</ele><time>2026-05-17T07:36:26Z</time></trkpt><trkpt lat="41.89979" lon="-111.48926"><ele>2411.80</ele><time>2026-05-17T07:36:40Z</time></trkpt><trkpt lat="41.89979" lon="-111.48926"><ele>2408.50</ele><time>2026-05-17T07:36:40Z</time></trkpt><trkpt lat="41.89985" lon="-111.4892"><ele>2405.20</ele><time>2026-05-17T07:36:45Z</time></trkpt><trkpt lat="41.90031" lon="-111.48906"><ele>2401.90</ele><time>2026-05-17T07:37:18Z</time></trkpt><trkpt lat="41.90047" lon="-111.48883"><ele>2398.60</ele><time>2026-05-17T07:37:34Z</time></trkpt><trkpt lat="41.90113" lon="-111.48834"><ele>2395.30</ele><time>2026-05-17T07:38:27Z</time></trkpt><trkpt lat="41.90133" lon="-111.48834"><ele>2392.00</ele><time>2026-05-17T07:38:41Z</time></trkpt><trkpt lat="41.90169" lon="-111.4884"><ele>2388.40</ele><time>2026-05-17T07:39:07Z</time></trkpt><trkpt lat="41.90194" lon="-111.48821"><ele>2384.80</ele><time>2026-05-17T07:39:27Z</time></trkpt><trkpt lat="41.90228" lon="-111.48767"><ele>2381.20</ele><time>2026-05-17T07:40:04Z</time></trkpt><trkpt lat="41.90228" lon="-111.48767"><ele>2377.60</ele><time>2026-05-17T07:40:04Z</time></trkpt><trkpt lat="41.90238" lon="-111.4875"><ele>2374.00</ele><time>2026-05-17T07:40:15Z</time></trkpt><trkpt lat="41.90303" lon="-111.48604"><ele>2370.40</ele><time>2026-05-17T07:41:44Z</time></trkpt><trkpt lat="41.90310059232411" lon="-111.48584057668441"><ele>2366.80</ele><time>2026-05-17T07:41:56Z</time></trkpt><trkpt lat="41.9031005925062" lon="-111.48584057668441"><ele>2363.20</ele><time>2026-05-17T07:41:56Z</time></trkpt><trkpt lat="41.90343" lon="-111.48491"><ele>2359.60</ele><time>2026-05-17T07:42:49Z</time></trkpt><trkpt lat="41.904527766767195" lon="-111.4810678163148"><ele>2356.00</ele><time>2026-05-17T07:46:24Z</time></trkpt><trkpt lat="41.90453248784969" lon="-111.48105228649099"><ele>2356.00</ele><time>2026-05-17T07:46:25Z</time></trkpt><trkpt lat="41.90513" lon="-111.4792"><ele>2356.00</ele><time>2026-05-17T07:48:11Z</time></trkpt><trkpt lat="41.90513" lon="-111.4792"><ele>2356.00</ele><time>2026-05-17T07:48:11Z</time></trkpt><trkpt lat="41.90513" lon="-111.4792"><ele>2356.00</ele><time>2026-05-17T07:48:11Z</time></trkpt><trkpt lat="41.90513571859212" lon="-111.47915661334993"><ele>2356.00</ele><time>2026-05-17T07:48:13Z</time></trkpt><trkpt lat="41.90519560572117" lon="-111.47911369800569"><ele>2356.00</ele><time>2026-05-17T07:48:18Z</time></trkpt><trkpt lat="41.90532336474201" lon="-111.47940874099733"><ele>2356.00</ele><time>2026-05-17T07:48:35Z</time></trkpt><trkpt lat="41.905324731054336" lon="-111.47940709654222"><ele>2356.00</ele><time>2026-05-17T07:48:36Z</time></trkpt><trkpt lat="41.90546" lon="-111.47961"><ele>2356.00</ele><time>2026-05-17T07:48:50Z</time></trkpt><trkpt lat="41.90547217128917" lon="-111.47964144249703"><ele>2356.00</ele><time>2026-05-17T07:48:52Z</time></trkpt><trkpt lat="41.90547217129946" lon="-111.47964144249701"><ele>2357.90</ele><time>2026-05-17T07:48:52Z</time></trkpt><trkpt lat="41.90558" lon="-111.47992"><ele>2359.80</ele><time>2026-05-17T07:49:08Z</time></trkpt><trkpt lat="41.90577" lon="-111.48067"><ele>2361.70</ele><time>2026-05-17T07:49:49Z</time></trkpt><trkpt lat="41.90597" lon="-111.48118"><ele>2363.60</ele><time>2026-05-17T07:50:19Z</time></trkpt><trkpt lat="41.90609" lon="-111.4814"><ele>2365.50</ele><time>2026-05-17T07:50:34Z</time></trkpt><trkpt lat="41.90624" lon="-111.48159"><ele>2367.40</ele><time>2026-05-17T07:50:48Z</time></trkpt><trkpt lat="41.90646" lon="-111.48175"><ele>2369.30</ele><time>2026-05-17T07:51:06Z</time></trkpt><trkpt lat="41.90774" lon="-111.48252"><ele>2371.20</ele><time>2026-05-17T07:52:44Z</time></trkpt><trkpt lat="41.90791" lon="-111.48267"><ele>2373.10</ele><time>2026-05-17T07:52:58Z</time></trkpt><trkpt lat="41.90864" lon="-111.4836"><ele>2375.00</ele><time>2026-05-17T07:54:09Z</time></trkpt><trkpt lat="41.90888" lon="-111.48375"><ele>2374.40</ele><time>2026-05-17T07:54:27Z</time></trkpt><trkpt lat="41.90992" lon="-111.4841"><ele>2373.80</ele><time>2026-05-17T07:55:43Z</time></trkpt><trkpt lat="41.91075" lon="-111.4846"><ele>2373.20</ele><time>2026-05-17T07:56:46Z</time></trkpt><trkpt lat="41.91103" lon="-111.48468"><ele>2372.60</ele><time>2026-05-17T07:57:07Z</time></trkpt><trkpt lat="41.91213" lon="-111.48487"><ele>2372.00</ele><time>2026-05-17T07:58:24Z</time></trkpt><trkpt lat="41.91236" lon="-111.48487"><ele>2371.40</ele><time>2026-05-17T07:58:40Z</time></trkpt><trkpt lat="41.91257" lon="-111.48482"><ele>2370.80</ele><time>2026-05-17T07:58:55Z</time></trkpt><trkpt lat="41.91281" lon="-111.4847"><ele>2370.20</ele><time>2026-05-17T07:59:13Z</time></trkpt><trkpt lat="41.91299" lon="-111.48452"><ele>2369.60</ele><time>2026-05-17T07:59:29Z</time></trkpt><trkpt lat="41.91328" lon="-111.48396"><ele>2369.00</ele><time>2026-05-17T08:00:05Z</time></trkpt><trkpt lat="41.91338" lon="-111.48383"><ele>2369.40</ele><time>2026-05-17T08:00:15Z</time></trkpt><trkpt lat="41.91355" lon="-111.48373"><ele>2369.80</ele><time>2026-05-17T08:00:28Z</time></trkpt><trkpt lat="41.91457" lon="-111.48328"><ele>2370.20</ele><time>2026-05-17T08:01:43Z</time></trkpt><trkpt lat="41.91486" lon="-111.4831"><ele>2370.60</ele><time>2026-05-17T08:02:05Z</time></trkpt><trkpt lat="41.91506" lon="-111.48288"><ele>2371.00</ele><time>2026-05-17T08:02:23Z</time></trkpt><trkpt lat="41.91523" lon="-111.48261"><ele>2371.40</ele><time>2026-05-17T08:02:42Z</time></trkpt><trkpt lat="41.91563" lon="-111.48175"><ele>2371.80</ele><time>2026-05-17T08:03:35Z</time></trkpt><trkpt lat="41.91607" lon="-111.48123"><ele>2372.20</ele><time>2026-05-17T08:04:16Z</time></trkpt><trkpt lat="41.91782" lon="-111.48029"><ele>2372.60</ele><time>2026-05-17T08:06:28Z</time></trkpt><trkpt lat="41.91821" lon="-111.48017"><ele>2373.00</ele><time>2026-05-17T08:06:56Z</time></trkpt><trkpt lat="41.91863" lon="-111.4801"><ele>2373.70</ele><time>2026-05-17T08:07:26Z</time></trkpt><trkpt lat="41.91863" lon="-111.4801"><ele>2374.40</ele><time>2026-05-17T08:07:26Z</time></trkpt><trkpt lat="41.91909" lon="-111.48003"><ele>2375.10</ele><time>2026-05-17T08:07:58Z</time></trkpt><trkpt lat="41.9196" lon="-111.47989"><ele>2375.80</ele><time>2026-05-17T08:08:35Z</time></trkpt><trkpt lat="41.92003" lon="-111.47961"><ele>2376.50</ele><time>2026-05-17T08:09:08Z</time></trkpt><trkpt lat="41.92179" lon="-111.47821"><ele>2377.20</ele><time>2026-05-17T08:11:32Z</time></trkpt><trkpt lat="41.92286" lon="-111.4767"><ele>2377.90</ele><time>2026-05-17T08:13:21Z</time></trkpt><trkpt lat="41.92411" lon="-111.47605"><ele>2378.60</ele><time>2026-05-17T08:14:55Z</time></trkpt><trkpt lat="41.92434" lon="-111.47589"><ele>2379.30</ele><time>2026-05-17T08:15:13Z</time></trkpt><trkpt lat="41.92452" lon="-111.4757"><ele>2380.00</ele><time>2026-05-17T08:15:29Z</time></trkpt><trkpt lat="41.92465" lon="-111.47552"><ele>2380.60</ele><time>2026-05-17T08:15:42Z</time></trkpt><trkpt lat="41.92511" lon="-111.47461"><ele>2381.20</ele><time>2026-05-17T08:16:39Z</time></trkpt><trkpt lat="41.925294216657285" lon="-111.47437599505696"><ele>2381.80</ele><time>2026-05-17T08:16:57Z</time></trkpt><trkpt lat="41.925294216657285" lon="-111.47437599505696"><ele>2382.40</ele><time>2026-05-17T08:16:57Z</time></trkpt><trkpt lat="41.925323805711486" lon="-111.47433840896107"><ele>2383.00</ele><time>2026-05-17T08:17:00Z</time></trkpt><trkpt lat="41.92543623258649" lon="-111.47441715002061"><ele>2383.60</ele><time>2026-05-17T08:17:09Z</time></trkpt><trkpt lat="41.925557964297084" lon="-111.47441178560258"><ele>2384.20</ele><time>2026-05-17T08:17:17Z</time></trkpt><trkpt lat="41.925559866151076" lon="-111.47441445781581"><ele>2384.80</ele><time>2026-05-17T08:17:18Z</time></trkpt><trkpt lat="41.92561" lon="-111.47435"><ele>2385.40</ele><time>2026-05-17T08:17:23Z</time></trkpt><trkpt lat="41.92567" lon="-111.47417"><ele>2386.00</ele><time>2026-05-17T08:17:33Z</time></trkpt><trkpt lat="41.92567" lon="-111.47417"><ele>2386.00</ele><time>2026-05-17T08:17:33Z</time></trkpt><trkpt lat="41.92571162487525" lon="-111.47400870079922"><ele>2386.00</ele><time>2026-05-17T08:17:42Z</time></trkpt><trkpt lat="41.92571162487525" lon="-111.47400870079922"><ele>2386.00</ele><time>2026-05-17T08:17:42Z</time></trkpt><trkpt lat="41.92575" lon="-111.47386"><ele>2386.00</ele><time>2026-05-17T08:17:50Z</time></trkpt><trkpt lat="41.92575" lon="-111.47386"><ele>2386.00</ele><time>2026-05-17T08:17:50Z</time></trkpt><trkpt lat="41.925763775345565" lon="-111.4737842355994"><ele>2386.00</ele><time>2026-05-17T08:17:54Z</time></trkpt><trkpt lat="41.92576377534623" lon="-111.47378423559938"><ele>2386.00</ele><time>2026-05-17T08:17:54Z</time></trkpt><trkpt lat="41.92577" lon="-111.47375"><ele>2386.00</ele><time>2026-05-17T08:17:56Z</time></trkpt><trkpt lat="41.92573" lon="-111.47346"><ele>2386.00</ele><time>2026-05-17T08:18:11Z</time></trkpt><trkpt lat="41.92578299766294" lon="-111.47324393260493"><ele>2386.00</ele><time>2026-05-17T08:18:23Z</time></trkpt><trkpt lat="41.92578299769492" lon="-111.47324393260494"><ele>2385.80</ele><time>2026-05-17T08:18:23Z</time></trkpt><trkpt lat="41.92586" lon="-111.47293"><ele>2385.60</ele><time>2026-05-17T08:18:40Z</time></trkpt><trkpt lat="41.92586" lon="-111.47279"><ele>2385.40</ele><time>2026-05-17T08:18:48Z</time></trkpt><trkpt lat="41.92576" lon="-111.47203"><ele>2385.20</ele><time>2026-05-17T08:19:28Z</time></trkpt><trkpt lat="41.92555" lon="-111.47154"><ele>2385.00</ele><time>2026-05-17T08:19:57Z</time></trkpt><trkpt lat="41.92541" lon="-111.47132"><ele>2384.80</ele><time>2026-05-17T08:20:13Z</time></trkpt><trkpt lat="41.92523" lon="-111.47111"><ele>2384.60</ele><time>2026-05-17T08:20:29Z</time></trkpt><trkpt lat="41.92507" lon="-111.4707"><ele>2384.40</ele><time>2026-05-17T08:20:53Z</time></trkpt><trkpt lat="41.92502" lon="-111.47042"><ele>2384.20</ele><time>2026-05-17T08:21:08Z</time></trkpt><trkpt lat="41.92502" lon="-111.47042"><ele>2384.00</ele><time>2026-05-17T08:21:08Z</time></trkpt><trkpt lat="41.92509" lon="-111.47019"><ele>2380.70</ele><time>2026-05-17T08:21:21Z</time></trkpt><trkpt lat="41.925477550938595" lon="-111.4693779885096"><ele>2377.40</ele><time>2026-05-17T08:22:12Z</time></trkpt><trkpt lat="41.925477550938595" lon="-111.4693779885096"><ele>2374.10</ele><time>2026-05-17T08:22:12Z</time></trkpt><trkpt lat="41.92551" lon="-111.46931"><ele>2370.80</ele><time>2026-05-17T08:22:16Z</time></trkpt><trkpt lat="41.92553" lon="-111.46909"><ele>2367.50</ele><time>2026-05-17T08:22:28Z</time></trkpt><trkpt lat="41.92539" lon="-111.46861"><ele>2364.20</ele><time>2026-05-17T08:22:54Z</time></trkpt><trkpt lat="41.92537" lon="-111.46846"><ele>2360.90</ele><time>2026-05-17T08:23:02Z</time></trkpt><trkpt lat="41.92537" lon="-111.46846"><ele>2357.60</ele><time>2026-05-17T08:23:02Z</time></trkpt><trkpt lat="41.92537" lon="-111.46846"><ele>2354.30</ele><time>2026-05-17T08:23:02Z</time></trkpt><trkpt lat="41.92541" lon="-111.46826"><ele>2351.00</ele><time>2026-05-17T08:23:13Z</time></trkpt><trkpt lat="41.9255" lon="-111.46813"><ele>2351.00</ele><time>2026-05-17T08:23:23Z</time></trkpt><trkpt lat="41.9255" lon="-111.46813"><ele>2351.00</ele><time>2026-05-17T08:23:23Z</time></trkpt><trkpt lat="41.9255" lon="-111.46813"><ele>2351.00</ele><time>2026-05-17T08:23:23Z</time></trkpt><trkpt lat="41.92579" lon="-111.4679"><ele>2351.00</ele><time>2026-05-17T08:23:46Z</time></trkpt><trkpt lat="41.9258" lon="-111.46759"><ele>2351.00</ele><time>2026-05-17T08:24:02Z</time></trkpt><trkpt lat="41.92583401618047" lon="-111.46751224873036"><ele>2351.00</ele><time>2026-05-17T08:24:07Z</time></trkpt><trkpt lat="41.925834016190066" lon="-111.46751224873036"><ele>2351.00</ele><time>2026-05-17T08:24:07Z</time></trkpt><trkpt lat="41.92587" lon="-111.46743"><ele>2351.00</ele><time>2026-05-17T08:24:12Z</time></trkpt><trkpt lat="41.92598" lon="-111.46732"><ele>2351.00</ele><time>2026-05-17T08:24:22Z</time></trkpt><trkpt lat="41.92607" lon="-111.46731"><ele>2351.00</ele><time>2026-05-17T08:24:28Z</time></trkpt><trkpt lat="41.92624" lon="-111.46739"><ele>2347.10</ele><time>2026-05-17T08:24:41Z</time></trkpt><trkpt lat="41.92636" lon="-111.46735"><ele>2343.20</ele><time>2026-05-17T08:24:49Z</time></trkpt><trkpt lat="41.92638" lon="-111.46729"><ele>2339.30</ele><time>2026-05-17T08:24:53Z</time></trkpt><trkpt lat="41.92638" lon="-111.46729"><ele>2335.40</ele><time>2026-05-17T08:24:53Z</time></trkpt><trkpt lat="41.9264" lon="-111.4672"><ele>2331.50</ele><time>2026-05-17T08:24:58Z</time></trkpt><trkpt lat="41.92637" lon="-111.46688"><ele>2327.60</ele><time>2026-05-17T08:25:14Z</time></trkpt><trkpt lat="41.92584" lon="-111.46501"><ele>2323.70</ele><time>2026-05-17T08:26:59Z</time></trkpt><trkpt lat="41.92568" lon="-111.46431"><ele>2319.80</ele><time>2026-05-17T08:27:37Z</time></trkpt><trkpt lat="41.92572" lon="-111.464"><ele>2315.90</ele><time>2026-05-17T08:27:54Z</time></trkpt><trkpt lat="41.92582" lon="-111.46373"><ele>2312.00</ele><time>2026-05-17T08:28:09Z</time></trkpt><trkpt lat="41.9258" lon="-111.46363"><ele>2312.00</ele><time>2026-05-17T08:28:15Z</time></trkpt><trkpt lat="41.92574" lon="-111.46359"><ele>2312.00</ele><time>2026-05-17T08:28:19Z</time></trkpt><trkpt lat="41.92568" lon="-111.46361"><ele>2312.00</ele><time>2026-05-17T08:28:24Z</time></trkpt><trkpt lat="41.92555" lon="-111.46372"><ele>2312.00</ele><time>2026-05-17T08:28:34Z</time></trkpt><trkpt lat="41.92513" lon="-111.46456"><ele>2312.00</ele><time>2026-05-17T08:29:27Z</time></trkpt><trkpt lat="41.92501" lon="-111.46461"><ele>2312.00</ele><time>2026-05-17T08:29:36Z</time></trkpt><trkpt lat="41.92494" lon="-111.46457"><ele>2312.00</ele><time>2026-05-17T08:29:41Z</time></trkpt><trkpt lat="41.92489" lon="-111.46451"><ele>2312.00</ele><time>2026-05-17T08:29:46Z</time></trkpt><trkpt lat="41.92494" lon="-111.46422"><ele>2312.00</ele><time>2026-05-17T08:30:02Z</time></trkpt><trkpt lat="41.92505" lon="-111.46373"><ele>2312.00</ele><time>2026-05-17T08:30:28Z</time></trkpt><trkpt lat="41.92538" lon="-111.46293"><ele>2309.00</ele><time>2026-05-17T08:31:16Z</time></trkpt><trkpt lat="41.92586" lon="-111.46245"><ele>2306.00</ele><time>2026-05-17T08:31:58Z</time></trkpt><trkpt lat="41.9268" lon="-111.46168"><ele>2303.00</ele><time>2026-05-17T08:33:15Z</time></trkpt><trkpt lat="41.92724" lon="-111.46128"><ele>2300.00</ele><time>2026-05-17T08:33:53Z</time></trkpt><trkpt lat="41.92761" lon="-111.46088"><ele>2297.00</ele><time>2026-05-17T08:34:26Z</time></trkpt><trkpt lat="41.92931" lon="-111.45876"><ele>2294.00</ele><time>2026-05-17T08:37:09Z</time></trkpt><trkpt lat="41.92955" lon="-111.45839"><ele>2291.00</ele><time>2026-05-17T08:37:34Z</time></trkpt><trkpt lat="41.92963" lon="-111.45815"><ele>2288.00</ele><time>2026-05-17T08:37:48Z</time></trkpt><trkpt lat="41.92957" lon="-111.4574"><ele>2285.00</ele><time>2026-05-17T08:38:27Z</time></trkpt><trkpt lat="41.92914" lon="-111.45471"><ele>2282.00</ele><time>2026-05-17T08:40:51Z</time></trkpt><trkpt lat="41.92908960157385" lon="-111.45457025890931"><ele>2278.90</ele><time>2026-05-17T08:40:59Z</time></trkpt><trkpt lat="41.92908960157385" lon="-111.45457025890931"><ele>2275.80</ele><time>2026-05-17T08:40:59Z</time></trkpt><trkpt lat="41.92892" lon="-111.4541"><ele>2272.70</ele><time>2026-05-17T08:41:26Z</time></trkpt><trkpt lat="41.92892" lon="-111.45383"><ele>2269.60</ele><time>2026-05-17T08:41:40Z</time></trkpt><trkpt lat="41.92892" lon="-111.45383"><ele>2266.50</ele><time>2026-05-17T08:41:40Z</time></trkpt><trkpt lat="41.92904" lon="-111.45352"><ele>2263.40</ele><time>2026-05-17T08:41:59Z</time></trkpt><trkpt lat="41.9292" lon="-111.45339"><ele>2260.30</ele><time>2026-05-17T08:42:12Z</time></trkpt><trkpt lat="41.92945" lon="-111.45344"><ele>2257.20</ele><time>2026-05-17T08:42:29Z</time></trkpt><trkpt lat="41.93015" lon="-111.45396"><ele>2254.10</ele><time>2026-05-17T08:43:25Z</time></trkpt><trkpt lat="41.93034" lon="-111.45395"><ele>2251.00</ele><time>2026-05-17T08:43:39Z</time></trkpt><trkpt lat="41.93061" lon="-111.45374"><ele>2248.80</ele><time>2026-05-17T08:44:01Z</time></trkpt><trkpt lat="41.93096" lon="-111.45354"><ele>2246.60</ele><time>2026-05-17T08:44:27Z</time></trkpt><trkpt lat="41.93135" lon="-111.45349"><ele>2244.40</ele><time>2026-05-17T08:44:55Z</time></trkpt><trkpt lat="41.93161" lon="-111.45351"><ele>2242.20</ele><time>2026-05-17T08:45:13Z</time></trkpt><trkpt lat="41.93238" lon="-111.45338"><ele>2240.00</ele><time>2026-05-17T08:46:08Z</time></trkpt><trkpt lat="41.93296" lon="-111.45336"><ele>2237.80</ele><time>2026-05-17T08:46:48Z</time></trkpt><trkpt lat="41.93331" lon="-111.45327"><ele>2235.60</ele><time>2026-05-17T08:47:13Z</time></trkpt><trkpt lat="41.93355" lon="-111.45306"><ele>2233.40</ele><time>2026-05-17T08:47:33Z</time></trkpt><trkpt lat="41.93367" lon="-111.45286"><ele>2231.20</ele><time>2026-05-17T08:47:47Z</time></trkpt><trkpt lat="41.93377" lon="-111.45206"><ele>2229.00</ele><time>2026-05-17T08:48:29Z</time></trkpt><trkpt lat="41.93377" lon="-111.45206"><ele>2227.30</ele><time>2026-05-17T08:48:29Z</time></trkpt><trkpt lat="41.93382" lon="-111.45143"><ele>2225.60</ele><time>2026-05-17T08:49:02Z</time></trkpt><trkpt lat="41.93386" lon="-111.45127"><ele>2223.90</ele><time>2026-05-17T08:49:11Z</time></trkpt><trkpt lat="41.93432" lon="-111.45074"><ele>2222.20</ele><time>2026-05-17T08:49:53Z</time></trkpt><trkpt lat="41.93447" lon="-111.45053"><ele>2220.50</ele><time>2026-05-17T08:50:09Z</time></trkpt><trkpt lat="41.93458" lon="-111.45029"><ele>2218.80</ele><time>2026-05-17T08:50:23Z</time></trkpt><trkpt lat="41.93473" lon="-111.45011"><ele>2217.10</ele><time>2026-05-17T08:50:37Z</time></trkpt><trkpt lat="41.9348" lon="-111.44994"><ele>2215.40</ele><time>2026-05-17T08:50:48Z</time></trkpt><trkpt lat="41.93493" lon="-111.4492"><ele>2213.70</ele><time>2026-05-17T08:51:27Z</time></trkpt><trkpt lat="41.93493" lon="-111.4492"><ele>2212.00</ele><time>2026-05-17T08:51:27Z</time></trkpt><trkpt lat="41.93498" lon="-111.44877"><ele>2209.80</ele><time>2026-05-17T08:51:50Z</time></trkpt><trkpt lat="41.93498" lon="-111.44877"><ele>2207.60</ele><time>2026-05-17T08:51:50Z</time></trkpt><trkpt lat="41.93499" lon="-111.44868"><ele>2205.40</ele><time>2026-05-17T08:51:55Z</time></trkpt><trkpt lat="41.9352" lon="-111.44811"><ele>2203.20</ele><time>2026-05-17T08:52:28Z</time></trkpt><trkpt lat="41.93519" lon="-111.44796"><ele>2201.00</ele><time>2026-05-17T08:52:36Z</time></trkpt><trkpt lat="41.93512" lon="-111.4477"><ele>2198.80</ele><time>2026-05-17T08:52:50Z</time></trkpt><trkpt lat="41.93509" lon="-111.44751"><ele>2196.60</ele><time>2026-05-17T08:53:00Z</time></trkpt><trkpt lat="41.93506" lon="-111.44717"><ele>2194.40</ele><time>2026-05-17T08:53:18Z</time></trkpt><trkpt lat="41.93498" lon="-111.44701"><ele>2192.20</ele><time>2026-05-17T08:53:28Z</time></trkpt><trkpt lat="41.93498" lon="-111.44701"><ele>2190.00</ele><time>2026-05-17T08:53:28Z</time></trkpt><trkpt lat="41.93481" lon="-111.4468"><ele>2187.80</ele><time>2026-05-17T08:53:44Z</time></trkpt><trkpt lat="41.93454" lon="-111.44658"><ele>2185.60</ele><time>2026-05-17T08:54:07Z</time></trkpt><trkpt lat="41.93444" lon="-111.44644"><ele>2183.40</ele><time>2026-05-17T08:54:17Z</time></trkpt><trkpt lat="41.93435" lon="-111.44595"><ele>2181.20</ele><time>2026-05-17T08:54:43Z</time></trkpt><trkpt lat="41.93431" lon="-111.44531"><ele>2179.00</ele><time>2026-05-17T08:55:17Z</time></trkpt><trkpt lat="41.93431" lon="-111.44531"><ele>2176.80</ele><time>2026-05-17T08:55:17Z</time></trkpt><trkpt lat="41.93427" lon="-111.44495"><ele>2174.60</ele><time>2026-05-17T08:55:36Z</time></trkpt><trkpt lat="41.93419" lon="-111.44453"><ele>2172.40</ele><time>2026-05-17T08:55:58Z</time></trkpt><trkpt lat="41.934" lon="-111.44398"><ele>2170.20</ele><time>2026-05-17T08:56:30Z</time></trkpt><trkpt lat="41.93399" lon="-111.44378"><ele>2168.00</ele><time>2026-05-17T08:56:40Z</time></trkpt><trkpt lat="41.93409" lon="-111.44336"><ele>2166.50</ele><time>2026-05-17T08:57:03Z</time></trkpt><trkpt lat="41.93411" lon="-111.44317"><ele>2165.00</ele><time>2026-05-17T08:57:13Z</time></trkpt><trkpt lat="41.93408" lon="-111.44297"><ele>2163.50</ele><time>2026-05-17T08:57:24Z</time></trkpt><trkpt lat="41.93404" lon="-111.44276"><ele>2162.00</ele><time>2026-05-17T08:57:35Z</time></trkpt><trkpt lat="41.93388" lon="-111.44236"><ele>2160.50</ele><time>2026-05-17T08:57:59Z</time></trkpt><trkpt lat="41.93371" lon="-111.44201"><ele>2159.00</ele><time>2026-05-17T08:58:21Z</time></trkpt><trkpt lat="41.9337" lon="-111.44194"><ele>2157.50</ele><time>2026-05-17T08:58:25Z</time></trkpt><trkpt lat="41.9337" lon="-111.44194"><ele>2156.00</ele><time>2026-05-17T08:58:25Z</time></trkpt><trkpt lat="41.9337" lon="-111.44194"><ele>2154.50</ele><time>2026-05-17T08:58:25Z</time></trkpt><trkpt lat="41.93373" lon="-111.44188"><ele>2153.00</ele><time>2026-05-17T08:58:28Z</time></trkpt><trkpt lat="41.93435" lon="-111.44153"><ele>2153.00</ele><time>2026-05-17T08:59:15Z</time></trkpt><trkpt lat="41.93444" lon="-111.44155"><ele>2153.00</ele><time>2026-05-17T08:59:22Z</time></trkpt><trkpt lat="41.93453" lon="-111.44165"><ele>2153.00</ele><time>2026-05-17T08:59:30Z</time></trkpt><trkpt lat="41.93462" lon="-111.44207"><ele>2153.00</ele><time>2026-05-17T08:59:53Z</time></trkpt><trkpt lat="41.93469" lon="-111.44223"><ele>2153.00</ele><time>2026-05-17T09:00:03Z</time></trkpt><trkpt lat="41.93486" lon="-111.44222"><ele>2153.00</ele><time>2026-05-17T09:00:14Z</time></trkpt><trkpt lat="41.93498" lon="-111.44213"><ele>2153.00</ele><time>2026-05-17T09:00:24Z</time></trkpt><trkpt lat="41.93498" lon="-111.44213"><ele>2153.00</ele><time>2026-05-17T09:00:24Z</time></trkpt><trkpt lat="41.93513" lon="-111.44202"><ele>2153.00</ele><time>2026-05-17T09:00:36Z</time></trkpt><trkpt lat="41.93531" lon="-111.44181"><ele>2153.00</ele><time>2026-05-17T09:00:53Z</time></trkpt><trkpt lat="41.93574" lon="-111.44098"><ele>2146.30</ele><time>2026-05-17T09:01:46Z</time></trkpt><trkpt lat="41.93586" lon="-111.44094"><ele>2139.60</ele><time>2026-05-17T09:01:54Z</time></trkpt><trkpt lat="41.93721" lon="-111.44119"><ele>2132.90</ele><time>2026-05-17T09:03:30Z</time></trkpt><trkpt lat="41.9373" lon="-111.44116"><ele>2126.20</ele><time>2026-05-17T09:03:36Z</time></trkpt><trkpt lat="41.93753" lon="-111.44092"><ele>2119.50</ele><time>2026-05-17T09:03:57Z</time></trkpt><trkpt lat="41.93766" lon="-111.44046"><ele>2112.80</ele><time>2026-05-17T09:04:22Z</time></trkpt><trkpt lat="41.93788" lon="-111.43999"><ele>2106.10</ele><time>2026-05-17T09:04:51Z</time></trkpt><trkpt lat="41.93817" lon="-111.43963"><ele>2099.40</ele><time>2026-05-17T09:05:19Z</time></trkpt><trkpt lat="41.93817" lon="-111.43963"><ele>2092.70</ele><time>2026-05-17T09:05:19Z</time></trkpt><trkpt lat="41.93852" lon="-111.4393"><ele>2086.00</ele><time>2026-05-17T09:05:49Z</time></trkpt><trkpt lat="41.93895" lon="-111.43909"><ele>2084.40</ele><time>2026-05-17T09:06:21Z</time></trkpt><trkpt lat="41.93895" lon="-111.43909"><ele>2082.80</ele><time>2026-05-17T09:06:21Z</time></trkpt><trkpt lat="41.93895" lon="-111.43909"><ele>2081.20</ele><time>2026-05-17T09:06:21Z</time></trkpt><trkpt lat="41.93905" lon="-111.43901"><ele>2079.60</ele><time>2026-05-17T09:06:29Z</time></trkpt><trkpt lat="41.93977" lon="-111.43766"><ele>2078.00</ele><time>2026-05-17T09:07:56Z</time></trkpt><trkpt lat="41.94001" lon="-111.43723"><ele>2076.40</ele><time>2026-05-17T09:08:24Z</time></trkpt><trkpt lat="41.940084001848014" lon="-111.43714859796718"><ele>2074.80</ele><time>2026-05-17T09:08:31Z</time></trkpt><trkpt lat="41.940084001863106" lon="-111.43714859796718"><ele>2073.20</ele><time>2026-05-17T09:08:31Z</time></trkpt><trkpt lat="41.94011" lon="-111.43712"><ele>2071.60</ele><time>2026-05-17T09:08:33Z</time></trkpt><trkpt lat="41.94027" lon="-111.43705"><ele>2070.00</ele><time>2026-05-17T09:08:45Z</time></trkpt><trkpt lat="41.94111" lon="-111.43701"><ele>2069.00</ele><time>2026-05-17T09:09:44Z</time></trkpt><trkpt lat="41.94124" lon="-111.43698"><ele>2068.00</ele><time>2026-05-17T09:09:53Z</time></trkpt><trkpt lat="41.94134" lon="-111.43688"><ele>2067.00</ele><time>2026-05-17T09:10:02Z</time></trkpt><trkpt lat="41.941416012593535" lon="-111.43667729975058"><ele>2066.00</ele><time>2026-05-17T09:10:14Z</time></trkpt><trkpt lat="41.941416012593535" lon="-111.43667729975058"><ele>2065.00</ele><time>2026-05-17T09:10:14Z</time></trkpt><trkpt lat="41.94149" lon="-111.43648"><ele>2064.00</ele><time>2026-05-17T09:10:25Z</time></trkpt><trkpt lat="41.94147" lon="-111.43611"><ele>2063.00</ele><time>2026-05-17T09:10:45Z</time></trkpt><trkpt lat="41.94153" lon="-111.43561"><ele>2062.00</ele><time>2026-05-17T09:11:11Z</time></trkpt><trkpt lat="41.94172" lon="-111.43508"><ele>2061.00</ele><time>2026-05-17T09:11:42Z</time></trkpt><trkpt lat="41.94189" lon="-111.43482"><ele>2060.00</ele><time>2026-05-17T09:12:00Z</time></trkpt><trkpt lat="41.94217" lon="-111.43462"><ele>2057.40</ele><time>2026-05-17T09:12:22Z</time></trkpt><trkpt lat="41.94248" lon="-111.43449"><ele>2054.80</ele><time>2026-05-17T09:12:45Z</time></trkpt><trkpt lat="41.94268" lon="-111.43447"><ele>2052.20</ele><time>2026-05-17T09:12:59Z</time></trkpt><trkpt lat="41.94351" lon="-111.4342"><ele>2049.60</ele><time>2026-05-17T09:13:59Z</time></trkpt><trkpt lat="41.94351" lon="-111.4342"><ele>2047.00</ele><time>2026-05-17T09:13:59Z</time></trkpt><trkpt lat="41.94351" lon="-111.4342"><ele>2044.40</ele><time>2026-05-17T09:13:59Z</time></trkpt><trkpt lat="41.94367" lon="-111.43402"><ele>2041.80</ele><time>2026-05-17T09:14:13Z</time></trkpt><trkpt lat="41.94389" lon="-111.43328"><ele>2039.20</ele><time>2026-05-17T09:14:55Z</time></trkpt><trkpt lat="41.944199223053474" lon="-111.43294868958557"><ele>2036.60</ele><time>2026-05-17T09:15:23Z</time></trkpt><trkpt lat="41.944199223053474" lon="-111.43294868958557"><ele>2034.00</ele><time>2026-05-17T09:15:23Z</time></trkpt><trkpt lat="41.94445" lon="-111.43268"><ele>2033.50</ele><time>2026-05-17T09:15:45Z</time></trkpt><trkpt lat="41.94458" lon="-111.43237"><ele>2033.00</ele><time>2026-05-17T09:16:04Z</time></trkpt><trkpt lat="41.94467" lon="-111.43202"><ele>2032.50</ele><time>2026-05-17T09:16:23Z</time></trkpt><trkpt lat="41.94469" lon="-111.43168"><ele>2032.00</ele><time>2026-05-17T09:16:41Z</time></trkpt><trkpt lat="41.94464" lon="-111.431"><ele>2031.50</ele><time>2026-05-17T09:17:17Z</time></trkpt><trkpt lat="41.94465" lon="-111.43058"><ele>2031.00</ele><time>2026-05-17T09:17:39Z</time></trkpt><trkpt lat="41.94475" lon="-111.43029"><ele>2030.50</ele><time>2026-05-17T09:17:55Z</time></trkpt><trkpt lat="41.94480370770946" lon="-111.4302209470614"><ele>2030.00</ele><time>2026-05-17T09:18:00Z</time></trkpt><trkpt lat="41.94480370770946" lon="-111.4302209470614"><ele>2029.50</ele><time>2026-05-17T09:18:00Z</time></trkpt><trkpt lat="41.94538" lon="-111.42948"><ele>2029.00</ele><time>2026-05-17T09:18:56Z</time></trkpt><trkpt lat="41.94545" lon="-111.42931"><ele>2025.50</ele><time>2026-05-17T09:19:06Z</time></trkpt><trkpt lat="41.94547" lon="-111.42908"><ele>2022.00</ele><time>2026-05-17T09:19:19Z</time></trkpt><trkpt lat="41.94541" lon="-111.42884"><ele>2018.50</ele><time>2026-05-17T09:19:32Z</time></trkpt><trkpt lat="41.94519" lon="-111.42832"><ele>2015.00</ele><time>2026-05-17T09:20:03Z</time></trkpt><trkpt lat="41.94507" lon="-111.42788"><ele>2011.50</ele><time>2026-05-17T09:20:27Z</time></trkpt><trkpt lat="41.94504" lon="-111.42696"><ele>2008.00</ele><time>2026-05-17T09:21:16Z</time></trkpt><trkpt lat="41.94505" lon="-111.4266"><ele>2004.50</ele><time>2026-05-17T09:21:34Z</time></trkpt><trkpt lat="41.94545" lon="-111.42523"><ele>2001.00</ele><time>2026-05-17T09:22:51Z</time></trkpt><trkpt lat="41.94555" lon="-111.42499"><ele>1997.50</ele><time>2026-05-17T09:23:05Z</time></trkpt><trkpt lat="41.94568" lon="-111.42485"><ele>1994.00</ele><time>2026-05-17T09:23:17Z</time></trkpt><trkpt lat="41.94599" lon="-111.42473"><ele>1993.30</ele><time>2026-05-17T09:23:40Z</time></trkpt><trkpt lat="41.94634" lon="-111.42465"><ele>1992.60</ele><time>2026-05-17T09:24:05Z</time></trkpt><trkpt lat="41.94693" lon="-111.42472"><ele>1991.90</ele><time>2026-05-17T09:24:46Z</time></trkpt><trkpt lat="41.94728" lon="-111.42463"><ele>1991.20</ele><time>2026-05-17T09:25:11Z</time></trkpt><trkpt lat="41.94744" lon="-111.42452"><ele>1990.50</ele><time>2026-05-17T09:25:24Z</time></trkpt><trkpt lat="41.94757" lon="-111.42427"><ele>1989.80</ele><time>2026-05-17T09:25:40Z</time></trkpt><trkpt lat="41.94764" lon="-111.42392"><ele>1989.10</ele><time>2026-05-17T09:25:59Z</time></trkpt><trkpt lat="41.94765" lon="-111.42365"><ele>1988.40</ele><time>2026-05-17T09:26:13Z</time></trkpt><trkpt lat="41.94761" lon="-111.42334"><ele>1987.70</ele><time>2026-05-17T09:26:29Z</time></trkpt><trkpt lat="41.94761" lon="-111.42334"><ele>1987.00</ele><time>2026-05-17T09:26:29Z</time></trkpt><trkpt lat="41.94749" lon="-111.42313"><ele>1983.60</ele><time>2026-05-17T09:26:43Z</time></trkpt><trkpt lat="41.94729" lon="-111.42303"><ele>1980.20</ele><time>2026-05-17T09:26:58Z</time></trkpt><trkpt lat="41.94644" lon="-111.42296"><ele>1976.80</ele><time>2026-05-17T09:27:58Z</time></trkpt><trkpt lat="41.9463" lon="-111.42289"><ele>1973.40</ele><time>2026-05-17T09:28:08Z</time></trkpt><trkpt lat="41.946" lon="-111.42239"><ele>1970.00</ele><time>2026-05-17T09:28:42Z</time></trkpt><trkpt lat="41.94565" lon="-111.42211"><ele>1966.60</ele><time>2026-05-17T09:29:10Z</time></trkpt><trkpt lat="41.94565" lon="-111.42211"><ele>1963.20</ele><time>2026-05-17T09:29:10Z</time></trkpt><trkpt lat="41.94565" lon="-111.42211"><ele>1959.80</ele><time>2026-05-17T09:29:10Z</time></trkpt><trkpt lat="41.94561" lon="-111.42201"><ele>1956.40</ele><time>2026-05-17T09:29:16Z</time></trkpt><trkpt lat="41.94555" lon="-111.42124"><ele>1953.00</ele><time>2026-05-17T09:29:57Z</time></trkpt><trkpt lat="41.94539" lon="-111.4209"><ele>1951.50</ele><time>2026-05-17T09:30:18Z</time></trkpt><trkpt lat="41.94538" lon="-111.42071"><ele>1950.00</ele><time>2026-05-17T09:30:27Z</time></trkpt><trkpt lat="41.94527921847647" lon="-111.4202630558522"><ele>1948.50</ele><time>2026-05-17T09:30:52Z</time></trkpt><trkpt lat="41.94527488934036" lon="-111.42024385707464"><ele>1947.00</ele><time>2026-05-17T09:30:53Z</time></trkpt><trkpt lat="41.94522197337483" lon="-111.420009186271"><ele>1945.50</ele><time>2026-05-17T09:31:06Z</time></trkpt><trkpt lat="41.945223565143785" lon="-111.4199870824814"><ele>1944.00</ele><time>2026-05-17T09:31:07Z</time></trkpt><trkpt lat="41.94514177071983" lon="-111.41964644193651"><ele>1942.50</ele><time>2026-05-17T09:31:26Z</time></trkpt><trkpt lat="41.94518965039536" lon="-111.41954988241199"><ele>1941.00</ele><time>2026-05-17T09:31:32Z</time></trkpt><trkpt lat="41.945419073341725" lon="-111.41947478055957"><ele>1939.50</ele><time>2026-05-17T09:31:48Z</time></trkpt><trkpt lat="41.94557268650526" lon="-111.41946136951448"><ele>1938.00</ele><time>2026-05-17T09:31:59Z</time></trkpt><trkpt lat="41.94577018860021" lon="-111.41955524683"><ele>1933.60</ele><time>2026-05-17T09:32:14Z</time></trkpt><trkpt lat="41.94593776565554" lon="-111.41960084438325"><ele>1929.20</ele><time>2026-05-17T09:32:26Z</time></trkpt><trkpt lat="41.94635870131596" lon="-111.41960084438325"><ele>1924.80</ele><time>2026-05-17T09:32:55Z</time></trkpt><trkpt lat="41.94708685359764" lon="-111.41943186521532"><ele>1920.40</ele><time>2026-05-17T09:33:47Z</time></trkpt><trkpt lat="41.94729233068216" lon="-111.41949355602266"><ele>1916.00</ele><time>2026-05-17T09:34:02Z</time></trkpt><trkpt lat="41.947507781671135" lon="-111.41955524683"><ele>1911.60</ele><time>2026-05-17T09:34:17Z</time></trkpt><trkpt lat="41.94770527777137" lon="-111.4195176959038"><ele>1907.20</ele><time>2026-05-17T09:34:31Z</time></trkpt><trkpt lat="41.948170089411015" lon="-111.41920387744905"><ele>1902.80</ele><time>2026-05-17T09:35:08Z</time></trkpt><trkpt lat="41.94828579306917" lon="-111.41889810562135"><ele>1898.40</ele><time>2026-05-17T09:35:26Z</time></trkpt><trkpt lat="41.948345639706496" lon="-111.41858428716661"><ele>1894.00</ele><time>2026-05-17T09:35:42Z</time></trkpt><trkpt lat="41.948431419788704" lon="-111.41837775707246"><ele>1893.20</ele><time>2026-05-17T09:35:55Z</time></trkpt><trkpt lat="41.948698733723205" lon="-111.4181497693062"><ele>1892.40</ele><time>2026-05-17T09:36:17Z</time></trkpt><trkpt lat="41.94876256972083" lon="-111.41813099384309"><ele>1891.60</ele><time>2026-05-17T09:36:22Z</time></trkpt><trkpt lat="41.94890620048182" lon="-111.41818463802339"><ele>1890.80</ele><time>2026-05-17T09:36:32Z</time></trkpt><trkpt lat="41.948956072198165" lon="-111.41813635826112"><ele>1890.00</ele><time>2026-05-17T09:36:36Z</time></trkpt><trkpt lat="41.948920164566346" lon="-111.41737192869189"><ele>1889.20</ele><time>2026-05-17T09:37:16Z</time></trkpt><trkpt lat="41.948880267173934" lon="-111.41691595315936"><ele>1888.40</ele><time>2026-05-17T09:37:40Z</time></trkpt><trkpt lat="41.948726661980025" lon="-111.41602814197542"><ele>1887.60</ele><time>2026-05-17T09:38:28Z</time></trkpt><trkpt lat="41.94871469272859" lon="-111.4157009124756"><ele>1886.80</ele><time>2026-05-17T09:38:45Z</time></trkpt><trkpt lat="41.94878251845701" lon="-111.41467094421388"><ele>1886.00</ele><time>2026-05-17T09:39:39Z</time></trkpt><trkpt lat="41.94886829795135" lon="-111.41401648521425"><ele>1886.80</ele><time>2026-05-17T09:40:14Z</time></trkpt><trkpt lat="41.94902190280396" lon="-111.41338348388673"><ele>1887.60</ele><time>2026-05-17T09:40:48Z</time></trkpt><trkpt lat="41.949205430194525" lon="-111.41270220279694"><ele>1888.40</ele><time>2026-05-17T09:41:26Z</time></trkpt><trkpt lat="41.94927126054282" lon="-111.41254127025606"><ele>1889.20</ele><time>2026-05-17T09:41:36Z</time></trkpt><trkpt lat="41.94927126054282" lon="-111.41214966773987"><ele>1890.00</ele><time>2026-05-17T09:41:56Z</time></trkpt><trkpt lat="41.94944680780591" lon="-111.4111438393593"><ele>1890.80</ele><time>2026-05-17T09:42:50Z</time></trkpt><trkpt lat="41.94969815872737" lon="-111.41073346138002"><ele>1891.60</ele><time>2026-05-17T09:43:18Z</time></trkpt><trkpt lat="41.949827823497735" lon="-111.4104786515236"><ele>1892.40</ele><time>2026-05-17T09:43:34Z</time></trkpt><trkpt lat="41.95003927624981" lon="-111.41025871038438"><ele>1893.20</ele><time>2026-05-17T09:43:53Z</time></trkpt><trkpt lat="41.95012904371549" lon="-111.4100977778435"><ele>1894.00</ele><time>2026-05-17T09:44:03Z</time></trkpt><trkpt lat="41.950143007532134" lon="-111.40874326229097"><ele>1887.10</ele><time>2026-05-17T09:45:14Z</time></trkpt><trkpt lat="41.95007318841839" lon="-111.4074558019638"><ele>1880.20</ele><time>2026-05-17T09:46:21Z</time></trkpt><trkpt lat="41.950083162582175" lon="-111.40626490116121"><ele>1873.30</ele><time>2026-05-17T09:47:23Z</time></trkpt><trkpt lat="41.950145002362845" lon="-111.40608519315721"><ele>1866.40</ele><time>2026-05-17T09:47:34Z</time></trkpt><trkpt lat="41.95009712640884" lon="-111.40573382377626"><ele>1859.50</ele><time>2026-05-17T09:47:52Z</time></trkpt><trkpt lat="41.950107100568914" lon="-111.40379458665849"><ele>1852.60</ele><time>2026-05-17T09:49:33Z</time></trkpt><trkpt lat="41.95009513157665" lon="-111.4032018184662"><ele>1845.70</ele><time>2026-05-17T09:50:04Z</time></trkpt><trkpt lat="41.95009191610314" lon="-111.40320196319388"><ele>1838.80</ele><time>2026-05-17T09:50:05Z</time></trkpt><trkpt lat="41.95006" lon="-111.40192"><ele>1831.90</ele><time>2026-05-17T09:51:11Z</time></trkpt><trkpt lat="41.95003" lon="-111.40137"><ele>1825.00</ele><time>2026-05-17T09:51:40Z</time></trkpt><trkpt lat="41.95003" lon="-111.40137"><ele>1825.00</ele><time>2026-05-17T09:51:40Z</time></trkpt><trkpt lat="41.949973342191434" lon="-111.40047156903572"><ele>1825.00</ele><time>2026-05-17T09:52:27Z</time></trkpt><trkpt lat="41.94997334219736" lon="-111.40047156903572"><ele>1825.00</ele><time>2026-05-17T09:52:27Z</time></trkpt><trkpt lat="41.94996" lon="-111.40026"><ele>1825.00</ele><time>2026-05-17T09:52:38Z</time></trkpt><trkpt lat="41.94996002271368" lon="-111.40025113058292"><ele>1825.00</ele><time>2026-05-17T09:52:39Z</time></trkpt><trkpt lat="41.95044998900921" lon="-111.40025432601527"><ele>1825.00</ele><time>2026-05-17T09:53:13Z</time></trkpt><trkpt lat="41.95044998900921" lon="-111.40025432601527"><ele>1825.00</ele><time>2026-05-17T09:53:13Z</time></trkpt><trkpt lat="41.95121223736433" lon="-111.40025929720021"><ele>1825.00</ele><time>2026-05-17T09:54:07Z</time></trkpt><trkpt lat="41.951212238008665" lon="-111.40025929720022"><ele>1825.00</ele><time>2026-05-17T09:54:07Z</time></trkpt><trkpt lat="41.95132" lon="-111.40026"><ele>1825.00</ele><time>2026-05-17T09:54:14Z</time></trkpt><trkpt lat="41.95133412198276" lon="-111.40025974323667"><ele>1824.30</ele><time>2026-05-17T09:54:15Z</time></trkpt><trkpt lat="41.952200113045336" lon="-111.40024399786336"><ele>1823.60</ele><time>2026-05-17T09:55:16Z</time></trkpt><trkpt lat="41.952200113045336" lon="-111.40024399786336"><ele>1822.90</ele><time>2026-05-17T09:55:16Z</time></trkpt><trkpt lat="41.952800242601604" lon="-111.40023308636053"><ele>1822.20</ele><time>2026-05-17T09:55:58Z</time></trkpt><trkpt lat="41.952800242601604" lon="-111.40023308636053"><ele>1821.50</ele><time>2026-05-17T09:55:58Z</time></trkpt><trkpt lat="41.95431003415173" lon="-111.40020563571925"><ele>1820.80</ele><time>2026-05-17T09:57:44Z</time></trkpt><trkpt lat="41.95431003415173" lon="-111.40020563571925"><ele>1820.10</ele><time>2026-05-17T09:57:44Z</time></trkpt><trkpt lat="41.954312200305566" lon="-111.40020559633479"><ele>1819.40</ele><time>2026-05-17T09:57:44Z</time></trkpt><trkpt lat="41.95431220031079" lon="-111.40020559633479"><ele>1818.70</ele><time>2026-05-17T09:57:44Z</time></trkpt><trkpt lat="41.95431003415173" lon="-111.40020563571925"><ele>1818.00</ele><time>2026-05-17T09:57:44Z</time></trkpt><trkpt lat="41.95431" lon="-111.4002"><ele>1818.38</ele><time>2026-05-17T09:57:45Z</time></trkpt><trkpt lat="41.95432" lon="-111.40137"><ele>1818.75</ele><time>2026-05-17T09:58:46Z</time></trkpt><trkpt lat="41.95432" lon="-111.40137"><ele>1819.12</ele><time>2026-05-17T09:58:46Z</time></trkpt><trkpt lat="41.95432" lon="-111.40173"><ele>1819.50</ele><time>2026-05-17T09:59:04Z</time></trkpt><trkpt lat="41.95431496396799" lon="-111.40176189486938"><ele>1819.88</ele><time>2026-05-17T09:59:06Z</time></trkpt><trkpt lat="41.95425621578152" lon="-111.40209674835206"><ele>1820.25</ele><time>2026-05-17T09:59:24Z</time></trkpt><trkpt lat="41.95408467117821" lon="-111.40230596065523"><ele>1820.62</ele><time>2026-05-17T09:59:40Z</time></trkpt><trkpt lat="41.95381040165164" lon="-111.40230596065523"><ele>1821.00</ele><time>2026-05-17T09:59:59Z</time></trkpt></trkseg></trk>
  <wpt lat="41.94202685385411" lon="-111.62041971807045">
    <name>Critical, faint hard right turn, do not miss!</name>
  </wpt>
  <wpt lat="41.7981116712448" lon="-111.56045436859131">
    <name>Water Only</name>
  </wpt>
  <wpt lat="41.79992" lon="-111.56039">
    <name>Use Temple Fork Cutoff</name>
  </wpt>
  <wpt lat="41.72376415583026" lon="-111.58792018890382">
    <name>Water Only</name>
  </wpt>
  <wpt lat="41.668744440045614" lon="-111.72520637512207">
    <name>Spring Water</name>
  </wpt>
  <wpt lat="41.95379" lon="-111.4023">
    <name>12. Finish - Garden City - Conestoga Ranch</name>
  </wpt>
  <wpt lat="41.72825" lon="-111.79954">
    <name>Start</name>
  </wpt>
  <wpt lat="41.68799" lon="-111.7149">
    <name>Spring Water</name>
  </wpt>
  <wpt lat="41.72187" lon="-111.73811">
    <name>Spring Water</name>
  </wpt>
  <wpt lat="41.92573" lon="-111.47406">
    <name>Go under highway through tunnel</name>
  </wpt>
  <wpt lat="41.92864" lon="-111.45291">
    <name>No crew/spectating</name>
  </wpt>
  <wpt lat="41.9011" lon="-111.50355">
    <name>Water Only</name>
  </wpt>
  <wpt lat="41.92521" lon="-111.47196">
    <name>No crew/spectating </name>
  </wpt>
  <wpt lat="41.70993" lon="-111.69883">
    <name>01. New LP Aid - Mile 10 (no crew)</name>
  </wpt>
  <wpt lat="41.6431293929783" lon="-111.70663317668104">
    <name>02. Leatham Hollow AS (Crew)</name>
  </wpt>
  <wpt lat="41.72597421479714" lon="-111.63783073425294">
    <name>03. Upper Richards Hollow AS (no crew)</name>
  </wpt>
  <wpt lat="41.774847863430544" lon="-111.6101312302987">
    <name>04. Right Hand Fork AS (Limited Crew)</name>
    <desc>Crew Access by Pass Only</desc>
  </wpt>
  <wpt lat="41.83491056103483" lon="-111.5924299743337">
    <name>05. Temple Fork AS (Limited Crew, pacer exchange)</name>
    <desc>Crew Access by Pass Only</desc>
  </wpt>
  <wpt lat="41.890025241478206" lon="-111.63350997325833">
    <name>06. Tony Grove AS (crew, pacer exchange)</name>
  </wpt>
  <wpt lat="41.93092" lon="-111.56427">
    <name>07. Franklin Basin Rd AS (Crew)</name>
  </wpt>
  <wpt lat="41.96021938808437" lon="-111.59104597655475">
    <name>08. Logan River AS (no crew, no pacer exchange)</name>
  </wpt>
  <wpt lat="41.96857" lon="-111.54152">
    <name>09. Beaver Mt AS (crew and pacer exchange) </name>
  </wpt>
  <wpt lat="41.90518" lon="-111.47918">
    <name>11. Burnt Fork Aid - Crew/Pacer</name>
  </wpt>
  <wpt lat="41.91065" lon="-111.51814">
    <name>10. Peter Sinks Aid (no crew, no pacer exchange)</name>
  </wpt>
  <wpt lat="41.88448" lon="-111.56425">
    <name>Tony Grove Extra Parking</name>
  </wpt>
  <wpt lat="41.93077824007243" lon="-111.56389832496644">
    <name>Starlink Hotspot and Parking</name>
  </wpt>
</gpx>