<?xml version='1.0' encoding='utf-8'?>
<gpx xmlns="http://www.topografix.com/GPX/1/1" xmlns:xsi="http://www.w3.org/2001/XMLSchema-instance" version="1.1" creator="GPS Visualizer https://www.gpsvisualizer.com/" xsi:schemaLocation="http://www.topografix.com/GPX/1/1 http://www.topografix.com/GPX/1/1/gpx.xsd http://www.garmin.com/xmlschemas/TrackPointExtension/v2 http://www.garmin.com/xmlschemas/TrackPointExtensionv2.xsd">
<wpt lat="44.83443" lon="-107.85073">
  <ele>2700.0</ele>
  <name>52M Start</name>
  <desc>Elevation: 8858 feet</desc>
  <sym>https://www.gstatic.com/mapspro/images/stock/61-green-dot.png</sym>
</wpt>
<wpt lat="44.87934" lon="-107.26033">
  <name>Finish</name>
  <sym>https://www.gstatic.com/mapspro/images/stock/123-red-dot.png</sym>
</wpt>
<wpt lat="44.8875116" lon="-107.7462151">
  <name>Spring Marsh (8)</name>
  <desc>Mile 8&lt;br&gt; Elevation 6920’&lt;br&gt; Minimal Aid&lt;br&gt; No Crew&lt;br&gt;NO CUTOFF</desc>
  <sym>https://www.gstatic.com/mapspro/images/stock/959-wht-circle-blank.png</sym>
</wpt>
<wpt lat="44.9520309" lon="-107.67787">
  <name>Cathedral Rock (14.5)</name>
  <desc>Mile 14.5 &lt;br&gt;Elevation 5080' &lt;br&gt; Minimal Aid,&lt;br&gt;No Crew&lt;br&gt;NO CUTOFF</desc>
  <sym>https://www.gstatic.com/mapspro/images/stock/959-wht-circle-blank.png</sym>
</wpt>
<wpt lat="44.9824831" lon="-107.6453769">
  <name>Sally's Footbridge (18)</name>
  <desc>Mile 18&lt;br&gt; Elevation 4590'&lt;br&gt; Major Aid&lt;br&gt;OUTHOUSE,&lt;br&gt; Drop Bag Station&lt;br&gt; Official Timing Checkpoint&lt;br&gt;CUTOFF 10:30 AM</desc>
  <sym>https://www.gstatic.com/mapspro/images/stock/959-wht-circle-blank.png</sym>
</wpt>
<wpt lat="44.9415416" lon="-107.6662561">
  <name>Bear Camp (21.5)</name>
  <desc>Mile 21.5 &lt;br&gt; Elevation 6800' &lt;br&gt; Minimal Aid&lt;br&gt; No Crew &lt;br&gt;NO CUTOFF</desc>
  <sym>https://www.gstatic.com/mapspro/images/stock/959-wht-circle-blank.png</sym>
</wpt>
<wpt lat="44.8863535" lon="-107.5813929">
  <name>Kearn's Cow Camp (28.5)</name>
  <desc>Mile 28.5 &lt;br&gt; Elevation 6600' &lt;br&gt; Moderate Aid&lt;br&gt; No Crew&lt;br&gt;NO CUTOFF</desc>
  <sym>https://www.gstatic.com/mapspro/images/stock/959-wht-circle-blank.png</sym>
</wpt>
<wpt lat="44.8378295" lon="-107.5034834">
  <name>Dry Fork (34.5)</name>
  <desc>Mile 34.5&lt;br&gt; Elevation 7480' &lt;br&gt; Major Aid&lt;br&gt;OUTHOUSE&lt;br&gt; Crew&lt;br&gt;Drop Bag Station&lt;br&gt;Official Timing Checkpoint&lt;br&gt;CUTOFF 3:00 PM</desc>
  <sym>https://www.gstatic.com/mapspro/images/stock/959-wht-circle-blank.png</sym>
</wpt>
<wpt lat="44.8452986" lon="-107.4410032">
  <name>Upper Sheep Creek (39.5)</name>
  <desc>Mile 39.5 &lt;br&gt; Elevation 7450' &lt;br&gt; Minimal Aid&lt;br&gt; No Crew&lt;br&gt;CUTOFF 4:30 PM</desc>
  <sym>https://www.gstatic.com/mapspro/images/stock/959-wht-circle-blank.png</sym>
</wpt>
<wpt lat="44.8395672" lon="-107.3665522">
  <name>Lower Sheep Creek (44.5)</name>
  <desc>Mile 44.5 &lt;br&gt; Elevation 5025' &lt;br&gt; Minimal Aid&lt;br&gt;No Crew &lt;br&gt;NO CUTOFF</desc>
  <sym>https://www.gstatic.com/mapspro/images/stock/959-wht-circle-blank.png</sym>
</wpt>
<wpt lat="44.8468838" lon="-107.3303273">
  <name>Tongue River Trail Head (46.7)</name>
  <desc>Mile 46.7 &lt;br&gt; Elevation 4240'&lt;br&gt; Moderate Aid&lt;br&gt;OUTHOUSE&lt;br&gt;Crew on foot or by BIKE ONLY&lt;br&gt;Official Timing Checkpoint&lt;br&gt;CUTOFF 6:45 PM</desc>
  <sym>https://www.gstatic.com/mapspro/images/stock/959-wht-circle-blank.png</sym>
</wpt>
<wpt lat="44.8676614" lon="-107.2843827">
  <name>Home Stretch (49.7)</name>
  <desc>Mile 49.7&lt;br&gt; Elevation 4040' &lt;br&gt; Minimal Aid,&lt;br&gt;Crew on foot or by BIKE ONLY &lt;br&gt;NO CUTOFF</desc>
  <sym>https://www.gstatic.com/mapspro/images/stock/959-wht-circle-blank.png</sym>
</wpt>
<trk>
  <name>Bighorn 52</name>
  <trkseg>
    <trkpt lat="44.83443" lon="-107.85073">
      <ele>2700.0</ele>
    <time>2026-05-14T06:00:00Z</time></trkpt>
    <trkpt lat="44.83463" lon="-107.85078">
      <ele>2700.0</ele>
    <time>2026-05-14T06:00:10Z</time></trkpt>
    <trkpt lat="44.83479" lon="-107.85082">
      <ele>2700.0</ele>
    <time>2026-05-14T06:00:18Z</time></trkpt>
    <trkpt lat="44.8349" lon="-107.85095">
      <ele>2700.0</ele>
    <time>2026-05-14T06:00:25Z</time></trkpt>
    <trkpt lat="44.83493" lon="-107.85116">
      <ele>2700.0</ele>
    <time>2026-05-14T06:00:33Z</time></trkpt>
    <trkpt lat="44.83487" lon="-107.85133">
      <ele>2700.0</ele>
    <time>2026-05-14T06:00:40Z</time></trkpt>
    <trkpt lat="44.83476" lon="-107.85141">
      <ele>2700.0</ele>
    <time>2026-05-14T06:00:46Z</time></trkpt>
    <trkpt lat="44.83456" lon="-107.85146">
      <ele>2700.0</ele>
    <time>2026-05-14T06:00:56Z</time></trkpt>
    <trkpt lat="44.83438" lon="-107.85149">
      <ele>2700.0</ele>
    <time>2026-05-14T06:01:05Z</time></trkpt>
    <trkpt lat="44.83415" lon="-107.85135">
      <ele>2700.0</ele>
    <time>2026-05-14T06:01:18Z</time></trkpt>
    <trkpt lat="44.83405" lon="-107.85121">
      <ele>2700.0</ele>
    <time>2026-05-14T06:01:25Z</time></trkpt>
    <trkpt lat="44.83402" lon="-107.85106">
      <ele>2700.0</ele>
    <time>2026-05-14T06:01:30Z</time></trkpt>
    <trkpt lat="44.83409" lon="-107.85093">
      <ele>2700.0</ele>
    <time>2026-05-14T06:01:36Z</time></trkpt>
    <trkpt lat="44.83425" lon="-107.85085">
      <ele>2700.0</ele>
    <time>2026-05-14T06:01:45Z</time></trkpt>
    <trkpt lat="44.83439" lon="-107.85072">
      <ele>2700.0</ele>
    <time>2026-05-14T06:01:53Z</time></trkpt>
    <trkpt lat="44.83442" lon="-107.8505">
      <ele>2700.0</ele>
    <time>2026-05-14T06:02:01Z</time></trkpt>
    <trkpt lat="44.83443" lon="-107.85027">
      <ele>2700.0</ele>
    <time>2026-05-14T06:02:10Z</time></trkpt>
    <trkpt lat="44.83444" lon="-107.84999">
      <ele>2700.0</ele>
    <time>2026-05-14T06:02:20Z</time></trkpt>
    <trkpt lat="44.83447" lon="-107.84971">
      <ele>2700.0</ele>
    <time>2026-05-14T06:02:30Z</time></trkpt>
    <trkpt lat="44.83449" lon="-107.84946">
      <ele>2700.0</ele>
    <time>2026-05-14T06:02:39Z</time></trkpt>
    <trkpt lat="44.83449" lon="-107.84932">
      <ele>2700.0</ele>
    <time>2026-05-14T06:02:44Z</time></trkpt>
    <trkpt lat="44.83446" lon="-107.84911">
      <ele>2700.0</ele>
    <time>2026-05-14T06:02:51Z</time></trkpt>
    <trkpt lat="44.83438" lon="-107.84889">
      <ele>2700.0</ele>
    <time>2026-05-14T06:03:00Z</time></trkpt>
    <trkpt lat="44.83431" lon="-107.84862">
      <ele>2700.0</ele>
    <time>2026-05-14T06:03:10Z</time></trkpt>
    <trkpt lat="44.83422" lon="-107.84832">
      <ele>2700.0</ele>
    <time>2026-05-14T06:03:22Z</time></trkpt>
    <trkpt lat="44.83413" lon="-107.84805">
      <ele>2700.0</ele>
    <time>2026-05-14T06:03:33Z</time></trkpt>
    <trkpt lat="44.83406" lon="-107.84785">
      <ele>2700.736301355</ele>
    <time>2026-05-14T06:03:41Z</time></trkpt>
    <trkpt lat="44.83401" lon="-107.8477">
      <ele>2701.944444421</ele>
    <time>2026-05-14T06:03:47Z</time></trkpt>
    <trkpt lat="44.83388" lon="-107.84738">
      <ele>2707.643678113</ele>
    <time>2026-05-14T06:04:00Z</time></trkpt>
    <trkpt lat="44.83378" lon="-107.84712">
      <ele>2709.740740726</ele>
    <time>2026-05-14T06:04:10Z</time></trkpt>
    <trkpt lat="44.83365" lon="-107.84686">
      <ele>2710.0</ele>
    <time>2026-05-14T06:04:22Z</time></trkpt>
    <trkpt lat="44.83354" lon="-107.84662">
      <ele>2710.0</ele>
    <time>2026-05-14T06:04:32Z</time></trkpt>
    <trkpt lat="44.83343" lon="-107.84641">
      <ele>2710.0</ele>
    <time>2026-05-14T06:04:41Z</time></trkpt>
    <trkpt lat="44.83332" lon="-107.84619">
      <ele>2710.0</ele>
    <time>2026-05-14T06:04:51Z</time></trkpt>
    <trkpt lat="44.83328" lon="-107.84596">
      <ele>2710.0</ele>
    <time>2026-05-14T06:04:59Z</time></trkpt>
    <trkpt lat="44.83331" lon="-107.84568">
      <ele>2710.0</ele>
    <time>2026-05-14T06:05:09Z</time></trkpt>
    <trkpt lat="44.83333" lon="-107.84542">
      <ele>2710.0</ele>
    <time>2026-05-14T06:05:19Z</time></trkpt>
    <trkpt lat="44.83331" lon="-107.8451">
      <ele>2710.698198191</ele>
    <time>2026-05-14T06:05:30Z</time></trkpt>
    <trkpt lat="44.83328" lon="-107.84485">
      <ele>2712.781531522</ele>
    <time>2026-05-14T06:05:39Z</time></trkpt>
    <trkpt lat="44.83324" lon="-107.84455">
      <ele>2717.083333333</ele>
    <time>2026-05-14T06:05:50Z</time></trkpt>
    <trkpt lat="44.83324" lon="-107.84421">
      <ele>2720.0</ele>
    <time>2026-05-14T06:06:02Z</time></trkpt>
    <trkpt lat="44.83323" lon="-107.84384">
      <ele>2720.0</ele>
    <time>2026-05-14T06:06:16Z</time></trkpt>
    <trkpt lat="44.83323" lon="-107.84356">
      <ele>2720.0</ele>
    <time>2026-05-14T06:06:26Z</time></trkpt>
    <trkpt lat="44.83324" lon="-107.84319">
      <ele>2720.0</ele>
    <time>2026-05-14T06:06:39Z</time></trkpt>
    <trkpt lat="44.83325" lon="-107.84284">
      <ele>2720.0</ele>
    <time>2026-05-14T06:06:51Z</time></trkpt>
    <trkpt lat="44.83323" lon="-107.84249">
      <ele>2720.0</ele>
    <time>2026-05-14T06:07:04Z</time></trkpt>
    <trkpt lat="44.8332" lon="-107.84208">
      <ele>2720.0</ele>
    <time>2026-05-14T06:07:19Z</time></trkpt>
    <trkpt lat="44.83319" lon="-107.84179">
      <ele>2720.0</ele>
    <time>2026-05-14T06:07:29Z</time></trkpt>
    <trkpt lat="44.83317" lon="-107.8415">
      <ele>2720.0</ele>
    <time>2026-05-14T06:07:39Z</time></trkpt>
    <trkpt lat="44.83318" lon="-107.84119">
      <ele>2720.0</ele>
    <time>2026-05-14T06:07:51Z</time></trkpt>
    <trkpt lat="44.83319" lon="-107.84091">
      <ele>2720.0</ele>
    <time>2026-05-14T06:08:01Z</time></trkpt>
    <trkpt lat="44.83318" lon="-107.84066">
      <ele>2720.0</ele>
    <time>2026-05-14T06:08:10Z</time></trkpt>
    <trkpt lat="44.83318" lon="-107.84038">
      <ele>2721.319444444</ele>
    <time>2026-05-14T06:08:20Z</time></trkpt>
    <trkpt lat="44.83319" lon="-107.84011">
      <ele>2725.666666667</ele>
    <time>2026-05-14T06:08:29Z</time></trkpt>
    <trkpt lat="44.8332" lon="-107.83982">
      <ele>2728.611111111</ele>
    <time>2026-05-14T06:08:40Z</time></trkpt>
    <trkpt lat="44.83323" lon="-107.83956">
      <ele>2730.0</ele>
    <time>2026-05-14T06:08:49Z</time></trkpt>
    <trkpt lat="44.83325" lon="-107.83927">
      <ele>2730.0</ele>
    <time>2026-05-14T06:08:59Z</time></trkpt>
    <trkpt lat="44.83327" lon="-107.83893">
      <ele>2728.981481481</ele>
    <time>2026-05-14T06:09:12Z</time></trkpt>
    <trkpt lat="44.83328" lon="-107.83864">
      <ele>2724.429429395</ele>
    <time>2026-05-14T06:09:22Z</time></trkpt>
    <trkpt lat="44.83328" lon="-107.83844">
      <ele>2722.916666667</ele>
    <time>2026-05-14T06:09:29Z</time></trkpt>
    <trkpt lat="44.83332" lon="-107.83821">
      <ele>2720.466954011</ele>
    <time>2026-05-14T06:09:38Z</time></trkpt>
    <trkpt lat="44.83336" lon="-107.83808">
      <ele>2720.416666667</ele>
    <time>2026-05-14T06:09:43Z</time></trkpt>
    <trkpt lat="44.83342" lon="-107.83793">
      <ele>2720.0</ele>
    <time>2026-05-14T06:09:49Z</time></trkpt>
    <trkpt lat="44.83351" lon="-107.83776">
      <ele>2720.0</ele>
    <time>2026-05-14T06:09:56Z</time></trkpt>
    <trkpt lat="44.83357" lon="-107.83764">
      <ele>2720.0</ele>
    <time>2026-05-14T06:10:02Z</time></trkpt>
    <trkpt lat="44.8336" lon="-107.83745">
      <ele>2720.0</ele>
    <time>2026-05-14T06:10:09Z</time></trkpt>
    <trkpt lat="44.83359" lon="-107.83732">
      <ele>2720.0</ele>
    <time>2026-05-14T06:10:13Z</time></trkpt>
    <trkpt lat="44.83362" lon="-107.83709">
      <ele>2720.0</ele>
    <time>2026-05-14T06:10:22Z</time></trkpt>
    <trkpt lat="44.83368" lon="-107.83697">
      <ele>2720.0</ele>
    <time>2026-05-14T06:10:27Z</time></trkpt>
    <trkpt lat="44.8338" lon="-107.83677">
      <ele>2720.0</ele>
    <time>2026-05-14T06:10:36Z</time></trkpt>
    <trkpt lat="44.83389" lon="-107.83663">
      <ele>2720.0</ele>
    <time>2026-05-14T06:10:43Z</time></trkpt>
    <trkpt lat="44.83397" lon="-107.83647">
      <ele>2720.0</ele>
    <time>2026-05-14T06:10:50Z</time></trkpt>
    <trkpt lat="44.83403" lon="-107.83631">
      <ele>2720.0</ele>
    <time>2026-05-14T06:10:56Z</time></trkpt>
    <trkpt lat="44.83411" lon="-107.83622">
      <ele>2720.0</ele>
    <time>2026-05-14T06:11:02Z</time></trkpt>
    <trkpt lat="44.83416" lon="-107.8361">
      <ele>2720.0</ele>
    <time>2026-05-14T06:11:07Z</time></trkpt>
    <trkpt lat="44.83423" lon="-107.836">
      <ele>2720.0</ele>
    <time>2026-05-14T06:11:12Z</time></trkpt>
    <trkpt lat="44.8343" lon="-107.83581">
      <ele>2720.0</ele>
    <time>2026-05-14T06:11:19Z</time></trkpt>
    <trkpt lat="44.83432" lon="-107.83576">
      <ele>2720.0</ele>
    <time>2026-05-14T06:11:21Z</time></trkpt>
    <trkpt lat="44.83439" lon="-107.8356">
      <ele>2720.0</ele>
    <time>2026-05-14T06:11:28Z</time></trkpt>
    <trkpt lat="44.83449" lon="-107.83541">
      <ele>2720.0</ele>
    <time>2026-05-14T06:11:36Z</time></trkpt>
    <trkpt lat="44.83455" lon="-107.83522">
      <ele>2720.0</ele>
    <time>2026-05-14T06:11:44Z</time></trkpt>
    <trkpt lat="44.83461" lon="-107.83502">
      <ele>2720.0</ele>
    <time>2026-05-14T06:11:52Z</time></trkpt>
    <trkpt lat="44.83467" lon="-107.83488">
      <ele>2720.0</ele>
    <time>2026-05-14T06:11:57Z</time></trkpt>
    <trkpt lat="44.83474" lon="-107.83474">
      <ele>2720.0</ele>
    <time>2026-05-14T06:12:04Z</time></trkpt>
    <trkpt lat="44.83479" lon="-107.83453">
      <ele>2720.0</ele>
    <time>2026-05-14T06:12:11Z</time></trkpt>
    <trkpt lat="44.83487" lon="-107.83443">
      <ele>2720.0</ele>
    <time>2026-05-14T06:12:17Z</time></trkpt>
    <trkpt lat="44.83494" lon="-107.83432">
      <ele>2720.0</ele>
    <time>2026-05-14T06:12:22Z</time></trkpt>
    <trkpt lat="44.83502" lon="-107.8342">
      <ele>2720.0</ele>
    <time>2026-05-14T06:12:28Z</time></trkpt>
    <trkpt lat="44.83521" lon="-107.83401">
      <ele>2720.0</ele>
    <time>2026-05-14T06:12:40Z</time></trkpt>
    <trkpt lat="44.83531" lon="-107.83396">
      <ele>2720.0</ele>
    <time>2026-05-14T06:12:45Z</time></trkpt>
    <trkpt lat="44.83539" lon="-107.83387">
      <ele>2720.0</ele>
    <time>2026-05-14T06:12:50Z</time></trkpt>
    <trkpt lat="44.83547" lon="-107.8337">
      <ele>2720.0</ele>
    <time>2026-05-14T06:12:58Z</time></trkpt>
    <trkpt lat="44.83553" lon="-107.83356">
      <ele>2720.0</ele>
    <time>2026-05-14T06:13:03Z</time></trkpt>
    <trkpt lat="44.83557" lon="-107.8334">
      <ele>2720.0</ele>
    <time>2026-05-14T06:13:09Z</time></trkpt>
    <trkpt lat="44.83564" lon="-107.83321">
      <ele>2720.0</ele>
    <time>2026-05-14T06:13:17Z</time></trkpt>
    <trkpt lat="44.83584" lon="-107.83286">
      <ele>2720.099875163</ele>
    <time>2026-05-14T06:13:33Z</time></trkpt>
    <trkpt lat="44.83584" lon="-107.8327">
      <ele>2720.416666667</ele>
    <time>2026-05-14T06:13:39Z</time></trkpt>
    <trkpt lat="44.83587" lon="-107.83233">
      <ele>2726.029810305</ele>
    <time>2026-05-14T06:13:52Z</time></trkpt>
    <trkpt lat="44.8359" lon="-107.83194">
      <ele>2729.566256832</ele>
    <time>2026-05-14T06:14:06Z</time></trkpt>
    <trkpt lat="44.83592" lon="-107.83155">
      <ele>2730.0</ele>
    <time>2026-05-14T06:14:20Z</time></trkpt>
    <trkpt lat="44.83591" lon="-107.83113">
      <ele>2730.0</ele>
    <time>2026-05-14T06:14:35Z</time></trkpt>
    <trkpt lat="44.83593" lon="-107.83081">
      <ele>2730.0</ele>
    <time>2026-05-14T06:14:47Z</time></trkpt>
    <trkpt lat="44.83598" lon="-107.83044">
      <ele>2730.0</ele>
    <time>2026-05-14T06:15:00Z</time></trkpt>
    <trkpt lat="44.836" lon="-107.83028">
      <ele>2730.0</ele>
    <time>2026-05-14T06:15:06Z</time></trkpt>
    <trkpt lat="44.83605" lon="-107.82997">
      <ele>2730.0</ele>
    <time>2026-05-14T06:15:17Z</time></trkpt>
    <trkpt lat="44.83607" lon="-107.82962">
      <ele>2730.0</ele>
    <time>2026-05-14T06:15:30Z</time></trkpt>
    <trkpt lat="44.83604" lon="-107.82925">
      <ele>2730.0</ele>
    <time>2026-05-14T06:15:43Z</time></trkpt>
    <trkpt lat="44.83596" lon="-107.8289">
      <ele>2730.0</ele>
    <time>2026-05-14T06:15:56Z</time></trkpt>
    <trkpt lat="44.83597" lon="-107.82868">
      <ele>2730.0</ele>
    <time>2026-05-14T06:16:04Z</time></trkpt>
    <trkpt lat="44.83599" lon="-107.82843">
      <ele>2730.0</ele>
    <time>2026-05-14T06:16:13Z</time></trkpt>
    <trkpt lat="44.83602" lon="-107.82814">
      <ele>2730.0</ele>
    <time>2026-05-14T06:16:24Z</time></trkpt>
    <trkpt lat="44.83606" lon="-107.82786">
      <ele>2730.0</ele>
    <time>2026-05-14T06:16:34Z</time></trkpt>
    <trkpt lat="44.8361" lon="-107.82755">
      <ele>2730.0</ele>
    <time>2026-05-14T06:16:45Z</time></trkpt>
    <trkpt lat="44.83617" lon="-107.82724">
      <ele>2730.0</ele>
    <time>2026-05-14T06:16:57Z</time></trkpt>
    <trkpt lat="44.83622" lon="-107.82698">
      <ele>2730.0</ele>
    <time>2026-05-14T06:17:06Z</time></trkpt>
    <trkpt lat="44.83628" lon="-107.82674">
      <ele>2730.0</ele>
    <time>2026-05-14T06:17:15Z</time></trkpt>
    <trkpt lat="44.83635" lon="-107.8265">
      <ele>2730.0</ele>
    <time>2026-05-14T06:17:25Z</time></trkpt>
    <trkpt lat="44.83639" lon="-107.82625">
      <ele>2730.0</ele>
    <time>2026-05-14T06:17:34Z</time></trkpt>
    <trkpt lat="44.83652" lon="-107.82607">
      <ele>2730.0</ele>
    <time>2026-05-14T06:17:43Z</time></trkpt>
    <trkpt lat="44.8367" lon="-107.82588">
      <ele>2730.0</ele>
    <time>2026-05-14T06:17:54Z</time></trkpt>
    <trkpt lat="44.83685" lon="-107.8257">
      <ele>2730.0</ele>
    <time>2026-05-14T06:18:04Z</time></trkpt>
    <trkpt lat="44.83696" lon="-107.8255">
      <ele>2730.0</ele>
    <time>2026-05-14T06:18:13Z</time></trkpt>
    <trkpt lat="44.83708" lon="-107.82526">
      <ele>2730.0</ele>
    <time>2026-05-14T06:18:24Z</time></trkpt>
    <trkpt lat="44.83722" lon="-107.82505">
      <ele>2730.0</ele>
    <time>2026-05-14T06:18:34Z</time></trkpt>
    <trkpt lat="44.83734" lon="-107.82483">
      <ele>2730.0</ele>
    <time>2026-05-14T06:18:44Z</time></trkpt>
    <trkpt lat="44.83746" lon="-107.82455">
      <ele>2730.0</ele>
    <time>2026-05-14T06:18:56Z</time></trkpt>
    <trkpt lat="44.8375" lon="-107.82443">
      <ele>2730.0</ele>
    <time>2026-05-14T06:19:00Z</time></trkpt>
    <trkpt lat="44.83757" lon="-107.82419">
      <ele>2730.0</ele>
    <time>2026-05-14T06:19:10Z</time></trkpt>
    <trkpt lat="44.83764" lon="-107.82382">
      <ele>2730.0</ele>
    <time>2026-05-14T06:19:23Z</time></trkpt>
    <trkpt lat="44.83762" lon="-107.82352">
      <ele>2730.0</ele>
    <time>2026-05-14T06:19:34Z</time></trkpt>
    <trkpt lat="44.83755" lon="-107.82319">
      <ele>2730.0</ele>
    <time>2026-05-14T06:19:47Z</time></trkpt>
    <trkpt lat="44.83747" lon="-107.82292">
      <ele>2730.0</ele>
    <time>2026-05-14T06:19:57Z</time></trkpt>
    <trkpt lat="44.83737" lon="-107.82266">
      <ele>2730.0</ele>
    <time>2026-05-14T06:20:08Z</time></trkpt>
    <trkpt lat="44.83725" lon="-107.8224">
      <ele>2730.0</ele>
    <time>2026-05-14T06:20:19Z</time></trkpt>
    <trkpt lat="44.83713" lon="-107.82217">
      <ele>2730.0</ele>
    <time>2026-05-14T06:20:29Z</time></trkpt>
    <trkpt lat="44.83701" lon="-107.82195">
      <ele>2730.0</ele>
    <time>2026-05-14T06:20:39Z</time></trkpt>
    <trkpt lat="44.83688" lon="-107.82167">
      <ele>2730.0</ele>
    <time>2026-05-14T06:20:51Z</time></trkpt>
    <trkpt lat="44.83674" lon="-107.82142">
      <ele>2730.0</ele>
    <time>2026-05-14T06:21:02Z</time></trkpt>
    <trkpt lat="44.83659" lon="-107.8211">
      <ele>2730.0</ele>
    <time>2026-05-14T06:21:16Z</time></trkpt>
    <trkpt lat="44.83649" lon="-107.82083">
      <ele>2730.0</ele>
    <time>2026-05-14T06:21:27Z</time></trkpt>
    <trkpt lat="44.83643" lon="-107.82053">
      <ele>2730.0</ele>
    <time>2026-05-14T06:21:38Z</time></trkpt>
    <trkpt lat="44.83636" lon="-107.82027">
      <ele>2729.416666681</ele>
    <time>2026-05-14T06:21:48Z</time></trkpt>
    <trkpt lat="44.83631" lon="-107.82003">
      <ele>2726.947222232</ele>
    <time>2026-05-14T06:21:57Z</time></trkpt>
    <trkpt lat="44.83623" lon="-107.81984">
      <ele>2723.305555596</ele>
    <time>2026-05-14T06:22:05Z</time></trkpt>
    <trkpt lat="44.83619" lon="-107.81958">
      <ele>2720.725000007</ele>
    <time>2026-05-14T06:22:14Z</time></trkpt>
    <trkpt lat="44.83617" lon="-107.8194">
      <ele>2720.145311497</ele>
    <time>2026-05-14T06:22:21Z</time></trkpt>
    <trkpt lat="44.83619" lon="-107.81921">
      <ele>2720.0</ele>
    <time>2026-05-14T06:22:27Z</time></trkpt>
    <trkpt lat="44.83618" lon="-107.819">
      <ele>2720.0</ele>
    <time>2026-05-14T06:22:35Z</time></trkpt>
    <trkpt lat="44.83617" lon="-107.81883">
      <ele>2720.0</ele>
    <time>2026-05-14T06:22:41Z</time></trkpt>
    <trkpt lat="44.83618" lon="-107.81883">
      <ele>2720.0</ele>
    <time>2026-05-14T06:22:42Z</time></trkpt>
    <trkpt lat="44.83618" lon="-107.81863">
      <ele>2720.0</ele>
    <time>2026-05-14T06:22:49Z</time></trkpt>
    <trkpt lat="44.83621" lon="-107.81841">
      <ele>2720.0</ele>
    <time>2026-05-14T06:22:57Z</time></trkpt>
    <trkpt lat="44.8363" lon="-107.81817">
      <ele>2720.0</ele>
    <time>2026-05-14T06:23:06Z</time></trkpt>
    <trkpt lat="44.83634" lon="-107.81797">
      <ele>2720.0</ele>
    <time>2026-05-14T06:23:14Z</time></trkpt>
    <trkpt lat="44.83637" lon="-107.81778">
      <ele>2720.0</ele>
    <time>2026-05-14T06:23:21Z</time></trkpt>
    <trkpt lat="44.83633" lon="-107.81761">
      <ele>2720.0</ele>
    <time>2026-05-14T06:23:27Z</time></trkpt>
    <trkpt lat="44.83622" lon="-107.81749">
      <ele>2720.0</ele>
    <time>2026-05-14T06:23:34Z</time></trkpt>
    <trkpt lat="44.83614" lon="-107.81737">
      <ele>2719.602102106</ele>
    <time>2026-05-14T06:23:40Z</time></trkpt>
    <trkpt lat="44.83605" lon="-107.81728">
      <ele>2718.666666674</ele>
    <time>2026-05-14T06:23:46Z</time></trkpt>
    <trkpt lat="44.836" lon="-107.81712">
      <ele>2717.916666667</ele>
    <time>2026-05-14T06:23:52Z</time></trkpt>
    <trkpt lat="44.8359" lon="-107.81692">
      <ele>2713.888888889</ele>
    <time>2026-05-14T06:24:01Z</time></trkpt>
    <trkpt lat="44.83586" lon="-107.8168">
      <ele>2711.322222227</ele>
    <time>2026-05-14T06:24:05Z</time></trkpt>
    <trkpt lat="44.83584" lon="-107.81666">
      <ele>2710.39046122</ele>
    <time>2026-05-14T06:24:10Z</time></trkpt>
    <trkpt lat="44.83579" lon="-107.81651">
      <ele>2710.004629631</ele>
    <time>2026-05-14T06:24:16Z</time></trkpt>
    <trkpt lat="44.83574" lon="-107.81636">
      <ele>2710.0</ele>
    <time>2026-05-14T06:24:22Z</time></trkpt>
    <trkpt lat="44.83572" lon="-107.81622">
      <ele>2710.0</ele>
    <time>2026-05-14T06:24:27Z</time></trkpt>
    <trkpt lat="44.83561" lon="-107.81595">
      <ele>2710.0</ele>
    <time>2026-05-14T06:24:39Z</time></trkpt>
    <trkpt lat="44.83556" lon="-107.81577">
      <ele>2710.0</ele>
    <time>2026-05-14T06:24:45Z</time></trkpt>
    <trkpt lat="44.8355" lon="-107.81562">
      <ele>2710.0</ele>
    <time>2026-05-14T06:24:52Z</time></trkpt>
    <trkpt lat="44.83551" lon="-107.81539">
      <ele>2710.0</ele>
    <time>2026-05-14T06:25:00Z</time></trkpt>
    <trkpt lat="44.83552" lon="-107.8151">
      <ele>2710.0</ele>
    <time>2026-05-14T06:25:10Z</time></trkpt>
    <trkpt lat="44.83558" lon="-107.8148">
      <ele>2710.0</ele>
    <time>2026-05-14T06:25:21Z</time></trkpt>
    <trkpt lat="44.83564" lon="-107.81453">
      <ele>2710.0</ele>
    <time>2026-05-14T06:25:31Z</time></trkpt>
    <trkpt lat="44.83575" lon="-107.81427">
      <ele>2710.0</ele>
    <time>2026-05-14T06:25:42Z</time></trkpt>
    <trkpt lat="44.83584" lon="-107.81407">
      <ele>2709.761530389</ele>
    <time>2026-05-14T06:25:51Z</time></trkpt>
    <trkpt lat="44.83591" lon="-107.81384">
      <ele>2708.472222203</ele>
    <time>2026-05-14T06:26:00Z</time></trkpt>
    <trkpt lat="44.83602" lon="-107.81362">
      <ele>2707.083333333</ele>
    <time>2026-05-14T06:26:09Z</time></trkpt>
    <trkpt lat="44.8361" lon="-107.8135">
      <ele>2702.708333315</ele>
    <time>2026-05-14T06:26:15Z</time></trkpt>
    <trkpt lat="44.83621" lon="-107.81339">
      <ele>2701.253387518</ele>
    <time>2026-05-14T06:26:22Z</time></trkpt>
    <trkpt lat="44.83632" lon="-107.81326">
      <ele>2700.367647056</ele>
    <time>2026-05-14T06:26:29Z</time></trkpt>
    <trkpt lat="44.83641" lon="-107.8132">
      <ele>2700.0</ele>
    <time>2026-05-14T06:26:34Z</time></trkpt>
    <trkpt lat="44.83649" lon="-107.81312">
      <ele>2700.0</ele>
    <time>2026-05-14T06:26:39Z</time></trkpt>
    <trkpt lat="44.83655" lon="-107.813">
      <ele>2700.0</ele>
    <time>2026-05-14T06:26:44Z</time></trkpt>
    <trkpt lat="44.83666" lon="-107.81291">
      <ele>2699.795751631</ele>
    <time>2026-05-14T06:26:51Z</time></trkpt>
    <trkpt lat="44.83678" lon="-107.81284">
      <ele>2699.044715433</ele>
    <time>2026-05-14T06:26:57Z</time></trkpt>
    <trkpt lat="44.83691" lon="-107.81268">
      <ele>2696.997549008</ele>
    <time>2026-05-14T06:27:06Z</time></trkpt>
    <trkpt lat="44.83702" lon="-107.81251">
      <ele>2692.604166644</ele>
    <time>2026-05-14T06:27:14Z</time></trkpt>
    <trkpt lat="44.83717" lon="-107.81238">
      <ele>2690.729166658</ele>
    <time>2026-05-14T06:27:23Z</time></trkpt>
    <trkpt lat="44.83731" lon="-107.81223">
      <ele>2689.756944437</ele>
    <time>2026-05-14T06:27:32Z</time></trkpt>
    <trkpt lat="44.83745" lon="-107.81207">
      <ele>2688.373983716</ele>
    <time>2026-05-14T06:27:41Z</time></trkpt>
    <trkpt lat="44.83762" lon="-107.81187">
      <ele>2686.111111111</ele>
    <time>2026-05-14T06:27:52Z</time></trkpt>
    <trkpt lat="44.83778" lon="-107.81168">
      <ele>2680.988160271</ele>
    <time>2026-05-14T06:28:03Z</time></trkpt>
    <trkpt lat="44.83801" lon="-107.81149">
      <ele>2680.0</ele>
    <time>2026-05-14T06:28:16Z</time></trkpt>
    <trkpt lat="44.83814" lon="-107.81141">
      <ele>2679.892322095</ele>
    <time>2026-05-14T06:28:23Z</time></trkpt>
    <trkpt lat="44.8383" lon="-107.81118">
      <ele>2678.205368248</ele>
    <time>2026-05-14T06:28:35Z</time></trkpt>
    <trkpt lat="44.83841" lon="-107.81093">
      <ele>2673.435185143</ele>
    <time>2026-05-14T06:28:45Z</time></trkpt>
    <trkpt lat="44.83848" lon="-107.81083">
      <ele>2671.756535921</ele>
    <time>2026-05-14T06:28:50Z</time></trkpt>
    <trkpt lat="44.83859" lon="-107.81065">
      <ele>2670.198717939</ele>
    <time>2026-05-14T06:28:59Z</time></trkpt>
    <trkpt lat="44.83867" lon="-107.8105">
      <ele>2670.0</ele>
    <time>2026-05-14T06:29:06Z</time></trkpt>
    <trkpt lat="44.8388" lon="-107.81039">
      <ele>2670.0</ele>
    <time>2026-05-14T06:29:13Z</time></trkpt>
    <trkpt lat="44.83901" lon="-107.81032">
      <ele>2670.0</ele>
    <time>2026-05-14T06:29:24Z</time></trkpt>
    <trkpt lat="44.8391" lon="-107.81035">
      <ele>2670.0</ele>
    <time>2026-05-14T06:29:29Z</time></trkpt>
    <trkpt lat="44.83919" lon="-107.81036">
      <ele>2670.0</ele>
    <time>2026-05-14T06:29:33Z</time></trkpt>
    <trkpt lat="44.83928" lon="-107.81039">
      <ele>2670.0</ele>
    <time>2026-05-14T06:29:38Z</time></trkpt>
    <trkpt lat="44.83945" lon="-107.8103">
      <ele>2670.0</ele>
    <time>2026-05-14T06:29:47Z</time></trkpt>
    <trkpt lat="44.83961" lon="-107.81015">
      <ele>2670.0</ele>
    <time>2026-05-14T06:29:57Z</time></trkpt>
    <trkpt lat="44.83977" lon="-107.81002">
      <ele>2670.0</ele>
    <time>2026-05-14T06:30:06Z</time></trkpt>
    <trkpt lat="44.8399" lon="-107.80986">
      <ele>2670.0</ele>
    <time>2026-05-14T06:30:15Z</time></trkpt>
    <trkpt lat="44.84" lon="-107.80971">
      <ele>2669.861111111</ele>
    <time>2026-05-14T06:30:22Z</time></trkpt>
    <trkpt lat="44.84005" lon="-107.80956">
      <ele>2669.166666667</ele>
    <time>2026-05-14T06:30:28Z</time></trkpt>
    <trkpt lat="44.84013" lon="-107.80941">
      <ele>2667.916666667</ele>
    <time>2026-05-14T06:30:35Z</time></trkpt>
    <trkpt lat="44.84019" lon="-107.80921">
      <ele>2665.020964277</ele>
    <time>2026-05-14T06:30:43Z</time></trkpt>
    <trkpt lat="44.84027" lon="-107.80895">
      <ele>2661.263102711</ele>
    <time>2026-05-14T06:30:53Z</time></trkpt>
    <trkpt lat="44.84035" lon="-107.80878">
      <ele>2660.247336357</ele>
    <time>2026-05-14T06:31:00Z</time></trkpt>
    <trkpt lat="44.84043" lon="-107.80867">
      <ele>2660.0</ele>
    <time>2026-05-14T06:31:06Z</time></trkpt>
    <trkpt lat="44.84057" lon="-107.80855">
      <ele>2660.0</ele>
    <time>2026-05-14T06:31:14Z</time></trkpt>
    <trkpt lat="44.8407" lon="-107.80843">
      <ele>2660.0</ele>
    <time>2026-05-14T06:31:22Z</time></trkpt>
    <trkpt lat="44.84086" lon="-107.80836">
      <ele>2660.0</ele>
    <time>2026-05-14T06:31:30Z</time></trkpt>
    <trkpt lat="44.84098" lon="-107.80833">
      <ele>2660.0</ele>
    <time>2026-05-14T06:31:36Z</time></trkpt>
    <trkpt lat="44.84103" lon="-107.80819">
      <ele>2659.52830188</ele>
    <time>2026-05-14T06:31:42Z</time></trkpt>
    <trkpt lat="44.84095" lon="-107.80808">
      <ele>2658.800813027</ele>
    <time>2026-05-14T06:31:47Z</time></trkpt>
    <trkpt lat="44.8408" lon="-107.80792">
      <ele>2655.952380982</ele>
    <time>2026-05-14T06:31:57Z</time></trkpt>
    <trkpt lat="44.84076" lon="-107.8078">
      <ele>2653.572916727</ele>
    <time>2026-05-14T06:32:02Z</time></trkpt>
    <trkpt lat="44.84078" lon="-107.80766">
      <ele>2651.986111104</ele>
    <time>2026-05-14T06:32:07Z</time></trkpt>
    <trkpt lat="44.84083" lon="-107.80754">
      <ele>2650.729166656</ele>
    <time>2026-05-14T06:32:12Z</time></trkpt>
    <trkpt lat="44.84083" lon="-107.80739">
      <ele>2650.119047619</ele>
    <time>2026-05-14T06:32:17Z</time></trkpt>
    <trkpt lat="44.84082" lon="-107.80725">
      <ele>2650.0</ele>
    <time>2026-05-14T06:32:22Z</time></trkpt>
    <trkpt lat="44.84089" lon="-107.80701">
      <ele>2650.0</ele>
    <time>2026-05-14T06:32:31Z</time></trkpt>
    <trkpt lat="44.84093" lon="-107.80685">
      <ele>2649.944444439</ele>
    <time>2026-05-14T06:32:37Z</time></trkpt>
    <trkpt lat="44.84091" lon="-107.80671">
      <ele>2649.611111113</ele>
    <time>2026-05-14T06:32:43Z</time></trkpt>
    <trkpt lat="44.84091" lon="-107.80658">
      <ele>2648.91025641</ele>
    <time>2026-05-14T06:32:47Z</time></trkpt>
    <trkpt lat="44.84091" lon="-107.8064">
      <ele>2647.613636364</ele>
    <time>2026-05-14T06:32:54Z</time></trkpt>
    <trkpt lat="44.84083" lon="-107.80627">
      <ele>2647.083333333</ele>
    <time>2026-05-14T06:33:00Z</time></trkpt>
    <trkpt lat="44.84072" lon="-107.80616">
      <ele>2642.857142868</ele>
    <time>2026-05-14T06:33:07Z</time></trkpt>
    <trkpt lat="44.84065" lon="-107.80602">
      <ele>2642.083333333</ele>
    <time>2026-05-14T06:33:13Z</time></trkpt>
    <trkpt lat="44.8407" lon="-107.80572">
      <ele>2640.0</ele>
    <time>2026-05-14T06:33:24Z</time></trkpt>
    <trkpt lat="44.84068" lon="-107.80558">
      <ele>2640.0</ele>
    <time>2026-05-14T06:33:29Z</time></trkpt>
    <trkpt lat="44.84078" lon="-107.80542">
      <ele>2640.138888889</ele>
    <time>2026-05-14T06:33:36Z</time></trkpt>
    <trkpt lat="44.84085" lon="-107.80525">
      <ele>2641.071428571</ele>
    <time>2026-05-14T06:33:43Z</time></trkpt>
    <trkpt lat="44.84099" lon="-107.80504">
      <ele>2646.111111111</ele>
    <time>2026-05-14T06:33:54Z</time></trkpt>
    <trkpt lat="44.84111" lon="-107.80485">
      <ele>2647.141891889</ele>
    <time>2026-05-14T06:34:03Z</time></trkpt>
    <trkpt lat="44.84112" lon="-107.80485">
      <ele>2647.916666667</ele>
    <time>2026-05-14T06:34:03Z</time></trkpt>
    <trkpt lat="44.84115" lon="-107.80462">
      <ele>2647.083333333</ele>
    <time>2026-05-14T06:34:12Z</time></trkpt>
    <trkpt lat="44.84119" lon="-107.80446">
      <ele>2643.703703332</ele>
    <time>2026-05-14T06:34:18Z</time></trkpt>
    <trkpt lat="44.84127" lon="-107.8042">
      <ele>2641.030769224</ele>
    <time>2026-05-14T06:34:28Z</time></trkpt>
    <trkpt lat="44.84141" lon="-107.80397">
      <ele>2640.384615379</ele>
    <time>2026-05-14T06:34:39Z</time></trkpt>
    <trkpt lat="44.84153" lon="-107.80378">
      <ele>2639.059829044</ele>
    <time>2026-05-14T06:34:48Z</time></trkpt>
    <trkpt lat="44.84164" lon="-107.8036">
      <ele>2636.798371609</ele>
    <time>2026-05-14T06:34:56Z</time></trkpt>
    <trkpt lat="44.84172" lon="-107.80342">
      <ele>2633.603927165</ele>
    <time>2026-05-14T06:35:04Z</time></trkpt>
    <trkpt lat="44.84178" lon="-107.80327">
      <ele>2631.891025612</ele>
    <time>2026-05-14T06:35:10Z</time></trkpt>
    <trkpt lat="44.84186" lon="-107.80312">
      <ele>2630.785256402</ele>
    <time>2026-05-14T06:35:17Z</time></trkpt>
    <trkpt lat="44.84198" lon="-107.80296">
      <ele>2630.0</ele>
    <time>2026-05-14T06:35:25Z</time></trkpt>
    <trkpt lat="44.84213" lon="-107.80278">
      <ele>2630.0</ele>
    <time>2026-05-14T06:35:35Z</time></trkpt>
    <trkpt lat="44.84222" lon="-107.80269">
      <ele>2630.0</ele>
    <time>2026-05-14T06:35:41Z</time></trkpt>
    <trkpt lat="44.8423" lon="-107.80257">
      <ele>2629.763888887</ele>
    <time>2026-05-14T06:35:46Z</time></trkpt>
    <trkpt lat="44.8424" lon="-107.80253">
      <ele>2629.017093997</ele>
    <time>2026-05-14T06:35:52Z</time></trkpt>
    <trkpt lat="44.84249" lon="-107.80238">
      <ele>2627.666666641</ele>
    <time>2026-05-14T06:35:59Z</time></trkpt>
    <trkpt lat="44.84261" lon="-107.80224">
      <ele>2625.613026746</ele>
    <time>2026-05-14T06:36:07Z</time></trkpt>
    <trkpt lat="44.8427" lon="-107.80205">
      <ele>2622.692307662</ele>
    <time>2026-05-14T06:36:15Z</time></trkpt>
    <trkpt lat="44.84282" lon="-107.80184">
      <ele>2620.723039203</ele>
    <time>2026-05-14T06:36:24Z</time></trkpt>
    <trkpt lat="44.8429" lon="-107.80157">
      <ele>2620.0</ele>
    <time>2026-05-14T06:36:35Z</time></trkpt>
    <trkpt lat="44.84285" lon="-107.80134">
      <ele>2620.0</ele>
    <time>2026-05-14T06:36:43Z</time></trkpt>
    <trkpt lat="44.84282" lon="-107.80117">
      <ele>2619.951923071</ele>
    <time>2026-05-14T06:36:50Z</time></trkpt>
    <trkpt lat="44.84296" lon="-107.80093">
      <ele>2618.910256385</ele>
    <time>2026-05-14T06:37:01Z</time></trkpt>
    <trkpt lat="44.84305" lon="-107.80077">
      <ele>2617.528735593</ele>
    <time>2026-05-14T06:37:08Z</time></trkpt>
    <trkpt lat="44.84316" lon="-107.80055">
      <ele>2613.459967283</ele>
    <time>2026-05-14T06:37:18Z</time></trkpt>
    <trkpt lat="44.84322" lon="-107.80029">
      <ele>2611.16858235</ele>
    <time>2026-05-14T06:37:27Z</time></trkpt>
    <trkpt lat="44.84329" lon="-107.80009">
      <ele>2610.334967311</ele>
    <time>2026-05-14T06:37:35Z</time></trkpt>
    <trkpt lat="44.84336" lon="-107.79987">
      <ele>2610.0</ele>
    <time>2026-05-14T06:37:44Z</time></trkpt>
    <trkpt lat="44.8435" lon="-107.79973">
      <ele>2609.972222219</ele>
    <time>2026-05-14T06:37:53Z</time></trkpt>
    <trkpt lat="44.84366" lon="-107.79956">
      <ele>2609.081196568</ele>
    <time>2026-05-14T06:38:03Z</time></trkpt>
    <trkpt lat="44.8438" lon="-107.79938">
      <ele>2606.858974327</ele>
    <time>2026-05-14T06:38:12Z</time></trkpt>
    <trkpt lat="44.84391" lon="-107.79924">
      <ele>2603.305555549</ele>
    <time>2026-05-14T06:38:20Z</time></trkpt>
    <trkpt lat="44.84404" lon="-107.7992">
      <ele>2601.874999979</ele>
    <time>2026-05-14T06:38:27Z</time></trkpt>
    <trkpt lat="44.84419" lon="-107.79906">
      <ele>2600.318627447</ele>
    <time>2026-05-14T06:38:36Z</time></trkpt>
    <trkpt lat="44.84431" lon="-107.79899">
      <ele>2600.0</ele>
    <time>2026-05-14T06:38:42Z</time></trkpt>
    <trkpt lat="44.84443" lon="-107.79892">
      <ele>2600.0</ele>
    <time>2026-05-14T06:38:49Z</time></trkpt>
    <trkpt lat="44.84463" lon="-107.79883">
      <ele>2600.0</ele>
    <time>2026-05-14T06:38:59Z</time></trkpt>
    <trkpt lat="44.84478" lon="-107.79871">
      <ele>2599.930555553</ele>
    <time>2026-05-14T06:39:08Z</time></trkpt>
    <trkpt lat="44.84493" lon="-107.79863">
      <ele>2599.256756756</ele>
    <time>2026-05-14T06:39:16Z</time></trkpt>
    <trkpt lat="44.8451" lon="-107.79859">
      <ele>2597.24099099</ele>
    <time>2026-05-14T06:39:25Z</time></trkpt>
    <trkpt lat="44.84528" lon="-107.79856">
      <ele>2593.078703704</ele>
    <time>2026-05-14T06:39:34Z</time></trkpt>
    <trkpt lat="44.84555" lon="-107.79855">
      <ele>2590.486111111</ele>
    <time>2026-05-14T06:39:47Z</time></trkpt>
    <trkpt lat="44.84572" lon="-107.79856">
      <ele>2590.0</ele>
    <time>2026-05-14T06:39:56Z</time></trkpt>
    <trkpt lat="44.84585" lon="-107.79863">
      <ele>2590.0</ele>
    <time>2026-05-14T06:40:03Z</time></trkpt>
    <trkpt lat="44.846" lon="-107.79875">
      <ele>2590.0</ele>
    <time>2026-05-14T06:40:12Z</time></trkpt>
    <trkpt lat="44.84618" lon="-107.79887">
      <ele>2590.0</ele>
    <time>2026-05-14T06:40:22Z</time></trkpt>
    <trkpt lat="44.84628" lon="-107.79898">
      <ele>2590.0</ele>
    <time>2026-05-14T06:40:28Z</time></trkpt>
    <trkpt lat="44.84636" lon="-107.79916">
      <ele>2590.0</ele>
    <time>2026-05-14T06:40:36Z</time></trkpt>
    <trkpt lat="44.84641" lon="-107.79934">
      <ele>2590.0</ele>
    <time>2026-05-14T06:40:43Z</time></trkpt>
    <trkpt lat="44.8465" lon="-107.79949">
      <ele>2590.0</ele>
    <time>2026-05-14T06:40:50Z</time></trkpt>
    <trkpt lat="44.84659" lon="-107.79966">
      <ele>2590.0</ele>
    <time>2026-05-14T06:40:57Z</time></trkpt>
    <trkpt lat="44.84673" lon="-107.79978">
      <ele>2590.0</ele>
    <time>2026-05-14T06:41:05Z</time></trkpt>
    <trkpt lat="44.84688" lon="-107.79992">
      <ele>2590.0</ele>
    <time>2026-05-14T06:41:15Z</time></trkpt>
    <trkpt lat="44.84707" lon="-107.80008">
      <ele>2590.0</ele>
    <time>2026-05-14T06:41:26Z</time></trkpt>
    <trkpt lat="44.84728" lon="-107.80024">
      <ele>2590.0</ele>
    <time>2026-05-14T06:41:38Z</time></trkpt>
    <trkpt lat="44.84746" lon="-107.80036">
      <ele>2590.0</ele>
    <time>2026-05-14T06:41:48Z</time></trkpt>
    <trkpt lat="44.84761" lon="-107.80042">
      <ele>2590.0</ele>
    <time>2026-05-14T06:41:56Z</time></trkpt>
    <trkpt lat="44.84778" lon="-107.80041">
      <ele>2589.166666667</ele>
    <time>2026-05-14T06:42:04Z</time></trkpt>
    <trkpt lat="44.84791" lon="-107.80028">
      <ele>2588.406862723</ele>
    <time>2026-05-14T06:42:12Z</time></trkpt>
    <trkpt lat="44.84796" lon="-107.80009">
      <ele>2586.724358927</ele>
    <time>2026-05-14T06:42:19Z</time></trkpt>
    <trkpt lat="44.84804" lon="-107.79995">
      <ele>2583.704501887</ele>
    <time>2026-05-14T06:42:26Z</time></trkpt>
    <trkpt lat="44.84815" lon="-107.7997">
      <ele>2581.196581174</ele>
    <time>2026-05-14T06:42:36Z</time></trkpt>
    <trkpt lat="44.84828" lon="-107.79949">
      <ele>2579.616858221</ele>
    <time>2026-05-14T06:42:46Z</time></trkpt>
    <trkpt lat="44.84838" lon="-107.79925">
      <ele>2577.867647052</ele>
    <time>2026-05-14T06:42:56Z</time></trkpt>
    <trkpt lat="44.84843" lon="-107.79905">
      <ele>2575.980392138</ele>
    <time>2026-05-14T06:43:04Z</time></trkpt>
    <trkpt lat="44.8485" lon="-107.79883">
      <ele>2572.916666667</ele>
    <time>2026-05-14T06:43:12Z</time></trkpt>
    <trkpt lat="44.84852" lon="-107.79854">
      <ele>2570.277777778</ele>
    <time>2026-05-14T06:43:23Z</time></trkpt>
    <trkpt lat="44.84854" lon="-107.7983">
      <ele>2568.508986915</ele>
    <time>2026-05-14T06:43:32Z</time></trkpt>
    <trkpt lat="44.84861" lon="-107.79805">
      <ele>2566.045751624</ele>
    <time>2026-05-14T06:43:41Z</time></trkpt>
    <trkpt lat="44.84869" lon="-107.79776">
      <ele>2561.379310343</ele>
    <time>2026-05-14T06:43:52Z</time></trkpt>
    <trkpt lat="44.84884" lon="-107.79743">
      <ele>2560.0</ele>
    <time>2026-05-14T06:44:06Z</time></trkpt>
    <trkpt lat="44.84895" lon="-107.79715">
      <ele>2560.0</ele>
    <time>2026-05-14T06:44:18Z</time></trkpt>
    <trkpt lat="44.84902" lon="-107.79687">
      <ele>2559.975490193</ele>
    <time>2026-05-14T06:44:28Z</time></trkpt>
    <trkpt lat="44.84908" lon="-107.79658">
      <ele>2559.022988485</ele>
    <time>2026-05-14T06:44:39Z</time></trkpt>
    <trkpt lat="44.84918" lon="-107.79638">
      <ele>2556.821581161</ele>
    <time>2026-05-14T06:44:48Z</time></trkpt>
    <trkpt lat="44.8493" lon="-107.79618">
      <ele>2552.59615381</ele>
    <time>2026-05-14T06:44:57Z</time></trkpt>
    <trkpt lat="44.84947" lon="-107.79595">
      <ele>2550.320512809</ele>
    <time>2026-05-14T06:45:09Z</time></trkpt>
    <trkpt lat="44.84961" lon="-107.79575">
      <ele>2550.0</ele>
    <time>2026-05-14T06:45:19Z</time></trkpt>
    <trkpt lat="44.84974" lon="-107.79567">
      <ele>2547.902205348</ele>
    <time>2026-05-14T06:45:26Z</time></trkpt>
    <trkpt lat="44.84972" lon="-107.79564">
      <ele>2550.0</ele>
    <time>2026-05-14T06:45:28Z</time></trkpt>
    <trkpt lat="44.84991" lon="-107.79554">
      <ele>2547.916666667</ele>
    <time>2026-05-14T06:45:38Z</time></trkpt>
    <trkpt lat="44.85007" lon="-107.79547">
      <ele>2547.083333333</ele>
    <time>2026-05-14T06:45:46Z</time></trkpt>
    <trkpt lat="44.85024" lon="-107.79538">
      <ele>2546.111111111</ele>
    <time>2026-05-14T06:45:55Z</time></trkpt>
    <trkpt lat="44.85044" lon="-107.79529">
      <ele>2543.0</ele>
    <time>2026-05-14T06:46:06Z</time></trkpt>
    <trkpt lat="44.8506" lon="-107.79526">
      <ele>2542.0</ele>
    <time>2026-05-14T06:46:14Z</time></trkpt>
    <trkpt lat="44.8508" lon="-107.79523">
      <ele>2541.428571429</ele>
    <time>2026-05-14T06:46:24Z</time></trkpt>
    <trkpt lat="44.85098" lon="-107.79509">
      <ele>2541.071428571</ele>
    <time>2026-05-14T06:46:35Z</time></trkpt>
    <trkpt lat="44.85107" lon="-107.79498">
      <ele>2540.554940958</ele>
    <time>2026-05-14T06:46:41Z</time></trkpt>
    <trkpt lat="44.85118" lon="-107.79488">
      <ele>2540.162037033</ele>
    <time>2026-05-14T06:46:47Z</time></trkpt>
    <trkpt lat="44.85127" lon="-107.79473">
      <ele>2540.0</ele>
    <time>2026-05-14T06:46:54Z</time></trkpt>
    <trkpt lat="44.85138" lon="-107.79471">
      <ele>2540.0</ele>
    <time>2026-05-14T06:47:00Z</time></trkpt>
    <trkpt lat="44.8516" lon="-107.79483">
      <ele>2539.827235769</ele>
    <time>2026-05-14T06:47:12Z</time></trkpt>
    <trkpt lat="44.85174" lon="-107.79494">
      <ele>2538.665311648</ele>
    <time>2026-05-14T06:47:20Z</time></trkpt>
    <trkpt lat="44.85185" lon="-107.79496">
      <ele>2536.933760683</ele>
    <time>2026-05-14T06:47:25Z</time></trkpt>
    <trkpt lat="44.85199" lon="-107.79499">
      <ele>2533.705995599</ele>
    <time>2026-05-14T06:47:33Z</time></trkpt>
    <trkpt lat="44.85209" lon="-107.795">
      <ele>2532.564102562</ele>
    <time>2026-05-14T06:47:38Z</time></trkpt>
    <trkpt lat="44.85229" lon="-107.79495">
      <ele>2530.675287353</ele>
    <time>2026-05-14T06:47:48Z</time></trkpt>
    <trkpt lat="44.85241" lon="-107.79499">
      <ele>2530.062260535</ele>
    <time>2026-05-14T06:47:54Z</time></trkpt>
    <trkpt lat="44.85259" lon="-107.79507">
      <ele>2530.0</ele>
    <time>2026-05-14T06:48:04Z</time></trkpt>
    <trkpt lat="44.85277" lon="-107.79505">
      <ele>2530.0</ele>
    <time>2026-05-14T06:48:13Z</time></trkpt>
    <trkpt lat="44.85299" lon="-107.79508">
      <ele>2530.0</ele>
    <time>2026-05-14T06:48:24Z</time></trkpt>
    <trkpt lat="44.85318" lon="-107.79514">
      <ele>2529.979575162</ele>
    <time>2026-05-14T06:48:34Z</time></trkpt>
    <trkpt lat="44.85337" lon="-107.79525">
      <ele>2529.144144142</ele>
    <time>2026-05-14T06:48:44Z</time></trkpt>
    <trkpt lat="44.85349" lon="-107.79533">
      <ele>2527.37179487</ele>
    <time>2026-05-14T06:48:51Z</time></trkpt>
    <trkpt lat="44.85369" lon="-107.79537">
      <ele>2523.888888889</ele>
    <time>2026-05-14T06:49:01Z</time></trkpt>
    <trkpt lat="44.85388" lon="-107.79536">
      <ele>2521.294871788</ele>
    <time>2026-05-14T06:49:10Z</time></trkpt>
    <trkpt lat="44.854" lon="-107.79543">
      <ele>2520.192307692</ele>
    <time>2026-05-14T06:49:17Z</time></trkpt>
    <trkpt lat="44.85418" lon="-107.79546">
      <ele>2520.0</ele>
    <time>2026-05-14T06:49:26Z</time></trkpt>
    <trkpt lat="44.85431" lon="-107.79546">
      <ele>2520.0</ele>
    <time>2026-05-14T06:49:33Z</time></trkpt>
    <trkpt lat="44.85443" lon="-107.79553">
      <ele>2520.0</ele>
    <time>2026-05-14T06:49:39Z</time></trkpt>
    <trkpt lat="44.85464" lon="-107.79565">
      <ele>2520.0</ele>
    <time>2026-05-14T06:49:51Z</time></trkpt>
    <trkpt lat="44.85476" lon="-107.79571">
      <ele>2520.0</ele>
    <time>2026-05-14T06:49:57Z</time></trkpt>
    <trkpt lat="44.85486" lon="-107.79577">
      <ele>2520.0</ele>
    <time>2026-05-14T06:50:02Z</time></trkpt>
    <trkpt lat="44.85504" lon="-107.79583">
      <ele>2520.0</ele>
    <time>2026-05-14T06:50:12Z</time></trkpt>
    <trkpt lat="44.85514" lon="-107.79587">
      <ele>2520.0</ele>
    <time>2026-05-14T06:50:17Z</time></trkpt>
    <trkpt lat="44.85535" lon="-107.79592">
      <ele>2520.0</ele>
    <time>2026-05-14T06:50:28Z</time></trkpt>
    <trkpt lat="44.85557" lon="-107.79596">
      <ele>2520.0</ele>
    <time>2026-05-14T06:50:39Z</time></trkpt>
    <trkpt lat="44.85579" lon="-107.79604">
      <ele>2520.0</ele>
    <time>2026-05-14T06:50:50Z</time></trkpt>
    <trkpt lat="44.85596" lon="-107.7961">
      <ele>2520.0</ele>
    <time>2026-05-14T06:50:59Z</time></trkpt>
    <trkpt lat="44.8562" lon="-107.79615">
      <ele>2518.194444444</ele>
    <time>2026-05-14T06:51:11Z</time></trkpt>
    <trkpt lat="44.85641" lon="-107.79614">
      <ele>2513.683006533</ele>
    <time>2026-05-14T06:51:22Z</time></trkpt>
    <trkpt lat="44.85652" lon="-107.79617">
      <ele>2511.834381548</ele>
    <time>2026-05-14T06:51:28Z</time></trkpt>
    <trkpt lat="44.85667" lon="-107.7962">
      <ele>2510.673076921</ele>
    <time>2026-05-14T06:51:35Z</time></trkpt>
    <trkpt lat="44.85679" lon="-107.79616">
      <ele>2510.352564093</ele>
    <time>2026-05-14T06:51:42Z</time></trkpt>
    <trkpt lat="44.85694" lon="-107.79613">
      <ele>2510.0</ele>
    <time>2026-05-14T06:51:49Z</time></trkpt>
    <trkpt lat="44.85702" lon="-107.79625">
      <ele>2510.0</ele>
    <time>2026-05-14T06:51:55Z</time></trkpt>
    <trkpt lat="44.85716" lon="-107.79633">
      <ele>2510.0</ele>
    <time>2026-05-14T06:52:03Z</time></trkpt>
    <trkpt lat="44.85729" lon="-107.79639">
      <ele>2510.0</ele>
    <time>2026-05-14T06:52:10Z</time></trkpt>
    <trkpt lat="44.85741" lon="-107.79651">
      <ele>2510.0</ele>
    <time>2026-05-14T06:52:17Z</time></trkpt>
    <trkpt lat="44.85752" lon="-107.79659">
      <ele>2510.0</ele>
    <time>2026-05-14T06:52:23Z</time></trkpt>
    <trkpt lat="44.85766" lon="-107.7967">
      <ele>2510.0</ele>
    <time>2026-05-14T06:52:31Z</time></trkpt>
    <trkpt lat="44.85776" lon="-107.79675">
      <ele>2510.0</ele>
    <time>2026-05-14T06:52:37Z</time></trkpt>
    <trkpt lat="44.85784" lon="-107.79685">
      <ele>2510.0</ele>
    <time>2026-05-14T06:52:42Z</time></trkpt>
    <trkpt lat="44.858" lon="-107.79693">
      <ele>2510.0</ele>
    <time>2026-05-14T06:52:51Z</time></trkpt>
    <trkpt lat="44.85822" lon="-107.79702">
      <ele>2510.0</ele>
    <time>2026-05-14T06:53:02Z</time></trkpt>
    <trkpt lat="44.85839" lon="-107.79706">
      <ele>2508.397435896</ele>
    <time>2026-05-14T06:53:11Z</time></trkpt>
    <trkpt lat="44.85846" lon="-107.79696">
      <ele>2507.692307691</ele>
    <time>2026-05-14T06:53:16Z</time></trkpt>
    <trkpt lat="44.85863" lon="-107.79695">
      <ele>2503.888888889</ele>
    <time>2026-05-14T06:53:24Z</time></trkpt>
    <trkpt lat="44.85878" lon="-107.79699">
      <ele>2502.083333333</ele>
    <time>2026-05-14T06:53:32Z</time></trkpt>
    <trkpt lat="44.85896" lon="-107.79711">
      <ele>2500.117521367</ele>
    <time>2026-05-14T06:53:42Z</time></trkpt>
    <trkpt lat="44.85912" lon="-107.79725">
      <ele>2500.0</ele>
    <time>2026-05-14T06:53:52Z</time></trkpt>
    <trkpt lat="44.85922" lon="-107.79728">
      <ele>2500.0</ele>
    <time>2026-05-14T06:53:57Z</time></trkpt>
    <trkpt lat="44.85932" lon="-107.79734">
      <ele>2500.0</ele>
    <time>2026-05-14T06:54:02Z</time></trkpt>
    <trkpt lat="44.85943" lon="-107.79741">
      <ele>2500.0</ele>
    <time>2026-05-14T06:54:08Z</time></trkpt>
    <trkpt lat="44.85957" lon="-107.79746">
      <ele>2500.0</ele>
    <time>2026-05-14T06:54:16Z</time></trkpt>
    <trkpt lat="44.85972" lon="-107.79752">
      <ele>2500.0</ele>
    <time>2026-05-14T06:54:23Z</time></trkpt>
    <trkpt lat="44.8598" lon="-107.79762">
      <ele>2500.0</ele>
    <time>2026-05-14T06:54:29Z</time></trkpt>
    <trkpt lat="44.85993" lon="-107.79776">
      <ele>2500.0</ele>
    <time>2026-05-14T06:54:37Z</time></trkpt>
    <trkpt lat="44.86004" lon="-107.79797">
      <ele>2500.0</ele>
    <time>2026-05-14T06:54:46Z</time></trkpt>
    <trkpt lat="44.86011" lon="-107.79818">
      <ele>2500.0</ele>
    <time>2026-05-14T06:54:55Z</time></trkpt>
    <trkpt lat="44.86017" lon="-107.79834">
      <ele>2500.0</ele>
    <time>2026-05-14T06:55:01Z</time></trkpt>
    <trkpt lat="44.86026" lon="-107.79847">
      <ele>2500.0</ele>
    <time>2026-05-14T06:55:08Z</time></trkpt>
    <trkpt lat="44.86036" lon="-107.7986">
      <ele>2500.0</ele>
    <time>2026-05-14T06:55:14Z</time></trkpt>
    <trkpt lat="44.86049" lon="-107.79874">
      <ele>2500.0</ele>
    <time>2026-05-14T06:55:23Z</time></trkpt>
    <trkpt lat="44.8606" lon="-107.79885">
      <ele>2500.0</ele>
    <time>2026-05-14T06:55:30Z</time></trkpt>
    <trkpt lat="44.86082" lon="-107.79907">
      <ele>2500.0</ele>
    <time>2026-05-14T06:55:43Z</time></trkpt>
    <trkpt lat="44.86095" lon="-107.7992">
      <ele>2500.0</ele>
    <time>2026-05-14T06:55:51Z</time></trkpt>
    <trkpt lat="44.86104" lon="-107.7993">
      <ele>2500.0</ele>
    <time>2026-05-14T06:55:57Z</time></trkpt>
    <trkpt lat="44.86116" lon="-107.79948">
      <ele>2500.0</ele>
    <time>2026-05-14T06:56:06Z</time></trkpt>
    <trkpt lat="44.86133" lon="-107.79965">
      <ele>2500.0</ele>
    <time>2026-05-14T06:56:16Z</time></trkpt>
    <trkpt lat="44.86146" lon="-107.79977">
      <ele>2500.0</ele>
    <time>2026-05-14T06:56:24Z</time></trkpt>
    <trkpt lat="44.86156" lon="-107.7999">
      <ele>2500.0</ele>
    <time>2026-05-14T06:56:31Z</time></trkpt>
    <trkpt lat="44.86166" lon="-107.79999">
      <ele>2500.0</ele>
    <time>2026-05-14T06:56:37Z</time></trkpt>
    <trkpt lat="44.8617" lon="-107.80019">
      <ele>2500.0</ele>
    <time>2026-05-14T06:56:44Z</time></trkpt>
    <trkpt lat="44.86181" lon="-107.80029">
      <ele>2500.0</ele>
    <time>2026-05-14T06:56:51Z</time></trkpt>
    <trkpt lat="44.86176" lon="-107.80033">
      <ele>2500.0</ele>
    <time>2026-05-14T06:56:54Z</time></trkpt>
    <trkpt lat="44.86202" lon="-107.80019">
      <ele>2500.0</ele>
    <time>2026-05-14T06:57:08Z</time></trkpt>
    <trkpt lat="44.86221" lon="-107.80003">
      <ele>2500.0</ele>
    <time>2026-05-14T06:57:19Z</time></trkpt>
    <trkpt lat="44.86242" lon="-107.7998">
      <ele>2500.0</ele>
    <time>2026-05-14T06:57:32Z</time></trkpt>
    <trkpt lat="44.86258" lon="-107.79962">
      <ele>2500.0</ele>
    <time>2026-05-14T06:57:43Z</time></trkpt>
    <trkpt lat="44.86272" lon="-107.79944">
      <ele>2500.0</ele>
    <time>2026-05-14T06:57:52Z</time></trkpt>
    <trkpt lat="44.86288" lon="-107.79922">
      <ele>2500.467767308</ele>
    <time>2026-05-14T06:58:03Z</time></trkpt>
    <trkpt lat="44.86299" lon="-107.79903">
      <ele>2500.833333333</ele>
    <time>2026-05-14T06:58:12Z</time></trkpt>
    <trkpt lat="44.86307" lon="-107.79891">
      <ele>2501.388888889</ele>
    <time>2026-05-14T06:58:18Z</time></trkpt>
    <trkpt lat="44.86317" lon="-107.79882">
      <ele>2502.083333333</ele>
    <time>2026-05-14T06:58:24Z</time></trkpt>
    <trkpt lat="44.86327" lon="-107.79881">
      <ele>2503.811881188</ele>
    <time>2026-05-14T06:58:29Z</time></trkpt>
    <trkpt lat="44.86343" lon="-107.79874">
      <ele>2507.034722226</ele>
    <time>2026-05-14T06:58:38Z</time></trkpt>
    <trkpt lat="44.86355" lon="-107.79871">
      <ele>2507.736928106</ele>
    <time>2026-05-14T06:58:44Z</time></trkpt>
    <trkpt lat="44.86363" lon="-107.79858">
      <ele>2507.777777778</ele>
    <time>2026-05-14T06:58:50Z</time></trkpt>
    <trkpt lat="44.86374" lon="-107.79856">
      <ele>2508.323333333</ele>
    <time>2026-05-14T06:58:55Z</time></trkpt>
    <trkpt lat="44.86393" lon="-107.79854">
      <ele>2507.811930783</ele>
    <time>2026-05-14T06:59:05Z</time></trkpt>
    <trkpt lat="44.86409" lon="-107.79853">
      <ele>2506.111111111</ele>
    <time>2026-05-14T06:59:13Z</time></trkpt>
    <trkpt lat="44.86428" lon="-107.79846">
      <ele>2502.001633985</ele>
    <time>2026-05-14T06:59:23Z</time></trkpt>
    <trkpt lat="44.86445" lon="-107.79842">
      <ele>2499.109477097</ele>
    <time>2026-05-14T06:59:32Z</time></trkpt>
    <trkpt lat="44.86462" lon="-107.79829">
      <ele>2495.994069864</ele>
    <time>2026-05-14T06:59:41Z</time></trkpt>
    <trkpt lat="44.86474" lon="-107.79822">
      <ele>2492.363138653</ele>
    <time>2026-05-14T06:59:48Z</time></trkpt>
    <trkpt lat="44.8648" lon="-107.79805">
      <ele>2491.25</ele>
    <time>2026-05-14T06:59:55Z</time></trkpt>
    <trkpt lat="44.86489" lon="-107.79786">
      <ele>2488.75</ele>
    <time>2026-05-14T07:00:03Z</time></trkpt>
    <trkpt lat="44.86496" lon="-107.79762">
      <ele>2486.111111111</ele>
    <time>2026-05-14T07:00:12Z</time></trkpt>
    <trkpt lat="44.86506" lon="-107.7974">
      <ele>2480.740740725</ele>
    <time>2026-05-14T07:00:22Z</time></trkpt>
    <trkpt lat="44.86517" lon="-107.79721">
      <ele>2477.977941159</ele>
    <time>2026-05-14T07:00:30Z</time></trkpt>
    <trkpt lat="44.86529" lon="-107.7971">
      <ele>2474.088753381</ele>
    <time>2026-05-14T07:00:37Z</time></trkpt>
    <trkpt lat="44.86539" lon="-107.79698">
      <ele>2471.947167781</ele>
    <time>2026-05-14T07:00:44Z</time></trkpt>
    <trkpt lat="44.86536" lon="-107.79686">
      <ele>2471.257507525</ele>
    <time>2026-05-14T07:00:49Z</time></trkpt>
    <trkpt lat="44.86532" lon="-107.79664">
      <ele>2469.80555559</ele>
    <time>2026-05-14T07:00:57Z</time></trkpt>
    <trkpt lat="44.86522" lon="-107.79651">
      <ele>2468.492063532</ele>
    <time>2026-05-14T07:01:04Z</time></trkpt>
    <trkpt lat="44.86515" lon="-107.79637">
      <ele>2467.814102544</ele>
    <time>2026-05-14T07:01:10Z</time></trkpt>
    <trkpt lat="44.8652" lon="-107.79619">
      <ele>2467.083333333</ele>
    <time>2026-05-14T07:01:17Z</time></trkpt>
    <trkpt lat="44.86537" lon="-107.79607">
      <ele>2463.00245097</ele>
    <time>2026-05-14T07:01:26Z</time></trkpt>
    <trkpt lat="44.86556" lon="-107.7959">
      <ele>2461.388888889</ele>
    <time>2026-05-14T07:01:38Z</time></trkpt>
    <trkpt lat="44.86568" lon="-107.79575">
      <ele>2459.585953851</ele>
    <time>2026-05-14T07:01:46Z</time></trkpt>
    <trkpt lat="44.86579" lon="-107.79556">
      <ele>2459.166666667</ele>
    <time>2026-05-14T07:01:54Z</time></trkpt>
    <trkpt lat="44.8659" lon="-107.79541">
      <ele>2457.916666667</ele>
    <time>2026-05-14T07:02:02Z</time></trkpt>
    <trkpt lat="44.86603" lon="-107.79526">
      <ele>2456.111111111</ele>
    <time>2026-05-14T07:02:11Z</time></trkpt>
    <trkpt lat="44.86615" lon="-107.79514">
      <ele>2452.916666667</ele>
    <time>2026-05-14T07:02:18Z</time></trkpt>
    <trkpt lat="44.86632" lon="-107.79509">
      <ele>2450.888888887</ele>
    <time>2026-05-14T07:02:27Z</time></trkpt>
    <trkpt lat="44.86647" lon="-107.795">
      <ele>2450.182584265</ele>
    <time>2026-05-14T07:02:35Z</time></trkpt>
    <trkpt lat="44.86661" lon="-107.79482">
      <ele>2450.0</ele>
    <time>2026-05-14T07:02:44Z</time></trkpt>
    <trkpt lat="44.86671" lon="-107.79476">
      <ele>2450.0</ele>
    <time>2026-05-14T07:02:50Z</time></trkpt>
    <trkpt lat="44.8668" lon="-107.79471">
      <ele>2449.883385742</ele>
    <time>2026-05-14T07:02:55Z</time></trkpt>
    <trkpt lat="44.86699" lon="-107.79464">
      <ele>2449.242700726</ele>
    <time>2026-05-14T07:03:05Z</time></trkpt>
    <trkpt lat="44.86712" lon="-107.79454">
      <ele>2448.064663008</ele>
    <time>2026-05-14T07:03:12Z</time></trkpt>
    <trkpt lat="44.86727" lon="-107.79442">
      <ele>2446.286111089</ele>
    <time>2026-05-14T07:03:21Z</time></trkpt>
    <trkpt lat="44.86738" lon="-107.79428">
      <ele>2443.060109267</ele>
    <time>2026-05-14T07:03:28Z</time></trkpt>
    <trkpt lat="44.86747" lon="-107.79416">
      <ele>2442.13888887</ele>
    <time>2026-05-14T07:03:35Z</time></trkpt>
    <trkpt lat="44.86757" lon="-107.79402">
      <ele>2440.8604336</ele>
    <time>2026-05-14T07:03:42Z</time></trkpt>
    <trkpt lat="44.86765" lon="-107.79393">
      <ele>2440.433908042</ele>
    <time>2026-05-14T07:03:47Z</time></trkpt>
    <trkpt lat="44.86774" lon="-107.79374">
      <ele>2440.138888889</ele>
    <time>2026-05-14T07:03:55Z</time></trkpt>
    <trkpt lat="44.86789" lon="-107.7936">
      <ele>2440.0</ele>
    <time>2026-05-14T07:04:04Z</time></trkpt>
    <trkpt lat="44.86802" lon="-107.79351">
      <ele>2440.0</ele>
    <time>2026-05-14T07:04:11Z</time></trkpt>
    <trkpt lat="44.86797" lon="-107.79339">
      <ele>2440.0</ele>
    <time>2026-05-14T07:04:16Z</time></trkpt>
    <trkpt lat="44.8681" lon="-107.79325">
      <ele>2440.0</ele>
    <time>2026-05-14T07:04:25Z</time></trkpt>
    <trkpt lat="44.8683" lon="-107.79322">
      <ele>2440.0</ele>
    <time>2026-05-14T07:04:35Z</time></trkpt>
    <trkpt lat="44.86844" lon="-107.79317">
      <ele>2440.0</ele>
    <time>2026-05-14T07:04:42Z</time></trkpt>
    <trkpt lat="44.86856" lon="-107.79305">
      <ele>2440.0</ele>
    <time>2026-05-14T07:04:49Z</time></trkpt>
    <trkpt lat="44.86858" lon="-107.79288">
      <ele>2440.0</ele>
    <time>2026-05-14T07:04:56Z</time></trkpt>
    <trkpt lat="44.86865" lon="-107.79278">
      <ele>2440.0</ele>
    <time>2026-05-14T07:05:01Z</time></trkpt>
    <trkpt lat="44.86871" lon="-107.79267">
      <ele>2440.0</ele>
    <time>2026-05-14T07:05:06Z</time></trkpt>
    <trkpt lat="44.86883" lon="-107.79252">
      <ele>2440.0</ele>
    <time>2026-05-14T07:05:14Z</time></trkpt>
    <trkpt lat="44.86895" lon="-107.79236">
      <ele>2440.0</ele>
    <time>2026-05-14T07:05:22Z</time></trkpt>
    <trkpt lat="44.86909" lon="-107.79222">
      <ele>2440.0</ele>
    <time>2026-05-14T07:05:31Z</time></trkpt>
    <trkpt lat="44.86914" lon="-107.7921">
      <ele>2440.0</ele>
    <time>2026-05-14T07:05:36Z</time></trkpt>
    <trkpt lat="44.86924" lon="-107.79189">
      <ele>2440.0</ele>
    <time>2026-05-14T07:05:45Z</time></trkpt>
    <trkpt lat="44.86932" lon="-107.79176">
      <ele>2439.968749993</ele>
    <time>2026-05-14T07:05:51Z</time></trkpt>
    <trkpt lat="44.86936" lon="-107.79164">
      <ele>2440.0</ele>
    <time>2026-05-14T07:05:55Z</time></trkpt>
    <trkpt lat="44.86945" lon="-107.79148">
      <ele>2438.992295182</ele>
    <time>2026-05-14T07:06:03Z</time></trkpt>
    <trkpt lat="44.86952" lon="-107.79129">
      <ele>2437.802177151</ele>
    <time>2026-05-14T07:06:10Z</time></trkpt>
    <trkpt lat="44.86956" lon="-107.79107">
      <ele>2435.881226016</ele>
    <time>2026-05-14T07:06:18Z</time></trkpt>
    <trkpt lat="44.86957" lon="-107.79084">
      <ele>2433.462059593</ele>
    <time>2026-05-14T07:06:27Z</time></trkpt>
    <trkpt lat="44.8696" lon="-107.7907">
      <ele>2433.611111111</ele>
    <time>2026-05-14T07:06:32Z</time></trkpt>
    <trkpt lat="44.86969" lon="-107.79055">
      <ele>2432.772222174</ele>
    <time>2026-05-14T07:06:39Z</time></trkpt>
    <trkpt lat="44.86973" lon="-107.79034">
      <ele>2431.903846168</ele>
    <time>2026-05-14T07:06:47Z</time></trkpt>
    <trkpt lat="44.8698" lon="-107.79011">
      <ele>2432.083333333</ele>
    <time>2026-05-14T07:06:56Z</time></trkpt>
    <trkpt lat="44.86989" lon="-107.79001">
      <ele>2432.638888889</ele>
    <time>2026-05-14T07:07:01Z</time></trkpt>
    <trkpt lat="44.87" lon="-107.78983">
      <ele>2436.516666719</ele>
    <time>2026-05-14T07:07:10Z</time></trkpt>
    <trkpt lat="44.87007" lon="-107.78968">
      <ele>2437.083333333</ele>
    <time>2026-05-14T07:07:16Z</time></trkpt>
    <trkpt lat="44.87013" lon="-107.78957">
      <ele>2438.055555556</ele>
    <time>2026-05-14T07:07:21Z</time></trkpt>
    <trkpt lat="44.8702" lon="-107.78945">
      <ele>2439.027777778</ele>
    <time>2026-05-14T07:07:27Z</time></trkpt>
    <trkpt lat="44.87027" lon="-107.78936">
      <ele>2440.0</ele>
    <time>2026-05-14T07:07:32Z</time></trkpt>
    <trkpt lat="44.87037" lon="-107.78915">
      <ele>2441.944444444</ele>
    <time>2026-05-14T07:07:41Z</time></trkpt>
    <trkpt lat="44.87043" lon="-107.78903">
      <ele>2442.916666667</ele>
    <time>2026-05-14T07:07:46Z</time></trkpt>
    <trkpt lat="44.87051" lon="-107.78886">
      <ele>2446.111111111</ele>
    <time>2026-05-14T07:07:53Z</time></trkpt>
    <trkpt lat="44.87057" lon="-107.78874">
      <ele>2447.083333333</ele>
    <time>2026-05-14T07:07:58Z</time></trkpt>
    <trkpt lat="44.87076" lon="-107.7885">
      <ele>2449.166666667</ele>
    <time>2026-05-14T07:08:11Z</time></trkpt>
    <trkpt lat="44.87088" lon="-107.78835">
      <ele>2449.861111111</ele>
    <time>2026-05-14T07:08:19Z</time></trkpt>
    <trkpt lat="44.87097" lon="-107.78836">
      <ele>2450.0</ele>
    <time>2026-05-14T07:08:24Z</time></trkpt>
    <trkpt lat="44.8711" lon="-107.78828">
      <ele>2444.722222222</ele>
    <time>2026-05-14T07:08:31Z</time></trkpt>
    <trkpt lat="44.87132" lon="-107.78825">
      <ele>2439.583333333</ele>
    <time>2026-05-14T07:08:42Z</time></trkpt>
    <trkpt lat="44.87144" lon="-107.78817">
      <ele>2436.984126876</ele>
    <time>2026-05-14T07:08:49Z</time></trkpt>
    <trkpt lat="44.87149" lon="-107.78805">
      <ele>2434.022030592</ele>
    <time>2026-05-14T07:08:54Z</time></trkpt>
    <trkpt lat="44.87155" lon="-107.78788">
      <ele>2431.889120596</ele>
    <time>2026-05-14T07:09:01Z</time></trkpt>
    <trkpt lat="44.87162" lon="-107.78772">
      <ele>2429.295976986</ele>
    <time>2026-05-14T07:09:07Z</time></trkpt>
    <trkpt lat="44.87164" lon="-107.78751">
      <ele>2426.470085451</ele>
    <time>2026-05-14T07:09:15Z</time></trkpt>
    <trkpt lat="44.87169" lon="-107.78726">
      <ele>2421.497747733</ele>
    <time>2026-05-14T07:09:24Z</time></trkpt>
    <trkpt lat="44.87176" lon="-107.78702">
      <ele>2418.864379062</ele>
    <time>2026-05-14T07:09:33Z</time></trkpt>
    <trkpt lat="44.87181" lon="-107.78677">
      <ele>2416.111111111</ele>
    <time>2026-05-14T07:09:43Z</time></trkpt>
    <trkpt lat="44.87189" lon="-107.7865">
      <ele>2410.972222222</ele>
    <time>2026-05-14T07:09:53Z</time></trkpt>
    <trkpt lat="44.87196" lon="-107.78629">
      <ele>2408.055555556</ele>
    <time>2026-05-14T07:10:01Z</time></trkpt>
    <trkpt lat="44.87197" lon="-107.78608">
      <ele>2404.444444444</ele>
    <time>2026-05-14T07:10:09Z</time></trkpt>
    <trkpt lat="44.87203" lon="-107.78589">
      <ele>2401.519916127</ele>
    <time>2026-05-14T07:10:16Z</time></trkpt>
    <trkpt lat="44.87213" lon="-107.78579">
      <ele>2399.930555553</ele>
    <time>2026-05-14T07:10:23Z</time></trkpt>
    <trkpt lat="44.87234" lon="-107.78568">
      <ele>2396.71455938</ele>
    <time>2026-05-14T07:10:34Z</time></trkpt>
    <trkpt lat="44.87245" lon="-107.78564">
      <ele>2393.499999991</ele>
    <time>2026-05-14T07:10:40Z</time></trkpt>
    <trkpt lat="44.8726" lon="-107.78558">
      <ele>2392.083333333</ele>
    <time>2026-05-14T07:10:47Z</time></trkpt>
    <trkpt lat="44.87264" lon="-107.78546">
      <ele>2389.679487178</ele>
    <time>2026-05-14T07:10:52Z</time></trkpt>
    <trkpt lat="44.87285" lon="-107.78543">
      <ele>2387.016283523</ele>
    <time>2026-05-14T07:11:03Z</time></trkpt>
    <trkpt lat="44.87298" lon="-107.78538">
      <ele>2383.694444442</ele>
    <time>2026-05-14T07:11:10Z</time></trkpt>
    <trkpt lat="44.87307" lon="-107.7854">
      <ele>2383.888888889</ele>
    <time>2026-05-14T07:11:14Z</time></trkpt>
    <trkpt lat="44.87326" lon="-107.78519">
      <ele>2378.420138862</ele>
    <time>2026-05-14T07:11:26Z</time></trkpt>
    <trkpt lat="44.8734" lon="-107.78512">
      <ele>2373.694444445</ele>
    <time>2026-05-14T07:11:34Z</time></trkpt>
    <trkpt lat="44.87366" lon="-107.78511">
      <ele>2370.833333333</ele>
    <time>2026-05-14T07:11:47Z</time></trkpt>
    <trkpt lat="44.87382" lon="-107.7851">
      <ele>2369.880952381</ele>
    <time>2026-05-14T07:11:55Z</time></trkpt>
    <trkpt lat="44.87393" lon="-107.78509">
      <ele>2369.291666666</ele>
    <time>2026-05-14T07:12:01Z</time></trkpt>
    <trkpt lat="44.87403" lon="-107.78509">
      <ele>2368.194444444</ele>
    <time>2026-05-14T07:12:06Z</time></trkpt>
    <trkpt lat="44.8742" lon="-107.78512">
      <ele>2364.466666664</ele>
    <time>2026-05-14T07:12:14Z</time></trkpt>
    <trkpt lat="44.8744" lon="-107.78519">
      <ele>2361.08333333</ele>
    <time>2026-05-14T07:12:25Z</time></trkpt>
    <trkpt lat="44.87461" lon="-107.78521">
      <ele>2360.0</ele>
    <time>2026-05-14T07:12:35Z</time></trkpt>
    <trkpt lat="44.87474" lon="-107.7852">
      <ele>2360.0</ele>
    <time>2026-05-14T07:12:42Z</time></trkpt>
    <trkpt lat="44.87491" lon="-107.78518">
      <ele>2360.0</ele>
    <time>2026-05-14T07:12:50Z</time></trkpt>
    <trkpt lat="44.87502" lon="-107.78523">
      <ele>2360.0</ele>
    <time>2026-05-14T07:12:56Z</time></trkpt>
    <trkpt lat="44.87507" lon="-107.78539">
      <ele>2360.0</ele>
    <time>2026-05-14T07:13:02Z</time></trkpt>
    <trkpt lat="44.87519" lon="-107.78551">
      <ele>2360.0</ele>
    <time>2026-05-14T07:13:10Z</time></trkpt>
    <trkpt lat="44.87533" lon="-107.78558">
      <ele>2360.0</ele>
    <time>2026-05-14T07:13:17Z</time></trkpt>
    <trkpt lat="44.87542" lon="-107.78566">
      <ele>2360.0</ele>
    <time>2026-05-14T07:13:23Z</time></trkpt>
    <trkpt lat="44.87551" lon="-107.78571">
      <ele>2360.0</ele>
    <time>2026-05-14T07:13:28Z</time></trkpt>
    <trkpt lat="44.87566" lon="-107.78581">
      <ele>2360.0</ele>
    <time>2026-05-14T07:13:36Z</time></trkpt>
    <trkpt lat="44.87584" lon="-107.78591">
      <ele>2360.0</ele>
    <time>2026-05-14T07:13:46Z</time></trkpt>
    <trkpt lat="44.876" lon="-107.78594">
      <ele>2360.666666667</ele>
    <time>2026-05-14T07:13:54Z</time></trkpt>
    <trkpt lat="44.87609" lon="-107.78604">
      <ele>2361.980874333</ele>
    <time>2026-05-14T07:14:00Z</time></trkpt>
    <trkpt lat="44.87624" lon="-107.78618">
      <ele>2365.634920711</ele>
    <time>2026-05-14T07:14:09Z</time></trkpt>
    <trkpt lat="44.87641" lon="-107.78628">
      <ele>2368.525280907</ele>
    <time>2026-05-14T07:14:18Z</time></trkpt>
    <trkpt lat="44.87652" lon="-107.78642">
      <ele>2369.583333333</ele>
    <time>2026-05-14T07:14:25Z</time></trkpt>
    <trkpt lat="44.87665" lon="-107.78661">
      <ele>2369.479166658</ele>
    <time>2026-05-14T07:14:35Z</time></trkpt>
    <trkpt lat="44.87679" lon="-107.78678">
      <ele>2368.611111111</ele>
    <time>2026-05-14T07:14:44Z</time></trkpt>
    <trkpt lat="44.87701" lon="-107.787">
      <ele>2362.916666667</ele>
    <time>2026-05-14T07:14:58Z</time></trkpt>
    <trkpt lat="44.87724" lon="-107.78716">
      <ele>2360.138888889</ele>
    <time>2026-05-14T07:15:11Z</time></trkpt>
    <trkpt lat="44.87747" lon="-107.78726">
      <ele>2360.0</ele>
    <time>2026-05-14T07:15:23Z</time></trkpt>
    <trkpt lat="44.87765" lon="-107.78736">
      <ele>2360.0</ele>
    <time>2026-05-14T07:15:32Z</time></trkpt>
    <trkpt lat="44.87781" lon="-107.78747">
      <ele>2360.0</ele>
    <time>2026-05-14T07:15:41Z</time></trkpt>
    <trkpt lat="44.87794" lon="-107.78753">
      <ele>2360.0</ele>
    <time>2026-05-14T07:15:48Z</time></trkpt>
    <trkpt lat="44.87811" lon="-107.7876">
      <ele>2360.0</ele>
    <time>2026-05-14T07:15:57Z</time></trkpt>
    <trkpt lat="44.87828" lon="-107.78771">
      <ele>2360.0</ele>
    <time>2026-05-14T07:16:07Z</time></trkpt>
    <trkpt lat="44.8784" lon="-107.7878">
      <ele>2360.0</ele>
    <time>2026-05-14T07:16:14Z</time></trkpt>
    <trkpt lat="44.87856" lon="-107.78787">
      <ele>2360.0</ele>
    <time>2026-05-14T07:16:22Z</time></trkpt>
    <trkpt lat="44.87871" lon="-107.78788">
      <ele>2360.0</ele>
    <time>2026-05-14T07:16:30Z</time></trkpt>
    <trkpt lat="44.87889" lon="-107.78783">
      <ele>2360.0</ele>
    <time>2026-05-14T07:16:39Z</time></trkpt>
    <trkpt lat="44.87904" lon="-107.78774">
      <ele>2360.0</ele>
    <time>2026-05-14T07:16:47Z</time></trkpt>
    <trkpt lat="44.87921" lon="-107.78776">
      <ele>2360.0</ele>
    <time>2026-05-14T07:16:56Z</time></trkpt>
    <trkpt lat="44.87932" lon="-107.78772">
      <ele>2360.0</ele>
    <time>2026-05-14T07:17:01Z</time></trkpt>
    <trkpt lat="44.87946" lon="-107.78753">
      <ele>2357.916666667</ele>
    <time>2026-05-14T07:17:11Z</time></trkpt>
    <trkpt lat="44.87958" lon="-107.78732">
      <ele>2352.916666667</ele>
    <time>2026-05-14T07:17:21Z</time></trkpt>
    <trkpt lat="44.87964" lon="-107.7871">
      <ele>2350.970947989</ele>
    <time>2026-05-14T07:17:29Z</time></trkpt>
    <trkpt lat="44.8797" lon="-107.78683">
      <ele>2349.885620912</ele>
    <time>2026-05-14T07:17:39Z</time></trkpt>
    <trkpt lat="44.87976" lon="-107.78651">
      <ele>2347.083333333</ele>
    <time>2026-05-14T07:17:51Z</time></trkpt>
    <trkpt lat="44.87978" lon="-107.78616">
      <ele>2341.5625</ele>
    <time>2026-05-14T07:18:04Z</time></trkpt>
    <trkpt lat="44.87983" lon="-107.78588">
      <ele>2339.091591586</ele>
    <time>2026-05-14T07:18:14Z</time></trkpt>
    <trkpt lat="44.87991" lon="-107.78554">
      <ele>2333.547297279</ele>
    <time>2026-05-14T07:18:27Z</time></trkpt>
    <trkpt lat="44.87997" lon="-107.78525">
      <ele>2330.6081081</ele>
    <time>2026-05-14T07:18:37Z</time></trkpt>
    <trkpt lat="44.88005" lon="-107.78491">
      <ele>2329.166666667</ele>
    <time>2026-05-14T07:18:50Z</time></trkpt>
    <trkpt lat="44.8801" lon="-107.78462">
      <ele>2325.930930918</ele>
    <time>2026-05-14T07:19:01Z</time></trkpt>
    <trkpt lat="44.88015" lon="-107.78431">
      <ele>2320.833333333</ele>
    <time>2026-05-14T07:19:12Z</time></trkpt>
    <trkpt lat="44.88022" lon="-107.78402">
      <ele>2320.0</ele>
    <time>2026-05-14T07:19:23Z</time></trkpt>
    <trkpt lat="44.88033" lon="-107.78372">
      <ele>2320.0</ele>
    <time>2026-05-14T07:19:35Z</time></trkpt>
    <trkpt lat="44.88044" lon="-107.78344">
      <ele>2315.972222222</ele>
    <time>2026-05-14T07:19:47Z</time></trkpt>
    <trkpt lat="44.8804" lon="-107.78339">
      <ele>2320.0</ele>
    <time>2026-05-14T07:19:49Z</time></trkpt>
    <trkpt lat="44.8805" lon="-107.78309">
      <ele>2310.849358824</ele>
    <time>2026-05-14T07:20:01Z</time></trkpt>
    <trkpt lat="44.88064" lon="-107.78293">
      <ele>2309.629947459</ele>
    <time>2026-05-14T07:20:10Z</time></trkpt>
    <trkpt lat="44.88071" lon="-107.78279">
      <ele>2308.157142839</ele>
    <time>2026-05-14T07:20:16Z</time></trkpt>
    <trkpt lat="44.88078" lon="-107.7826">
      <ele>2305.745172535</ele>
    <time>2026-05-14T07:20:24Z</time></trkpt>
    <trkpt lat="44.88089" lon="-107.78235">
      <ele>2301.137640424</ele>
    <time>2026-05-14T07:20:35Z</time></trkpt>
    <trkpt lat="44.88102" lon="-107.78214">
      <ele>2297.59615383</ele>
    <time>2026-05-14T07:20:45Z</time></trkpt>
    <trkpt lat="44.88108" lon="-107.7819">
      <ele>2296.25</ele>
    <time>2026-05-14T07:20:54Z</time></trkpt>
    <trkpt lat="44.88119" lon="-107.78165">
      <ele>2291.666666667</ele>
    <time>2026-05-14T07:21:04Z</time></trkpt>
    <trkpt lat="44.88131" lon="-107.78148">
      <ele>2288.363161811</ele>
    <time>2026-05-14T07:21:13Z</time></trkpt>
    <trkpt lat="44.88144" lon="-107.78131">
      <ele>2287.222222222</ele>
    <time>2026-05-14T07:21:22Z</time></trkpt>
    <trkpt lat="44.88154" lon="-107.78116">
      <ele>2283.472222222</ele>
    <time>2026-05-14T07:21:29Z</time></trkpt>
    <trkpt lat="44.88162" lon="-107.78095">
      <ele>2280.694444444</ele>
    <time>2026-05-14T07:21:38Z</time></trkpt>
    <trkpt lat="44.88169" lon="-107.78083">
      <ele>2279.305555556</ele>
    <time>2026-05-14T07:21:43Z</time></trkpt>
    <trkpt lat="44.88182" lon="-107.78064">
      <ele>2276.527777778</ele>
    <time>2026-05-14T07:21:52Z</time></trkpt>
    <trkpt lat="44.88195" lon="-107.78044">
      <ele>2272.916666667</ele>
    <time>2026-05-14T07:22:02Z</time></trkpt>
    <trkpt lat="44.88209" lon="-107.78026">
      <ele>2270.811781608</ele>
    <time>2026-05-14T07:22:12Z</time></trkpt>
    <trkpt lat="44.88224" lon="-107.7802">
      <ele>2270.12179487</ele>
    <time>2026-05-14T07:22:20Z</time></trkpt>
    <trkpt lat="44.88242" lon="-107.78009">
      <ele>2269.191176469</ele>
    <time>2026-05-14T07:22:29Z</time></trkpt>
    <trkpt lat="44.8826" lon="-107.77989">
      <ele>2267.127581111</ele>
    <time>2026-05-14T07:22:41Z</time></trkpt>
    <trkpt lat="44.88267" lon="-107.77968">
      <ele>2263.811881182</ele>
    <time>2026-05-14T07:22:49Z</time></trkpt>
    <trkpt lat="44.88269" lon="-107.77946">
      <ele>2262.916666667</ele>
    <time>2026-05-14T07:22:57Z</time></trkpt>
    <trkpt lat="44.88277" lon="-107.77927">
      <ele>2260.749063687</ele>
    <time>2026-05-14T07:23:05Z</time></trkpt>
    <trkpt lat="44.88268" lon="-107.77912">
      <ele>2260.111111116</ele>
    <time>2026-05-14T07:23:12Z</time></trkpt>
    <trkpt lat="44.88258" lon="-107.77893">
      <ele>2260.0</ele>
    <time>2026-05-14T07:23:21Z</time></trkpt>
    <trkpt lat="44.88248" lon="-107.77881">
      <ele>2260.0</ele>
    <time>2026-05-14T07:23:27Z</time></trkpt>
    <trkpt lat="44.88246" lon="-107.77864">
      <ele>2260.0</ele>
    <time>2026-05-14T07:23:33Z</time></trkpt>
    <trkpt lat="44.88244" lon="-107.77841">
      <ele>2260.0</ele>
    <time>2026-05-14T07:23:42Z</time></trkpt>
    <trkpt lat="44.88245" lon="-107.77825">
      <ele>2260.0</ele>
    <time>2026-05-14T07:23:47Z</time></trkpt>
    <trkpt lat="44.8825" lon="-107.778">
      <ele>2260.027777778</ele>
    <time>2026-05-14T07:23:57Z</time></trkpt>
    <trkpt lat="44.8825" lon="-107.77777">
      <ele>2260.54867986</ele>
    <time>2026-05-14T07:24:05Z</time></trkpt>
    <trkpt lat="44.88248" lon="-107.77755">
      <ele>2261.597222222</ele>
    <time>2026-05-14T07:24:13Z</time></trkpt>
    <trkpt lat="44.88247" lon="-107.77722">
      <ele>2264.722222222</ele>
    <time>2026-05-14T07:24:25Z</time></trkpt>
    <trkpt lat="44.88246" lon="-107.77699">
      <ele>2266.842948734</ele>
    <time>2026-05-14T07:24:33Z</time></trkpt>
    <trkpt lat="44.88249" lon="-107.7768">
      <ele>2267.158965894</ele>
    <time>2026-05-14T07:24:40Z</time></trkpt>
    <trkpt lat="44.88253" lon="-107.77656">
      <ele>2266.343509336</ele>
    <time>2026-05-14T07:24:49Z</time></trkpt>
    <trkpt lat="44.88255" lon="-107.77631">
      <ele>2263.436468626</ele>
    <time>2026-05-14T07:24:57Z</time></trkpt>
    <trkpt lat="44.88257" lon="-107.776">
      <ele>2261.1296296</ele>
    <time>2026-05-14T07:25:09Z</time></trkpt>
    <trkpt lat="44.88263" lon="-107.77576">
      <ele>2260.34250878</ele>
    <time>2026-05-14T07:25:18Z</time></trkpt>
    <trkpt lat="44.88268" lon="-107.77562">
      <ele>2260.078703696</ele>
    <time>2026-05-14T07:25:23Z</time></trkpt>
    <trkpt lat="44.88277" lon="-107.77535">
      <ele>2260.0</ele>
    <time>2026-05-14T07:25:34Z</time></trkpt>
    <trkpt lat="44.88289" lon="-107.77508">
      <ele>2260.0</ele>
    <time>2026-05-14T07:25:45Z</time></trkpt>
    <trkpt lat="44.88298" lon="-107.77478">
      <ele>2260.0</ele>
    <time>2026-05-14T07:25:57Z</time></trkpt>
    <trkpt lat="44.88305" lon="-107.77461">
      <ele>2260.0</ele>
    <time>2026-05-14T07:26:04Z</time></trkpt>
    <trkpt lat="44.88314" lon="-107.77444">
      <ele>2260.0</ele>
    <time>2026-05-14T07:26:12Z</time></trkpt>
    <trkpt lat="44.88321" lon="-107.77425">
      <ele>2260.0</ele>
    <time>2026-05-14T07:26:19Z</time></trkpt>
    <trkpt lat="44.88327" lon="-107.774">
      <ele>2260.0</ele>
    <time>2026-05-14T07:26:29Z</time></trkpt>
    <trkpt lat="44.88335" lon="-107.77374">
      <ele>2260.0</ele>
    <time>2026-05-14T07:26:39Z</time></trkpt>
    <trkpt lat="44.88349" lon="-107.77357">
      <ele>2260.0</ele>
    <time>2026-05-14T07:26:48Z</time></trkpt>
    <trkpt lat="44.88366" lon="-107.77344">
      <ele>2260.0</ele>
    <time>2026-05-14T07:26:58Z</time></trkpt>
    <trkpt lat="44.88385" lon="-107.77333">
      <ele>2258.240740731</ele>
    <time>2026-05-14T07:27:08Z</time></trkpt>
    <trkpt lat="44.88406" lon="-107.77324">
      <ele>2255.210727945</ele>
    <time>2026-05-14T07:27:19Z</time></trkpt>
    <trkpt lat="44.8842" lon="-107.77323">
      <ele>2253.71031746</ele>
    <time>2026-05-14T07:27:26Z</time></trkpt>
    <trkpt lat="44.88435" lon="-107.77304">
      <ele>2253.333333333</ele>
    <time>2026-05-14T07:27:36Z</time></trkpt>
    <trkpt lat="44.88443" lon="-107.77292">
      <ele>2254.861111111</ele>
    <time>2026-05-14T07:27:42Z</time></trkpt>
    <trkpt lat="44.88456" lon="-107.77274">
      <ele>2255.0</ele>
    <time>2026-05-14T07:27:51Z</time></trkpt>
    <trkpt lat="44.88465" lon="-107.77251">
      <ele>2253.055555556</ele>
    <time>2026-05-14T07:28:01Z</time></trkpt>
    <trkpt lat="44.88473" lon="-107.77229">
      <ele>2251.944444444</ele>
    <time>2026-05-14T07:28:10Z</time></trkpt>
    <trkpt lat="44.88485" lon="-107.7721">
      <ele>2250.833333333</ele>
    <time>2026-05-14T07:28:19Z</time></trkpt>
    <trkpt lat="44.88492" lon="-107.77197">
      <ele>2250.063256323</ele>
    <time>2026-05-14T07:28:25Z</time></trkpt>
    <trkpt lat="44.88494" lon="-107.77178">
      <ele>2250.0</ele>
    <time>2026-05-14T07:28:31Z</time></trkpt>
    <trkpt lat="44.88495" lon="-107.77156">
      <ele>2250.0</ele>
    <time>2026-05-14T07:28:39Z</time></trkpt>
    <trkpt lat="44.88497" lon="-107.77136">
      <ele>2250.0</ele>
    <time>2026-05-14T07:28:47Z</time></trkpt>
    <trkpt lat="44.88492" lon="-107.77118">
      <ele>2250.0</ele>
    <time>2026-05-14T07:28:53Z</time></trkpt>
    <trkpt lat="44.88486" lon="-107.77099">
      <ele>2250.0</ele>
    <time>2026-05-14T07:29:01Z</time></trkpt>
    <trkpt lat="44.8848" lon="-107.77082">
      <ele>2250.0</ele>
    <time>2026-05-14T07:29:08Z</time></trkpt>
    <trkpt lat="44.88474" lon="-107.77056">
      <ele>2250.0</ele>
    <time>2026-05-14T07:29:17Z</time></trkpt>
    <trkpt lat="44.88471" lon="-107.77043">
      <ele>2250.0</ele>
    <time>2026-05-14T07:29:22Z</time></trkpt>
    <trkpt lat="44.88464" lon="-107.7703">
      <ele>2250.0</ele>
    <time>2026-05-14T07:29:28Z</time></trkpt>
    <trkpt lat="44.88458" lon="-107.77013">
      <ele>2250.0</ele>
    <time>2026-05-14T07:29:35Z</time></trkpt>
    <trkpt lat="44.8845" lon="-107.76995">
      <ele>2250.0</ele>
    <time>2026-05-14T07:29:42Z</time></trkpt>
    <trkpt lat="44.88444" lon="-107.76981">
      <ele>2250.0</ele>
    <time>2026-05-14T07:29:48Z</time></trkpt>
    <trkpt lat="44.88436" lon="-107.76967">
      <ele>2250.0</ele>
    <time>2026-05-14T07:29:55Z</time></trkpt>
    <trkpt lat="44.88428" lon="-107.76953">
      <ele>2250.0</ele>
    <time>2026-05-14T07:30:01Z</time></trkpt>
    <trkpt lat="44.8842" lon="-107.7693">
      <ele>2250.0</ele>
    <time>2026-05-14T07:30:10Z</time></trkpt>
    <trkpt lat="44.88415" lon="-107.76911">
      <ele>2249.707095715</ele>
    <time>2026-05-14T07:30:18Z</time></trkpt>
    <trkpt lat="44.88412" lon="-107.76884">
      <ele>2248.226072622</ele>
    <time>2026-05-14T07:30:27Z</time></trkpt>
    <trkpt lat="44.88408" lon="-107.76859">
      <ele>2246.534653486</ele>
    <time>2026-05-14T07:30:36Z</time></trkpt>
    <trkpt lat="44.88405" lon="-107.76838">
      <ele>2243.330583079</ele>
    <time>2026-05-14T07:30:44Z</time></trkpt>
    <trkpt lat="44.88403" lon="-107.76811">
      <ele>2241.075357547</ele>
    <time>2026-05-14T07:30:54Z</time></trkpt>
    <trkpt lat="44.884" lon="-107.76784">
      <ele>2240.060506054</ele>
    <time>2026-05-14T07:31:04Z</time></trkpt>
    <trkpt lat="44.88398" lon="-107.76756">
      <ele>2240.0</ele>
    <time>2026-05-14T07:31:14Z</time></trkpt>
    <trkpt lat="44.88399" lon="-107.76759">
      <ele>2240.0</ele>
    <time>2026-05-14T07:31:15Z</time></trkpt>
    <trkpt lat="44.88396" lon="-107.76732">
      <ele>2240.0</ele>
    <time>2026-05-14T07:31:25Z</time></trkpt>
    <trkpt lat="44.88392" lon="-107.76696">
      <ele>2239.938835901</ele>
    <time>2026-05-14T07:31:38Z</time></trkpt>
    <trkpt lat="44.8839" lon="-107.76661">
      <ele>2239.554166671</ele>
    <time>2026-05-14T07:31:50Z</time></trkpt>
    <trkpt lat="44.88385" lon="-107.76623">
      <ele>2237.861635235</ele>
    <time>2026-05-14T07:32:04Z</time></trkpt>
    <trkpt lat="44.88378" lon="-107.76597">
      <ele>2235.949864535</ele>
    <time>2026-05-14T07:32:14Z</time></trkpt>
    <trkpt lat="44.88372" lon="-107.76571">
      <ele>2233.75</ele>
    <time>2026-05-14T07:32:24Z</time></trkpt>
    <trkpt lat="44.8837" lon="-107.76538">
      <ele>2229.917452853</ele>
    <time>2026-05-14T07:32:35Z</time></trkpt>
    <trkpt lat="44.88362" lon="-107.76506">
      <ele>2227.269444459</ele>
    <time>2026-05-14T07:32:47Z</time></trkpt>
    <trkpt lat="44.88358" lon="-107.76474">
      <ele>2222.851851852</ele>
    <time>2026-05-14T07:32:59Z</time></trkpt>
    <trkpt lat="44.88358" lon="-107.7645">
      <ele>2219.908333348</ele>
    <time>2026-05-14T07:33:08Z</time></trkpt>
    <trkpt lat="44.88355" lon="-107.7642">
      <ele>2216.812500021</ele>
    <time>2026-05-14T07:33:18Z</time></trkpt>
    <trkpt lat="44.88352" lon="-107.76395">
      <ele>2214.305555556</ele>
    <time>2026-05-14T07:33:28Z</time></trkpt>
    <trkpt lat="44.88347" lon="-107.76374">
      <ele>2211.41327919</ele>
    <time>2026-05-14T07:33:35Z</time></trkpt>
    <trkpt lat="44.88344" lon="-107.76348">
      <ele>2208.83333332</ele>
    <time>2026-05-14T07:33:45Z</time></trkpt>
    <trkpt lat="44.88346" lon="-107.76329">
      <ele>2206.953703684</ele>
    <time>2026-05-14T07:33:52Z</time></trkpt>
    <trkpt lat="44.88356" lon="-107.76309">
      <ele>2203.888888889</ele>
    <time>2026-05-14T07:34:00Z</time></trkpt>
    <trkpt lat="44.88355" lon="-107.76285">
      <ele>2200.892531881</ele>
    <time>2026-05-14T07:34:09Z</time></trkpt>
    <trkpt lat="44.88356" lon="-107.76264">
      <ele>2200.01984127</ele>
    <time>2026-05-14T07:34:17Z</time></trkpt>
    <trkpt lat="44.88353" lon="-107.76237">
      <ele>2200.0</ele>
    <time>2026-05-14T07:34:26Z</time></trkpt>
    <trkpt lat="44.88352" lon="-107.7621">
      <ele>2200.0</ele>
    <time>2026-05-14T07:34:36Z</time></trkpt>
    <trkpt lat="44.88349" lon="-107.76177">
      <ele>2199.632352945</ele>
    <time>2026-05-14T07:34:48Z</time></trkpt>
    <trkpt lat="44.88352" lon="-107.76153">
      <ele>2198.02667766</ele>
    <time>2026-05-14T07:34:57Z</time></trkpt>
    <trkpt lat="44.88357" lon="-107.76127">
      <ele>2193.888888889</ele>
    <time>2026-05-14T07:35:06Z</time></trkpt>
    <trkpt lat="44.88367" lon="-107.76095">
      <ele>2190.294117637</ele>
    <time>2026-05-14T07:35:19Z</time></trkpt>
    <trkpt lat="44.88382" lon="-107.76073">
      <ele>2189.861111111</ele>
    <time>2026-05-14T07:35:30Z</time></trkpt>
    <trkpt lat="44.88401" lon="-107.76056">
      <ele>2187.916666667</ele>
    <time>2026-05-14T07:35:41Z</time></trkpt>
    <trkpt lat="44.88414" lon="-107.7604">
      <ele>2183.854575163</ele>
    <time>2026-05-14T07:35:50Z</time></trkpt>
    <trkpt lat="44.88428" lon="-107.76037">
      <ele>2182.083333333</ele>
    <time>2026-05-14T07:35:57Z</time></trkpt>
    <trkpt lat="44.88437" lon="-107.76028">
      <ele>2182.083333333</ele>
    <time>2026-05-14T07:36:02Z</time></trkpt>
    <trkpt lat="44.88445" lon="-107.76006">
      <ele>2178.553921546</ele>
    <time>2026-05-14T07:36:11Z</time></trkpt>
    <trkpt lat="44.88451" lon="-107.75995">
      <ele>2176.854575137</ele>
    <time>2026-05-14T07:36:16Z</time></trkpt>
    <trkpt lat="44.88458" lon="-107.75983">
      <ele>2173.62745095</ele>
    <time>2026-05-14T07:36:22Z</time></trkpt>
    <trkpt lat="44.88465" lon="-107.75972">
      <ele>2171.518518496</ele>
    <time>2026-05-14T07:36:27Z</time></trkpt>
    <trkpt lat="44.88472" lon="-107.75958">
      <ele>2169.444444444</ele>
    <time>2026-05-14T07:36:33Z</time></trkpt>
    <trkpt lat="44.88478" lon="-107.75945">
      <ele>2167.222222222</ele>
    <time>2026-05-14T07:36:39Z</time></trkpt>
    <trkpt lat="44.88481" lon="-107.7593">
      <ele>2163.716814132</ele>
    <time>2026-05-14T07:36:44Z</time></trkpt>
    <trkpt lat="44.88489" lon="-107.75923">
      <ele>2163.888888889</ele>
    <time>2026-05-14T07:36:49Z</time></trkpt>
    <trkpt lat="44.88493" lon="-107.7591">
      <ele>2161.388888889</ele>
    <time>2026-05-14T07:36:54Z</time></trkpt>
    <trkpt lat="44.88501" lon="-107.75895">
      <ele>2160.416666667</ele>
    <time>2026-05-14T07:37:01Z</time></trkpt>
    <trkpt lat="44.885" lon="-107.75877">
      <ele>2160.05050505</ele>
    <time>2026-05-14T07:37:07Z</time></trkpt>
    <trkpt lat="44.88504" lon="-107.75856">
      <ele>2159.349999992</ele>
    <time>2026-05-14T07:37:15Z</time></trkpt>
    <trkpt lat="44.88508" lon="-107.75828">
      <ele>2156.619658099</ele>
    <time>2026-05-14T07:37:25Z</time></trkpt>
    <trkpt lat="44.8851" lon="-107.758">
      <ele>2151.777777763</ele>
    <time>2026-05-14T07:37:35Z</time></trkpt>
    <trkpt lat="44.88513" lon="-107.75771">
      <ele>2150.07264957</ele>
    <time>2026-05-14T07:37:45Z</time></trkpt>
    <trkpt lat="44.88521" lon="-107.75751">
      <ele>2150.0</ele>
    <time>2026-05-14T07:37:54Z</time></trkpt>
    <trkpt lat="44.88526" lon="-107.75733">
      <ele>2150.0</ele>
    <time>2026-05-14T07:38:01Z</time></trkpt>
    <trkpt lat="44.88532" lon="-107.75708">
      <ele>2149.281045732</ele>
    <time>2026-05-14T07:38:10Z</time></trkpt>
    <trkpt lat="44.88536" lon="-107.75689">
      <ele>2148.150749027</ele>
    <time>2026-05-14T07:38:17Z</time></trkpt>
    <trkpt lat="44.88544" lon="-107.75675">
      <ele>2146.111111111</ele>
    <time>2026-05-14T07:38:24Z</time></trkpt>
    <trkpt lat="44.88551" lon="-107.75654">
      <ele>2141.388888889</ele>
    <time>2026-05-14T07:38:32Z</time></trkpt>
    <trkpt lat="44.88564" lon="-107.75644">
      <ele>2140.833333333</ele>
    <time>2026-05-14T07:38:39Z</time></trkpt>
    <trkpt lat="44.88575" lon="-107.75622">
      <ele>2140.0</ele>
    <time>2026-05-14T07:38:49Z</time></trkpt>
    <trkpt lat="44.88586" lon="-107.75602">
      <ele>2140.0</ele>
    <time>2026-05-14T07:38:58Z</time></trkpt>
    <trkpt lat="44.88588" lon="-107.75578">
      <ele>2140.0</ele>
    <time>2026-05-14T07:39:07Z</time></trkpt>
    <trkpt lat="44.8859" lon="-107.75563">
      <ele>2139.935897433</ele>
    <time>2026-05-14T07:39:12Z</time></trkpt>
    <trkpt lat="44.88595" lon="-107.75546">
      <ele>2139.166666667</ele>
    <time>2026-05-14T07:39:19Z</time></trkpt>
    <trkpt lat="44.88596" lon="-107.75528">
      <ele>2138.484848485</ele>
    <time>2026-05-14T07:39:25Z</time></trkpt>
    <trkpt lat="44.88586" lon="-107.75512">
      <ele>2137.916666667</ele>
    <time>2026-05-14T07:39:33Z</time></trkpt>
    <trkpt lat="44.88586" lon="-107.75496">
      <ele>2135.925925926</ele>
    <time>2026-05-14T07:39:38Z</time></trkpt>
    <trkpt lat="44.88591" lon="-107.7547">
      <ele>2138.547297306</ele>
    <time>2026-05-14T07:39:48Z</time></trkpt>
    <trkpt lat="44.88598" lon="-107.75452">
      <ele>2139.861111111</ele>
    <time>2026-05-14T07:39:55Z</time></trkpt>
    <trkpt lat="44.88608" lon="-107.75427">
      <ele>2139.861111111</ele>
    <time>2026-05-14T07:40:06Z</time></trkpt>
    <trkpt lat="44.88618" lon="-107.75414">
      <ele>2139.861111111</ele>
    <time>2026-05-14T07:40:12Z</time></trkpt>
    <trkpt lat="44.88623" lon="-107.754">
      <ele>2138.611111111</ele>
    <time>2026-05-14T07:40:18Z</time></trkpt>
    <trkpt lat="44.8863" lon="-107.75384">
      <ele>2137.083333333</ele>
    <time>2026-05-14T07:40:25Z</time></trkpt>
    <trkpt lat="44.88636" lon="-107.7537">
      <ele>2133.888888889</ele>
    <time>2026-05-14T07:40:31Z</time></trkpt>
    <trkpt lat="44.88643" lon="-107.75352">
      <ele>2131.388888889</ele>
    <time>2026-05-14T07:40:38Z</time></trkpt>
    <trkpt lat="44.88648" lon="-107.75334">
      <ele>2130.416666667</ele>
    <time>2026-05-14T07:40:45Z</time></trkpt>
    <trkpt lat="44.88651" lon="-107.75316">
      <ele>2130.0</ele>
    <time>2026-05-14T07:40:51Z</time></trkpt>
    <trkpt lat="44.8865" lon="-107.75295">
      <ele>2130.0</ele>
    <time>2026-05-14T07:40:59Z</time></trkpt>
    <trkpt lat="44.88651" lon="-107.75279">
      <ele>2130.0</ele>
    <time>2026-05-14T07:41:05Z</time></trkpt>
    <trkpt lat="44.88654" lon="-107.75265">
      <ele>2130.0</ele>
    <time>2026-05-14T07:41:10Z</time></trkpt>
    <trkpt lat="44.88664" lon="-107.75246">
      <ele>2129.582104228</ele>
    <time>2026-05-14T07:41:18Z</time></trkpt>
    <trkpt lat="44.88671" lon="-107.75238">
      <ele>2129.305555556</ele>
    <time>2026-05-14T07:41:23Z</time></trkpt>
    <trkpt lat="44.8868" lon="-107.7523">
      <ele>2129.305555556</ele>
    <time>2026-05-14T07:41:28Z</time></trkpt>
    <trkpt lat="44.88682" lon="-107.75212">
      <ele>2128.382285948</ele>
    <time>2026-05-14T07:41:35Z</time></trkpt>
    <trkpt lat="44.88685" lon="-107.75194">
      <ele>2129.100975982</ele>
    <time>2026-05-14T07:41:41Z</time></trkpt>
    <trkpt lat="44.88684" lon="-107.75179">
      <ele>2129.166666667</ele>
    <time>2026-05-14T07:41:47Z</time></trkpt>
    <trkpt lat="44.88678" lon="-107.75162">
      <ele>2129.444444444</ele>
    <time>2026-05-14T07:41:53Z</time></trkpt>
    <trkpt lat="44.88669" lon="-107.75139">
      <ele>2130.0</ele>
    <time>2026-05-14T07:42:03Z</time></trkpt>
    <trkpt lat="44.88662" lon="-107.75116">
      <ele>2130.0</ele>
    <time>2026-05-14T07:42:12Z</time></trkpt>
    <trkpt lat="44.88656" lon="-107.75098">
      <ele>2130.0</ele>
    <time>2026-05-14T07:42:19Z</time></trkpt>
    <trkpt lat="44.88652" lon="-107.75077">
      <ele>2130.0</ele>
    <time>2026-05-14T07:42:27Z</time></trkpt>
    <trkpt lat="44.88647" lon="-107.7506">
      <ele>2130.0</ele>
    <time>2026-05-14T07:42:33Z</time></trkpt>
    <trkpt lat="44.88648" lon="-107.75041">
      <ele>2130.0</ele>
    <time>2026-05-14T07:42:40Z</time></trkpt>
    <trkpt lat="44.88649" lon="-107.75039">
      <ele>2130.0</ele>
    <time>2026-05-14T07:42:41Z</time></trkpt>
    <trkpt lat="44.88653" lon="-107.75018">
      <ele>2130.0</ele>
    <time>2026-05-14T07:42:49Z</time></trkpt>
    <trkpt lat="44.88657" lon="-107.74993">
      <ele>2130.0</ele>
    <time>2026-05-14T07:42:58Z</time></trkpt>
    <trkpt lat="44.88667" lon="-107.74972">
      <ele>2129.861111111</ele>
    <time>2026-05-14T07:43:07Z</time></trkpt>
    <trkpt lat="44.88677" lon="-107.74958">
      <ele>2129.583333333</ele>
    <time>2026-05-14T07:43:14Z</time></trkpt>
    <trkpt lat="44.88687" lon="-107.74938">
      <ele>2129.166666667</ele>
    <time>2026-05-14T07:43:23Z</time></trkpt>
    <trkpt lat="44.88699" lon="-107.74925">
      <ele>2128.611111111</ele>
    <time>2026-05-14T07:43:30Z</time></trkpt>
    <trkpt lat="44.88705" lon="-107.74913">
      <ele>2127.530659288</ele>
    <time>2026-05-14T07:43:36Z</time></trkpt>
    <trkpt lat="44.88709" lon="-107.74898">
      <ele>2127.916666667</ele>
    <time>2026-05-14T07:43:41Z</time></trkpt>
    <trkpt lat="44.88709" lon="-107.74871">
      <ele>2123.888888889</ele>
    <time>2026-05-14T07:43:51Z</time></trkpt>
    <trkpt lat="44.88703" lon="-107.74849">
      <ele>2120.444444444</ele>
    <time>2026-05-14T07:43:59Z</time></trkpt>
    <trkpt lat="44.88702" lon="-107.74825">
      <ele>2118.222222201</ele>
    <time>2026-05-14T07:44:08Z</time></trkpt>
    <trkpt lat="44.8871" lon="-107.74802">
      <ele>2115.897435866</ele>
    <time>2026-05-14T07:44:17Z</time></trkpt>
    <trkpt lat="44.88714" lon="-107.74784">
      <ele>2113.888888889</ele>
    <time>2026-05-14T07:44:24Z</time></trkpt>
    <trkpt lat="44.88721" lon="-107.74772">
      <ele>2112.916666667</ele>
    <time>2026-05-14T07:44:29Z</time></trkpt>
    <trkpt lat="44.88716" lon="-107.74759">
      <ele>2112.083333333</ele>
    <time>2026-05-14T07:44:35Z</time></trkpt>
    <trkpt lat="44.88718" lon="-107.74741">
      <ele>2110.833333333</ele>
    <time>2026-05-14T07:44:41Z</time></trkpt>
    <trkpt lat="44.88719" lon="-107.74726">
      <ele>2110.416666667</ele>
    <time>2026-05-14T07:46:46Z</time></trkpt>
    <trkpt lat="44.88716" lon="-107.74712">
      <ele>2110.138888889</ele>
    <time>2026-05-14T07:46:52Z</time></trkpt>
    <trkpt lat="44.88715" lon="-107.74697">
      <ele>2110.0</ele>
    <time>2026-05-14T07:46:57Z</time></trkpt>
    <trkpt lat="44.88725" lon="-107.74686">
      <ele>2110.0</ele>
    <time>2026-05-14T07:47:03Z</time></trkpt>
    <trkpt lat="44.88731" lon="-107.74673">
      <ele>2110.0</ele>
    <time>2026-05-14T07:47:09Z</time></trkpt>
    <trkpt lat="44.88745" lon="-107.74654">
      <ele>2110.0</ele>
    <time>2026-05-14T07:47:19Z</time></trkpt>
    <trkpt lat="44.88746" lon="-107.74636">
      <ele>2110.0</ele>
    <time>2026-05-14T07:47:25Z</time></trkpt>
    <trkpt lat="44.88748" lon="-107.74612">
      <ele>2110.0</ele>
    <time>2026-05-14T07:47:34Z</time></trkpt>
    <trkpt lat="44.88754" lon="-107.74588">
      <ele>2110.129985757</ele>
    <time>2026-05-14T07:47:43Z</time></trkpt>
    <trkpt lat="44.88762" lon="-107.74573">
      <ele>2110.833333333</ele>
    <time>2026-05-14T07:47:50Z</time></trkpt>
    <trkpt lat="44.88776" lon="-107.74553">
      <ele>2112.997685198</ele>
    <time>2026-05-14T07:48:00Z</time></trkpt>
    <trkpt lat="44.88791" lon="-107.74538">
      <ele>2116.111111111</ele>
    <time>2026-05-14T07:48:09Z</time></trkpt>
    <trkpt lat="44.88797" lon="-107.74524">
      <ele>2117.083333333</ele>
    <time>2026-05-14T07:48:15Z</time></trkpt>
    <trkpt lat="44.88805" lon="-107.74515">
      <ele>2117.916666667</ele>
    <time>2026-05-14T07:48:20Z</time></trkpt>
    <trkpt lat="44.88812" lon="-107.74505">
      <ele>2118.611111111</ele>
    <time>2026-05-14T07:48:25Z</time></trkpt>
    <trkpt lat="44.88822" lon="-107.74488">
      <ele>2119.522058839</ele>
    <time>2026-05-14T07:48:33Z</time></trkpt>
    <trkpt lat="44.88833" lon="-107.74478">
      <ele>2119.986449866</ele>
    <time>2026-05-14T07:48:39Z</time></trkpt>
    <trkpt lat="44.88842" lon="-107.74466">
      <ele>2120.0</ele>
    <time>2026-05-14T07:48:46Z</time></trkpt>
    <trkpt lat="44.88851" lon="-107.74449">
      <ele>2120.0</ele>
    <time>2026-05-14T07:48:53Z</time></trkpt>
    <trkpt lat="44.8886" lon="-107.74429">
      <ele>2120.0</ele>
    <time>2026-05-14T07:49:02Z</time></trkpt>
    <trkpt lat="44.88871" lon="-107.74422">
      <ele>2120.0</ele>
    <time>2026-05-14T07:49:08Z</time></trkpt>
    <trkpt lat="44.88883" lon="-107.74409">
      <ele>2120.0</ele>
    <time>2026-05-14T07:49:15Z</time></trkpt>
    <trkpt lat="44.88894" lon="-107.74397">
      <ele>2120.0</ele>
    <time>2026-05-14T07:49:22Z</time></trkpt>
    <trkpt lat="44.88912" lon="-107.74387">
      <ele>2120.0</ele>
    <time>2026-05-14T07:49:32Z</time></trkpt>
    <trkpt lat="44.88928" lon="-107.74386">
      <ele>2120.0</ele>
    <time>2026-05-14T07:49:40Z</time></trkpt>
    <trkpt lat="44.88936" lon="-107.74377">
      <ele>2120.0</ele>
    <time>2026-05-14T07:49:45Z</time></trkpt>
    <trkpt lat="44.88931" lon="-107.74358">
      <ele>2120.0</ele>
    <time>2026-05-14T07:49:53Z</time></trkpt>
    <trkpt lat="44.88922" lon="-107.74339">
      <ele>2120.0</ele>
    <time>2026-05-14T07:50:01Z</time></trkpt>
    <trkpt lat="44.88917" lon="-107.74318">
      <ele>2120.0</ele>
    <time>2026-05-14T07:50:09Z</time></trkpt>
    <trkpt lat="44.88914" lon="-107.74293">
      <ele>2120.0</ele>
    <time>2026-05-14T07:50:18Z</time></trkpt>
    <trkpt lat="44.88913" lon="-107.74271">
      <ele>2120.0</ele>
    <time>2026-05-14T07:50:26Z</time></trkpt>
    <trkpt lat="44.88914" lon="-107.74252">
      <ele>2120.0</ele>
    <time>2026-05-14T07:50:32Z</time></trkpt>
    <trkpt lat="44.88914" lon="-107.74228">
      <ele>2120.0</ele>
    <time>2026-05-14T07:50:41Z</time></trkpt>
    <trkpt lat="44.88918" lon="-107.742">
      <ele>2120.0</ele>
    <time>2026-05-14T07:50:51Z</time></trkpt>
    <trkpt lat="44.8892" lon="-107.74179">
      <ele>2120.0</ele>
    <time>2026-05-14T07:50:59Z</time></trkpt>
    <trkpt lat="44.88923" lon="-107.74156">
      <ele>2120.0</ele>
    <time>2026-05-14T07:51:07Z</time></trkpt>
    <trkpt lat="44.88924" lon="-107.74138">
      <ele>2120.0</ele>
    <time>2026-05-14T07:51:14Z</time></trkpt>
    <trkpt lat="44.88929" lon="-107.74122">
      <ele>2120.0</ele>
    <time>2026-05-14T07:51:20Z</time></trkpt>
    <trkpt lat="44.88936" lon="-107.74098">
      <ele>2120.0</ele>
    <time>2026-05-14T07:51:29Z</time></trkpt>
    <trkpt lat="44.88942" lon="-107.74073">
      <ele>2119.583333333</ele>
    <time>2026-05-14T07:51:38Z</time></trkpt>
    <trkpt lat="44.88953" lon="-107.74053">
      <ele>2118.563218389</ele>
    <time>2026-05-14T07:51:47Z</time></trkpt>
    <trkpt lat="44.88968" lon="-107.74047">
      <ele>2117.152061851</ele>
    <time>2026-05-14T07:51:55Z</time></trkpt>
    <trkpt lat="44.88982" lon="-107.74042">
      <ele>2113.566561843</ele>
    <time>2026-05-14T07:52:03Z</time></trkpt>
    <trkpt lat="44.88999" lon="-107.74036">
      <ele>2112.083333333</ele>
    <time>2026-05-14T07:52:11Z</time></trkpt>
    <trkpt lat="44.8901" lon="-107.74031">
      <ele>2108.156130262</ele>
    <time>2026-05-14T07:52:17Z</time></trkpt>
    <trkpt lat="44.89028" lon="-107.74024">
      <ele>2103.376436773</ele>
    <time>2026-05-14T07:52:27Z</time></trkpt>
    <trkpt lat="44.89038" lon="-107.74007">
      <ele>2101.513364752</ele>
    <time>2026-05-14T07:52:35Z</time></trkpt>
    <trkpt lat="44.89049" lon="-107.73984">
      <ele>2100.17592592</ele>
    <time>2026-05-14T07:52:44Z</time></trkpt>
    <trkpt lat="44.89061" lon="-107.7396">
      <ele>2100.0</ele>
    <time>2026-05-14T07:52:55Z</time></trkpt>
    <trkpt lat="44.89071" lon="-107.73941">
      <ele>2100.0</ele>
    <time>2026-05-14T07:53:03Z</time></trkpt>
    <trkpt lat="44.89079" lon="-107.73914">
      <ele>2099.583333333</ele>
    <time>2026-05-14T07:53:14Z</time></trkpt>
    <trkpt lat="44.89088" lon="-107.73883">
      <ele>2097.916666667</ele>
    <time>2026-05-14T07:53:26Z</time></trkpt>
    <trkpt lat="44.89094" lon="-107.73865">
      <ele>2096.111111111</ele>
    <time>2026-05-14T07:53:33Z</time></trkpt>
    <trkpt lat="44.89105" lon="-107.73847">
      <ele>2092.166666641</ele>
    <time>2026-05-14T07:53:41Z</time></trkpt>
    <trkpt lat="44.89116" lon="-107.73827">
      <ele>2090.899539415</ele>
    <time>2026-05-14T07:53:50Z</time></trkpt>
    <trkpt lat="44.89134" lon="-107.73811">
      <ele>2090.046296291</ele>
    <time>2026-05-14T07:54:01Z</time></trkpt>
    <trkpt lat="44.89152" lon="-107.73801">
      <ele>2090.0</ele>
    <time>2026-05-14T07:54:11Z</time></trkpt>
    <trkpt lat="44.89166" lon="-107.73779">
      <ele>2088.841880314</ele>
    <time>2026-05-14T07:54:21Z</time></trkpt>
    <trkpt lat="44.8918" lon="-107.73763">
      <ele>2087.33739832</ele>
    <time>2026-05-14T07:54:31Z</time></trkpt>
    <trkpt lat="44.8919" lon="-107.73752">
      <ele>2085.243902358</ele>
    <time>2026-05-14T07:54:37Z</time></trkpt>
    <trkpt lat="44.892" lon="-107.73739">
      <ele>2082.522522478</ele>
    <time>2026-05-14T07:54:44Z</time></trkpt>
    <trkpt lat="44.89207" lon="-107.73728">
      <ele>2081.621731974</ele>
    <time>2026-05-14T07:54:49Z</time></trkpt>
    <trkpt lat="44.89224" lon="-107.7371">
      <ele>2080.307377037</ele>
    <time>2026-05-14T07:55:00Z</time></trkpt>
    <trkpt lat="44.89236" lon="-107.73691">
      <ele>2080.0</ele>
    <time>2026-05-14T07:55:09Z</time></trkpt>
    <trkpt lat="44.89249" lon="-107.73671">
      <ele>2080.0</ele>
    <time>2026-05-14T07:55:19Z</time></trkpt>
    <trkpt lat="44.89262" lon="-107.73653">
      <ele>2080.0</ele>
    <time>2026-05-14T07:55:28Z</time></trkpt>
    <trkpt lat="44.89276" lon="-107.73634">
      <ele>2080.0</ele>
    <time>2026-05-14T07:55:37Z</time></trkpt>
    <trkpt lat="44.8929" lon="-107.73624">
      <ele>2080.0</ele>
    <time>2026-05-14T07:55:45Z</time></trkpt>
    <trkpt lat="44.89307" lon="-107.73612">
      <ele>2080.0</ele>
    <time>2026-05-14T07:55:55Z</time></trkpt>
    <trkpt lat="44.89325" lon="-107.73592">
      <ele>2080.0</ele>
    <time>2026-05-14T07:56:07Z</time></trkpt>
    <trkpt lat="44.89321" lon="-107.73591">
      <ele>2080.0</ele>
    <time>2026-05-14T07:56:09Z</time></trkpt>
    <trkpt lat="44.89329" lon="-107.73584">
      <ele>2080.0</ele>
    <time>2026-05-14T07:56:13Z</time></trkpt>
    <trkpt lat="44.89336" lon="-107.73576">
      <ele>2080.0</ele>
    <time>2026-05-14T07:56:18Z</time></trkpt>
    <trkpt lat="44.89347" lon="-107.73561">
      <ele>2080.0</ele>
    <time>2026-05-14T07:56:26Z</time></trkpt>
    <trkpt lat="44.89359" lon="-107.73557">
      <ele>2080.0</ele>
    <time>2026-05-14T07:56:32Z</time></trkpt>
    <trkpt lat="44.8937" lon="-107.73545">
      <ele>2080.0</ele>
    <time>2026-05-14T07:56:39Z</time></trkpt>
    <trkpt lat="44.89377" lon="-107.73533">
      <ele>2080.0</ele>
    <time>2026-05-14T07:56:44Z</time></trkpt>
    <trkpt lat="44.89391" lon="-107.7352">
      <ele>2080.0</ele>
    <time>2026-05-14T07:56:53Z</time></trkpt>
    <trkpt lat="44.89403" lon="-107.73512">
      <ele>2080.0</ele>
    <time>2026-05-14T07:56:59Z</time></trkpt>
    <trkpt lat="44.89416" lon="-107.73502">
      <ele>2080.0</ele>
    <time>2026-05-14T07:57:07Z</time></trkpt>
    <trkpt lat="44.89428" lon="-107.73491">
      <ele>2080.0</ele>
    <time>2026-05-14T07:57:14Z</time></trkpt>
    <trkpt lat="44.89439" lon="-107.73487">
      <ele>2080.0</ele>
    <time>2026-05-14T07:57:20Z</time></trkpt>
    <trkpt lat="44.89448" lon="-107.73479">
      <ele>2080.0</ele>
    <time>2026-05-14T07:57:25Z</time></trkpt>
    <trkpt lat="44.8946" lon="-107.7347">
      <ele>2079.881535947</ele>
    <time>2026-05-14T07:57:32Z</time></trkpt>
    <trkpt lat="44.89472" lon="-107.73467">
      <ele>2079.605119825</ele>
    <time>2026-05-14T07:57:38Z</time></trkpt>
    <trkpt lat="44.89488" lon="-107.73461">
      <ele>2078.732876708</ele>
    <time>2026-05-14T07:57:47Z</time></trkpt>
    <trkpt lat="44.89506" lon="-107.73457">
      <ele>2077.259803919</ele>
    <time>2026-05-14T07:57:56Z</time></trkpt>
    <trkpt lat="44.89518" lon="-107.73448">
      <ele>2074.599999963</ele>
    <time>2026-05-14T07:58:03Z</time></trkpt>
    <trkpt lat="44.89528" lon="-107.73435">
      <ele>2072.327235746</ele>
    <time>2026-05-14T07:58:09Z</time></trkpt>
    <trkpt lat="44.89542" lon="-107.7342">
      <ele>2070.975909512</ele>
    <time>2026-05-14T07:58:18Z</time></trkpt>
    <trkpt lat="44.89558" lon="-107.73404">
      <ele>2070.200617271</ele>
    <time>2026-05-14T07:58:28Z</time></trkpt>
    <trkpt lat="44.89573" lon="-107.73393">
      <ele>2070.0</ele>
    <time>2026-05-14T07:58:37Z</time></trkpt>
    <trkpt lat="44.89589" lon="-107.73381">
      <ele>2070.0</ele>
    <time>2026-05-14T07:58:46Z</time></trkpt>
    <trkpt lat="44.89594" lon="-107.73365">
      <ele>2070.0</ele>
    <time>2026-05-14T07:58:52Z</time></trkpt>
    <trkpt lat="44.89603" lon="-107.73347">
      <ele>2070.0</ele>
    <time>2026-05-14T07:59:00Z</time></trkpt>
    <trkpt lat="44.89613" lon="-107.73325">
      <ele>2069.632800596</ele>
    <time>2026-05-14T07:59:09Z</time></trkpt>
    <trkpt lat="44.89622" lon="-107.73299">
      <ele>2068.677777757</ele>
    <time>2026-05-14T07:59:20Z</time></trkpt>
    <trkpt lat="44.89627" lon="-107.73289">
      <ele>2067.944444406</ele>
    <time>2026-05-14T07:59:24Z</time></trkpt>
    <trkpt lat="44.89632" lon="-107.73276">
      <ele>2066.827033173</ele>
    <time>2026-05-14T07:59:29Z</time></trkpt>
    <trkpt lat="44.89641" lon="-107.73267">
      <ele>2065.58641969</ele>
    <time>2026-05-14T07:59:35Z</time></trkpt>
    <trkpt lat="44.89643" lon="-107.73254">
      <ele>2062.805073815</ele>
    <time>2026-05-14T07:59:39Z</time></trkpt>
    <trkpt lat="44.89654" lon="-107.73237">
      <ele>2059.597378199</ele>
    <time>2026-05-14T07:59:48Z</time></trkpt>
    <trkpt lat="44.89658" lon="-107.73225">
      <ele>2057.749999939</ele>
    <time>2026-05-14T07:59:52Z</time></trkpt>
    <trkpt lat="44.89666" lon="-107.73213">
      <ele>2055.202991306</ele>
    <time>2026-05-14T07:59:58Z</time></trkpt>
    <trkpt lat="44.89679" lon="-107.73208">
      <ele>2053.031609188</ele>
    <time>2026-05-14T08:00:05Z</time></trkpt>
    <trkpt lat="44.8969" lon="-107.73197">
      <ele>2050.607638862</ele>
    <time>2026-05-14T08:00:12Z</time></trkpt>
    <trkpt lat="44.89696" lon="-107.73179">
      <ele>2048.330712759</ele>
    <time>2026-05-14T08:00:19Z</time></trkpt>
    <trkpt lat="44.89705" lon="-107.73159">
      <ele>2046.329022944</ele>
    <time>2026-05-14T08:00:27Z</time></trkpt>
    <trkpt lat="44.89712" lon="-107.73143">
      <ele>2043.124999956</ele>
    <time>2026-05-14T08:00:34Z</time></trkpt>
    <trkpt lat="44.89719" lon="-107.73122">
      <ele>2040.36697242</ele>
    <time>2026-05-14T08:00:42Z</time></trkpt>
    <trkpt lat="44.8973" lon="-107.73098">
      <ele>2037.804877964</ele>
    <time>2026-05-14T08:00:53Z</time></trkpt>
    <trkpt lat="44.89737" lon="-107.73087">
      <ele>2036.617646971</ele>
    <time>2026-05-14T08:00:58Z</time></trkpt>
    <trkpt lat="44.89749" lon="-107.73075">
      <ele>2033.333333301</ele>
    <time>2026-05-14T08:01:05Z</time></trkpt>
    <trkpt lat="44.89757" lon="-107.73061">
      <ele>2031.829059771</ele>
    <time>2026-05-14T08:01:12Z</time></trkpt>
    <trkpt lat="44.89769" lon="-107.73048">
      <ele>2029.936247673</ele>
    <time>2026-05-14T08:01:19Z</time></trkpt>
    <trkpt lat="44.89783" lon="-107.73029">
      <ele>2027.520325137</ele>
    <time>2026-05-14T08:01:29Z</time></trkpt>
    <trkpt lat="44.89792" lon="-107.73019">
      <ele>2026.399631612</ele>
    <time>2026-05-14T08:01:35Z</time></trkpt>
    <trkpt lat="44.89801" lon="-107.73006">
      <ele>2024.359999851</ele>
    <time>2026-05-14T08:01:41Z</time></trkpt>
    <trkpt lat="44.89812" lon="-107.72993">
      <ele>2022.530487773</ele>
    <time>2026-05-14T08:01:49Z</time></trkpt>
    <trkpt lat="44.89817" lon="-107.7298">
      <ele>2021.426116792</ele>
    <time>2026-05-14T08:01:54Z</time></trkpt>
    <trkpt lat="44.89826" lon="-107.72964">
      <ele>2020.032051244</ele>
    <time>2026-05-14T08:02:01Z</time></trkpt>
    <trkpt lat="44.8984" lon="-107.72954">
      <ele>2018.429487161</ele>
    <time>2026-05-14T08:02:09Z</time></trkpt>
    <trkpt lat="44.89856" lon="-107.72942">
      <ele>2016.538888852</ele>
    <time>2026-05-14T08:02:18Z</time></trkpt>
    <trkpt lat="44.89876" lon="-107.72929">
      <ele>2013.215811926</ele>
    <time>2026-05-14T08:02:29Z</time></trkpt>
    <trkpt lat="44.89891" lon="-107.72911">
      <ele>2011.609078545</ele>
    <time>2026-05-14T08:02:39Z</time></trkpt>
    <trkpt lat="44.89909" lon="-107.72904">
      <ele>2010.605670096</ele>
    <time>2026-05-14T08:02:49Z</time></trkpt>
    <trkpt lat="44.89923" lon="-107.72893">
      <ele>2010.074786321</ele>
    <time>2026-05-14T08:02:57Z</time></trkpt>
    <trkpt lat="44.89932" lon="-107.72881">
      <ele>2010.0</ele>
    <time>2026-05-14T08:03:03Z</time></trkpt>
    <trkpt lat="44.89941" lon="-107.72869">
      <ele>2009.890740732</ele>
    <time>2026-05-14T08:03:09Z</time></trkpt>
    <trkpt lat="44.89956" lon="-107.7285">
      <ele>2009.28217819</ele>
    <time>2026-05-14T08:03:19Z</time></trkpt>
    <trkpt lat="44.89971" lon="-107.72844">
      <ele>2008.407567042</ele>
    <time>2026-05-14T08:03:27Z</time></trkpt>
    <trkpt lat="44.89981" lon="-107.72833">
      <ele>2007.354826486</ele>
    <time>2026-05-14T08:03:34Z</time></trkpt>
    <trkpt lat="44.89996" lon="-107.72814">
      <ele>2004.724972322</ele>
    <time>2026-05-14T08:03:44Z</time></trkpt>
    <trkpt lat="44.90011" lon="-107.72799">
      <ele>2002.207472906</ele>
    <time>2026-05-14T08:03:53Z</time></trkpt>
    <trkpt lat="44.90017" lon="-107.72785">
      <ele>2000.795019085</ele>
    <time>2026-05-14T08:03:59Z</time></trkpt>
    <trkpt lat="44.90027" lon="-107.72773">
      <ele>2000.555555556</ele>
    <time>2026-05-14T08:04:05Z</time></trkpt>
    <trkpt lat="44.90042" lon="-107.72757">
      <ele>1996.678160845</ele>
    <time>2026-05-14T08:04:15Z</time></trkpt>
    <trkpt lat="44.9006" lon="-107.72749">
      <ele>1993.53808704</ele>
    <time>2026-05-14T08:04:24Z</time></trkpt>
    <trkpt lat="44.90074" lon="-107.72739">
      <ele>1991.976495718</ele>
    <time>2026-05-14T08:04:32Z</time></trkpt>
    <trkpt lat="44.90085" lon="-107.72728">
      <ele>1991.388888889</ele>
    <time>2026-05-14T08:04:39Z</time></trkpt>
    <trkpt lat="44.90095" lon="-107.72715">
      <ele>1990.416666667</ele>
    <time>2026-05-14T08:04:46Z</time></trkpt>
    <trkpt lat="44.90107" lon="-107.72701">
      <ele>1990.0</ele>
    <time>2026-05-14T08:04:54Z</time></trkpt>
    <trkpt lat="44.90122" lon="-107.72682">
      <ele>1990.0</ele>
    <time>2026-05-14T08:05:04Z</time></trkpt>
    <trkpt lat="44.90139" lon="-107.72664">
      <ele>1990.0</ele>
    <time>2026-05-14T08:05:15Z</time></trkpt>
    <trkpt lat="44.90152" lon="-107.7265">
      <ele>1990.0</ele>
    <time>2026-05-14T08:05:23Z</time></trkpt>
    <trkpt lat="44.90169" lon="-107.72638">
      <ele>1989.939102558</ele>
    <time>2026-05-14T08:05:33Z</time></trkpt>
    <trkpt lat="44.90178" lon="-107.72631">
      <ele>1989.739316227</ele>
    <time>2026-05-14T08:05:38Z</time></trkpt>
    <trkpt lat="44.90192" lon="-107.72616">
      <ele>1988.928571401</ele>
    <time>2026-05-14T08:05:47Z</time></trkpt>
    <trkpt lat="44.90204" lon="-107.72602">
      <ele>1987.670764996</ele>
    <time>2026-05-14T08:05:54Z</time></trkpt>
    <trkpt lat="44.90212" lon="-107.72595">
      <ele>1986.63593899</ele>
    <time>2026-05-14T08:05:59Z</time></trkpt>
    <trkpt lat="44.90228" lon="-107.72573">
      <ele>1983.888888889</ele>
    <time>2026-05-14T08:06:10Z</time></trkpt>
    <trkpt lat="44.90238" lon="-107.72563">
      <ele>1981.583333275</ele>
    <time>2026-05-14T08:06:17Z</time></trkpt>
    <trkpt lat="44.90248" lon="-107.7255">
      <ele>1981.25</ele>
    <time>2026-05-14T08:06:23Z</time></trkpt>
    <trkpt lat="44.90261" lon="-107.72535">
      <ele>1978.441176426</ele>
    <time>2026-05-14T08:06:32Z</time></trkpt>
    <trkpt lat="44.90271" lon="-107.72527">
      <ele>1977.222222163</ele>
    <time>2026-05-14T08:06:38Z</time></trkpt>
    <trkpt lat="44.90278" lon="-107.72516">
      <ele>1975.923202498</ele>
    <time>2026-05-14T08:06:43Z</time></trkpt>
    <trkpt lat="44.90297" lon="-107.72492">
      <ele>1970.299999911</ele>
    <time>2026-05-14T08:06:56Z</time></trkpt>
    <trkpt lat="44.90307" lon="-107.7248">
      <ele>1968.31511826</ele>
    <time>2026-05-14T08:07:02Z</time></trkpt>
    <trkpt lat="44.90319" lon="-107.7247">
      <ele>1965.188888829</ele>
    <time>2026-05-14T08:07:09Z</time></trkpt>
    <trkpt lat="44.90328" lon="-107.72462">
      <ele>1962.950191515</ele>
    <time>2026-05-14T08:07:15Z</time></trkpt>
    <trkpt lat="44.90338" lon="-107.72453">
      <ele>1961.876918304</ele>
    <time>2026-05-14T08:07:21Z</time></trkpt>
    <trkpt lat="44.90357" lon="-107.72443">
      <ele>1960.684713364</ele>
    <time>2026-05-14T08:07:31Z</time></trkpt>
    <trkpt lat="44.9036" lon="-107.72444">
      <ele>1960.416666667</ele>
    <time>2026-05-14T08:07:33Z</time></trkpt>
    <trkpt lat="44.90376" lon="-107.72432">
      <ele>1958.611111111</ele>
    <time>2026-05-14T08:07:42Z</time></trkpt>
    <trkpt lat="44.90385" lon="-107.72418">
      <ele>1957.292934328</ele>
    <time>2026-05-14T08:07:48Z</time></trkpt>
    <trkpt lat="44.90398" lon="-107.72402">
      <ele>1956.111111111</ele>
    <time>2026-05-14T08:07:57Z</time></trkpt>
    <trkpt lat="44.90412" lon="-107.72398">
      <ele>1951.435574229</ele>
    <time>2026-05-14T08:08:04Z</time></trkpt>
    <trkpt lat="44.90419" lon="-107.72389">
      <ele>1950.833333333</ele>
    <time>2026-05-14T08:08:09Z</time></trkpt>
    <trkpt lat="44.90431" lon="-107.72376">
      <ele>1950.0</ele>
    <time>2026-05-14T08:08:17Z</time></trkpt>
    <trkpt lat="44.90447" lon="-107.72362">
      <ele>1950.0</ele>
    <time>2026-05-14T08:08:26Z</time></trkpt>
    <trkpt lat="44.90468" lon="-107.72344">
      <ele>1950.0</ele>
    <time>2026-05-14T08:08:39Z</time></trkpt>
    <trkpt lat="44.90483" lon="-107.72328">
      <ele>1950.0</ele>
    <time>2026-05-14T08:08:48Z</time></trkpt>
    <trkpt lat="44.90496" lon="-107.72319">
      <ele>1950.0</ele>
    <time>2026-05-14T08:08:55Z</time></trkpt>
    <trkpt lat="44.90506" lon="-107.72317">
      <ele>1950.0</ele>
    <time>2026-05-14T08:09:00Z</time></trkpt>
    <trkpt lat="44.90519" lon="-107.72318">
      <ele>1950.0</ele>
    <time>2026-05-14T08:09:07Z</time></trkpt>
    <trkpt lat="44.90529" lon="-107.72324">
      <ele>1949.957264954</ele>
    <time>2026-05-14T08:09:12Z</time></trkpt>
    <trkpt lat="44.90542" lon="-107.72325">
      <ele>1949.410569105</ele>
    <time>2026-05-14T08:09:19Z</time></trkpt>
    <trkpt lat="44.9055" lon="-107.72317">
      <ele>1949.166666667</ele>
    <time>2026-05-14T08:09:24Z</time></trkpt>
    <trkpt lat="44.90558" lon="-107.72297">
      <ele>1946.111111111</ele>
    <time>2026-05-14T08:09:32Z</time></trkpt>
    <trkpt lat="44.90564" lon="-107.72281">
      <ele>1942.916666667</ele>
    <time>2026-05-14T08:09:39Z</time></trkpt>
    <trkpt lat="44.90572" lon="-107.72266">
      <ele>1941.388888889</ele>
    <time>2026-05-14T08:09:45Z</time></trkpt>
    <trkpt lat="44.90579" lon="-107.72251">
      <ele>1940.0</ele>
    <time>2026-05-14T08:09:52Z</time></trkpt>
    <trkpt lat="44.90587" lon="-107.72233">
      <ele>1937.916666667</ele>
    <time>2026-05-14T08:09:59Z</time></trkpt>
    <trkpt lat="44.90597" lon="-107.72222">
      <ele>1934.437908409</ele>
    <time>2026-05-14T08:10:06Z</time></trkpt>
    <trkpt lat="44.90604" lon="-107.72206">
      <ele>1932.157534226</ele>
    <time>2026-05-14T08:10:12Z</time></trkpt>
    <trkpt lat="44.90614" lon="-107.72195">
      <ele>1931.016339843</ele>
    <time>2026-05-14T08:10:19Z</time></trkpt>
    <trkpt lat="44.90623" lon="-107.72181">
      <ele>1930.195868933</ele>
    <time>2026-05-14T08:10:26Z</time></trkpt>
    <trkpt lat="44.90635" lon="-107.72175">
      <ele>1930.0</ele>
    <time>2026-05-14T08:10:32Z</time></trkpt>
    <trkpt lat="44.90646" lon="-107.72173">
      <ele>1930.0</ele>
    <time>2026-05-14T08:10:38Z</time></trkpt>
    <trkpt lat="44.90657" lon="-107.72168">
      <ele>1930.0</ele>
    <time>2026-05-14T08:10:43Z</time></trkpt>
    <trkpt lat="44.9067" lon="-107.72161">
      <ele>1930.0</ele>
    <time>2026-05-14T08:10:50Z</time></trkpt>
    <trkpt lat="44.90683" lon="-107.7216">
      <ele>1930.0</ele>
    <time>2026-05-14T08:10:57Z</time></trkpt>
    <trkpt lat="44.90691" lon="-107.72151">
      <ele>1930.0</ele>
    <time>2026-05-14T08:11:02Z</time></trkpt>
    <trkpt lat="44.90704" lon="-107.72144">
      <ele>1930.0</ele>
    <time>2026-05-14T08:11:09Z</time></trkpt>
    <trkpt lat="44.9072" lon="-107.72136">
      <ele>1930.0</ele>
    <time>2026-05-14T08:11:18Z</time></trkpt>
    <trkpt lat="44.90735" lon="-107.72131">
      <ele>1929.479166665</ele>
    <time>2026-05-14T08:11:25Z</time></trkpt>
    <trkpt lat="44.90749" lon="-107.72125">
      <ele>1927.658045971</ele>
    <time>2026-05-14T08:11:33Z</time></trkpt>
    <trkpt lat="44.90755" lon="-107.72113">
      <ele>1924.348658934</ele>
    <time>2026-05-14T08:11:38Z</time></trkpt>
    <trkpt lat="44.90764" lon="-107.72103">
      <ele>1922.356557343</ele>
    <time>2026-05-14T08:11:44Z</time></trkpt>
    <trkpt lat="44.90765" lon="-107.72084">
      <ele>1920.848659003</ele>
    <time>2026-05-14T08:11:51Z</time></trkpt>
    <trkpt lat="44.90766" lon="-107.72069">
      <ele>1920.416666667</ele>
    <time>2026-05-14T08:11:56Z</time></trkpt>
    <trkpt lat="44.90774" lon="-107.72057">
      <ele>1920.0</ele>
    <time>2026-05-14T08:12:02Z</time></trkpt>
    <trkpt lat="44.90772" lon="-107.72042">
      <ele>1919.861111111</ele>
    <time>2026-05-14T08:12:07Z</time></trkpt>
    <trkpt lat="44.90776" lon="-107.72023">
      <ele>1917.944444442</ele>
    <time>2026-05-14T08:12:14Z</time></trkpt>
    <trkpt lat="44.90786" lon="-107.72019">
      <ele>1916.548611105</ele>
    <time>2026-05-14T08:12:20Z</time></trkpt>
    <trkpt lat="44.908" lon="-107.71996">
      <ele>1911.505930064</ele>
    <time>2026-05-14T08:12:30Z</time></trkpt>
    <trkpt lat="44.90812" lon="-107.71979">
      <ele>1910.197712408</ele>
    <time>2026-05-14T08:12:39Z</time></trkpt>
    <trkpt lat="44.90828" lon="-107.71965">
      <ele>1909.427083322</ele>
    <time>2026-05-14T08:12:48Z</time></trkpt>
    <trkpt lat="44.90838" lon="-107.71959">
      <ele>1908.240740731</ele>
    <time>2026-05-14T08:12:54Z</time></trkpt>
    <trkpt lat="44.90848" lon="-107.71957">
      <ele>1906.709401707</ele>
    <time>2026-05-14T08:12:59Z</time></trkpt>
    <trkpt lat="44.90856" lon="-107.71947">
      <ele>1903.331056423</ele>
    <time>2026-05-14T08:13:04Z</time></trkpt>
    <trkpt lat="44.90864" lon="-107.71954">
      <ele>1902.267699087</ele>
    <time>2026-05-14T08:13:09Z</time></trkpt>
    <trkpt lat="44.90876" lon="-107.71955">
      <ele>1901.133333332</ele>
    <time>2026-05-14T08:13:15Z</time></trkpt>
    <trkpt lat="44.90885" lon="-107.71962">
      <ele>1900.247289966</ele>
    <time>2026-05-14T08:13:20Z</time></trkpt>
    <trkpt lat="44.90895" lon="-107.71953">
      <ele>1900.0</ele>
    <time>2026-05-14T08:13:26Z</time></trkpt>
    <trkpt lat="44.90908" lon="-107.71941">
      <ele>1900.583333348</ele>
    <time>2026-05-14T08:13:34Z</time></trkpt>
    <trkpt lat="44.90924" lon="-107.71926">
      <ele>1903.038194457</ele>
    <time>2026-05-14T08:13:44Z</time></trkpt>
    <trkpt lat="44.90936" lon="-107.71912">
      <ele>1907.333333359</ele>
    <time>2026-05-14T08:13:52Z</time></trkpt>
    <trkpt lat="44.9095" lon="-107.71896">
      <ele>1909.401960806</ele>
    <time>2026-05-14T08:14:01Z</time></trkpt>
    <trkpt lat="44.9096" lon="-107.71888">
      <ele>1909.932249326</ele>
    <time>2026-05-14T08:14:07Z</time></trkpt>
    <trkpt lat="44.90971" lon="-107.71874">
      <ele>1910.0</ele>
    <time>2026-05-14T08:14:14Z</time></trkpt>
    <trkpt lat="44.90983" lon="-107.7186">
      <ele>1910.0</ele>
    <time>2026-05-14T08:14:22Z</time></trkpt>
    <trkpt lat="44.90993" lon="-107.71846">
      <ele>1910.0</ele>
    <time>2026-05-14T08:14:29Z</time></trkpt>
    <trkpt lat="44.91001" lon="-107.7183">
      <ele>1910.0</ele>
    <time>2026-05-14T08:14:36Z</time></trkpt>
    <trkpt lat="44.91005" lon="-107.71818">
      <ele>1910.0</ele>
    <time>2026-05-14T08:14:41Z</time></trkpt>
    <trkpt lat="44.91012" lon="-107.71798">
      <ele>1910.0</ele>
    <time>2026-05-14T08:14:49Z</time></trkpt>
    <trkpt lat="44.91017" lon="-107.71787">
      <ele>1910.0</ele>
    <time>2026-05-14T08:14:53Z</time></trkpt>
    <trkpt lat="44.91025" lon="-107.71768">
      <ele>1910.0</ele>
    <time>2026-05-14T08:15:01Z</time></trkpt>
    <trkpt lat="44.91028" lon="-107.71753">
      <ele>1910.0</ele>
    <time>2026-05-14T08:15:07Z</time></trkpt>
    <trkpt lat="44.91035" lon="-107.71733">
      <ele>1910.0</ele>
    <time>2026-05-14T08:15:15Z</time></trkpt>
    <trkpt lat="44.91051" lon="-107.71714">
      <ele>1910.0</ele>
    <time>2026-05-14T08:15:25Z</time></trkpt>
    <trkpt lat="44.91064" lon="-107.71701">
      <ele>1909.666666658</ele>
    <time>2026-05-14T08:15:33Z</time></trkpt>
    <trkpt lat="44.91078" lon="-107.7169">
      <ele>1908.018292674</ele>
    <time>2026-05-14T08:15:41Z</time></trkpt>
    <trkpt lat="44.9109" lon="-107.71683">
      <ele>1905.884615381</ele>
    <time>2026-05-14T08:15:48Z</time></trkpt>
    <trkpt lat="44.91097" lon="-107.71668">
      <ele>1902.449999976</ele>
    <time>2026-05-14T08:15:54Z</time></trkpt>
    <trkpt lat="44.91104" lon="-107.71652">
      <ele>1900.272222188</ele>
    <time>2026-05-14T08:16:01Z</time></trkpt>
    <trkpt lat="44.91112" lon="-107.71645">
      <ele>1897.916666602</ele>
    <time>2026-05-14T08:16:06Z</time></trkpt>
    <trkpt lat="44.91133" lon="-107.71639">
      <ele>1895.047169801</ele>
    <time>2026-05-14T08:16:17Z</time></trkpt>
    <trkpt lat="44.91153" lon="-107.71633">
      <ele>1893.333333333</ele>
    <time>2026-05-14T08:16:27Z</time></trkpt>
    <trkpt lat="44.91162" lon="-107.71631">
      <ele>1894.102564105</ele>
    <time>2026-05-14T08:16:31Z</time></trkpt>
    <trkpt lat="44.91176" lon="-107.71612">
      <ele>1892.5</ele>
    <time>2026-05-14T08:16:41Z</time></trkpt>
    <trkpt lat="44.91185" lon="-107.71599">
      <ele>1890.666666627</ele>
    <time>2026-05-14T08:16:48Z</time></trkpt>
    <trkpt lat="44.91197" lon="-107.71591">
      <ele>1889.199438179</ele>
    <time>2026-05-14T08:16:54Z</time></trkpt>
    <trkpt lat="44.91208" lon="-107.71579">
      <ele>1887.3930678</ele>
    <time>2026-05-14T08:17:01Z</time></trkpt>
    <trkpt lat="44.91217" lon="-107.71567">
      <ele>1884.429429341</ele>
    <time>2026-05-14T08:17:08Z</time></trkpt>
    <trkpt lat="44.9123" lon="-107.71541">
      <ele>1880.877777766</ele>
    <time>2026-05-14T08:17:19Z</time></trkpt>
    <trkpt lat="44.91237" lon="-107.71528">
      <ele>1880.166666661</ele>
    <time>2026-05-14T08:17:25Z</time></trkpt>
    <trkpt lat="44.91249" lon="-107.71499">
      <ele>1878.722222207</ele>
    <time>2026-05-14T08:17:37Z</time></trkpt>
    <trkpt lat="44.91259" lon="-107.71476">
      <ele>1874.222222182</ele>
    <time>2026-05-14T08:17:46Z</time></trkpt>
    <trkpt lat="44.91265" lon="-107.71452">
      <ele>1871.048474929</ele>
    <time>2026-05-14T08:17:56Z</time></trkpt>
    <trkpt lat="44.91266" lon="-107.71428">
      <ele>1868.175091066</ele>
    <time>2026-05-14T08:18:04Z</time></trkpt>
    <trkpt lat="44.91273" lon="-107.71413">
      <ele>1866.27147763</ele>
    <time>2026-05-14T08:18:11Z</time></trkpt>
    <trkpt lat="44.91281" lon="-107.71395">
      <ele>1862.313218359</ele>
    <time>2026-05-14T08:18:18Z</time></trkpt>
    <trkpt lat="44.9129" lon="-107.71384">
      <ele>1860.969945336</ele>
    <time>2026-05-14T08:18:24Z</time></trkpt>
    <trkpt lat="44.91301" lon="-107.71364">
      <ele>1859.1981132</ele>
    <time>2026-05-14T08:18:33Z</time></trkpt>
    <trkpt lat="44.91311" lon="-107.71344">
      <ele>1858.010781668</ele>
    <time>2026-05-14T08:18:42Z</time></trkpt>
    <trkpt lat="44.91318" lon="-107.71333">
      <ele>1854.128205087</ele>
    <time>2026-05-14T08:18:47Z</time></trkpt>
    <trkpt lat="44.91325" lon="-107.71318">
      <ele>1850.0</ele>
    <time>2026-05-14T08:18:54Z</time></trkpt>
    <trkpt lat="44.91323" lon="-107.71319">
      <ele>1852.083333333</ele>
    <time>2026-05-14T08:18:55Z</time></trkpt>
    <trkpt lat="44.91332" lon="-107.71305">
      <ele>1850.0</ele>
    <time>2026-05-14T08:19:01Z</time></trkpt>
    <trkpt lat="44.91345" lon="-107.71296">
      <ele>1849.805555548</ele>
    <time>2026-05-14T08:19:09Z</time></trkpt>
    <trkpt lat="44.91354" lon="-107.71277">
      <ele>1849.166666667</ele>
    <time>2026-05-14T08:19:17Z</time></trkpt>
    <trkpt lat="44.91361" lon="-107.71264">
      <ele>1846.937499982</ele>
    <time>2026-05-14T08:19:23Z</time></trkpt>
    <trkpt lat="44.91368" lon="-107.71246">
      <ele>1842.720588212</ele>
    <time>2026-05-14T08:19:30Z</time></trkpt>
    <trkpt lat="44.91378" lon="-107.71228">
      <ele>1840.677083322</ele>
    <time>2026-05-14T08:19:38Z</time></trkpt>
    <trkpt lat="44.91389" lon="-107.71215">
      <ele>1840.0</ele>
    <time>2026-05-14T08:19:45Z</time></trkpt>
    <trkpt lat="44.914" lon="-107.71209">
      <ele>1840.0</ele>
    <time>2026-05-14T08:19:51Z</time></trkpt>
    <trkpt lat="44.91412" lon="-107.71204">
      <ele>1840.0</ele>
    <time>2026-05-14T08:19:58Z</time></trkpt>
    <trkpt lat="44.91418" lon="-107.71192">
      <ele>1840.0</ele>
    <time>2026-05-14T08:20:03Z</time></trkpt>
    <trkpt lat="44.91428" lon="-107.71179">
      <ele>1840.0</ele>
    <time>2026-05-14T08:20:10Z</time></trkpt>
    <trkpt lat="44.91431" lon="-107.71153">
      <ele>1840.0</ele>
    <time>2026-05-14T08:20:19Z</time></trkpt>
    <trkpt lat="44.91433" lon="-107.7114">
      <ele>1840.0</ele>
    <time>2026-05-14T08:20:24Z</time></trkpt>
    <trkpt lat="44.91441" lon="-107.71118">
      <ele>1839.166666667</ele>
    <time>2026-05-14T08:20:33Z</time></trkpt>
    <trkpt lat="44.91451" lon="-107.71096">
      <ele>1837.083333333</ele>
    <time>2026-05-14T08:20:42Z</time></trkpt>
    <trkpt lat="44.9146" lon="-107.71073">
      <ele>1832.916666667</ele>
    <time>2026-05-14T08:20:51Z</time></trkpt>
    <trkpt lat="44.91467" lon="-107.71051">
      <ele>1830.833333333</ele>
    <time>2026-05-14T08:21:00Z</time></trkpt>
    <trkpt lat="44.91478" lon="-107.71032">
      <ele>1829.749999988</ele>
    <time>2026-05-14T08:21:09Z</time></trkpt>
    <trkpt lat="44.91489" lon="-107.7101">
      <ele>1828.611111111</ele>
    <time>2026-05-14T08:21:18Z</time></trkpt>
    <trkpt lat="44.91496" lon="-107.70987">
      <ele>1826.111111111</ele>
    <time>2026-05-14T08:21:27Z</time></trkpt>
    <trkpt lat="44.91505" lon="-107.70967">
      <ele>1822.083333333</ele>
    <time>2026-05-14T08:21:36Z</time></trkpt>
    <trkpt lat="44.91512" lon="-107.70951">
      <ele>1820.833333333</ele>
    <time>2026-05-14T08:21:42Z</time></trkpt>
    <trkpt lat="44.91522" lon="-107.70933">
      <ele>1819.583333333</ele>
    <time>2026-05-14T08:21:51Z</time></trkpt>
    <trkpt lat="44.91533" lon="-107.7091">
      <ele>1817.083333333</ele>
    <time>2026-05-14T08:22:01Z</time></trkpt>
    <trkpt lat="44.91544" lon="-107.7089">
      <ele>1812.106918233</ele>
    <time>2026-05-14T08:22:10Z</time></trkpt>
    <trkpt lat="44.91552" lon="-107.70863">
      <ele>1810.416666667</ele>
    <time>2026-05-14T08:22:20Z</time></trkpt>
    <trkpt lat="44.91563" lon="-107.70839">
      <ele>1810.0</ele>
    <time>2026-05-14T08:22:30Z</time></trkpt>
    <trkpt lat="44.91577" lon="-107.70819">
      <ele>1810.0</ele>
    <time>2026-05-14T08:22:40Z</time></trkpt>
    <trkpt lat="44.91585" lon="-107.70795">
      <ele>1810.0</ele>
    <time>2026-05-14T08:22:50Z</time></trkpt>
    <trkpt lat="44.91591" lon="-107.70774">
      <ele>1810.0</ele>
    <time>2026-05-14T08:22:58Z</time></trkpt>
    <trkpt lat="44.916" lon="-107.70753">
      <ele>1809.583333333</ele>
    <time>2026-05-14T08:23:07Z</time></trkpt>
    <trkpt lat="44.9161" lon="-107.70734">
      <ele>1807.916666667</ele>
    <time>2026-05-14T08:23:15Z</time></trkpt>
    <trkpt lat="44.91618" lon="-107.70718">
      <ele>1806.111111111</ele>
    <time>2026-05-14T08:23:22Z</time></trkpt>
    <trkpt lat="44.91629" lon="-107.70702">
      <ele>1802.083333333</ele>
    <time>2026-05-14T08:23:30Z</time></trkpt>
    <trkpt lat="44.91638" lon="-107.70688">
      <ele>1800.833333333</ele>
    <time>2026-05-14T08:23:37Z</time></trkpt>
    <trkpt lat="44.91656" lon="-107.70659">
      <ele>1799.166666667</ele>
    <time>2026-05-14T08:23:50Z</time></trkpt>
    <trkpt lat="44.9167" lon="-107.70642">
      <ele>1797.083333333</ele>
    <time>2026-05-14T08:24:00Z</time></trkpt>
    <trkpt lat="44.91676" lon="-107.70632">
      <ele>1796.111111111</ele>
    <time>2026-05-14T08:24:04Z</time></trkpt>
    <trkpt lat="44.91685" lon="-107.70617">
      <ele>1792.916666667</ele>
    <time>2026-05-14T08:24:11Z</time></trkpt>
    <trkpt lat="44.91694" lon="-107.70602">
      <ele>1791.388888889</ele>
    <time>2026-05-14T08:24:18Z</time></trkpt>
    <trkpt lat="44.91705" lon="-107.70579">
      <ele>1789.861111111</ele>
    <time>2026-05-14T08:24:28Z</time></trkpt>
    <trkpt lat="44.91711" lon="-107.70569">
      <ele>1789.166666667</ele>
    <time>2026-05-14T08:24:33Z</time></trkpt>
    <trkpt lat="44.91719" lon="-107.70561">
      <ele>1787.187499989</ele>
    <time>2026-05-14T08:24:38Z</time></trkpt>
    <trkpt lat="44.91733" lon="-107.70546">
      <ele>1782.939542479</ele>
    <time>2026-05-14T08:24:47Z</time></trkpt>
    <trkpt lat="44.91739" lon="-107.70535">
      <ele>1782.083333333</ele>
    <time>2026-05-14T08:24:52Z</time></trkpt>
    <trkpt lat="44.91747" lon="-107.70524">
      <ele>1780.457650266</ele>
    <time>2026-05-14T08:24:57Z</time></trkpt>
    <trkpt lat="44.91756" lon="-107.70508">
      <ele>1780.0</ele>
    <time>2026-05-14T08:25:05Z</time></trkpt>
    <trkpt lat="44.91764" lon="-107.70491">
      <ele>1780.0</ele>
    <time>2026-05-14T08:25:12Z</time></trkpt>
    <trkpt lat="44.91775" lon="-107.70467">
      <ele>1780.0</ele>
    <time>2026-05-14T08:25:22Z</time></trkpt>
    <trkpt lat="44.91791" lon="-107.70445">
      <ele>1780.0</ele>
    <time>2026-05-14T08:25:33Z</time></trkpt>
    <trkpt lat="44.91809" lon="-107.70426">
      <ele>1780.0</ele>
    <time>2026-05-14T08:25:45Z</time></trkpt>
    <trkpt lat="44.91822" lon="-107.7041">
      <ele>1780.0</ele>
    <time>2026-05-14T08:25:53Z</time></trkpt>
    <trkpt lat="44.91833" lon="-107.70397">
      <ele>1780.0</ele>
    <time>2026-05-14T08:26:01Z</time></trkpt>
    <trkpt lat="44.9185" lon="-107.70383">
      <ele>1779.166666667</ele>
    <time>2026-05-14T08:26:11Z</time></trkpt>
    <trkpt lat="44.91869" lon="-107.70372">
      <ele>1773.888888889</ele>
    <time>2026-05-14T08:26:21Z</time></trkpt>
    <trkpt lat="44.91889" lon="-107.70374">
      <ele>1771.388888889</ele>
    <time>2026-05-14T08:26:31Z</time></trkpt>
    <trkpt lat="44.91902" lon="-107.7037">
      <ele>1770.037393162</ele>
    <time>2026-05-14T08:26:38Z</time></trkpt>
    <trkpt lat="44.91915" lon="-107.70362">
      <ele>1770.0</ele>
    <time>2026-05-14T08:26:45Z</time></trkpt>
    <trkpt lat="44.91925" lon="-107.70345">
      <ele>1770.0</ele>
    <time>2026-05-14T08:26:53Z</time></trkpt>
    <trkpt lat="44.91925" lon="-107.70331">
      <ele>1770.0</ele>
    <time>2026-05-14T08:26:58Z</time></trkpt>
    <trkpt lat="44.91934" lon="-107.70323">
      <ele>1770.0</ele>
    <time>2026-05-14T08:27:03Z</time></trkpt>
    <trkpt lat="44.9195" lon="-107.70308">
      <ele>1768.611111111</ele>
    <time>2026-05-14T08:27:13Z</time></trkpt>
    <trkpt lat="44.91964" lon="-107.70294">
      <ele>1766.111111111</ele>
    <time>2026-05-14T08:27:21Z</time></trkpt>
    <trkpt lat="44.91979" lon="-107.70286">
      <ele>1761.436781608</ele>
    <time>2026-05-14T08:27:30Z</time></trkpt>
    <trkpt lat="44.91996" lon="-107.7028">
      <ele>1760.416666667</ele>
    <time>2026-05-14T08:27:38Z</time></trkpt>
    <trkpt lat="44.92008" lon="-107.70279">
      <ele>1760.0</ele>
    <time>2026-05-14T08:27:44Z</time></trkpt>
    <trkpt lat="44.92024" lon="-107.70271">
      <ele>1760.0</ele>
    <time>2026-05-14T08:27:53Z</time></trkpt>
    <trkpt lat="44.92034" lon="-107.70264">
      <ele>1760.0</ele>
    <time>2026-05-14T08:27:59Z</time></trkpt>
    <trkpt lat="44.92047" lon="-107.70252">
      <ele>1760.0</ele>
    <time>2026-05-14T08:28:06Z</time></trkpt>
    <trkpt lat="44.92062" lon="-107.70236">
      <ele>1760.0</ele>
    <time>2026-05-14T08:28:16Z</time></trkpt>
    <trkpt lat="44.92074" lon="-107.70224">
      <ele>1760.0</ele>
    <time>2026-05-14T08:28:23Z</time></trkpt>
    <trkpt lat="44.92089" lon="-107.70212">
      <ele>1759.583333333</ele>
    <time>2026-05-14T08:28:32Z</time></trkpt>
    <trkpt lat="44.92098" lon="-107.70205">
      <ele>1759.166666667</ele>
    <time>2026-05-14T08:28:37Z</time></trkpt>
    <trkpt lat="44.92109" lon="-107.7019">
      <ele>1756.111111111</ele>
    <time>2026-05-14T08:28:45Z</time></trkpt>
    <trkpt lat="44.92125" lon="-107.70176">
      <ele>1752.361111111</ele>
    <time>2026-05-14T08:28:54Z</time></trkpt>
    <trkpt lat="44.92139" lon="-107.70175">
      <ele>1751.055555556</ele>
    <time>2026-05-14T08:29:01Z</time></trkpt>
    <trkpt lat="44.92148" lon="-107.70168">
      <ele>1751.222222222</ele>
    <time>2026-05-14T08:29:07Z</time></trkpt>
    <trkpt lat="44.92167" lon="-107.70158">
      <ele>1750.694444444</ele>
    <time>2026-05-14T08:29:17Z</time></trkpt>
    <trkpt lat="44.92186" lon="-107.70144">
      <ele>1750.138888889</ele>
    <time>2026-05-14T08:29:28Z</time></trkpt>
    <trkpt lat="44.92197" lon="-107.70138">
      <ele>1750.0</ele>
    <time>2026-05-14T08:29:34Z</time></trkpt>
    <trkpt lat="44.92208" lon="-107.70131">
      <ele>1750.0</ele>
    <time>2026-05-14T08:29:40Z</time></trkpt>
    <trkpt lat="44.92234" lon="-107.70116">
      <ele>1750.0</ele>
    <time>2026-05-14T08:29:54Z</time></trkpt>
    <trkpt lat="44.92244" lon="-107.70106">
      <ele>1750.0</ele>
    <time>2026-05-14T08:30:00Z</time></trkpt>
    <trkpt lat="44.92261" lon="-107.70089">
      <ele>1742.916666667</ele>
    <time>2026-05-14T08:30:10Z</time></trkpt>
    <trkpt lat="44.92274" lon="-107.70078">
      <ele>1742.916666667</ele>
    <time>2026-05-14T08:30:18Z</time></trkpt>
    <trkpt lat="44.92275" lon="-107.70082">
      <ele>1742.916666667</ele>
    <time>2026-05-14T08:30:20Z</time></trkpt>
    <trkpt lat="44.92294" lon="-107.70069">
      <ele>1739.861111111</ele>
    <time>2026-05-14T08:30:30Z</time></trkpt>
    <trkpt lat="44.92304" lon="-107.70066">
      <ele>1739.394157072</ele>
    <time>2026-05-14T08:30:35Z</time></trkpt>
    <trkpt lat="44.92315" lon="-107.7006">
      <ele>1739.583333333</ele>
    <time>2026-05-14T08:30:41Z</time></trkpt>
    <trkpt lat="44.92333" lon="-107.70053">
      <ele>1737.972424977</ele>
    <time>2026-05-14T08:30:51Z</time></trkpt>
    <trkpt lat="44.92347" lon="-107.70045">
      <ele>1737.083333333</ele>
    <time>2026-05-14T08:30:58Z</time></trkpt>
    <trkpt lat="44.92357" lon="-107.70035">
      <ele>1736.111111111</ele>
    <time>2026-05-14T08:31:05Z</time></trkpt>
    <trkpt lat="44.92369" lon="-107.70016">
      <ele>1732.916666667</ele>
    <time>2026-05-14T08:31:14Z</time></trkpt>
    <trkpt lat="44.92374" lon="-107.70003">
      <ele>1732.083333333</ele>
    <time>2026-05-14T08:31:19Z</time></trkpt>
    <trkpt lat="44.92384" lon="-107.69985">
      <ele>1730.833333333</ele>
    <time>2026-05-14T08:31:27Z</time></trkpt>
    <trkpt lat="44.92393" lon="-107.69963">
      <ele>1730.009306984</ele>
    <time>2026-05-14T08:31:36Z</time></trkpt>
    <trkpt lat="44.92401" lon="-107.69943">
      <ele>1729.873084288</ele>
    <time>2026-05-14T08:31:44Z</time></trkpt>
    <trkpt lat="44.92404" lon="-107.69913">
      <ele>1728.679487174</ele>
    <time>2026-05-14T08:31:55Z</time></trkpt>
    <trkpt lat="44.92412" lon="-107.69893">
      <ele>1727.155172397</ele>
    <time>2026-05-14T08:32:03Z</time></trkpt>
    <trkpt lat="44.9242" lon="-107.6987">
      <ele>1724.095074393</ele>
    <time>2026-05-14T08:32:12Z</time></trkpt>
    <trkpt lat="44.92423" lon="-107.69849">
      <ele>1722.429867982</ele>
    <time>2026-05-14T08:32:20Z</time></trkpt>
    <trkpt lat="44.92432" lon="-107.69827">
      <ele>1721.444730797</ele>
    <time>2026-05-14T08:32:29Z</time></trkpt>
    <trkpt lat="44.92439" lon="-107.69804">
      <ele>1720.991741737</ele>
    <time>2026-05-14T08:32:38Z</time></trkpt>
    <trkpt lat="44.92447" lon="-107.69785">
      <ele>1722.106242867</ele>
    <time>2026-05-14T08:32:46Z</time></trkpt>
    <trkpt lat="44.92453" lon="-107.69765">
      <ele>1720.846075431</ele>
    <time>2026-05-14T08:32:54Z</time></trkpt>
    <trkpt lat="44.92455" lon="-107.69742">
      <ele>1720.567049808</ele>
    <time>2026-05-14T08:33:02Z</time></trkpt>
    <trkpt lat="44.92458" lon="-107.69718">
      <ele>1720.15976236</ele>
    <time>2026-05-14T08:33:11Z</time></trkpt>
    <trkpt lat="44.92468" lon="-107.69699">
      <ele>1719.211111099</ele>
    <time>2026-05-14T08:33:19Z</time></trkpt>
    <trkpt lat="44.92474" lon="-107.69679">
      <ele>1718.611111111</ele>
    <time>2026-05-14T08:33:27Z</time></trkpt>
    <trkpt lat="44.9248" lon="-107.69667">
      <ele>1717.916666667</ele>
    <time>2026-05-14T08:33:32Z</time></trkpt>
    <trkpt lat="44.92483" lon="-107.69655">
      <ele>1717.083333333</ele>
    <time>2026-05-14T08:33:37Z</time></trkpt>
    <trkpt lat="44.92488" lon="-107.69632">
      <ele>1713.888888889</ele>
    <time>2026-05-14T08:33:45Z</time></trkpt>
    <trkpt lat="44.92488" lon="-107.69617">
      <ele>1712.916666667</ele>
    <time>2026-05-14T08:33:51Z</time></trkpt>
    <trkpt lat="44.92492" lon="-107.69602">
      <ele>1712.083333333</ele>
    <time>2026-05-14T08:33:56Z</time></trkpt>
    <trkpt lat="44.92503" lon="-107.69579">
      <ele>1710.428571424</ele>
    <time>2026-05-14T08:34:06Z</time></trkpt>
    <trkpt lat="44.92513" lon="-107.69553">
      <ele>1710.0</ele>
    <time>2026-05-14T08:34:17Z</time></trkpt>
    <trkpt lat="44.92518" lon="-107.69535">
      <ele>1710.0</ele>
    <time>2026-05-14T08:34:24Z</time></trkpt>
    <trkpt lat="44.9253" lon="-107.6951">
      <ele>1710.0</ele>
    <time>2026-05-14T08:34:34Z</time></trkpt>
    <trkpt lat="44.92536" lon="-107.69476">
      <ele>1710.0</ele>
    <time>2026-05-14T08:34:47Z</time></trkpt>
    <trkpt lat="44.92545" lon="-107.69449">
      <ele>1710.0</ele>
    <time>2026-05-14T08:34:58Z</time></trkpt>
    <trkpt lat="44.92546" lon="-107.6943">
      <ele>1710.0</ele>
    <time>2026-05-14T08:35:04Z</time></trkpt>
    <trkpt lat="44.92554" lon="-107.69408">
      <ele>1710.0</ele>
    <time>2026-05-14T08:35:13Z</time></trkpt>
    <trkpt lat="44.9256" lon="-107.69395">
      <ele>1710.0</ele>
    <time>2026-05-14T08:35:19Z</time></trkpt>
    <trkpt lat="44.9257" lon="-107.69377">
      <ele>1710.0</ele>
    <time>2026-05-14T08:35:27Z</time></trkpt>
    <trkpt lat="44.92577" lon="-107.69362">
      <ele>1710.0</ele>
    <time>2026-05-14T08:35:33Z</time></trkpt>
    <trkpt lat="44.92581" lon="-107.69349">
      <ele>1710.0</ele>
    <time>2026-05-14T08:35:38Z</time></trkpt>
    <trkpt lat="44.92595" lon="-107.69335">
      <ele>1709.861111111</ele>
    <time>2026-05-14T08:35:47Z</time></trkpt>
    <trkpt lat="44.9261" lon="-107.69319">
      <ele>1708.611111111</ele>
    <time>2026-05-14T08:35:56Z</time></trkpt>
    <trkpt lat="44.9262" lon="-107.69301">
      <ele>1707.185534567</ele>
    <time>2026-05-14T08:36:05Z</time></trkpt>
    <trkpt lat="44.92631" lon="-107.69277">
      <ele>1703.879716979</ele>
    <time>2026-05-14T08:36:15Z</time></trkpt>
    <trkpt lat="44.92641" lon="-107.69259">
      <ele>1702.042483652</ele>
    <time>2026-05-14T08:36:23Z</time></trkpt>
    <trkpt lat="44.92658" lon="-107.69239">
      <ele>1700.405555553</ele>
    <time>2026-05-14T08:36:34Z</time></trkpt>
    <trkpt lat="44.92671" lon="-107.69221">
      <ele>1700.0</ele>
    <time>2026-05-14T08:36:43Z</time></trkpt>
    <trkpt lat="44.92679" lon="-107.6921">
      <ele>1700.0</ele>
    <time>2026-05-14T08:36:49Z</time></trkpt>
    <trkpt lat="44.9269" lon="-107.69194">
      <ele>1699.861111111</ele>
    <time>2026-05-14T08:36:57Z</time></trkpt>
    <trkpt lat="44.92693" lon="-107.69181">
      <ele>1699.598938823</ele>
    <time>2026-05-14T08:37:02Z</time></trkpt>
    <trkpt lat="44.92701" lon="-107.69164">
      <ele>1698.577586198</ele>
    <time>2026-05-14T08:37:09Z</time></trkpt>
    <trkpt lat="44.92709" lon="-107.69155">
      <ele>1697.85919539</ele>
    <time>2026-05-14T08:37:14Z</time></trkpt>
    <trkpt lat="44.92718" lon="-107.69147">
      <ele>1697.066176465</ele>
    <time>2026-05-14T08:37:20Z</time></trkpt>
    <trkpt lat="44.92725" lon="-107.69136">
      <ele>1696.069444431</ele>
    <time>2026-05-14T08:37:25Z</time></trkpt>
    <trkpt lat="44.92732" lon="-107.69125">
      <ele>1693.742038214</ele>
    <time>2026-05-14T08:37:30Z</time></trkpt>
    <trkpt lat="44.92738" lon="-107.69114">
      <ele>1692.395833317</ele>
    <time>2026-05-14T08:37:35Z</time></trkpt>
    <trkpt lat="44.92758" lon="-107.69094">
      <ele>1688.663793086</ele>
    <time>2026-05-14T08:37:47Z</time></trkpt>
    <trkpt lat="44.92767" lon="-107.69086">
      <ele>1688.75</ele>
    <time>2026-05-14T08:37:53Z</time></trkpt>
    <trkpt lat="44.92773" lon="-107.69072">
      <ele>1686.25</ele>
    <time>2026-05-14T08:37:59Z</time></trkpt>
    <trkpt lat="44.92774" lon="-107.69056">
      <ele>1683.845917729</ele>
    <time>2026-05-14T08:38:04Z</time></trkpt>
    <trkpt lat="44.92783" lon="-107.69046">
      <ele>1683.888888889</ele>
    <time>2026-05-14T08:38:10Z</time></trkpt>
    <trkpt lat="44.92792" lon="-107.69027">
      <ele>1681.29084966</ele>
    <time>2026-05-14T08:38:18Z</time></trkpt>
    <trkpt lat="44.92807" lon="-107.69013">
      <ele>1680.833333333</ele>
    <time>2026-05-14T08:38:27Z</time></trkpt>
    <trkpt lat="44.92815" lon="-107.68996">
      <ele>1680.138888889</ele>
    <time>2026-05-14T08:38:35Z</time></trkpt>
    <trkpt lat="44.92824" lon="-107.68969">
      <ele>1680.0</ele>
    <time>2026-05-14T08:38:45Z</time></trkpt>
    <trkpt lat="44.92832" lon="-107.68957">
      <ele>1680.0</ele>
    <time>2026-05-14T08:38:51Z</time></trkpt>
    <trkpt lat="44.92839" lon="-107.6894">
      <ele>1680.0</ele>
    <time>2026-05-14T08:38:58Z</time></trkpt>
    <trkpt lat="44.9284" lon="-107.68927">
      <ele>1680.156012182</ele>
    <time>2026-05-14T08:39:03Z</time></trkpt>
    <trkpt lat="44.92845" lon="-107.68916">
      <ele>1680.446735402</ele>
    <time>2026-05-14T08:39:07Z</time></trkpt>
    <trkpt lat="44.92852" lon="-107.689">
      <ele>1681.460953896</ele>
    <time>2026-05-14T08:39:14Z</time></trkpt>
    <trkpt lat="44.92863" lon="-107.68879">
      <ele>1682.083333333</ele>
    <time>2026-05-14T08:39:23Z</time></trkpt>
    <trkpt lat="44.92866" lon="-107.68866">
      <ele>1684.049255478</ele>
    <time>2026-05-14T08:39:28Z</time></trkpt>
    <trkpt lat="44.92876" lon="-107.68845">
      <ele>1687.119252887</ele>
    <time>2026-05-14T08:39:37Z</time></trkpt>
    <trkpt lat="44.92882" lon="-107.68831">
      <ele>1687.952586216</ele>
    <time>2026-05-14T08:39:43Z</time></trkpt>
    <trkpt lat="44.92888" lon="-107.68813">
      <ele>1689.19943821</ele>
    <time>2026-05-14T08:39:50Z</time></trkpt>
    <trkpt lat="44.92902" lon="-107.6879">
      <ele>1690.0</ele>
    <time>2026-05-14T08:40:01Z</time></trkpt>
    <trkpt lat="44.92906" lon="-107.68769">
      <ele>1689.974999995</ele>
    <time>2026-05-14T08:40:09Z</time></trkpt>
    <trkpt lat="44.92916" lon="-107.68756">
      <ele>1689.559748422</ele>
    <time>2026-05-14T08:40:16Z</time></trkpt>
    <trkpt lat="44.92927" lon="-107.68736">
      <ele>1688.597222219</ele>
    <time>2026-05-14T08:40:25Z</time></trkpt>
    <trkpt lat="44.92942" lon="-107.68716">
      <ele>1686.111111111</ele>
    <time>2026-05-14T08:40:35Z</time></trkpt>
    <trkpt lat="44.92949" lon="-107.687">
      <ele>1682.907657655</ele>
    <time>2026-05-14T08:40:42Z</time></trkpt>
    <trkpt lat="44.92957" lon="-107.68689">
      <ele>1682.050653588</ele>
    <time>2026-05-14T08:40:48Z</time></trkpt>
    <trkpt lat="44.92971" lon="-107.68671">
      <ele>1680.774509795</ele>
    <time>2026-05-14T08:40:57Z</time></trkpt>
    <trkpt lat="44.92986" lon="-107.68657">
      <ele>1680.277777778</ele>
    <time>2026-05-14T08:41:06Z</time></trkpt>
    <trkpt lat="44.92997" lon="-107.68644">
      <ele>1678.553968253</ele>
    <time>2026-05-14T08:41:13Z</time></trkpt>
    <trkpt lat="44.93008" lon="-107.68642">
      <ele>1678.182110678</ele>
    <time>2026-05-14T08:41:19Z</time></trkpt>
    <trkpt lat="44.93023" lon="-107.68632">
      <ele>1677.619047619</ele>
    <time>2026-05-14T08:41:27Z</time></trkpt>
    <trkpt lat="44.93029" lon="-107.68613">
      <ele>1672.916666667</ele>
    <time>2026-05-14T08:41:35Z</time></trkpt>
    <trkpt lat="44.93043" lon="-107.68597">
      <ele>1670.917190729</ele>
    <time>2026-05-14T08:41:44Z</time></trkpt>
    <trkpt lat="44.93043" lon="-107.68602">
      <ele>1671.388888889</ele>
    <time>2026-05-14T08:41:46Z</time></trkpt>
    <trkpt lat="44.9306" lon="-107.68587">
      <ele>1670.0</ele>
    <time>2026-05-14T08:41:56Z</time></trkpt>
    <trkpt lat="44.93078" lon="-107.68574">
      <ele>1670.0</ele>
    <time>2026-05-14T08:42:06Z</time></trkpt>
    <trkpt lat="44.93093" lon="-107.68576">
      <ele>1670.0</ele>
    <time>2026-05-14T08:42:13Z</time></trkpt>
    <trkpt lat="44.93106" lon="-107.68579">
      <ele>1669.657281001</ele>
    <time>2026-05-14T08:42:20Z</time></trkpt>
    <trkpt lat="44.9312" lon="-107.68562">
      <ele>1668.655555545</ele>
    <time>2026-05-14T08:42:29Z</time></trkpt>
    <trkpt lat="44.9314" lon="-107.68551">
      <ele>1664.28104573</ele>
    <time>2026-05-14T08:42:40Z</time></trkpt>
    <trkpt lat="44.93156" lon="-107.68541">
      <ele>1661.549145289</ele>
    <time>2026-05-14T08:42:49Z</time></trkpt>
    <trkpt lat="44.93168" lon="-107.68542">
      <ele>1660.476190476</ele>
    <time>2026-05-14T08:42:55Z</time></trkpt>
    <trkpt lat="44.93185" lon="-107.68544">
      <ele>1660.0</ele>
    <time>2026-05-14T08:43:04Z</time></trkpt>
    <trkpt lat="44.93199" lon="-107.6854">
      <ele>1659.749999999</ele>
    <time>2026-05-14T08:43:11Z</time></trkpt>
    <trkpt lat="44.93211" lon="-107.68525">
      <ele>1659.380341874</ele>
    <time>2026-05-14T08:43:19Z</time></trkpt>
    <trkpt lat="44.93223" lon="-107.6851">
      <ele>1658.509485049</ele>
    <time>2026-05-14T08:43:27Z</time></trkpt>
    <trkpt lat="44.93242" lon="-107.68497">
      <ele>1659.366830068</ele>
    <time>2026-05-14T08:43:38Z</time></trkpt>
    <trkpt lat="44.93254" lon="-107.68494">
      <ele>1659.669811322</ele>
    <time>2026-05-14T08:43:44Z</time></trkpt>
    <trkpt lat="44.93262" lon="-107.68486">
      <ele>1659.913194448</ele>
    <time>2026-05-14T08:43:49Z</time></trkpt>
    <trkpt lat="44.93275" lon="-107.68468">
      <ele>1660.358333342</ele>
    <time>2026-05-14T08:43:58Z</time></trkpt>
    <trkpt lat="44.93286" lon="-107.68462">
      <ele>1660.620370372</ele>
    <time>2026-05-14T08:44:04Z</time></trkpt>
    <trkpt lat="44.93302" lon="-107.68456">
      <ele>1661.534722231</ele>
    <time>2026-05-14T08:44:12Z</time></trkpt>
    <trkpt lat="44.93307" lon="-107.68444">
      <ele>1660.895833328</ele>
    <time>2026-05-14T08:44:17Z</time></trkpt>
    <trkpt lat="44.9332" lon="-107.68427">
      <ele>1660.771241837</ele>
    <time>2026-05-14T08:44:26Z</time></trkpt>
    <trkpt lat="44.93331" lon="-107.68412">
      <ele>1661.111111111</ele>
    <time>2026-05-14T08:44:34Z</time></trkpt>
    <trkpt lat="44.9334" lon="-107.68399">
      <ele>1663.46846852</ele>
    <time>2026-05-14T08:44:40Z</time></trkpt>
    <trkpt lat="44.9336" lon="-107.68388">
      <ele>1667.962962965</ele>
    <time>2026-05-14T08:44:51Z</time></trkpt>
    <trkpt lat="44.93379" lon="-107.68373">
      <ele>1669.861111111</ele>
    <time>2026-05-14T08:45:02Z</time></trkpt>
    <trkpt lat="44.93391" lon="-107.68367">
      <ele>1669.519230765</ele>
    <time>2026-05-14T08:45:08Z</time></trkpt>
    <trkpt lat="44.93404" lon="-107.68363">
      <ele>1668.427287579</ele>
    <time>2026-05-14T08:45:15Z</time></trkpt>
    <trkpt lat="44.93414" lon="-107.68361">
      <ele>1667.211538461</ele>
    <time>2026-05-14T08:45:20Z</time></trkpt>
    <trkpt lat="44.93429" lon="-107.68347">
      <ele>1662.499999964</ele>
    <time>2026-05-14T08:45:29Z</time></trkpt>
    <trkpt lat="44.93446" lon="-107.68325">
      <ele>1658.071895382</ele>
    <time>2026-05-14T08:45:41Z</time></trkpt>
    <trkpt lat="44.93461" lon="-107.68301">
      <ele>1653.239316223</ele>
    <time>2026-05-14T08:45:52Z</time></trkpt>
    <trkpt lat="44.93474" lon="-107.68296">
      <ele>1652.243150682</ele>
    <time>2026-05-14T08:45:59Z</time></trkpt>
    <trkpt lat="44.93485" lon="-107.68284">
      <ele>1651.944444444</ele>
    <time>2026-05-14T08:46:06Z</time></trkpt>
    <trkpt lat="44.93493" lon="-107.68277">
      <ele>1652.386922376</ele>
    <time>2026-05-14T08:46:11Z</time></trkpt>
    <trkpt lat="44.93505" lon="-107.68251">
      <ele>1651.499999994</ele>
    <time>2026-05-14T08:46:22Z</time></trkpt>
    <trkpt lat="44.9351" lon="-107.68228">
      <ele>1650.972222222</ele>
    <time>2026-05-14T08:46:31Z</time></trkpt>
    <trkpt lat="44.93519" lon="-107.68203">
      <ele>1648.374999995</ele>
    <time>2026-05-14T08:46:41Z</time></trkpt>
    <trkpt lat="44.93523" lon="-107.68191">
      <ele>1647.586477977</ele>
    <time>2026-05-14T08:46:45Z</time></trkpt>
    <trkpt lat="44.93538" lon="-107.68176">
      <ele>1646.299603227</ele>
    <time>2026-05-14T08:46:55Z</time></trkpt>
    <trkpt lat="44.93554" lon="-107.68169">
      <ele>1648.34770115</ele>
    <time>2026-05-14T08:47:03Z</time></trkpt>
    <trkpt lat="44.93566" lon="-107.68158">
      <ele>1649.255952395</ele>
    <time>2026-05-14T08:47:10Z</time></trkpt>
    <trkpt lat="44.93585" lon="-107.68149">
      <ele>1650.0</ele>
    <time>2026-05-14T08:47:20Z</time></trkpt>
    <trkpt lat="44.93607" lon="-107.68129">
      <ele>1650.0</ele>
    <time>2026-05-14T08:47:33Z</time></trkpt>
    <trkpt lat="44.93615" lon="-107.68136">
      <ele>1650.0</ele>
    <time>2026-05-14T08:47:38Z</time></trkpt>
    <trkpt lat="44.93625" lon="-107.68131">
      <ele>1650.0</ele>
    <time>2026-05-14T08:47:44Z</time></trkpt>
    <trkpt lat="44.93635" lon="-107.68127">
      <ele>1650.0</ele>
    <time>2026-05-14T08:47:49Z</time></trkpt>
    <trkpt lat="44.93644" lon="-107.68119">
      <ele>1650.0</ele>
    <time>2026-05-14T08:47:54Z</time></trkpt>
    <trkpt lat="44.93658" lon="-107.68109">
      <ele>1650.0</ele>
    <time>2026-05-14T08:48:02Z</time></trkpt>
    <trkpt lat="44.93668" lon="-107.68102">
      <ele>1650.0</ele>
    <time>2026-05-14T08:48:08Z</time></trkpt>
    <trkpt lat="44.93683" lon="-107.68096">
      <ele>1650.416666667</ele>
    <time>2026-05-14T08:48:16Z</time></trkpt>
    <trkpt lat="44.93694" lon="-107.68102">
      <ele>1651.212962965</ele>
    <time>2026-05-14T08:48:21Z</time></trkpt>
    <trkpt lat="44.93708" lon="-107.68105">
      <ele>1651.826797387</ele>
    <time>2026-05-14T08:48:29Z</time></trkpt>
    <trkpt lat="44.93722" lon="-107.68105">
      <ele>1653.842592593</ele>
    <time>2026-05-14T08:48:36Z</time></trkpt>
    <trkpt lat="44.93728" lon="-107.68094">
      <ele>1653.361111088</ele>
    <time>2026-05-14T08:48:41Z</time></trkpt>
    <trkpt lat="44.93739" lon="-107.68093">
      <ele>1654.398148148</ele>
    <time>2026-05-14T08:48:46Z</time></trkpt>
    <trkpt lat="44.93756" lon="-107.68101">
      <ele>1657.959770119</ele>
    <time>2026-05-14T08:48:55Z</time></trkpt>
    <trkpt lat="44.93765" lon="-107.68098">
      <ele>1658.277777783</ele>
    <time>2026-05-14T08:49:00Z</time></trkpt>
    <trkpt lat="44.93776" lon="-107.68096">
      <ele>1659.245495496</ele>
    <time>2026-05-14T08:49:05Z</time></trkpt>
    <trkpt lat="44.93786" lon="-107.681">
      <ele>1659.961685825</ele>
    <time>2026-05-14T08:49:11Z</time></trkpt>
    <trkpt lat="44.93795" lon="-107.68103">
      <ele>1660.0</ele>
    <time>2026-05-14T08:49:15Z</time></trkpt>
    <trkpt lat="44.9381" lon="-107.68109">
      <ele>1660.0</ele>
    <time>2026-05-14T08:49:23Z</time></trkpt>
    <trkpt lat="44.93833" lon="-107.68106">
      <ele>1660.0</ele>
    <time>2026-05-14T08:49:35Z</time></trkpt>
    <trkpt lat="44.9385" lon="-107.68111">
      <ele>1660.0</ele>
    <time>2026-05-14T08:49:44Z</time></trkpt>
    <trkpt lat="44.9386" lon="-107.68113">
      <ele>1660.0</ele>
    <time>2026-05-14T08:49:49Z</time></trkpt>
    <trkpt lat="44.93882" lon="-107.68115">
      <ele>1660.675000001</ele>
    <time>2026-05-14T08:50:00Z</time></trkpt>
    <trkpt lat="44.93898" lon="-107.68122">
      <ele>1662.083333333</ele>
    <time>2026-05-14T08:50:08Z</time></trkpt>
    <trkpt lat="44.93913" lon="-107.68127">
      <ele>1666.94923372</ele>
    <time>2026-05-14T08:50:16Z</time></trkpt>
    <trkpt lat="44.93926" lon="-107.68132">
      <ele>1668.535007614</ele>
    <time>2026-05-14T08:50:23Z</time></trkpt>
    <trkpt lat="44.93939" lon="-107.68142">
      <ele>1669.166666667</ele>
    <time>2026-05-14T08:50:30Z</time></trkpt>
    <trkpt lat="44.93957" lon="-107.68149">
      <ele>1670.129375952</ele>
    <time>2026-05-14T08:50:40Z</time></trkpt>
    <trkpt lat="44.93968" lon="-107.68156">
      <ele>1670.416666667</ele>
    <time>2026-05-14T08:50:46Z</time></trkpt>
    <trkpt lat="44.9398" lon="-107.68157">
      <ele>1671.746031746</ele>
    <time>2026-05-14T08:50:52Z</time></trkpt>
    <trkpt lat="44.93999" lon="-107.68168">
      <ele>1677.5</ele>
    <time>2026-05-14T08:51:02Z</time></trkpt>
    <trkpt lat="44.94007" lon="-107.68175">
      <ele>1679.305555556</ele>
    <time>2026-05-14T08:51:07Z</time></trkpt>
    <trkpt lat="44.94015" lon="-107.68184">
      <ele>1683.333333333</ele>
    <time>2026-05-14T08:51:12Z</time></trkpt>
    <trkpt lat="44.94024" lon="-107.68188">
      <ele>1686.666666667</ele>
    <time>2026-05-14T08:51:17Z</time></trkpt>
    <trkpt lat="44.94038" lon="-107.68199">
      <ele>1693.888888889</ele>
    <time>2026-05-14T08:51:25Z</time></trkpt>
    <trkpt lat="44.94076" lon="-107.68147">
      <ele>1679.810298021</ele>
    <time>2026-05-14T08:51:51Z</time></trkpt>
    <trkpt lat="44.94095" lon="-107.68121">
      <ele>1671.25</ele>
    <time>2026-05-14T08:52:05Z</time></trkpt>
    <trkpt lat="44.94105" lon="-107.68119">
      <ele>1666.43162381</ele>
    <time>2026-05-14T08:52:10Z</time></trkpt>
    <trkpt lat="44.94116" lon="-107.68109">
      <ele>1662.430555543</ele>
    <time>2026-05-14T08:52:16Z</time></trkpt>
    <trkpt lat="44.94125" lon="-107.68104">
      <ele>1662.222222222</ele>
    <time>2026-05-14T08:52:21Z</time></trkpt>
    <trkpt lat="44.94134" lon="-107.68107">
      <ele>1662.422693931</ele>
    <time>2026-05-14T08:52:26Z</time></trkpt>
    <trkpt lat="44.94146" lon="-107.68112">
      <ele>1663.472222222</ele>
    <time>2026-05-14T08:52:32Z</time></trkpt>
    <trkpt lat="44.94156" lon="-107.68114">
      <ele>1668.461538465</ele>
    <time>2026-05-14T08:52:37Z</time></trkpt>
    <trkpt lat="44.94169" lon="-107.68118">
      <ele>1670.833333333</ele>
    <time>2026-05-14T08:52:44Z</time></trkpt>
    <trkpt lat="44.9418" lon="-107.6812">
      <ele>1676.191239319</ele>
    <time>2026-05-14T08:52:50Z</time></trkpt>
    <trkpt lat="44.94192" lon="-107.68122">
      <ele>1678.313492064</ele>
    <time>2026-05-14T08:52:56Z</time></trkpt>
    <trkpt lat="44.94214" lon="-107.6811">
      <ele>1678.782679728</ele>
    <time>2026-05-14T08:53:08Z</time></trkpt>
    <trkpt lat="44.94217" lon="-107.6811">
      <ele>1673.888888889</ele>
    <time>2026-05-14T08:53:09Z</time></trkpt>
    <trkpt lat="44.9423" lon="-107.68106">
      <ele>1672.103353333</ele>
    <time>2026-05-14T08:53:16Z</time></trkpt>
    <trkpt lat="44.94248" lon="-107.68108">
      <ele>1668.02008547</ele>
    <time>2026-05-14T08:53:25Z</time></trkpt>
    <trkpt lat="44.94257" lon="-107.68119">
      <ele>1664.994730651</ele>
    <time>2026-05-14T08:53:31Z</time></trkpt>
    <trkpt lat="44.9427" lon="-107.68133">
      <ele>1659.305555556</ele>
    <time>2026-05-14T08:53:39Z</time></trkpt>
    <trkpt lat="44.94276" lon="-107.68144">
      <ele>1653.055555556</ele>
    <time>2026-05-14T08:53:44Z</time></trkpt>
    <trkpt lat="44.94284" lon="-107.68136">
      <ele>1648.194444444</ele>
    <time>2026-05-14T08:53:49Z</time></trkpt>
    <trkpt lat="44.94293" lon="-107.6813">
      <ele>1641.870915021</ele>
    <time>2026-05-14T08:53:54Z</time></trkpt>
    <trkpt lat="44.94302" lon="-107.68119">
      <ele>1638.770491777</ele>
    <time>2026-05-14T08:54:00Z</time></trkpt>
    <trkpt lat="44.94313" lon="-107.68116">
      <ele>1639.326388888</ele>
    <time>2026-05-14T08:54:06Z</time></trkpt>
    <trkpt lat="44.9432" lon="-107.68105">
      <ele>1639.797008557</ele>
    <time>2026-05-14T08:54:11Z</time></trkpt>
    <trkpt lat="44.94327" lon="-107.68087">
      <ele>1641.44148589</ele>
    <time>2026-05-14T08:54:18Z</time></trkpt>
    <trkpt lat="44.94342" lon="-107.68077">
      <ele>1645.45054205</ele>
    <time>2026-05-14T08:54:27Z</time></trkpt>
    <trkpt lat="44.94354" lon="-107.68076">
      <ele>1650.813888892</ele>
    <time>2026-05-14T08:54:33Z</time></trkpt>
    <trkpt lat="44.94363" lon="-107.6808">
      <ele>1654.411512079</ele>
    <time>2026-05-14T08:54:38Z</time></trkpt>
    <trkpt lat="44.94383" lon="-107.68077">
      <ele>1663.012820519</ele>
    <time>2026-05-14T08:54:48Z</time></trkpt>
    <trkpt lat="44.94407" lon="-107.68061">
      <ele>1664.701896983</ele>
    <time>2026-05-14T08:55:01Z</time></trkpt>
    <trkpt lat="44.9443" lon="-107.68064">
      <ele>1653.927350422</ele>
    <time>2026-05-14T08:55:13Z</time></trkpt>
    <trkpt lat="44.94441" lon="-107.6807">
      <ele>1647.159961633</ele>
    <time>2026-05-14T08:55:19Z</time></trkpt>
    <trkpt lat="44.94443" lon="-107.68048">
      <ele>1637.452991419</ele>
    <time>2026-05-14T08:55:27Z</time></trkpt>
    <trkpt lat="44.94456" lon="-107.68028">
      <ele>1631.160130649</ele>
    <time>2026-05-14T08:55:36Z</time></trkpt>
    <trkpt lat="44.94461" lon="-107.68016">
      <ele>1629.423076823</ele>
    <time>2026-05-14T08:55:41Z</time></trkpt>
    <trkpt lat="44.94472" lon="-107.68014">
      <ele>1629.481981984</ele>
    <time>2026-05-14T08:55:47Z</time></trkpt>
    <trkpt lat="44.94492" lon="-107.68024">
      <ele>1637.962962992</ele>
    <time>2026-05-14T08:55:57Z</time></trkpt>
    <trkpt lat="44.94502" lon="-107.68029">
      <ele>1639.444444444</ele>
    <time>2026-05-14T08:56:03Z</time></trkpt>
    <trkpt lat="44.94523" lon="-107.68035">
      <ele>1651.930555566</ele>
    <time>2026-05-14T08:56:14Z</time></trkpt>
    <trkpt lat="44.94539" lon="-107.68047">
      <ele>1658.810060102</ele>
    <time>2026-05-14T08:56:23Z</time></trkpt>
    <trkpt lat="44.94559" lon="-107.6806">
      <ele>1662.5</ele>
    <time>2026-05-14T08:56:34Z</time></trkpt>
    <trkpt lat="44.94567" lon="-107.68067">
      <ele>1669.048672643</ele>
    <time>2026-05-14T08:56:39Z</time></trkpt>
    <trkpt lat="44.94575" lon="-107.68074">
      <ele>1669.583333333</ele>
    <time>2026-05-14T08:56:43Z</time></trkpt>
    <trkpt lat="44.94585" lon="-107.68085">
      <ele>1679.305555646</ele>
    <time>2026-05-14T08:56:50Z</time></trkpt>
    <trkpt lat="44.94597" lon="-107.68094">
      <ele>1683.816666794</ele>
    <time>2026-05-14T08:56:57Z</time></trkpt>
    <trkpt lat="44.94605" lon="-107.68103">
      <ele>1685.416666667</ele>
    <time>2026-05-14T08:57:02Z</time></trkpt>
    <trkpt lat="44.94614" lon="-107.68109">
      <ele>1690.784313728</ele>
    <time>2026-05-14T08:57:07Z</time></trkpt>
    <trkpt lat="44.94628" lon="-107.68104">
      <ele>1693.14176245</ele>
    <time>2026-05-14T08:57:14Z</time></trkpt>
    <trkpt lat="44.94639" lon="-107.68108">
      <ele>1695.07183909</ele>
    <time>2026-05-14T08:57:20Z</time></trkpt>
    <trkpt lat="44.94652" lon="-107.68105">
      <ele>1695.208333332</ele>
    <time>2026-05-14T08:57:26Z</time></trkpt>
    <trkpt lat="44.94681" lon="-107.68066">
      <ele>1681.666666667</ele>
    <time>2026-05-14T08:57:46Z</time></trkpt>
    <trkpt lat="44.94704" lon="-107.68042">
      <ele>1667.534722183</ele>
    <time>2026-05-14T08:58:01Z</time></trkpt>
    <trkpt lat="44.94722" lon="-107.68027">
      <ele>1663.055555556</ele>
    <time>2026-05-14T08:58:11Z</time></trkpt>
    <trkpt lat="44.94744" lon="-107.68018">
      <ele>1660.090996168</ele>
    <time>2026-05-14T08:58:23Z</time></trkpt>
    <trkpt lat="44.94755" lon="-107.68007">
      <ele>1659.87847222</ele>
    <time>2026-05-14T08:58:30Z</time></trkpt>
    <trkpt lat="44.94765" lon="-107.67999">
      <ele>1659.427083322</ele>
    <time>2026-05-14T08:58:36Z</time></trkpt>
    <trkpt lat="44.94782" lon="-107.67989">
      <ele>1657.352941159</ele>
    <time>2026-05-14T08:58:45Z</time></trkpt>
    <trkpt lat="44.94799" lon="-107.67984">
      <ele>1652.291666665</ele>
    <time>2026-05-14T08:58:54Z</time></trkpt>
    <trkpt lat="44.9482" lon="-107.67993">
      <ele>1641.800766268</ele>
    <time>2026-05-14T08:59:05Z</time></trkpt>
    <trkpt lat="44.94832" lon="-107.68">
      <ele>1638.888888889</ele>
    <time>2026-05-14T08:59:11Z</time></trkpt>
    <trkpt lat="44.94851" lon="-107.68005">
      <ele>1627.980769229</ele>
    <time>2026-05-14T08:59:21Z</time></trkpt>
    <trkpt lat="44.94865" lon="-107.67998">
      <ele>1622.361111082</ele>
    <time>2026-05-14T08:59:28Z</time></trkpt>
    <trkpt lat="44.94877" lon="-107.67997">
      <ele>1614.861111089</ele>
    <time>2026-05-14T08:59:34Z</time></trkpt>
    <trkpt lat="44.94886" lon="-107.67999">
      <ele>1610.302777774</ele>
    <time>2026-05-14T08:59:39Z</time></trkpt>
    <trkpt lat="44.94896" lon="-107.68005">
      <ele>1609.027777778</ele>
    <time>2026-05-14T08:59:45Z</time></trkpt>
    <trkpt lat="44.94906" lon="-107.68015">
      <ele>1602.361111111</ele>
    <time>2026-05-14T08:59:51Z</time></trkpt>
    <trkpt lat="44.94918" lon="-107.68032">
      <ele>1599.027777778</ele>
    <time>2026-05-14T08:59:59Z</time></trkpt>
    <trkpt lat="44.94929" lon="-107.68043">
      <ele>1597.083333333</ele>
    <time>2026-05-14T09:00:06Z</time></trkpt>
    <trkpt lat="44.94938" lon="-107.68047">
      <ele>1596.111111111</ele>
    <time>2026-05-14T09:00:11Z</time></trkpt>
    <trkpt lat="44.94947" lon="-107.68051">
      <ele>1593.888888889</ele>
    <time>2026-05-14T09:00:16Z</time></trkpt>
    <trkpt lat="44.94959" lon="-107.68057">
      <ele>1590.967432947</ele>
    <time>2026-05-14T09:00:22Z</time></trkpt>
    <trkpt lat="44.94968" lon="-107.68064">
      <ele>1590.833333333</ele>
    <time>2026-05-14T09:00:27Z</time></trkpt>
    <trkpt lat="44.94979" lon="-107.68067">
      <ele>1590.138888889</ele>
    <time>2026-05-14T09:00:33Z</time></trkpt>
    <trkpt lat="44.94995" lon="-107.68074">
      <ele>1590.0</ele>
    <time>2026-05-14T09:00:41Z</time></trkpt>
    <trkpt lat="44.95005" lon="-107.6808">
      <ele>1590.0</ele>
    <time>2026-05-14T09:00:47Z</time></trkpt>
    <trkpt lat="44.95021" lon="-107.68077">
      <ele>1590.069444445</ele>
    <time>2026-05-14T09:00:55Z</time></trkpt>
    <trkpt lat="44.95036" lon="-107.68075">
      <ele>1591.020299147</ele>
    <time>2026-05-14T09:01:02Z</time></trkpt>
    <trkpt lat="44.95048" lon="-107.68087">
      <ele>1593.75</ele>
    <time>2026-05-14T09:01:10Z</time></trkpt>
    <trkpt lat="44.95063" lon="-107.68094">
      <ele>1598.055555556</ele>
    <time>2026-05-14T09:01:18Z</time></trkpt>
    <trkpt lat="44.95076" lon="-107.68087">
      <ele>1603.529411775</ele>
    <time>2026-05-14T09:01:25Z</time></trkpt>
    <trkpt lat="44.95086" lon="-107.68067">
      <ele>1604.444444444</ele>
    <time>2026-05-14T09:01:34Z</time></trkpt>
    <trkpt lat="44.95092" lon="-107.68056">
      <ele>1602.222222222</ele>
    <time>2026-05-14T09:01:38Z</time></trkpt>
    <trkpt lat="44.95095" lon="-107.68035">
      <ele>1594.516666651</ele>
    <time>2026-05-14T09:01:46Z</time></trkpt>
    <trkpt lat="44.95102" lon="-107.68027">
      <ele>1594.305555556</ele>
    <time>2026-05-14T09:01:51Z</time></trkpt>
    <trkpt lat="44.95106" lon="-107.68015">
      <ele>1592.15216321</ele>
    <time>2026-05-14T09:01:55Z</time></trkpt>
    <trkpt lat="44.95108" lon="-107.67997">
      <ele>1590.34153005</ele>
    <time>2026-05-14T09:02:02Z</time></trkpt>
    <trkpt lat="44.95119" lon="-107.67978">
      <ele>1590.138888889</ele>
    <time>2026-05-14T09:02:11Z</time></trkpt>
    <trkpt lat="44.95127" lon="-107.67966">
      <ele>1589.583333333</ele>
    <time>2026-05-14T09:02:17Z</time></trkpt>
    <trkpt lat="44.95126" lon="-107.67953">
      <ele>1588.112745107</ele>
    <time>2026-05-14T09:02:21Z</time></trkpt>
    <trkpt lat="44.95124" lon="-107.67933">
      <ele>1586.691176503</ele>
    <time>2026-05-14T09:02:28Z</time></trkpt>
    <trkpt lat="44.95128" lon="-107.67916">
      <ele>1585.972222222</ele>
    <time>2026-05-14T09:02:35Z</time></trkpt>
    <trkpt lat="44.95137" lon="-107.67899">
      <ele>1585.972222222</ele>
    <time>2026-05-14T09:02:42Z</time></trkpt>
    <trkpt lat="44.95144" lon="-107.67886">
      <ele>1587.916666667</ele>
    <time>2026-05-14T09:02:48Z</time></trkpt>
    <trkpt lat="44.9515" lon="-107.67865">
      <ele>1589.583333333</ele>
    <time>2026-05-14T09:04:56Z</time></trkpt>
    <trkpt lat="44.95157" lon="-107.67852">
      <ele>1590.972222222</ele>
    <time>2026-05-14T09:05:02Z</time></trkpt>
    <trkpt lat="44.9516" lon="-107.67836">
      <ele>1593.972222217</ele>
    <time>2026-05-14T09:05:08Z</time></trkpt>
    <trkpt lat="44.95173" lon="-107.67804">
      <ele>1597.5</ele>
    <time>2026-05-14T09:05:21Z</time></trkpt>
    <trkpt lat="44.95181" lon="-107.67797">
      <ele>1598.055555556</ele>
    <time>2026-05-14T09:05:26Z</time></trkpt>
    <trkpt lat="44.95192" lon="-107.67791">
      <ele>1597.963372659</ele>
    <time>2026-05-14T09:05:32Z</time></trkpt>
    <trkpt lat="44.95198" lon="-107.67781">
      <ele>1597.916666667</ele>
    <time>2026-05-14T09:05:36Z</time></trkpt>
    <trkpt lat="44.95218" lon="-107.67757">
      <ele>1596.25</ele>
    <time>2026-05-14T09:05:50Z</time></trkpt>
    <trkpt lat="44.95235" lon="-107.67733">
      <ele>1602.638888889</ele>
    <time>2026-05-14T09:06:02Z</time></trkpt>
    <trkpt lat="44.95242" lon="-107.67724">
      <ele>1607.527777863</ele>
    <time>2026-05-14T09:06:07Z</time></trkpt>
    <trkpt lat="44.9525" lon="-107.67717">
      <ele>1609.261517639</ele>
    <time>2026-05-14T09:06:11Z</time></trkpt>
    <trkpt lat="44.95265" lon="-107.6771">
      <ele>1612.361111141</ele>
    <time>2026-05-14T09:06:19Z</time></trkpt>
    <trkpt lat="44.95278" lon="-107.67702">
      <ele>1616.597222229</ele>
    <time>2026-05-14T09:06:26Z</time></trkpt>
    <trkpt lat="44.95286" lon="-107.67692">
      <ele>1619.583333333</ele>
    <time>2026-05-14T09:06:32Z</time></trkpt>
    <trkpt lat="44.95288" lon="-107.67694">
      <ele>1619.583333333</ele>
    <time>2026-05-14T09:06:33Z</time></trkpt>
    <trkpt lat="44.95296" lon="-107.67683">
      <ele>1613.025692432</ele>
    <time>2026-05-14T09:06:39Z</time></trkpt>
    <trkpt lat="44.9531" lon="-107.67663">
      <ele>1609.837462456</ele>
    <time>2026-05-14T09:06:49Z</time></trkpt>
    <trkpt lat="44.95324" lon="-107.67645">
      <ele>1607.92887666</ele>
    <time>2026-05-14T09:06:58Z</time></trkpt>
    <trkpt lat="44.95345" lon="-107.67642">
      <ele>1609.583333333</ele>
    <time>2026-05-14T09:07:09Z</time></trkpt>
    <trkpt lat="44.95359" lon="-107.67644">
      <ele>1610.833333333</ele>
    <time>2026-05-14T09:07:16Z</time></trkpt>
    <trkpt lat="44.95371" lon="-107.67642">
      <ele>1614.104166675</ele>
    <time>2026-05-14T09:07:22Z</time></trkpt>
    <trkpt lat="44.95386" lon="-107.67646">
      <ele>1617.555555562</ele>
    <time>2026-05-14T09:07:30Z</time></trkpt>
    <trkpt lat="44.954" lon="-107.6765">
      <ele>1619.710960962</ele>
    <time>2026-05-14T09:07:37Z</time></trkpt>
    <trkpt lat="44.95417" lon="-107.67648">
      <ele>1621.103603605</ele>
    <time>2026-05-14T09:07:46Z</time></trkpt>
    <trkpt lat="44.95428" lon="-107.67649">
      <ele>1622.5</ele>
    <time>2026-05-14T09:07:51Z</time></trkpt>
    <trkpt lat="44.95439" lon="-107.67649">
      <ele>1622.350427312</ele>
    <time>2026-05-14T09:07:57Z</time></trkpt>
    <trkpt lat="44.95452" lon="-107.6764">
      <ele>1620.407559164</ele>
    <time>2026-05-14T09:08:04Z</time></trkpt>
    <trkpt lat="44.95464" lon="-107.67626">
      <ele>1618.418803393</ele>
    <time>2026-05-14T09:08:12Z</time></trkpt>
    <trkpt lat="44.95475" lon="-107.6762">
      <ele>1615.472222185</ele>
    <time>2026-05-14T09:08:18Z</time></trkpt>
    <trkpt lat="44.95489" lon="-107.67614">
      <ele>1612.131147506</ele>
    <time>2026-05-14T09:08:25Z</time></trkpt>
    <trkpt lat="44.95499" lon="-107.67606">
      <ele>1609.583333291</ele>
    <time>2026-05-14T09:08:31Z</time></trkpt>
    <trkpt lat="44.95516" lon="-107.6759">
      <ele>1604.460382396</ele>
    <time>2026-05-14T09:08:41Z</time></trkpt>
    <trkpt lat="44.95529" lon="-107.67575">
      <ele>1600.545044964</ele>
    <time>2026-05-14T09:08:50Z</time></trkpt>
    <trkpt lat="44.95537" lon="-107.67564">
      <ele>1598.461538425</ele>
    <time>2026-05-14T09:08:55Z</time></trkpt>
    <trkpt lat="44.95547" lon="-107.67558">
      <ele>1595.0084688</ele>
    <time>2026-05-14T09:09:01Z</time></trkpt>
    <trkpt lat="44.95555" lon="-107.67548">
      <ele>1593.978758153</ele>
    <time>2026-05-14T09:09:06Z</time></trkpt>
    <trkpt lat="44.95565" lon="-107.67554">
      <ele>1593.611111111</ele>
    <time>2026-05-14T09:09:12Z</time></trkpt>
    <trkpt lat="44.95576" lon="-107.67557">
      <ele>1594.814814815</ele>
    <time>2026-05-14T09:09:17Z</time></trkpt>
    <trkpt lat="44.95594" lon="-107.67558">
      <ele>1600.439814815</ele>
    <time>2026-05-14T09:09:26Z</time></trkpt>
    <trkpt lat="44.95605" lon="-107.67558">
      <ele>1603.139438946</ele>
    <time>2026-05-14T09:09:32Z</time></trkpt>
    <trkpt lat="44.95615" lon="-107.67557">
      <ele>1604.423952658</ele>
    <time>2026-05-14T09:09:37Z</time></trkpt>
    <trkpt lat="44.95627" lon="-107.67543">
      <ele>1604.420498072</ele>
    <time>2026-05-14T09:09:45Z</time></trkpt>
    <trkpt lat="44.95637" lon="-107.67539">
      <ele>1603.430555509</ele>
    <time>2026-05-14T09:09:50Z</time></trkpt>
    <trkpt lat="44.95651" lon="-107.67527">
      <ele>1602.361111111</ele>
    <time>2026-05-14T09:09:58Z</time></trkpt>
    <trkpt lat="44.95655" lon="-107.67511">
      <ele>1592.222222222</ele>
    <time>2026-05-14T09:10:04Z</time></trkpt>
    <trkpt lat="44.95659" lon="-107.67499">
      <ele>1588.763318087</ele>
    <time>2026-05-14T09:10:09Z</time></trkpt>
    <trkpt lat="44.95666" lon="-107.67483">
      <ele>1580.628205064</ele>
    <time>2026-05-14T09:10:16Z</time></trkpt>
    <trkpt lat="44.95672" lon="-107.6747">
      <ele>1577.777777778</ele>
    <time>2026-05-14T09:10:21Z</time></trkpt>
    <trkpt lat="44.95678" lon="-107.67443">
      <ele>1565.328431344</ele>
    <time>2026-05-14T09:10:31Z</time></trkpt>
    <trkpt lat="44.95685" lon="-107.67432">
      <ele>1565.416666667</ele>
    <time>2026-05-14T09:10:37Z</time></trkpt>
    <trkpt lat="44.95687" lon="-107.67419">
      <ele>1562.695086678</ele>
    <time>2026-05-14T09:10:41Z</time></trkpt>
    <trkpt lat="44.95693" lon="-107.67405">
      <ele>1560.81410256</ele>
    <time>2026-05-14T09:10:47Z</time></trkpt>
    <trkpt lat="44.95708" lon="-107.67383">
      <ele>1560.416666667</ele>
    <time>2026-05-14T09:10:58Z</time></trkpt>
    <trkpt lat="44.95722" lon="-107.67369">
      <ele>1560.988160312</ele>
    <time>2026-05-14T09:11:07Z</time></trkpt>
    <trkpt lat="44.95738" lon="-107.67349">
      <ele>1563.021367541</ele>
    <time>2026-05-14T09:11:17Z</time></trkpt>
    <trkpt lat="44.95758" lon="-107.67319">
      <ele>1568.611111111</ele>
    <time>2026-05-14T09:11:32Z</time></trkpt>
    <trkpt lat="44.95768" lon="-107.67307">
      <ele>1569.192307697</ele>
    <time>2026-05-14T09:11:39Z</time></trkpt>
    <trkpt lat="44.95785" lon="-107.67276">
      <ele>1570.833333333</ele>
    <time>2026-05-14T09:11:53Z</time></trkpt>
    <trkpt lat="44.95799" lon="-107.67257">
      <ele>1572.775106841</ele>
    <time>2026-05-14T09:12:03Z</time></trkpt>
    <trkpt lat="44.95809" lon="-107.67259">
      <ele>1574.670940172</ele>
    <time>2026-05-14T09:12:08Z</time></trkpt>
    <trkpt lat="44.95824" lon="-107.67261">
      <ele>1578.472222222</ele>
    <time>2026-05-14T09:12:15Z</time></trkpt>
    <trkpt lat="44.95835" lon="-107.67256">
      <ele>1581.222222227</ele>
    <time>2026-05-14T09:12:21Z</time></trkpt>
    <trkpt lat="44.95844" lon="-107.67254">
      <ele>1583.80555557</ele>
    <time>2026-05-14T09:12:26Z</time></trkpt>
    <trkpt lat="44.95863" lon="-107.67259">
      <ele>1587.083333333</ele>
    <time>2026-05-14T09:12:35Z</time></trkpt>
    <trkpt lat="44.95884" lon="-107.67219">
      <ele>1585.482026086</ele>
    <time>2026-05-14T09:12:53Z</time></trkpt>
    <trkpt lat="44.95889" lon="-107.672">
      <ele>1582.551369821</ele>
    <time>2026-05-14T09:13:00Z</time></trkpt>
    <trkpt lat="44.95902" lon="-107.67171">
      <ele>1580.666666669</ele>
    <time>2026-05-14T09:13:13Z</time></trkpt>
    <trkpt lat="44.95913" lon="-107.67167">
      <ele>1581.636225274</ele>
    <time>2026-05-14T09:13:18Z</time></trkpt>
    <trkpt lat="44.95927" lon="-107.67162">
      <ele>1582.600574756</ele>
    <time>2026-05-14T09:13:26Z</time></trkpt>
    <trkpt lat="44.95936" lon="-107.67154">
      <ele>1584.80392158</ele>
    <time>2026-05-14T09:13:31Z</time></trkpt>
    <trkpt lat="44.9595" lon="-107.6715">
      <ele>1587.692307694</ele>
    <time>2026-05-14T09:13:38Z</time></trkpt>
    <trkpt lat="44.95962" lon="-107.67152">
      <ele>1588.922413802</ele>
    <time>2026-05-14T09:13:44Z</time></trkpt>
    <trkpt lat="44.95976" lon="-107.67146">
      <ele>1590.0</ele>
    <time>2026-05-14T09:13:52Z</time></trkpt>
    <trkpt lat="44.9599" lon="-107.67128">
      <ele>1592.583333345</ele>
    <time>2026-05-14T09:14:01Z</time></trkpt>
    <trkpt lat="44.96007" lon="-107.6712">
      <ele>1597.030780781</ele>
    <time>2026-05-14T09:14:10Z</time></trkpt>
    <trkpt lat="44.96019" lon="-107.67118">
      <ele>1598.139413014</ele>
    <time>2026-05-14T09:14:16Z</time></trkpt>
    <trkpt lat="44.96034" lon="-107.67109">
      <ele>1599.090038316</ele>
    <time>2026-05-14T09:14:24Z</time></trkpt>
    <trkpt lat="44.9605" lon="-107.67103">
      <ele>1598.833333327</ele>
    <time>2026-05-14T09:14:33Z</time></trkpt>
    <trkpt lat="44.9606" lon="-107.67106">
      <ele>1598.21599616</ele>
    <time>2026-05-14T09:14:38Z</time></trkpt>
    <trkpt lat="44.96073" lon="-107.67099">
      <ele>1597.222222222</ele>
    <time>2026-05-14T09:14:45Z</time></trkpt>
    <trkpt lat="44.96083" lon="-107.67092">
      <ele>1595.504629611</ele>
    <time>2026-05-14T09:14:51Z</time></trkpt>
    <trkpt lat="44.96099" lon="-107.67086">
      <ele>1593.981481474</ele>
    <time>2026-05-14T09:14:59Z</time></trkpt>
    <trkpt lat="44.96107" lon="-107.67079">
      <ele>1592.800925926</ele>
    <time>2026-05-14T09:15:04Z</time></trkpt>
    <trkpt lat="44.96119" lon="-107.67074">
      <ele>1592.249999986</ele>
    <time>2026-05-14T09:15:10Z</time></trkpt>
    <trkpt lat="44.9613" lon="-107.67074">
      <ele>1590.416666667</ele>
    <time>2026-05-14T09:15:16Z</time></trkpt>
    <trkpt lat="44.96142" lon="-107.67068">
      <ele>1591.666666667</ele>
    <time>2026-05-14T09:15:22Z</time></trkpt>
    <trkpt lat="44.96141" lon="-107.67055">
      <ele>1587.55952381</ele>
    <time>2026-05-14T09:15:27Z</time></trkpt>
    <trkpt lat="44.96141" lon="-107.67041">
      <ele>1583.569819821</ele>
    <time>2026-05-14T09:15:32Z</time></trkpt>
    <trkpt lat="44.96149" lon="-107.67034">
      <ele>1583.641598916</ele>
    <time>2026-05-14T09:15:36Z</time></trkpt>
    <trkpt lat="44.96164" lon="-107.67032">
      <ele>1584.474474476</ele>
    <time>2026-05-14T09:15:44Z</time></trkpt>
    <trkpt lat="44.96172" lon="-107.67026">
      <ele>1586.565040652</ele>
    <time>2026-05-14T09:15:48Z</time></trkpt>
    <trkpt lat="44.96187" lon="-107.67024">
      <ele>1589.364169227</ele>
    <time>2026-05-14T09:15:56Z</time></trkpt>
    <trkpt lat="44.96204" lon="-107.6702">
      <ele>1593.32957958</ele>
    <time>2026-05-14T09:16:05Z</time></trkpt>
    <trkpt lat="44.96223" lon="-107.67023">
      <ele>1592.63364776</ele>
    <time>2026-05-14T09:16:14Z</time></trkpt>
    <trkpt lat="44.96238" lon="-107.67015">
      <ele>1590.277777778</ele>
    <time>2026-05-14T09:16:22Z</time></trkpt>
    <trkpt lat="44.96248" lon="-107.67001">
      <ele>1589.305555556</ele>
    <time>2026-05-14T09:16:30Z</time></trkpt>
    <trkpt lat="44.96259" lon="-107.66994">
      <ele>1585.416666667</ele>
    <time>2026-05-14T09:16:36Z</time></trkpt>
    <trkpt lat="44.96272" lon="-107.66985">
      <ele>1585.0</ele>
    <time>2026-05-14T09:16:43Z</time></trkpt>
    <trkpt lat="44.96283" lon="-107.66965">
      <ele>1586.666666667</ele>
    <time>2026-05-14T09:16:52Z</time></trkpt>
    <trkpt lat="44.96293" lon="-107.66953">
      <ele>1586.63738738</ele>
    <time>2026-05-14T09:16:59Z</time></trkpt>
    <trkpt lat="44.96305" lon="-107.66936">
      <ele>1585.753968212</ele>
    <time>2026-05-14T09:17:07Z</time></trkpt>
    <trkpt lat="44.96317" lon="-107.66924">
      <ele>1582.777777778</ele>
    <time>2026-05-14T09:17:15Z</time></trkpt>
    <trkpt lat="44.96325" lon="-107.66915">
      <ele>1580.074074054</ele>
    <time>2026-05-14T09:17:20Z</time></trkpt>
    <trkpt lat="44.96341" lon="-107.6692">
      <ele>1574.744665624</ele>
    <time>2026-05-14T09:17:28Z</time></trkpt>
    <trkpt lat="44.96354" lon="-107.66926">
      <ele>1570.749999968</ele>
    <time>2026-05-14T09:17:35Z</time></trkpt>
    <trkpt lat="44.96365" lon="-107.66925">
      <ele>1565.296546544</ele>
    <time>2026-05-14T09:17:40Z</time></trkpt>
    <trkpt lat="44.96377" lon="-107.6692">
      <ele>1562.576797381</ele>
    <time>2026-05-14T09:17:47Z</time></trkpt>
    <trkpt lat="44.9639" lon="-107.66922">
      <ele>1561.083333283</ele>
    <time>2026-05-14T09:17:53Z</time></trkpt>
    <trkpt lat="44.96399" lon="-107.6692">
      <ele>1560.0</ele>
    <time>2026-05-14T09:17:58Z</time></trkpt>
    <trkpt lat="44.96396" lon="-107.66916">
      <ele>1561.805555556</ele>
    <time>2026-05-14T09:18:00Z</time></trkpt>
    <trkpt lat="44.96407" lon="-107.6691">
      <ele>1560.0</ele>
    <time>2026-05-14T09:18:06Z</time></trkpt>
    <trkpt lat="44.96416" lon="-107.66904">
      <ele>1560.0</ele>
    <time>2026-05-14T09:18:11Z</time></trkpt>
    <trkpt lat="44.96429" lon="-107.66897">
      <ele>1559.874999999</ele>
    <time>2026-05-14T09:18:18Z</time></trkpt>
    <trkpt lat="44.96449" lon="-107.66881">
      <ele>1557.879403785</ele>
    <time>2026-05-14T09:18:29Z</time></trkpt>
    <trkpt lat="44.96461" lon="-107.66872">
      <ele>1554.814814815</ele>
    <time>2026-05-14T09:18:36Z</time></trkpt>
    <trkpt lat="44.96446" lon="-107.66871">
      <ele>1552.5</ele>
    <time>2026-05-14T09:18:44Z</time></trkpt>
    <trkpt lat="44.96425" lon="-107.66866">
      <ele>1543.589743594</ele>
    <time>2026-05-14T09:18:55Z</time></trkpt>
    <trkpt lat="44.96411" lon="-107.66865">
      <ele>1539.544871796</ele>
    <time>2026-05-14T09:19:02Z</time></trkpt>
    <trkpt lat="44.96414" lon="-107.66845">
      <ele>1534.33823528</ele>
    <time>2026-05-14T09:19:09Z</time></trkpt>
    <trkpt lat="44.96434" lon="-107.66834">
      <ele>1529.51149424</ele>
    <time>2026-05-14T09:19:20Z</time></trkpt>
    <trkpt lat="44.96442" lon="-107.66813">
      <ele>1526.805555556</ele>
    <time>2026-05-14T09:19:28Z</time></trkpt>
    <trkpt lat="44.96451" lon="-107.66795">
      <ele>1528.25163399</ele>
    <time>2026-05-14T09:19:36Z</time></trkpt>
    <trkpt lat="44.96464" lon="-107.66788">
      <ele>1528.84803922</ele>
    <time>2026-05-14T09:19:43Z</time></trkpt>
    <trkpt lat="44.96483" lon="-107.66779">
      <ele>1530.112612613</ele>
    <time>2026-05-14T09:19:53Z</time></trkpt>
    <trkpt lat="44.96497" lon="-107.66783">
      <ele>1530.896226421</ele>
    <time>2026-05-14T09:20:00Z</time></trkpt>
    <trkpt lat="44.96506" lon="-107.66778">
      <ele>1530.833333333</ele>
    <time>2026-05-14T09:20:05Z</time></trkpt>
    <trkpt lat="44.96515" lon="-107.66764">
      <ele>1532.916666667</ele>
    <time>2026-05-14T09:20:12Z</time></trkpt>
    <trkpt lat="44.96525" lon="-107.66749">
      <ele>1536.182249329</ele>
    <time>2026-05-14T09:20:19Z</time></trkpt>
    <trkpt lat="44.96536" lon="-107.66739">
      <ele>1537.95054201</ele>
    <time>2026-05-14T09:20:26Z</time></trkpt>
    <trkpt lat="44.96547" lon="-107.66724">
      <ele>1539.214743598</ele>
    <time>2026-05-14T09:20:34Z</time></trkpt>
    <trkpt lat="44.96559" lon="-107.66708">
      <ele>1539.972222219</ele>
    <time>2026-05-14T09:20:42Z</time></trkpt>
    <trkpt lat="44.9657" lon="-107.66697">
      <ele>1539.411764699</ele>
    <time>2026-05-14T09:20:49Z</time></trkpt>
    <trkpt lat="44.96584" lon="-107.66687">
      <ele>1538.402777757</ele>
    <time>2026-05-14T09:20:57Z</time></trkpt>
    <trkpt lat="44.96593" lon="-107.66677">
      <ele>1536.785230329</ele>
    <time>2026-05-14T09:21:02Z</time></trkpt>
    <trkpt lat="44.9661" lon="-107.66661">
      <ele>1531.666666659</ele>
    <time>2026-05-14T09:21:13Z</time></trkpt>
    <trkpt lat="44.96621" lon="-107.66658">
      <ele>1529.042792791</ele>
    <time>2026-05-14T09:21:18Z</time></trkpt>
    <trkpt lat="44.96634" lon="-107.66659">
      <ele>1526.12237237</ele>
    <time>2026-05-14T09:21:25Z</time></trkpt>
    <trkpt lat="44.96646" lon="-107.66661">
      <ele>1524.027777778</ele>
    <time>2026-05-14T09:21:31Z</time></trkpt>
    <trkpt lat="44.96661" lon="-107.66654">
      <ele>1520.732758618</ele>
    <time>2026-05-14T09:21:39Z</time></trkpt>
    <trkpt lat="44.96671" lon="-107.6665">
      <ele>1520.085784312</ele>
    <time>2026-05-14T09:21:44Z</time></trkpt>
    <trkpt lat="44.96685" lon="-107.66642">
      <ele>1520.0</ele>
    <time>2026-05-14T09:21:52Z</time></trkpt>
    <trkpt lat="44.96706" lon="-107.66638">
      <ele>1520.0</ele>
    <time>2026-05-14T09:22:03Z</time></trkpt>
    <trkpt lat="44.9672" lon="-107.66637">
      <ele>1520.0</ele>
    <time>2026-05-14T09:22:10Z</time></trkpt>
    <trkpt lat="44.96746" lon="-107.6664">
      <ele>1520.0</ele>
    <time>2026-05-14T09:22:23Z</time></trkpt>
    <trkpt lat="44.9676" lon="-107.66633">
      <ele>1520.0</ele>
    <time>2026-05-14T09:22:30Z</time></trkpt>
    <trkpt lat="44.96765" lon="-107.6662">
      <ele>1520.0</ele>
    <time>2026-05-14T09:22:36Z</time></trkpt>
    <trkpt lat="44.96775" lon="-107.66604">
      <ele>1520.0</ele>
    <time>2026-05-14T09:22:43Z</time></trkpt>
    <trkpt lat="44.96777" lon="-107.66591">
      <ele>1520.0</ele>
    <time>2026-05-14T09:22:48Z</time></trkpt>
    <trkpt lat="44.96789" lon="-107.66579">
      <ele>1520.0</ele>
    <time>2026-05-14T09:22:55Z</time></trkpt>
    <trkpt lat="44.96802" lon="-107.66577">
      <ele>1520.0</ele>
    <time>2026-05-14T09:23:02Z</time></trkpt>
    <trkpt lat="44.9682" lon="-107.66574">
      <ele>1520.0</ele>
    <time>2026-05-14T09:23:11Z</time></trkpt>
    <trkpt lat="44.96832" lon="-107.66569">
      <ele>1520.0</ele>
    <time>2026-05-14T09:23:17Z</time></trkpt>
    <trkpt lat="44.96845" lon="-107.66557">
      <ele>1520.0</ele>
    <time>2026-05-14T09:23:25Z</time></trkpt>
    <trkpt lat="44.96856" lon="-107.66554">
      <ele>1520.0</ele>
    <time>2026-05-14T09:23:31Z</time></trkpt>
    <trkpt lat="44.96884" lon="-107.66546">
      <ele>1520.0</ele>
    <time>2026-05-14T09:23:45Z</time></trkpt>
    <trkpt lat="44.96908" lon="-107.66531">
      <ele>1520.0</ele>
    <time>2026-05-14T09:23:58Z</time></trkpt>
    <trkpt lat="44.96918" lon="-107.66527">
      <ele>1520.0</ele>
    <time>2026-05-14T09:24:04Z</time></trkpt>
    <trkpt lat="44.96935" lon="-107.66517">
      <ele>1520.0</ele>
    <time>2026-05-14T09:24:13Z</time></trkpt>
    <trkpt lat="44.96951" lon="-107.66507">
      <ele>1520.0</ele>
    <time>2026-05-14T09:24:22Z</time></trkpt>
    <trkpt lat="44.9696" lon="-107.66497">
      <ele>1520.0</ele>
    <time>2026-05-14T09:24:27Z</time></trkpt>
    <trkpt lat="44.96973" lon="-107.66484">
      <ele>1518.680555549</ele>
    <time>2026-05-14T09:24:35Z</time></trkpt>
    <trkpt lat="44.96985" lon="-107.6648">
      <ele>1517.460691819</ele>
    <time>2026-05-14T09:24:42Z</time></trkpt>
    <trkpt lat="44.96997" lon="-107.66481">
      <ele>1515.577777775</ele>
    <time>2026-05-14T09:24:48Z</time></trkpt>
    <trkpt lat="44.97008" lon="-107.66483">
      <ele>1512.969219219</ele>
    <time>2026-05-14T09:24:53Z</time></trkpt>
    <trkpt lat="44.97023" lon="-107.66471">
      <ele>1511.388888889</ele>
    <time>2026-05-14T09:25:02Z</time></trkpt>
    <trkpt lat="44.97039" lon="-107.66451">
      <ele>1510.0</ele>
    <time>2026-05-14T09:25:13Z</time></trkpt>
    <trkpt lat="44.97055" lon="-107.66441">
      <ele>1511.203703711</ele>
    <time>2026-05-14T09:25:22Z</time></trkpt>
    <trkpt lat="44.97063" lon="-107.66427">
      <ele>1512.083333333</ele>
    <time>2026-05-14T09:25:28Z</time></trkpt>
    <trkpt lat="44.97078" lon="-107.66424">
      <ele>1515.085470095</ele>
    <time>2026-05-14T09:25:36Z</time></trkpt>
    <trkpt lat="44.9709" lon="-107.66415">
      <ele>1517.781531546</ele>
    <time>2026-05-14T09:25:43Z</time></trkpt>
    <trkpt lat="44.97108" lon="-107.66403">
      <ele>1519.527027033</ele>
    <time>2026-05-14T09:25:53Z</time></trkpt>
    <trkpt lat="44.97127" lon="-107.66381">
      <ele>1520.0</ele>
    <time>2026-05-14T09:26:05Z</time></trkpt>
    <trkpt lat="44.97136" lon="-107.6637">
      <ele>1520.416666667</ele>
    <time>2026-05-14T09:26:11Z</time></trkpt>
    <trkpt lat="44.97148" lon="-107.66363">
      <ele>1521.388888889</ele>
    <time>2026-05-14T09:26:17Z</time></trkpt>
    <trkpt lat="44.97157" lon="-107.66353">
      <ele>1522.916666667</ele>
    <time>2026-05-14T09:26:23Z</time></trkpt>
    <trkpt lat="44.97169" lon="-107.66345">
      <ele>1526.111111111</ele>
    <time>2026-05-14T09:26:30Z</time></trkpt>
    <trkpt lat="44.9718" lon="-107.66334">
      <ele>1527.916666667</ele>
    <time>2026-05-14T09:26:37Z</time></trkpt>
    <trkpt lat="44.97194" lon="-107.66323">
      <ele>1529.166666667</ele>
    <time>2026-05-14T09:26:45Z</time></trkpt>
    <trkpt lat="44.97209" lon="-107.66311">
      <ele>1530.0</ele>
    <time>2026-05-14T09:26:53Z</time></trkpt>
    <trkpt lat="44.9722" lon="-107.66308">
      <ele>1530.0</ele>
    <time>2026-05-14T09:26:59Z</time></trkpt>
    <trkpt lat="44.97232" lon="-107.6631">
      <ele>1530.0</ele>
    <time>2026-05-14T09:27:05Z</time></trkpt>
    <trkpt lat="44.97244" lon="-107.66307">
      <ele>1530.269916144</ele>
    <time>2026-05-14T09:27:11Z</time></trkpt>
    <trkpt lat="44.97259" lon="-107.66304">
      <ele>1531.053921571</ele>
    <time>2026-05-14T09:27:19Z</time></trkpt>
    <trkpt lat="44.9727" lon="-107.66293">
      <ele>1532.053571434</ele>
    <time>2026-05-14T09:27:26Z</time></trkpt>
    <trkpt lat="44.97278" lon="-107.66281">
      <ele>1532.5</ele>
    <time>2026-05-14T09:27:32Z</time></trkpt>
    <trkpt lat="44.97294" lon="-107.66261">
      <ele>1534.027777778</ele>
    <time>2026-05-14T09:27:42Z</time></trkpt>
    <trkpt lat="44.97304" lon="-107.66252">
      <ele>1532.083333333</ele>
    <time>2026-05-14T09:27:48Z</time></trkpt>
    <trkpt lat="44.97314" lon="-107.66235">
      <ele>1531.25</ele>
    <time>2026-05-14T09:27:56Z</time></trkpt>
    <trkpt lat="44.97325" lon="-107.66226">
      <ele>1530.147996356</ele>
    <time>2026-05-14T09:28:03Z</time></trkpt>
    <trkpt lat="44.97334" lon="-107.66206">
      <ele>1530.0</ele>
    <time>2026-05-14T09:28:11Z</time></trkpt>
    <trkpt lat="44.97337" lon="-107.66169">
      <ele>1530.0</ele>
    <time>2026-05-14T09:28:24Z</time></trkpt>
    <trkpt lat="44.9735" lon="-107.66157">
      <ele>1529.862340216</ele>
    <time>2026-05-14T09:28:32Z</time></trkpt>
    <trkpt lat="44.97369" lon="-107.66143">
      <ele>1529.166666667</ele>
    <time>2026-05-14T09:28:43Z</time></trkpt>
    <trkpt lat="44.97384" lon="-107.66129">
      <ele>1527.083333333</ele>
    <time>2026-05-14T09:28:52Z</time></trkpt>
    <trkpt lat="44.97405" lon="-107.66117">
      <ele>1521.944444444</ele>
    <time>2026-05-14T09:29:03Z</time></trkpt>
    <trkpt lat="44.97416" lon="-107.66113">
      <ele>1520.595238095</ele>
    <time>2026-05-14T09:29:09Z</time></trkpt>
    <trkpt lat="44.97423" lon="-107.66105">
      <ele>1519.638888889</ele>
    <time>2026-05-14T09:29:14Z</time></trkpt>
    <trkpt lat="44.97435" lon="-107.66095">
      <ele>1513.888888889</ele>
    <time>2026-05-14T09:29:21Z</time></trkpt>
    <trkpt lat="44.97441" lon="-107.661">
      <ele>1513.888888889</ele>
    <time>2026-05-14T09:29:24Z</time></trkpt>
    <trkpt lat="44.97453" lon="-107.66095">
      <ele>1513.039030391</ele>
    <time>2026-05-14T09:29:31Z</time></trkpt>
    <trkpt lat="44.97465" lon="-107.66086">
      <ele>1510.780000004</ele>
    <time>2026-05-14T09:29:37Z</time></trkpt>
    <trkpt lat="44.97463" lon="-107.66061">
      <ele>1510.051984124</ele>
    <time>2026-05-14T09:29:46Z</time></trkpt>
    <trkpt lat="44.97465" lon="-107.66042">
      <ele>1509.206349206</ele>
    <time>2026-05-14T09:29:53Z</time></trkpt>
    <trkpt lat="44.97464" lon="-107.66025">
      <ele>1508.611111111</ele>
    <time>2026-05-14T09:29:59Z</time></trkpt>
    <trkpt lat="44.9747" lon="-107.66014">
      <ele>1506.944444444</ele>
    <time>2026-05-14T09:30:04Z</time></trkpt>
    <trkpt lat="44.97488" lon="-107.66012">
      <ele>1500.117521367</ele>
    <time>2026-05-14T09:30:13Z</time></trkpt>
    <trkpt lat="44.97499" lon="-107.66007">
      <ele>1498.472222222</ele>
    <time>2026-05-14T09:30:19Z</time></trkpt>
    <trkpt lat="44.97521" lon="-107.65996">
      <ele>1491.388888889</ele>
    <time>2026-05-14T09:30:31Z</time></trkpt>
    <trkpt lat="44.97534" lon="-107.65991">
      <ele>1490.439497716</ele>
    <time>2026-05-14T09:30:38Z</time></trkpt>
    <trkpt lat="44.97547" lon="-107.6599">
      <ele>1489.666666666</ele>
    <time>2026-05-14T09:30:44Z</time></trkpt>
    <trkpt lat="44.97558" lon="-107.65987">
      <ele>1488.72222222</ele>
    <time>2026-05-14T09:30:50Z</time></trkpt>
    <trkpt lat="44.97582" lon="-107.65975">
      <ele>1483.151340991</ele>
    <time>2026-05-14T09:31:03Z</time></trkpt>
    <trkpt lat="44.97597" lon="-107.65966">
      <ele>1480.981481475</ele>
    <time>2026-05-14T09:31:11Z</time></trkpt>
    <trkpt lat="44.97609" lon="-107.65963">
      <ele>1480.24371069</ele>
    <time>2026-05-14T09:31:17Z</time></trkpt>
    <trkpt lat="44.97624" lon="-107.65952">
      <ele>1480.0</ele>
    <time>2026-05-14T09:31:26Z</time></trkpt>
    <trkpt lat="44.97636" lon="-107.65941">
      <ele>1480.0</ele>
    <time>2026-05-14T09:31:33Z</time></trkpt>
    <trkpt lat="44.97643" lon="-107.65933">
      <ele>1480.0</ele>
    <time>2026-05-14T09:31:37Z</time></trkpt>
    <trkpt lat="44.97654" lon="-107.65926">
      <ele>1479.599358973</ele>
    <time>2026-05-14T09:31:43Z</time></trkpt>
    <trkpt lat="44.9766" lon="-107.65915">
      <ele>1479.238888892</ele>
    <time>2026-05-14T09:31:48Z</time></trkpt>
    <trkpt lat="44.97657" lon="-107.65894">
      <ele>1479.027777778</ele>
    <time>2026-05-14T09:31:56Z</time></trkpt>
    <trkpt lat="44.97664" lon="-107.65885">
      <ele>1478.998931632</ele>
    <time>2026-05-14T09:32:01Z</time></trkpt>
    <trkpt lat="44.97672" lon="-107.65875">
      <ele>1479.298780489</ele>
    <time>2026-05-14T09:32:06Z</time></trkpt>
    <trkpt lat="44.97682" lon="-107.65863">
      <ele>1479.569444448</ele>
    <time>2026-05-14T09:32:13Z</time></trkpt>
    <trkpt lat="44.97705" lon="-107.65837">
      <ele>1480.0</ele>
    <time>2026-05-14T09:32:28Z</time></trkpt>
    <trkpt lat="44.9772" lon="-107.65821">
      <ele>1480.0</ele>
    <time>2026-05-14T09:32:37Z</time></trkpt>
    <trkpt lat="44.97725" lon="-107.6581">
      <ele>1480.0</ele>
    <time>2026-05-14T09:32:42Z</time></trkpt>
    <trkpt lat="44.97734" lon="-107.65793">
      <ele>1480.0</ele>
    <time>2026-05-14T09:32:49Z</time></trkpt>
    <trkpt lat="44.97731" lon="-107.65781">
      <ele>1480.0</ele>
    <time>2026-05-14T09:32:54Z</time></trkpt>
    <trkpt lat="44.97732" lon="-107.6576">
      <ele>1480.0</ele>
    <time>2026-05-14T09:33:01Z</time></trkpt>
    <trkpt lat="44.9774" lon="-107.65743">
      <ele>1480.0</ele>
    <time>2026-05-14T09:33:09Z</time></trkpt>
    <trkpt lat="44.9775" lon="-107.65719">
      <ele>1480.0</ele>
    <time>2026-05-14T09:33:19Z</time></trkpt>
    <trkpt lat="44.97758" lon="-107.65704">
      <ele>1480.0</ele>
    <time>2026-05-14T09:33:25Z</time></trkpt>
    <trkpt lat="44.97772" lon="-107.65687">
      <ele>1478.374999987</ele>
    <time>2026-05-14T09:33:35Z</time></trkpt>
    <trkpt lat="44.97776" lon="-107.65669">
      <ele>1476.733333314</ele>
    <time>2026-05-14T09:33:41Z</time></trkpt>
    <trkpt lat="44.97777" lon="-107.65654">
      <ele>1476.111111111</ele>
    <time>2026-05-14T09:33:47Z</time></trkpt>
    <trkpt lat="44.97788" lon="-107.65635">
      <ele>1471.666666667</ele>
    <time>2026-05-14T09:33:55Z</time></trkpt>
    <trkpt lat="44.978" lon="-107.6562">
      <ele>1466.333333364</ele>
    <time>2026-05-14T09:34:03Z</time></trkpt>
    <trkpt lat="44.9779" lon="-107.65601">
      <ele>1463.888888889</ele>
    <time>2026-05-14T09:34:12Z</time></trkpt>
    <trkpt lat="44.97798" lon="-107.65591">
      <ele>1462.083333333</ele>
    <time>2026-05-14T09:34:17Z</time></trkpt>
    <trkpt lat="44.97809" lon="-107.6558">
      <ele>1460.833333333</ele>
    <time>2026-05-14T09:34:24Z</time></trkpt>
    <trkpt lat="44.9782" lon="-107.65564">
      <ele>1460.0</ele>
    <time>2026-05-14T09:34:32Z</time></trkpt>
    <trkpt lat="44.97832" lon="-107.65553">
      <ele>1459.861111111</ele>
    <time>2026-05-14T09:34:39Z</time></trkpt>
    <trkpt lat="44.9784" lon="-107.65542">
      <ele>1459.166666667</ele>
    <time>2026-05-14T09:34:45Z</time></trkpt>
    <trkpt lat="44.97848" lon="-107.65522">
      <ele>1454.422222188</ele>
    <time>2026-05-14T09:34:53Z</time></trkpt>
    <trkpt lat="44.97851" lon="-107.65499">
      <ele>1452.916666667</ele>
    <time>2026-05-14T09:35:01Z</time></trkpt>
    <trkpt lat="44.9786" lon="-107.65481">
      <ele>1450.833333333</ele>
    <time>2026-05-14T09:35:09Z</time></trkpt>
    <trkpt lat="44.97875" lon="-107.65463">
      <ele>1448.9111111</ele>
    <time>2026-05-14T09:35:19Z</time></trkpt>
    <trkpt lat="44.97878" lon="-107.65445">
      <ele>1447.366666682</ele>
    <time>2026-05-14T09:35:26Z</time></trkpt>
    <trkpt lat="44.97875" lon="-107.65429">
      <ele>1444.841269841</ele>
    <time>2026-05-14T09:35:32Z</time></trkpt>
    <trkpt lat="44.97874" lon="-107.65413">
      <ele>1442.533333316</ele>
    <time>2026-05-14T09:35:37Z</time></trkpt>
    <trkpt lat="44.97877" lon="-107.65395">
      <ele>1441.133333322</ele>
    <time>2026-05-14T09:35:44Z</time></trkpt>
    <trkpt lat="44.97879" lon="-107.65376">
      <ele>1440.257936508</ele>
    <time>2026-05-14T09:35:51Z</time></trkpt>
    <trkpt lat="44.9788" lon="-107.65347">
      <ele>1440.0</ele>
    <time>2026-05-14T09:36:01Z</time></trkpt>
    <trkpt lat="44.97882" lon="-107.65331">
      <ele>1440.0</ele>
    <time>2026-05-14T09:36:07Z</time></trkpt>
    <trkpt lat="44.97881" lon="-107.65313">
      <ele>1439.947589094</ele>
    <time>2026-05-14T09:36:13Z</time></trkpt>
    <trkpt lat="44.97889" lon="-107.65284">
      <ele>1438.263888903</ele>
    <time>2026-05-14T09:36:24Z</time></trkpt>
    <trkpt lat="44.97887" lon="-107.65262">
      <ele>1434.54248373</ele>
    <time>2026-05-14T09:36:32Z</time></trkpt>
    <trkpt lat="44.97879" lon="-107.65248">
      <ele>1432.266260184</ele>
    <time>2026-05-14T09:36:39Z</time></trkpt>
    <trkpt lat="44.97872" lon="-107.65238">
      <ele>1431.000000017</ele>
    <time>2026-05-14T09:36:44Z</time></trkpt>
    <trkpt lat="44.97866" lon="-107.65221">
      <ele>1430.208333339</ele>
    <time>2026-05-14T09:36:51Z</time></trkpt>
    <trkpt lat="44.97856" lon="-107.65213">
      <ele>1430.0</ele>
    <time>2026-05-14T09:36:56Z</time></trkpt>
    <trkpt lat="44.9785" lon="-107.65197">
      <ele>1430.120370368</ele>
    <time>2026-05-14T09:37:03Z</time></trkpt>
    <trkpt lat="44.97839" lon="-107.65176">
      <ele>1431.071428571</ele>
    <time>2026-05-14T09:37:12Z</time></trkpt>
    <trkpt lat="44.9784" lon="-107.65154">
      <ele>1432.333333325</ele>
    <time>2026-05-14T09:37:20Z</time></trkpt>
    <trkpt lat="44.97837" lon="-107.65137">
      <ele>1434.131944441</ele>
    <time>2026-05-14T09:37:26Z</time></trkpt>
    <trkpt lat="44.97824" lon="-107.65125">
      <ele>1432.215447168</ele>
    <time>2026-05-14T09:37:34Z</time></trkpt>
    <trkpt lat="44.97814" lon="-107.65111">
      <ele>1431.416666675</ele>
    <time>2026-05-14T09:37:41Z</time></trkpt>
    <trkpt lat="44.9781" lon="-107.6509">
      <ele>1430.248951792</ele>
    <time>2026-05-14T09:37:49Z</time></trkpt>
    <trkpt lat="44.97806" lon="-107.65076">
      <ele>1430.0</ele>
    <time>2026-05-14T09:37:54Z</time></trkpt>
    <trkpt lat="44.97806" lon="-107.6506">
      <ele>1430.0</ele>
    <time>2026-05-14T09:38:00Z</time></trkpt>
    <trkpt lat="44.97809" lon="-107.65043">
      <ele>1429.735324937</ele>
    <time>2026-05-14T09:38:06Z</time></trkpt>
    <trkpt lat="44.97819" lon="-107.65008">
      <ele>1426.666666667</ele>
    <time>2026-05-14T09:38:20Z</time></trkpt>
    <trkpt lat="44.97819" lon="-107.64992">
      <ele>1426.111111111</ele>
    <time>2026-05-14T09:38:25Z</time></trkpt>
    <trkpt lat="44.97828" lon="-107.64974">
      <ele>1422.083333333</ele>
    <time>2026-05-14T09:38:33Z</time></trkpt>
    <trkpt lat="44.97842" lon="-107.64952">
      <ele>1418.75</ele>
    <time>2026-05-14T09:38:44Z</time></trkpt>
    <trkpt lat="44.97855" lon="-107.64937">
      <ele>1416.111111111</ele>
    <time>2026-05-14T09:38:52Z</time></trkpt>
    <trkpt lat="44.97866" lon="-107.64927">
      <ele>1412.916666667</ele>
    <time>2026-05-14T09:38:59Z</time></trkpt>
    <trkpt lat="44.97879" lon="-107.64914">
      <ele>1409.270833311</ele>
    <time>2026-05-14T09:39:07Z</time></trkpt>
    <trkpt lat="44.97889" lon="-107.64904">
      <ele>1407.586477958</ele>
    <time>2026-05-14T09:39:13Z</time></trkpt>
    <trkpt lat="44.97893" lon="-107.64887">
      <ele>1405.130718871</ele>
    <time>2026-05-14T09:39:19Z</time></trkpt>
    <trkpt lat="44.979" lon="-107.64876">
      <ele>1402.51016257</ele>
    <time>2026-05-14T09:39:25Z</time></trkpt>
    <trkpt lat="44.97909" lon="-107.64865">
      <ele>1401.18055554</ele>
    <time>2026-05-14T09:39:31Z</time></trkpt>
    <trkpt lat="44.97917" lon="-107.64858">
      <ele>1400.343291396</ele>
    <time>2026-05-14T09:39:35Z</time></trkpt>
    <trkpt lat="44.97922" lon="-107.64838">
      <ele>1400.0</ele>
    <time>2026-05-14T09:39:43Z</time></trkpt>
    <trkpt lat="44.9794" lon="-107.64814">
      <ele>1400.405982909</ele>
    <time>2026-05-14T09:39:55Z</time></trkpt>
    <trkpt lat="44.97956" lon="-107.64798">
      <ele>1401.640625006</ele>
    <time>2026-05-14T09:40:05Z</time></trkpt>
    <trkpt lat="44.97964" lon="-107.64789">
      <ele>1402.5</ele>
    <time>2026-05-14T09:40:10Z</time></trkpt>
    <trkpt lat="44.97975" lon="-107.64784">
      <ele>1404.148148149</ele>
    <time>2026-05-14T09:40:16Z</time></trkpt>
    <trkpt lat="44.97981" lon="-107.64773">
      <ele>1403.739517784</ele>
    <time>2026-05-14T09:40:21Z</time></trkpt>
    <trkpt lat="44.97985" lon="-107.6476">
      <ele>1402.5</ele>
    <time>2026-05-14T09:40:26Z</time></trkpt>
    <trkpt lat="44.97997" lon="-107.64736">
      <ele>1400.459770108</ele>
    <time>2026-05-14T09:40:37Z</time></trkpt>
    <trkpt lat="44.98009" lon="-107.64712">
      <ele>1399.416403779</ele>
    <time>2026-05-14T09:40:47Z</time></trkpt>
    <trkpt lat="44.98006" lon="-107.64714">
      <ele>1400.0</ele>
    <time>2026-05-14T09:40:49Z</time></trkpt>
    <trkpt lat="44.9802" lon="-107.64703">
      <ele>1399.444444444</ele>
    <time>2026-05-14T09:40:57Z</time></trkpt>
    <trkpt lat="44.98027" lon="-107.64683">
      <ele>1399.305555556</ele>
    <time>2026-05-14T09:41:05Z</time></trkpt>
    <trkpt lat="44.98035" lon="-107.64667">
      <ele>1399.166666667</ele>
    <time>2026-05-14T09:41:12Z</time></trkpt>
    <trkpt lat="44.98048" lon="-107.6465">
      <ele>1399.027777778</ele>
    <time>2026-05-14T09:41:21Z</time></trkpt>
    <trkpt lat="44.98069" lon="-107.64659">
      <ele>1397.083333333</ele>
    <time>2026-05-14T09:41:32Z</time></trkpt>
    <trkpt lat="44.98068" lon="-107.64673">
      <ele>1398.392857143</ele>
    <time>2026-05-14T09:41:37Z</time></trkpt>
    <trkpt lat="44.98069" lon="-107.64646">
      <ele>1397.902777782</ele>
    <time>2026-05-14T09:41:47Z</time></trkpt>
    <trkpt lat="44.98063" lon="-107.64658">
      <ele>1397.447916667</ele>
    <time>2026-05-14T09:41:52Z</time></trkpt>
    <trkpt lat="44.98048" lon="-107.64658">
      <ele>1396.347222235</ele>
    <time>2026-05-14T09:41:59Z</time></trkpt>
    <trkpt lat="44.98035" lon="-107.64651">
      <ele>1394.152298854</ele>
    <time>2026-05-14T09:42:06Z</time></trkpt>
    <trkpt lat="44.98028" lon="-107.64668">
      <ele>1393.658675785</ele>
    <time>2026-05-14T09:42:13Z</time></trkpt>
    <trkpt lat="44.98023" lon="-107.64679">
      <ele>1395.011904757</ele>
    <time>2026-05-14T09:42:18Z</time></trkpt>
    <trkpt lat="44.98016" lon="-107.64693">
      <ele>1395.355783869</ele>
    <time>2026-05-14T09:42:24Z</time></trkpt>
    <trkpt lat="44.98002" lon="-107.64697">
      <ele>1396.098856181</ele>
    <time>2026-05-14T09:42:31Z</time></trkpt>
    <trkpt lat="44.97992" lon="-107.64691">
      <ele>1397.8083588</ele>
    <time>2026-05-14T09:42:37Z</time></trkpt>
    <trkpt lat="44.97982" lon="-107.64688">
      <ele>1400.300925897</ele>
    <time>2026-05-14T09:42:42Z</time></trkpt>
    <trkpt lat="44.9797" lon="-107.64682">
      <ele>1402.439024388</ele>
    <time>2026-05-14T09:42:48Z</time></trkpt>
    <trkpt lat="44.97961" lon="-107.64683">
      <ele>1404.907407395</ele>
    <time>2026-05-14T09:42:53Z</time></trkpt>
    <trkpt lat="44.9795" lon="-107.647">
      <ele>1406.666666667</ele>
    <time>2026-05-14T09:43:01Z</time></trkpt>
    <trkpt lat="44.97944" lon="-107.64715">
      <ele>1410.890522847</ele>
    <time>2026-05-14T09:43:07Z</time></trkpt>
    <trkpt lat="44.97931" lon="-107.64725">
      <ele>1416.089743585</ele>
    <time>2026-05-14T09:43:15Z</time></trkpt>
    <trkpt lat="44.97917" lon="-107.64724">
      <ele>1420.408104994</ele>
    <time>2026-05-14T09:43:22Z</time></trkpt>
    <trkpt lat="44.97906" lon="-107.64719">
      <ele>1422.430555456</ele>
    <time>2026-05-14T09:43:28Z</time></trkpt>
    <trkpt lat="44.97899" lon="-107.64712">
      <ele>1424.998084229</ele>
    <time>2026-05-14T09:43:32Z</time></trkpt>
    <trkpt lat="44.97891" lon="-107.64721">
      <ele>1424.722222222</ele>
    <time>2026-05-14T09:43:37Z</time></trkpt>
    <trkpt lat="44.97892" lon="-107.6474">
      <ele>1429.684769009</ele>
    <time>2026-05-14T09:43:44Z</time></trkpt>
    <trkpt lat="44.9788" lon="-107.64748">
      <ele>1431.934523767</ele>
    <time>2026-05-14T09:43:51Z</time></trkpt>
    <trkpt lat="44.97868" lon="-107.6476">
      <ele>1434.701388791</ele>
    <time>2026-05-14T09:43:58Z</time></trkpt>
    <trkpt lat="44.97858" lon="-107.6477">
      <ele>1437.102987383</ele>
    <time>2026-05-14T09:44:04Z</time></trkpt>
    <trkpt lat="44.97847" lon="-107.64788">
      <ele>1440.853758162</ele>
    <time>2026-05-14T09:44:13Z</time></trkpt>
    <trkpt lat="44.97834" lon="-107.64792">
      <ele>1444.503726284</ele>
    <time>2026-05-14T09:44:19Z</time></trkpt>
    <trkpt lat="44.97825" lon="-107.64793">
      <ele>1446.24444444</ele>
    <time>2026-05-14T09:44:24Z</time></trkpt>
    <trkpt lat="44.97814" lon="-107.64791">
      <ele>1447.044330253</ele>
    <time>2026-05-14T09:44:29Z</time></trkpt>
    <trkpt lat="44.97808" lon="-107.64807">
      <ele>1448.214285675</ele>
    <time>2026-05-14T09:44:36Z</time></trkpt>
    <trkpt lat="44.97797" lon="-107.64818">
      <ele>1449.754901915</ele>
    <time>2026-05-14T09:44:43Z</time></trkpt>
    <trkpt lat="44.9779" lon="-107.64829">
      <ele>1450.833333317</ele>
    <time>2026-05-14T09:44:48Z</time></trkpt>
    <trkpt lat="44.97775" lon="-107.64837">
      <ele>1452.36297536</ele>
    <time>2026-05-14T09:44:56Z</time></trkpt>
    <trkpt lat="44.97765" lon="-107.64844">
      <ele>1453.058943045</ele>
    <time>2026-05-14T09:45:02Z</time></trkpt>
    <trkpt lat="44.97759" lon="-107.64857">
      <ele>1455.106544876</ele>
    <time>2026-05-14T09:45:07Z</time></trkpt>
    <trkpt lat="44.97744" lon="-107.64863">
      <ele>1457.297008503</ele>
    <time>2026-05-14T09:45:15Z</time></trkpt>
    <trkpt lat="44.97733" lon="-107.6488">
      <ele>1458.657215294</ele>
    <time>2026-05-14T09:45:23Z</time></trkpt>
    <trkpt lat="44.97729" lon="-107.64895">
      <ele>1459.291666645</ele>
    <time>2026-05-14T09:45:29Z</time></trkpt>
    <trkpt lat="44.97716" lon="-107.64911">
      <ele>1459.885501348</ele>
    <time>2026-05-14T09:45:38Z</time></trkpt>
    <trkpt lat="44.9771" lon="-107.64924">
      <ele>1460.0</ele>
    <time>2026-05-14T09:45:43Z</time></trkpt>
    <trkpt lat="44.97705" lon="-107.64935">
      <ele>1460.0</ele>
    <time>2026-05-14T09:45:48Z</time></trkpt>
    <trkpt lat="44.97699" lon="-107.6495">
      <ele>1460.0</ele>
    <time>2026-05-14T09:45:54Z</time></trkpt>
    <trkpt lat="44.9769" lon="-107.64945">
      <ele>1460.0</ele>
    <time>2026-05-14T09:45:59Z</time></trkpt>
    <trkpt lat="44.97686" lon="-107.64959">
      <ele>1460.019230765</ele>
    <time>2026-05-14T09:46:04Z</time></trkpt>
    <trkpt lat="44.97681" lon="-107.64976">
      <ele>1460.489659351</ele>
    <time>2026-05-14T09:46:11Z</time></trkpt>
    <trkpt lat="44.97674" lon="-107.64996">
      <ele>1461.686507902</ele>
    <time>2026-05-14T09:46:19Z</time></trkpt>
    <trkpt lat="44.97655" lon="-107.65015">
      <ele>1464.959448467</ele>
    <time>2026-05-14T09:46:30Z</time></trkpt>
    <trkpt lat="44.97644" lon="-107.65019">
      <ele>1466.587301532</ele>
    <time>2026-05-14T09:46:36Z</time></trkpt>
    <trkpt lat="44.97632" lon="-107.65031">
      <ele>1468.527980491</ele>
    <time>2026-05-14T09:46:44Z</time></trkpt>
    <trkpt lat="44.97625" lon="-107.65051">
      <ele>1470.955555492</ele>
    <time>2026-05-14T09:46:52Z</time></trkpt>
    <trkpt lat="44.97613" lon="-107.65065">
      <ele>1473.00486613</ele>
    <time>2026-05-14T09:46:59Z</time></trkpt>
    <trkpt lat="44.97605" lon="-107.65088">
      <ele>1476.437768177</ele>
    <time>2026-05-14T09:47:09Z</time></trkpt>
    <trkpt lat="44.97597" lon="-107.65101">
      <ele>1477.812499932</ele>
    <time>2026-05-14T09:47:15Z</time></trkpt>
    <trkpt lat="44.97587" lon="-107.65111">
      <ele>1477.5</ele>
    <time>2026-05-14T09:47:21Z</time></trkpt>
    <trkpt lat="44.97587" lon="-107.65129">
      <ele>1479.930555556</ele>
    <time>2026-05-14T09:47:27Z</time></trkpt>
    <trkpt lat="44.97588" lon="-107.65142">
      <ele>1481.110294128</ele>
    <time>2026-05-14T09:47:32Z</time></trkpt>
    <trkpt lat="44.97584" lon="-107.65159">
      <ele>1482.729729705</ele>
    <time>2026-05-14T09:47:38Z</time></trkpt>
    <trkpt lat="44.9758" lon="-107.65172">
      <ele>1484.240792742</ele>
    <time>2026-05-14T09:47:43Z</time></trkpt>
    <trkpt lat="44.97577" lon="-107.65185">
      <ele>1486.899305531</ele>
    <time>2026-05-14T09:47:48Z</time></trkpt>
    <trkpt lat="44.97573" lon="-107.65197">
      <ele>1486.805555556</ele>
    <time>2026-05-14T09:47:53Z</time></trkpt>
    <trkpt lat="44.97572" lon="-107.6521">
      <ele>1489.166666667</ele>
    <time>2026-05-14T09:47:58Z</time></trkpt>
    <trkpt lat="44.97575" lon="-107.65237">
      <ele>1490.873968962</ele>
    <time>2026-05-14T09:48:07Z</time></trkpt>
    <trkpt lat="44.97579" lon="-107.6525">
      <ele>1492.416666751</ele>
    <time>2026-05-14T09:48:12Z</time></trkpt>
    <trkpt lat="44.97585" lon="-107.65263">
      <ele>1492.98915991</ele>
    <time>2026-05-14T09:48:18Z</time></trkpt>
    <trkpt lat="44.97586" lon="-107.65288">
      <ele>1491.558823527</ele>
    <time>2026-05-14T09:48:27Z</time></trkpt>
    <trkpt lat="44.97582" lon="-107.6531">
      <ele>1491.111111111</ele>
    <time>2026-05-14T09:48:35Z</time></trkpt>
    <trkpt lat="44.97572" lon="-107.65319">
      <ele>1491.111111111</ele>
    <time>2026-05-14T09:48:41Z</time></trkpt>
    <trkpt lat="44.97569" lon="-107.65346">
      <ele>1491.527777778</ele>
    <time>2026-05-14T09:48:51Z</time></trkpt>
    <trkpt lat="44.97569" lon="-107.65366">
      <ele>1492.731481482</ele>
    <time>2026-05-14T09:48:58Z</time></trkpt>
    <trkpt lat="44.97566" lon="-107.65378">
      <ele>1494.622222154</ele>
    <time>2026-05-14T09:49:02Z</time></trkpt>
    <trkpt lat="44.97555" lon="-107.65393">
      <ele>1496.944444444</ele>
    <time>2026-05-14T09:49:10Z</time></trkpt>
    <trkpt lat="44.97555" lon="-107.65407">
      <ele>1499.672619048</ele>
    <time>2026-05-14T09:49:15Z</time></trkpt>
    <trkpt lat="44.97551" lon="-107.65427">
      <ele>1503.055555556</ele>
    <time>2026-05-14T09:49:22Z</time></trkpt>
    <trkpt lat="44.97547" lon="-107.65441">
      <ele>1506.157927557</ele>
    <time>2026-05-14T09:49:28Z</time></trkpt>
    <trkpt lat="44.97528" lon="-107.65453">
      <ele>1508.095238067</ele>
    <time>2026-05-14T09:49:38Z</time></trkpt>
    <trkpt lat="44.97515" lon="-107.65468">
      <ele>1509.996177362</ele>
    <time>2026-05-14T09:49:47Z</time></trkpt>
    <trkpt lat="44.97505" lon="-107.65471">
      <ele>1510.583333301</ele>
    <time>2026-05-14T09:49:52Z</time></trkpt>
    <trkpt lat="44.97493" lon="-107.65486">
      <ele>1512.249999967</ele>
    <time>2026-05-14T09:50:00Z</time></trkpt>
    <trkpt lat="44.97482" lon="-107.65498">
      <ele>1512.916666667</ele>
    <time>2026-05-14T09:50:07Z</time></trkpt>
    <trkpt lat="44.97478" lon="-107.65513">
      <ele>1516.111111111</ele>
    <time>2026-05-14T09:50:13Z</time></trkpt>
    <trkpt lat="44.97468" lon="-107.65536">
      <ele>1518.21428568</ele>
    <time>2026-05-14T09:50:22Z</time></trkpt>
    <trkpt lat="44.97457" lon="-107.65548">
      <ele>1518.611111111</ele>
    <time>2026-05-14T09:50:29Z</time></trkpt>
    <trkpt lat="44.97457" lon="-107.65562">
      <ele>1519.523809524</ele>
    <time>2026-05-14T09:50:34Z</time></trkpt>
    <trkpt lat="44.9745" lon="-107.65583">
      <ele>1520.0</ele>
    <time>2026-05-14T09:50:43Z</time></trkpt>
    <trkpt lat="44.97432" lon="-107.65591">
      <ele>1520.0</ele>
    <time>2026-05-14T09:50:52Z</time></trkpt>
    <trkpt lat="44.97431" lon="-107.65607">
      <ele>1520.0</ele>
    <time>2026-05-14T09:50:58Z</time></trkpt>
    <trkpt lat="44.97424" lon="-107.6563">
      <ele>1520.0</ele>
    <time>2026-05-14T09:51:07Z</time></trkpt>
    <trkpt lat="44.97416" lon="-107.65656">
      <ele>1520.416666667</ele>
    <time>2026-05-14T09:51:17Z</time></trkpt>
    <trkpt lat="44.9741" lon="-107.6568">
      <ele>1521.513532735</ele>
    <time>2026-05-14T09:51:26Z</time></trkpt>
    <trkpt lat="44.97399" lon="-107.65695">
      <ele>1523.30555552</ele>
    <time>2026-05-14T09:51:34Z</time></trkpt>
    <trkpt lat="44.97391" lon="-107.65701">
      <ele>1524.196919603</ele>
    <time>2026-05-14T09:51:38Z</time></trkpt>
    <trkpt lat="44.97382" lon="-107.65712">
      <ele>1526.577777754</ele>
    <time>2026-05-14T09:51:44Z</time></trkpt>
    <trkpt lat="44.97372" lon="-107.65717">
      <ele>1527.676940631</ele>
    <time>2026-05-14T09:51:50Z</time></trkpt>
    <trkpt lat="44.97358" lon="-107.65723">
      <ele>1529.129629628</ele>
    <time>2026-05-14T09:51:57Z</time></trkpt>
    <trkpt lat="44.97349" lon="-107.6572">
      <ele>1529.605855856</ele>
    <time>2026-05-14T09:52:02Z</time></trkpt>
    <trkpt lat="44.97334" lon="-107.65718">
      <ele>1529.861111111</ele>
    <time>2026-05-14T09:52:09Z</time></trkpt>
    <trkpt lat="44.97335" lon="-107.6572">
      <ele>1529.861111111</ele>
    <time>2026-05-14T09:52:10Z</time></trkpt>
    <trkpt lat="44.97327" lon="-107.65727">
      <ele>1532.49636092</ele>
    <time>2026-05-14T09:52:15Z</time></trkpt>
    <trkpt lat="44.97318" lon="-107.65733">
      <ele>1532.083333333</ele>
    <time>2026-05-14T09:52:20Z</time></trkpt>
    <trkpt lat="44.97301" lon="-107.6574">
      <ele>1537.531531514</ele>
    <time>2026-05-14T09:52:29Z</time></trkpt>
    <trkpt lat="44.97298" lon="-107.65759">
      <ele>1538.833333333</ele>
    <time>2026-05-14T09:52:36Z</time></trkpt>
    <trkpt lat="44.97286" lon="-107.65774">
      <ele>1542.246732023</ele>
    <time>2026-05-14T09:52:44Z</time></trkpt>
    <trkpt lat="44.97272" lon="-107.65778">
      <ele>1546.225490179</ele>
    <time>2026-05-14T09:52:51Z</time></trkpt>
    <trkpt lat="44.97258" lon="-107.65788">
      <ele>1548.762953363</ele>
    <time>2026-05-14T09:52:59Z</time></trkpt>
    <trkpt lat="44.97251" lon="-107.658">
      <ele>1550.032051273</ele>
    <time>2026-05-14T09:53:04Z</time></trkpt>
    <trkpt lat="44.97238" lon="-107.65819">
      <ele>1552.706456454</ele>
    <time>2026-05-14T09:53:14Z</time></trkpt>
    <trkpt lat="44.97226" lon="-107.65821">
      <ele>1554.548611111</ele>
    <time>2026-05-14T09:53:20Z</time></trkpt>
    <trkpt lat="44.97211" lon="-107.65821">
      <ele>1558.261111107</ele>
    <time>2026-05-14T09:53:27Z</time></trkpt>
    <trkpt lat="44.972" lon="-107.65823">
      <ele>1559.826388889</ele>
    <time>2026-05-14T09:53:33Z</time></trkpt>
    <trkpt lat="44.97184" lon="-107.65822">
      <ele>1562.092654732</ele>
    <time>2026-05-14T09:53:41Z</time></trkpt>
    <trkpt lat="44.97177" lon="-107.65832">
      <ele>1563.49924924</ele>
    <time>2026-05-14T09:53:46Z</time></trkpt>
    <trkpt lat="44.97169" lon="-107.65843">
      <ele>1566.36517615</ele>
    <time>2026-05-14T09:53:52Z</time></trkpt>
    <trkpt lat="44.9716" lon="-107.65842">
      <ele>1567.369281041</ele>
    <time>2026-05-14T09:53:56Z</time></trkpt>
    <trkpt lat="44.97147" lon="-107.65846">
      <ele>1569.214231341</ele>
    <time>2026-05-14T09:54:03Z</time></trkpt>
    <trkpt lat="44.97136" lon="-107.65851">
      <ele>1570.055031433</ele>
    <time>2026-05-14T09:54:09Z</time></trkpt>
    <trkpt lat="44.97127" lon="-107.65865">
      <ele>1572.152777744</ele>
    <time>2026-05-14T09:54:16Z</time></trkpt>
    <trkpt lat="44.97113" lon="-107.6588">
      <ele>1574.504273423</ele>
    <time>2026-05-14T09:54:24Z</time></trkpt>
    <trkpt lat="44.97104" lon="-107.65887">
      <ele>1576.344444401</ele>
    <time>2026-05-14T09:54:30Z</time></trkpt>
    <trkpt lat="44.97093" lon="-107.65901">
      <ele>1578.083333302</ele>
    <time>2026-05-14T09:54:37Z</time></trkpt>
    <trkpt lat="44.97082" lon="-107.65915">
      <ele>1579.291666645</ele>
    <time>2026-05-14T09:54:44Z</time></trkpt>
    <trkpt lat="44.9707" lon="-107.65931">
      <ele>1579.92353308</ele>
    <time>2026-05-14T09:54:53Z</time></trkpt>
    <trkpt lat="44.97052" lon="-107.65944">
      <ele>1580.0</ele>
    <time>2026-05-14T09:55:03Z</time></trkpt>
    <trkpt lat="44.97038" lon="-107.65957">
      <ele>1580.0</ele>
    <time>2026-05-14T09:55:11Z</time></trkpt>
    <trkpt lat="44.9703" lon="-107.6597">
      <ele>1580.0</ele>
    <time>2026-05-14T09:55:18Z</time></trkpt>
    <trkpt lat="44.97017" lon="-107.65982">
      <ele>1580.0</ele>
    <time>2026-05-14T09:55:25Z</time></trkpt>
    <trkpt lat="44.97008" lon="-107.65987">
      <ele>1580.0</ele>
    <time>2026-05-14T09:55:30Z</time></trkpt>
    <trkpt lat="44.96991" lon="-107.65999">
      <ele>1580.0</ele>
    <time>2026-05-14T09:55:40Z</time></trkpt>
    <trkpt lat="44.9698" lon="-107.65999">
      <ele>1580.0</ele>
    <time>2026-05-14T09:55:45Z</time></trkpt>
    <trkpt lat="44.9696" lon="-107.66002">
      <ele>1580.0</ele>
    <time>2026-05-14T09:55:56Z</time></trkpt>
    <trkpt lat="44.9695" lon="-107.66011">
      <ele>1580.0</ele>
    <time>2026-05-14T09:56:01Z</time></trkpt>
    <trkpt lat="44.96942" lon="-107.66032">
      <ele>1580.0</ele>
    <time>2026-05-14T09:56:10Z</time></trkpt>
    <trkpt lat="44.96933" lon="-107.66044">
      <ele>1580.0</ele>
    <time>2026-05-14T09:56:16Z</time></trkpt>
    <trkpt lat="44.9692" lon="-107.66057">
      <ele>1580.047892712</ele>
    <time>2026-05-14T09:56:24Z</time></trkpt>
    <trkpt lat="44.96912" lon="-107.66074">
      <ele>1580.560897401</ele>
    <time>2026-05-14T09:56:32Z</time></trkpt>
    <trkpt lat="44.96904" lon="-107.66086">
      <ele>1581.19538076</ele>
    <time>2026-05-14T09:56:37Z</time></trkpt>
    <trkpt lat="44.9689" lon="-107.66096">
      <ele>1582.559523768</ele>
    <time>2026-05-14T09:56:45Z</time></trkpt>
    <trkpt lat="44.96878" lon="-107.66108">
      <ele>1585.262172225</ele>
    <time>2026-05-14T09:56:53Z</time></trkpt>
    <trkpt lat="44.96863" lon="-107.66117">
      <ele>1587.822222154</ele>
    <time>2026-05-14T09:57:01Z</time></trkpt>
    <trkpt lat="44.96852" lon="-107.6613">
      <ele>1589.912015999</ele>
    <time>2026-05-14T09:57:08Z</time></trkpt>
    <trkpt lat="44.96842" lon="-107.66141">
      <ele>1591.067106644</ele>
    <time>2026-05-14T09:57:15Z</time></trkpt>
    <trkpt lat="44.96831" lon="-107.6615">
      <ele>1592.538461537</ele>
    <time>2026-05-14T09:57:21Z</time></trkpt>
    <trkpt lat="44.96817" lon="-107.66151">
      <ele>1594.982289155</ele>
    <time>2026-05-14T09:57:28Z</time></trkpt>
    <trkpt lat="44.9681" lon="-107.66161">
      <ele>1596.974999925</ele>
    <time>2026-05-14T09:57:33Z</time></trkpt>
    <trkpt lat="44.96798" lon="-107.66178">
      <ele>1599.615384577</ele>
    <time>2026-05-14T09:57:42Z</time></trkpt>
    <trkpt lat="44.96789" lon="-107.66184">
      <ele>1600.807692256</ele>
    <time>2026-05-14T09:57:47Z</time></trkpt>
    <trkpt lat="44.9678" lon="-107.66191">
      <ele>1602.142857091</ele>
    <time>2026-05-14T09:57:52Z</time></trkpt>
    <trkpt lat="44.96767" lon="-107.66205">
      <ele>1605.852359198</ele>
    <time>2026-05-14T09:58:00Z</time></trkpt>
    <trkpt lat="44.96749" lon="-107.66212">
      <ele>1607.977777754</ele>
    <time>2026-05-14T09:58:09Z</time></trkpt>
    <trkpt lat="44.96739" lon="-107.66217">
      <ele>1609.277777767</ele>
    <time>2026-05-14T09:58:15Z</time></trkpt>
    <trkpt lat="44.96724" lon="-107.66225">
      <ele>1611.311111088</ele>
    <time>2026-05-14T09:58:23Z</time></trkpt>
    <trkpt lat="44.96714" lon="-107.6623">
      <ele>1612.484276707</ele>
    <time>2026-05-14T09:58:28Z</time></trkpt>
    <trkpt lat="44.96705" lon="-107.66235">
      <ele>1613.414634089</ele>
    <time>2026-05-14T09:58:33Z</time></trkpt>
    <trkpt lat="44.96695" lon="-107.66243">
      <ele>1615.097869807</ele>
    <time>2026-05-14T09:58:39Z</time></trkpt>
    <trkpt lat="44.96683" lon="-107.6625">
      <ele>1616.684472869</ele>
    <time>2026-05-14T09:58:45Z</time></trkpt>
    <trkpt lat="44.96671" lon="-107.6627">
      <ele>1618.466666638</ele>
    <time>2026-05-14T09:58:55Z</time></trkpt>
    <trkpt lat="44.96663" lon="-107.66276">
      <ele>1619.333333326</ele>
    <time>2026-05-14T09:58:59Z</time></trkpt>
    <trkpt lat="44.96654" lon="-107.66279">
      <ele>1620.173220954</ele>
    <time>2026-05-14T09:59:04Z</time></trkpt>
    <trkpt lat="44.9664" lon="-107.66288">
      <ele>1621.903846153</ele>
    <time>2026-05-14T09:59:12Z</time></trkpt>
    <trkpt lat="44.96624" lon="-107.66289">
      <ele>1623.259803892</ele>
    <time>2026-05-14T09:59:20Z</time></trkpt>
    <trkpt lat="44.96614" lon="-107.66283">
      <ele>1624.673202531</ele>
    <time>2026-05-14T09:59:25Z</time></trkpt>
    <trkpt lat="44.966" lon="-107.66272">
      <ele>1627.382478605</ele>
    <time>2026-05-14T09:59:33Z</time></trkpt>
    <trkpt lat="44.96591" lon="-107.66266">
      <ele>1628.044871766</ele>
    <time>2026-05-14T09:59:38Z</time></trkpt>
    <trkpt lat="44.96584" lon="-107.66257">
      <ele>1628.662924566</ele>
    <time>2026-05-14T09:59:43Z</time></trkpt>
    <trkpt lat="44.96577" lon="-107.66245">
      <ele>1628.611111111</ele>
    <time>2026-05-14T09:59:49Z</time></trkpt>
    <trkpt lat="44.96573" lon="-107.66232">
      <ele>1629.638888878</ele>
    <time>2026-05-14T09:59:54Z</time></trkpt>
    <trkpt lat="44.96564" lon="-107.66219">
      <ele>1630.0</ele>
    <time>2026-05-14T10:00:00Z</time></trkpt>
    <trkpt lat="44.96554" lon="-107.66211">
      <ele>1630.081699346</ele>
    <time>2026-05-14T10:00:06Z</time></trkpt>
    <trkpt lat="44.96545" lon="-107.66209">
      <ele>1630.31862745</ele>
    <time>2026-05-14T10:00:11Z</time></trkpt>
    <trkpt lat="44.9653" lon="-107.66206">
      <ele>1631.108562686</ele>
    <time>2026-05-14T10:00:18Z</time></trkpt>
    <trkpt lat="44.9652" lon="-107.66203">
      <ele>1631.685393239</ele>
    <time>2026-05-14T10:00:23Z</time></trkpt>
    <trkpt lat="44.965" lon="-107.6619">
      <ele>1635.64316239</ele>
    <time>2026-05-14T10:00:34Z</time></trkpt>
    <trkpt lat="44.96487" lon="-107.66191">
      <ele>1638.384831425</ele>
    <time>2026-05-14T10:00:41Z</time></trkpt>
    <trkpt lat="44.96475" lon="-107.66184">
      <ele>1641.025474918</ele>
    <time>2026-05-14T10:00:48Z</time></trkpt>
    <trkpt lat="44.96463" lon="-107.66177">
      <ele>1642.809405939</ele>
    <time>2026-05-14T10:00:54Z</time></trkpt>
    <trkpt lat="44.96453" lon="-107.66176">
      <ele>1643.927392645</ele>
    <time>2026-05-14T10:00:59Z</time></trkpt>
    <trkpt lat="44.96444" lon="-107.66165">
      <ele>1646.716269789</ele>
    <time>2026-05-14T10:01:05Z</time></trkpt>
    <trkpt lat="44.96432" lon="-107.66152">
      <ele>1649.764150911</ele>
    <time>2026-05-14T10:01:13Z</time></trkpt>
    <trkpt lat="44.96423" lon="-107.66147">
      <ele>1650.972222173</ele>
    <time>2026-05-14T10:01:18Z</time></trkpt>
    <trkpt lat="44.96414" lon="-107.66139">
      <ele>1652.749999966</ele>
    <time>2026-05-14T10:01:23Z</time></trkpt>
    <trkpt lat="44.96404" lon="-107.66144">
      <ele>1654.558287794</ele>
    <time>2026-05-14T10:01:28Z</time></trkpt>
    <trkpt lat="44.96393" lon="-107.66143">
      <ele>1656.621260678</ele>
    <time>2026-05-14T10:01:34Z</time></trkpt>
    <trkpt lat="44.96383" lon="-107.66145">
      <ele>1657.741347904</ele>
    <time>2026-05-14T10:01:39Z</time></trkpt>
    <trkpt lat="44.96372" lon="-107.66146">
      <ele>1658.950617284</ele>
    <time>2026-05-14T10:01:44Z</time></trkpt>
    <trkpt lat="44.96363" lon="-107.66146">
      <ele>1659.972497248</ele>
    <time>2026-05-14T10:01:49Z</time></trkpt>
    <trkpt lat="44.96353" lon="-107.66145">
      <ele>1661.026709392</ele>
    <time>2026-05-14T10:01:54Z</time></trkpt>
    <trkpt lat="44.96342" lon="-107.66142">
      <ele>1662.103174556</ele>
    <time>2026-05-14T10:02:00Z</time></trkpt>
    <trkpt lat="44.96331" lon="-107.66131">
      <ele>1666.11111097</ele>
    <time>2026-05-14T10:02:07Z</time></trkpt>
    <trkpt lat="44.96318" lon="-107.66143">
      <ele>1670.291095868</ele>
    <time>2026-05-14T10:02:14Z</time></trkpt>
    <trkpt lat="44.96303" lon="-107.66136">
      <ele>1674.609885513</ele>
    <time>2026-05-14T10:02:22Z</time></trkpt>
    <trkpt lat="44.96293" lon="-107.66142">
      <ele>1677.86999089</ele>
    <time>2026-05-14T10:02:28Z</time></trkpt>
    <trkpt lat="44.96282" lon="-107.66141">
      <ele>1679.82253074</ele>
    <time>2026-05-14T10:02:33Z</time></trkpt>
    <trkpt lat="44.96273" lon="-107.66132">
      <ele>1682.765401537</ele>
    <time>2026-05-14T10:02:39Z</time></trkpt>
    <trkpt lat="44.96263" lon="-107.66133">
      <ele>1685.747961229</ele>
    <time>2026-05-14T10:02:44Z</time></trkpt>
    <trkpt lat="44.96253" lon="-107.66136">
      <ele>1689.030054642</ele>
    <time>2026-05-14T10:02:49Z</time></trkpt>
    <trkpt lat="44.96242" lon="-107.66135">
      <ele>1691.92307692</ele>
    <time>2026-05-14T10:02:55Z</time></trkpt>
    <trkpt lat="44.96224" lon="-107.66138">
      <ele>1697.241507366</ele>
    <time>2026-05-14T10:03:04Z</time></trkpt>
    <trkpt lat="44.96213" lon="-107.66144">
      <ele>1699.54999998</ele>
    <time>2026-05-14T10:03:10Z</time></trkpt>
    <trkpt lat="44.96202" lon="-107.66141">
      <ele>1702.818627417</ele>
    <time>2026-05-14T10:03:15Z</time></trkpt>
    <trkpt lat="44.9619" lon="-107.66144">
      <ele>1706.208745745</ele>
    <time>2026-05-14T10:03:21Z</time></trkpt>
    <trkpt lat="44.96179" lon="-107.66153">
      <ele>1709.652777409</ele>
    <time>2026-05-14T10:03:28Z</time></trkpt>
    <trkpt lat="44.96171" lon="-107.66163">
      <ele>1719.265873016</ele>
    <time>2026-05-14T10:03:33Z</time></trkpt>
    <trkpt lat="44.96169" lon="-107.66162">
      <ele>1713.611111111</ele>
    <time>2026-05-14T10:03:34Z</time></trkpt>
    <trkpt lat="44.9616" lon="-107.66171">
      <ele>1722.111111009</ele>
    <time>2026-05-14T10:03:40Z</time></trkpt>
    <trkpt lat="44.96148" lon="-107.66184">
      <ele>1723.660714269</ele>
    <time>2026-05-14T10:03:48Z</time></trkpt>
    <trkpt lat="44.96131" lon="-107.66181">
      <ele>1728.416132474</ele>
    <time>2026-05-14T10:03:56Z</time></trkpt>
    <trkpt lat="44.96121" lon="-107.66185">
      <ele>1730.38177339</ele>
    <time>2026-05-14T10:04:01Z</time></trkpt>
    <trkpt lat="44.96111" lon="-107.66193">
      <ele>1734.183006508</ele>
    <time>2026-05-14T10:04:07Z</time></trkpt>
    <trkpt lat="44.96099" lon="-107.66192">
      <ele>1737.0</ele>
    <time>2026-05-14T10:04:13Z</time></trkpt>
    <trkpt lat="44.9609" lon="-107.66202">
      <ele>1739.340277756</ele>
    <time>2026-05-14T10:04:19Z</time></trkpt>
    <trkpt lat="44.96085" lon="-107.66218">
      <ele>1741.18710691</ele>
    <time>2026-05-14T10:04:25Z</time></trkpt>
    <trkpt lat="44.96079" lon="-107.66233">
      <ele>1743.024691358</ele>
    <time>2026-05-14T10:04:31Z</time></trkpt>
    <trkpt lat="44.96078" lon="-107.66256">
      <ele>1746.229674806</ele>
    <time>2026-05-14T10:04:40Z</time></trkpt>
    <trkpt lat="44.96081" lon="-107.66275">
      <ele>1747.964601766</ele>
    <time>2026-05-14T10:04:47Z</time></trkpt>
    <trkpt lat="44.9608" lon="-107.6629">
      <ele>1748.842592592</ele>
    <time>2026-05-14T10:04:52Z</time></trkpt>
    <trkpt lat="44.96079" lon="-107.6631">
      <ele>1750.466666659</ele>
    <time>2026-05-14T10:04:59Z</time></trkpt>
    <trkpt lat="44.96077" lon="-107.66324">
      <ele>1750.416666667</ele>
    <time>2026-05-14T10:05:04Z</time></trkpt>
    <trkpt lat="44.96064" lon="-107.66341">
      <ele>1753.055555556</ele>
    <time>2026-05-14T10:05:13Z</time></trkpt>
    <trkpt lat="44.96049" lon="-107.66347">
      <ele>1756.944444444</ele>
    <time>2026-05-14T10:05:21Z</time></trkpt>
    <trkpt lat="44.96039" lon="-107.66349">
      <ele>1760.074786324</ele>
    <time>2026-05-14T10:05:26Z</time></trkpt>
    <trkpt lat="44.96029" lon="-107.6635">
      <ele>1761.81930693</ele>
    <time>2026-05-14T10:05:31Z</time></trkpt>
    <trkpt lat="44.96019" lon="-107.66353">
      <ele>1763.871049948</ele>
    <time>2026-05-14T10:05:36Z</time></trkpt>
    <trkpt lat="44.96004" lon="-107.66356">
      <ele>1769.379084966</ele>
    <time>2026-05-14T10:05:44Z</time></trkpt>
    <trkpt lat="44.95993" lon="-107.66356">
      <ele>1771.464646465</ele>
    <time>2026-05-14T10:05:49Z</time></trkpt>
    <trkpt lat="44.95981" lon="-107.66352">
      <ele>1776.319444424</ele>
    <time>2026-05-14T10:05:56Z</time></trkpt>
    <trkpt lat="44.95967" lon="-107.66355">
      <ele>1781.672222221</ele>
    <time>2026-05-14T10:06:03Z</time></trkpt>
    <trkpt lat="44.95958" lon="-107.66363">
      <ele>1781.805555556</ele>
    <time>2026-05-14T10:06:08Z</time></trkpt>
    <trkpt lat="44.95948" lon="-107.66365">
      <ele>1787.04594017</ele>
    <time>2026-05-14T10:06:13Z</time></trkpt>
    <trkpt lat="44.95939" lon="-107.66364">
      <ele>1788.602642275</ele>
    <time>2026-05-14T10:06:18Z</time></trkpt>
    <trkpt lat="44.95927" lon="-107.66359">
      <ele>1791.370370348</ele>
    <time>2026-05-14T10:06:24Z</time></trkpt>
    <trkpt lat="44.95917" lon="-107.6636">
      <ele>1793.403465346</ele>
    <time>2026-05-14T10:06:29Z</time></trkpt>
    <trkpt lat="44.95906" lon="-107.66362">
      <ele>1796.09</ele>
    <time>2026-05-14T10:06:35Z</time></trkpt>
    <trkpt lat="44.95895" lon="-107.66357">
      <ele>1798.103448266</ele>
    <time>2026-05-14T10:06:41Z</time></trkpt>
    <trkpt lat="44.95884" lon="-107.66357">
      <ele>1800.75</ele>
    <time>2026-05-14T10:06:46Z</time></trkpt>
    <trkpt lat="44.95871" lon="-107.66357">
      <ele>1803.333333333</ele>
    <time>2026-05-14T10:06:53Z</time></trkpt>
    <trkpt lat="44.95861" lon="-107.66355">
      <ele>1805.430021359</ele>
    <time>2026-05-14T10:06:58Z</time></trkpt>
    <trkpt lat="44.95852" lon="-107.66351">
      <ele>1806.786941562</ele>
    <time>2026-05-14T10:07:02Z</time></trkpt>
    <trkpt lat="44.95842" lon="-107.66346">
      <ele>1807.933333309</ele>
    <time>2026-05-14T10:07:08Z</time></trkpt>
    <trkpt lat="44.95832" lon="-107.66345">
      <ele>1809.169416941</ele>
    <time>2026-05-14T10:07:13Z</time></trkpt>
    <trkpt lat="44.9582" lon="-107.66347">
      <ele>1811.452991452</ele>
    <time>2026-05-14T10:07:19Z</time></trkpt>
    <trkpt lat="44.95809" lon="-107.66352">
      <ele>1812.777777778</ele>
    <time>2026-05-14T10:07:25Z</time></trkpt>
    <trkpt lat="44.95799" lon="-107.6636">
      <ele>1816.25</ele>
    <time>2026-05-14T10:07:31Z</time></trkpt>
    <trkpt lat="44.95786" lon="-107.66366">
      <ele>1818.75</ele>
    <time>2026-05-14T10:07:37Z</time></trkpt>
    <trkpt lat="44.95773" lon="-107.66369">
      <ele>1822.875375375</ele>
    <time>2026-05-14T10:07:44Z</time></trkpt>
    <trkpt lat="44.95761" lon="-107.66371">
      <ele>1827.638888888</ele>
    <time>2026-05-14T10:07:50Z</time></trkpt>
    <trkpt lat="44.95751" lon="-107.66378">
      <ele>1827.638888889</ele>
    <time>2026-05-14T10:07:56Z</time></trkpt>
    <trkpt lat="44.95741" lon="-107.66382">
      <ele>1829.583333333</ele>
    <time>2026-05-14T10:08:01Z</time></trkpt>
    <trkpt lat="44.95733" lon="-107.66387">
      <ele>1831.666666667</ele>
    <time>2026-05-14T10:08:05Z</time></trkpt>
    <trkpt lat="44.95724" lon="-107.66393">
      <ele>1833.888888889</ele>
    <time>2026-05-14T10:08:10Z</time></trkpt>
    <trkpt lat="44.95715" lon="-107.66397">
      <ele>1837.361111111</ele>
    <time>2026-05-14T10:08:15Z</time></trkpt>
    <trkpt lat="44.95705" lon="-107.66399">
      <ele>1843.506375074</ele>
    <time>2026-05-14T10:08:20Z</time></trkpt>
    <trkpt lat="44.95694" lon="-107.66411">
      <ele>1848.267973727</ele>
    <time>2026-05-14T10:08:27Z</time></trkpt>
    <trkpt lat="44.95688" lon="-107.66421">
      <ele>1847.638888889</ele>
    <time>2026-05-14T10:08:32Z</time></trkpt>
    <trkpt lat="44.95678" lon="-107.66428">
      <ele>1849.583333333</ele>
    <time>2026-05-14T10:08:38Z</time></trkpt>
    <trkpt lat="44.95661" lon="-107.66437">
      <ele>1856.527777778</ele>
    <time>2026-05-14T10:08:47Z</time></trkpt>
    <trkpt lat="44.95651" lon="-107.66442">
      <ele>1858.333333333</ele>
    <time>2026-05-14T10:08:52Z</time></trkpt>
    <trkpt lat="44.95639" lon="-107.66449">
      <ele>1861.666666667</ele>
    <time>2026-05-14T10:08:59Z</time></trkpt>
    <trkpt lat="44.95627" lon="-107.66449">
      <ele>1867.972222222</ele>
    <time>2026-05-14T10:09:05Z</time></trkpt>
    <trkpt lat="44.95617" lon="-107.66453">
      <ele>1868.333333333</ele>
    <time>2026-05-14T10:09:10Z</time></trkpt>
    <trkpt lat="44.95606" lon="-107.66457">
      <ele>1871.944444444</ele>
    <time>2026-05-14T10:09:16Z</time></trkpt>
    <trkpt lat="44.95593" lon="-107.6646">
      <ele>1879.104785478</ele>
    <time>2026-05-14T10:09:22Z</time></trkpt>
    <trkpt lat="44.95583" lon="-107.66461">
      <ele>1879.027777778</ele>
    <time>2026-05-14T10:09:27Z</time></trkpt>
    <trkpt lat="44.95572" lon="-107.66459">
      <ele>1882.79222222</ele>
    <time>2026-05-14T10:09:33Z</time></trkpt>
    <trkpt lat="44.95561" lon="-107.66454">
      <ele>1887.519157076</ele>
    <time>2026-05-14T10:09:39Z</time></trkpt>
    <trkpt lat="44.95551" lon="-107.66449">
      <ele>1889.572222199</ele>
    <time>2026-05-14T10:09:44Z</time></trkpt>
    <trkpt lat="44.95538" lon="-107.66442">
      <ele>1892.81848658</ele>
    <time>2026-05-14T10:09:51Z</time></trkpt>
    <trkpt lat="44.95528" lon="-107.66437">
      <ele>1895.499999971</ele>
    <time>2026-05-14T10:09:56Z</time></trkpt>
    <trkpt lat="44.95517" lon="-107.6643">
      <ele>1898.382352923</ele>
    <time>2026-05-14T10:10:02Z</time></trkpt>
    <trkpt lat="44.95503" lon="-107.66424">
      <ele>1901.298076922</ele>
    <time>2026-05-14T10:10:10Z</time></trkpt>
    <trkpt lat="44.95493" lon="-107.66422">
      <ele>1901.25</ele>
    <time>2026-05-14T10:10:15Z</time></trkpt>
    <trkpt lat="44.95481" lon="-107.66419">
      <ele>1906.134444444</ele>
    <time>2026-05-14T10:10:21Z</time></trkpt>
    <trkpt lat="44.9547" lon="-107.66417">
      <ele>1907.141666666</ele>
    <time>2026-05-14T10:10:27Z</time></trkpt>
    <trkpt lat="44.95456" lon="-107.66414">
      <ele>1909.086111111</ele>
    <time>2026-05-14T10:10:34Z</time></trkpt>
    <trkpt lat="44.95439" lon="-107.66411">
      <ele>1910.0</ele>
    <time>2026-05-14T10:10:42Z</time></trkpt>
    <trkpt lat="44.95427" lon="-107.66408">
      <ele>1912.955555555</ele>
    <time>2026-05-14T10:10:49Z</time></trkpt>
    <trkpt lat="44.95413" lon="-107.66406">
      <ele>1916.155555555</ele>
    <time>2026-05-14T10:10:56Z</time></trkpt>
    <trkpt lat="44.95401" lon="-107.66404">
      <ele>1918.183183182</ele>
    <time>2026-05-14T10:11:02Z</time></trkpt>
    <trkpt lat="44.95389" lon="-107.66401">
      <ele>1920.34188034</ele>
    <time>2026-05-14T10:11:08Z</time></trkpt>
    <trkpt lat="44.95376" lon="-107.66399">
      <ele>1922.616666665</ele>
    <time>2026-05-14T10:11:14Z</time></trkpt>
    <trkpt lat="44.95366" lon="-107.66397">
      <ele>1924.038461535</ele>
    <time>2026-05-14T10:11:20Z</time></trkpt>
    <trkpt lat="44.95353" lon="-107.66396">
      <ele>1928.217592592</ele>
    <time>2026-05-14T10:11:26Z</time></trkpt>
    <trkpt lat="44.95343" lon="-107.66392">
      <ele>1929.657567033</ele>
    <time>2026-05-14T10:11:31Z</time></trkpt>
    <trkpt lat="44.95333" lon="-107.6639">
      <ele>1931.263354697</ele>
    <time>2026-05-14T10:11:36Z</time></trkpt>
    <trkpt lat="44.95314" lon="-107.66385">
      <ele>1936.631944438</ele>
    <time>2026-05-14T10:11:46Z</time></trkpt>
    <trkpt lat="44.95302" lon="-107.66388">
      <ele>1938.888888876</ele>
    <time>2026-05-14T10:11:52Z</time></trkpt>
    <trkpt lat="44.9529" lon="-107.66397">
      <ele>1939.652777776</ele>
    <time>2026-05-14T10:11:59Z</time></trkpt>
    <trkpt lat="44.95275" lon="-107.66403">
      <ele>1940.080128202</ele>
    <time>2026-05-14T10:12:07Z</time></trkpt>
    <trkpt lat="44.95262" lon="-107.66411">
      <ele>1940.696721295</ele>
    <time>2026-05-14T10:12:14Z</time></trkpt>
    <trkpt lat="44.9525" lon="-107.66425">
      <ele>1941.798724932</ele>
    <time>2026-05-14T10:12:22Z</time></trkpt>
    <trkpt lat="44.95238" lon="-107.66436">
      <ele>1943.305555542</ele>
    <time>2026-05-14T10:12:29Z</time></trkpt>
    <trkpt lat="44.95223" lon="-107.66444">
      <ele>1946.559829037</ele>
    <time>2026-05-14T10:12:37Z</time></trkpt>
    <trkpt lat="44.9521" lon="-107.66452">
      <ele>1948.148148139</ele>
    <time>2026-05-14T10:12:44Z</time></trkpt>
    <trkpt lat="44.95195" lon="-107.66459">
      <ele>1949.270833331</ele>
    <time>2026-05-14T10:12:52Z</time></trkpt>
    <trkpt lat="44.95182" lon="-107.66463">
      <ele>1949.925925924</ele>
    <time>2026-05-14T10:12:59Z</time></trkpt>
    <trkpt lat="44.95167" lon="-107.6647">
      <ele>1950.0</ele>
    <time>2026-05-14T10:13:07Z</time></trkpt>
    <trkpt lat="44.95155" lon="-107.66474">
      <ele>1950.0</ele>
    <time>2026-05-14T10:13:13Z</time></trkpt>
    <trkpt lat="44.95136" lon="-107.66475">
      <ele>1950.0</ele>
    <time>2026-05-14T10:13:23Z</time></trkpt>
    <trkpt lat="44.95117" lon="-107.66477">
      <ele>1950.0</ele>
    <time>2026-05-14T10:13:32Z</time></trkpt>
    <trkpt lat="44.95096" lon="-107.66472">
      <ele>1950.0</ele>
    <time>2026-05-14T10:13:43Z</time></trkpt>
    <trkpt lat="44.95072" lon="-107.66469">
      <ele>1950.0</ele>
    <time>2026-05-14T10:13:55Z</time></trkpt>
    <trkpt lat="44.95055" lon="-107.66466">
      <ele>1950.0</ele>
    <time>2026-05-14T10:14:04Z</time></trkpt>
    <trkpt lat="44.95041" lon="-107.66465">
      <ele>1950.0</ele>
    <time>2026-05-14T10:14:11Z</time></trkpt>
    <trkpt lat="44.95025" lon="-107.66461">
      <ele>1950.0</ele>
    <time>2026-05-14T10:14:19Z</time></trkpt>
    <trkpt lat="44.95009" lon="-107.66452">
      <ele>1950.0</ele>
    <time>2026-05-14T10:14:28Z</time></trkpt>
    <trkpt lat="44.94998" lon="-107.66448">
      <ele>1950.0</ele>
    <time>2026-05-14T10:14:34Z</time></trkpt>
    <trkpt lat="44.94979" lon="-107.66438">
      <ele>1950.0</ele>
    <time>2026-05-14T10:14:44Z</time></trkpt>
    <trkpt lat="44.94966" lon="-107.66437">
      <ele>1950.0</ele>
    <time>2026-05-14T10:14:50Z</time></trkpt>
    <trkpt lat="44.94954" lon="-107.66442">
      <ele>1950.0</ele>
    <time>2026-05-14T10:14:57Z</time></trkpt>
    <trkpt lat="44.94956" lon="-107.6644">
      <ele>1950.0</ele>
    <time>2026-05-14T10:14:58Z</time></trkpt>
    <trkpt lat="44.94942" lon="-107.66442">
      <ele>1950.0</ele>
    <time>2026-05-14T10:15:05Z</time></trkpt>
    <trkpt lat="44.94929" lon="-107.66441">
      <ele>1950.0</ele>
    <time>2026-05-14T10:15:12Z</time></trkpt>
    <trkpt lat="44.94916" lon="-107.66441">
      <ele>1950.0</ele>
    <time>2026-05-14T10:15:18Z</time></trkpt>
    <trkpt lat="44.94897" lon="-107.66436">
      <ele>1950.0</ele>
    <time>2026-05-14T10:15:28Z</time></trkpt>
    <trkpt lat="44.94877" lon="-107.66431">
      <ele>1950.0</ele>
    <time>2026-05-14T10:15:38Z</time></trkpt>
    <trkpt lat="44.94859" lon="-107.66424">
      <ele>1950.0</ele>
    <time>2026-05-14T10:15:48Z</time></trkpt>
    <trkpt lat="44.94838" lon="-107.66416">
      <ele>1950.0</ele>
    <time>2026-05-14T10:15:58Z</time></trkpt>
    <trkpt lat="44.94818" lon="-107.6641">
      <ele>1950.0</ele>
    <time>2026-05-14T10:16:09Z</time></trkpt>
    <trkpt lat="44.94802" lon="-107.66411">
      <ele>1950.0</ele>
    <time>2026-05-14T10:16:17Z</time></trkpt>
    <trkpt lat="44.94791" lon="-107.66415">
      <ele>1950.0</ele>
    <time>2026-05-14T10:16:23Z</time></trkpt>
    <trkpt lat="44.94777" lon="-107.6643">
      <ele>1950.0</ele>
    <time>2026-05-14T10:16:31Z</time></trkpt>
    <trkpt lat="44.94766" lon="-107.66436">
      <ele>1950.0</ele>
    <time>2026-05-14T10:16:37Z</time></trkpt>
    <trkpt lat="44.94751" lon="-107.66441">
      <ele>1950.0</ele>
    <time>2026-05-14T10:16:45Z</time></trkpt>
    <trkpt lat="44.94739" lon="-107.66447">
      <ele>1950.0</ele>
    <time>2026-05-14T10:16:52Z</time></trkpt>
    <trkpt lat="44.94729" lon="-107.66445">
      <ele>1950.0</ele>
    <time>2026-05-14T10:16:57Z</time></trkpt>
    <trkpt lat="44.94719" lon="-107.66451">
      <ele>1950.138888889</ele>
    <time>2026-05-14T10:17:02Z</time></trkpt>
    <trkpt lat="44.94713" lon="-107.66471">
      <ele>1952.696540856</ele>
    <time>2026-05-14T10:17:10Z</time></trkpt>
    <trkpt lat="44.94705" lon="-107.66485">
      <ele>1955.436953693</ele>
    <time>2026-05-14T10:17:16Z</time></trkpt>
    <trkpt lat="44.94709" lon="-107.66512">
      <ele>1958.611111111</ele>
    <time>2026-05-14T10:17:26Z</time></trkpt>
    <trkpt lat="44.9471" lon="-107.66531">
      <ele>1959.583333333</ele>
    <time>2026-05-14T10:17:33Z</time></trkpt>
    <trkpt lat="44.94709" lon="-107.66544">
      <ele>1960.0</ele>
    <time>2026-05-14T10:17:38Z</time></trkpt>
    <trkpt lat="44.94704" lon="-107.6656">
      <ele>1960.0</ele>
    <time>2026-05-14T10:17:44Z</time></trkpt>
    <trkpt lat="44.947" lon="-107.66576">
      <ele>1960.0</ele>
    <time>2026-05-14T10:17:50Z</time></trkpt>
    <trkpt lat="44.94701" lon="-107.66589">
      <ele>1960.0</ele>
    <time>2026-05-14T10:17:55Z</time></trkpt>
    <trkpt lat="44.947" lon="-107.66603">
      <ele>1960.099206349</ele>
    <time>2026-05-14T10:18:00Z</time></trkpt>
    <trkpt lat="44.94695" lon="-107.66615">
      <ele>1960.138888889</ele>
    <time>2026-05-14T10:18:04Z</time></trkpt>
    <trkpt lat="44.94693" lon="-107.66635">
      <ele>1962.711111088</ele>
    <time>2026-05-14T10:18:12Z</time></trkpt>
    <trkpt lat="44.94685" lon="-107.66651">
      <ele>1966.055555354</ele>
    <time>2026-05-14T10:18:19Z</time></trkpt>
    <trkpt lat="44.94682" lon="-107.66664">
      <ele>1967.5</ele>
    <time>2026-05-14T10:18:24Z</time></trkpt>
    <trkpt lat="44.94679" lon="-107.66678">
      <ele>1970.833333333</ele>
    <time>2026-05-14T10:18:29Z</time></trkpt>
    <trkpt lat="44.9468" lon="-107.66691">
      <ele>1976.651960812</ele>
    <time>2026-05-14T10:18:33Z</time></trkpt>
    <trkpt lat="44.94671" lon="-107.667">
      <ele>1978.229166633</ele>
    <time>2026-05-14T10:18:39Z</time></trkpt>
    <trkpt lat="44.94673" lon="-107.66713">
      <ele>1982.5</ele>
    <time>2026-05-14T10:18:44Z</time></trkpt>
    <trkpt lat="44.94674" lon="-107.66731">
      <ele>1985.414389842</ele>
    <time>2026-05-14T10:18:50Z</time></trkpt>
    <trkpt lat="44.94668" lon="-107.66741">
      <ele>1986.79738559</ele>
    <time>2026-05-14T10:18:55Z</time></trkpt>
    <trkpt lat="44.94658" lon="-107.66745">
      <ele>1988.156130263</ele>
    <time>2026-05-14T10:19:00Z</time></trkpt>
    <trkpt lat="44.94649" lon="-107.66748">
      <ele>1989.138888888</ele>
    <time>2026-05-14T10:19:05Z</time></trkpt>
    <trkpt lat="44.94631" lon="-107.66747">
      <ele>1989.972222222</ele>
    <time>2026-05-14T10:19:14Z</time></trkpt>
    <trkpt lat="44.94615" lon="-107.66744">
      <ele>1989.935897436</ele>
    <time>2026-05-14T10:19:22Z</time></trkpt>
    <trkpt lat="44.94596" lon="-107.66755">
      <ele>1988.500000007</ele>
    <time>2026-05-14T10:19:32Z</time></trkpt>
    <trkpt lat="44.94574" lon="-107.66757">
      <ele>1983.365384618</ele>
    <time>2026-05-14T10:19:43Z</time></trkpt>
    <trkpt lat="44.94552" lon="-107.66759">
      <ele>1980.032051284</ele>
    <time>2026-05-14T10:19:55Z</time></trkpt>
    <trkpt lat="44.94536" lon="-107.66758">
      <ele>1977.416666667</ele>
    <time>2026-05-14T10:20:03Z</time></trkpt>
    <trkpt lat="44.94521" lon="-107.66762">
      <ele>1973.814102565</ele>
    <time>2026-05-14T10:20:10Z</time></trkpt>
    <trkpt lat="44.94511" lon="-107.66762">
      <ele>1971.805555556</ele>
    <time>2026-05-14T10:20:15Z</time></trkpt>
    <trkpt lat="44.94492" lon="-107.6676">
      <ele>1970.058760684</ele>
    <time>2026-05-14T10:20:25Z</time></trkpt>
    <trkpt lat="44.94472" lon="-107.66755">
      <ele>1970.0</ele>
    <time>2026-05-14T10:20:35Z</time></trkpt>
    <trkpt lat="44.94461" lon="-107.66752">
      <ele>1970.0</ele>
    <time>2026-05-14T10:20:41Z</time></trkpt>
    <trkpt lat="44.9445" lon="-107.66747">
      <ele>1970.0</ele>
    <time>2026-05-14T10:20:47Z</time></trkpt>
    <trkpt lat="44.94438" lon="-107.66744">
      <ele>1970.0</ele>
    <time>2026-05-14T10:20:53Z</time></trkpt>
    <trkpt lat="44.94423" lon="-107.66738">
      <ele>1970.0</ele>
    <time>2026-05-14T10:21:01Z</time></trkpt>
    <trkpt lat="44.94412" lon="-107.66737">
      <ele>1970.0</ele>
    <time>2026-05-14T10:21:06Z</time></trkpt>
    <trkpt lat="44.94401" lon="-107.66725">
      <ele>1970.138888889</ele>
    <time>2026-05-14T10:21:13Z</time></trkpt>
    <trkpt lat="44.94391" lon="-107.66725">
      <ele>1970.416666667</ele>
    <time>2026-05-14T10:21:18Z</time></trkpt>
    <trkpt lat="44.94377" lon="-107.66727">
      <ele>1972.211538461</ele>
    <time>2026-05-14T10:21:25Z</time></trkpt>
    <trkpt lat="44.94368" lon="-107.66722">
      <ele>1973.414634145</ele>
    <time>2026-05-14T10:21:30Z</time></trkpt>
    <trkpt lat="44.94356" lon="-107.66715">
      <ele>1977.083333333</ele>
    <time>2026-05-14T10:21:37Z</time></trkpt>
    <trkpt lat="44.94348" lon="-107.66709">
      <ele>1978.055555556</ele>
    <time>2026-05-14T10:21:41Z</time></trkpt>
    <trkpt lat="44.94339" lon="-107.66707">
      <ele>1980.0</ele>
    <time>2026-05-14T10:21:46Z</time></trkpt>
    <trkpt lat="44.9433" lon="-107.66703">
      <ele>1981.944444444</ele>
    <time>2026-05-14T10:21:51Z</time></trkpt>
    <trkpt lat="44.94312" lon="-107.66697">
      <ele>1987.95498084</ele>
    <time>2026-05-14T10:22:00Z</time></trkpt>
    <trkpt lat="44.94297" lon="-107.66694">
      <ele>1990.598290596</ele>
    <time>2026-05-14T10:22:08Z</time></trkpt>
    <trkpt lat="44.94283" lon="-107.66703">
      <ele>1993.033333326</ele>
    <time>2026-05-14T10:22:15Z</time></trkpt>
    <trkpt lat="44.9427" lon="-107.66714">
      <ele>1997.499999976</ele>
    <time>2026-05-14T10:22:23Z</time></trkpt>
    <trkpt lat="44.94255" lon="-107.66704">
      <ele>2001.666666667</ele>
    <time>2026-05-14T10:22:31Z</time></trkpt>
    <trkpt lat="44.94243" lon="-107.66704">
      <ele>2002.777777778</ele>
    <time>2026-05-14T10:22:37Z</time></trkpt>
    <trkpt lat="44.94235" lon="-107.66697">
      <ele>2006.388888889</ele>
    <time>2026-05-14T10:22:42Z</time></trkpt>
    <trkpt lat="44.94217" lon="-107.66688">
      <ele>2008.611111111</ele>
    <time>2026-05-14T10:24:52Z</time></trkpt>
    <trkpt lat="44.94208" lon="-107.66694">
      <ele>2009.166666667</ele>
    <time>2026-05-14T10:24:57Z</time></trkpt>
    <trkpt lat="44.94196" lon="-107.66695">
      <ele>2010.0</ele>
    <time>2026-05-14T10:25:03Z</time></trkpt>
    <trkpt lat="44.94186" lon="-107.66696">
      <ele>2010.0</ele>
    <time>2026-05-14T10:25:08Z</time></trkpt>
    <trkpt lat="44.94179" lon="-107.66678">
      <ele>2010.0</ele>
    <time>2026-05-14T10:25:15Z</time></trkpt>
    <trkpt lat="44.94174" lon="-107.66659">
      <ele>2010.0</ele>
    <time>2026-05-14T10:25:22Z</time></trkpt>
    <trkpt lat="44.94163" lon="-107.66657">
      <ele>2010.0</ele>
    <time>2026-05-14T10:25:28Z</time></trkpt>
    <trkpt lat="44.94158" lon="-107.66645">
      <ele>2009.166666667</ele>
    <time>2026-05-14T10:25:33Z</time></trkpt>
    <trkpt lat="44.94149" lon="-107.66643">
      <ele>2009.166666667</ele>
    <time>2026-05-14T10:25:38Z</time></trkpt>
    <trkpt lat="44.94138" lon="-107.66646">
      <ele>2007.97385621</ele>
    <time>2026-05-14T10:25:43Z</time></trkpt>
    <trkpt lat="44.94122" lon="-107.66658">
      <ele>2005.172222264</ele>
    <time>2026-05-14T10:25:52Z</time></trkpt>
    <trkpt lat="44.94105" lon="-107.66664">
      <ele>2000.718390808</ele>
    <time>2026-05-14T10:26:01Z</time></trkpt>
    <trkpt lat="44.9409" lon="-107.6666">
      <ele>1996.388888891</ele>
    <time>2026-05-14T10:26:09Z</time></trkpt>
    <trkpt lat="44.94072" lon="-107.66645">
      <ele>1997.916666667</ele>
    <time>2026-05-14T10:26:19Z</time></trkpt>
    <trkpt lat="44.94061" lon="-107.66641">
      <ele>1998.333333333</ele>
    <time>2026-05-14T10:26:25Z</time></trkpt>
    <trkpt lat="44.94049" lon="-107.66635">
      <ele>1999.166666667</ele>
    <time>2026-05-14T10:26:31Z</time></trkpt>
    <trkpt lat="44.94037" lon="-107.66622">
      <ele>2000.0</ele>
    <time>2026-05-14T10:26:39Z</time></trkpt>
    <trkpt lat="44.94025" lon="-107.66613">
      <ele>2000.416666667</ele>
    <time>2026-05-14T10:26:46Z</time></trkpt>
    <trkpt lat="44.94011" lon="-107.66598">
      <ele>2002.083333333</ele>
    <time>2026-05-14T10:26:55Z</time></trkpt>
    <trkpt lat="44.93995" lon="-107.66585">
      <ele>2006.111111111</ele>
    <time>2026-05-14T10:27:04Z</time></trkpt>
    <trkpt lat="44.93985" lon="-107.66582">
      <ele>2007.083333333</ele>
    <time>2026-05-14T10:27:09Z</time></trkpt>
    <trkpt lat="44.93973" lon="-107.6657">
      <ele>2009.583333333</ele>
    <time>2026-05-14T10:27:17Z</time></trkpt>
    <trkpt lat="44.93961" lon="-107.66562">
      <ele>2010.0</ele>
    <time>2026-05-14T10:27:23Z</time></trkpt>
    <trkpt lat="44.93951" lon="-107.66547">
      <ele>2010.0</ele>
    <time>2026-05-14T10:27:31Z</time></trkpt>
    <trkpt lat="44.9394" lon="-107.66539">
      <ele>2010.0</ele>
    <time>2026-05-14T10:27:37Z</time></trkpt>
    <trkpt lat="44.9393" lon="-107.66533">
      <ele>2010.416666667</ele>
    <time>2026-05-14T10:27:42Z</time></trkpt>
    <trkpt lat="44.9392" lon="-107.66527">
      <ele>2011.388888889</ele>
    <time>2026-05-14T10:27:48Z</time></trkpt>
    <trkpt lat="44.93903" lon="-107.6652">
      <ele>2013.888888889</ele>
    <time>2026-05-14T10:27:57Z</time></trkpt>
    <trkpt lat="44.93887" lon="-107.66515">
      <ele>2017.916666667</ele>
    <time>2026-05-14T10:28:05Z</time></trkpt>
    <trkpt lat="44.93877" lon="-107.66511">
      <ele>2018.611111111</ele>
    <time>2026-05-14T10:28:10Z</time></trkpt>
    <trkpt lat="44.93869" lon="-107.66506">
      <ele>2019.583333333</ele>
    <time>2026-05-14T10:28:15Z</time></trkpt>
    <trkpt lat="44.93854" lon="-107.66499">
      <ele>2020.13354701</ele>
    <time>2026-05-14T10:28:23Z</time></trkpt>
    <trkpt lat="44.93854" lon="-107.66498">
      <ele>2020.0</ele>
    <time>2026-05-14T10:28:23Z</time></trkpt>
    <trkpt lat="44.93842" lon="-107.66491">
      <ele>2020.337624192</ele>
    <time>2026-05-14T10:28:30Z</time></trkpt>
    <trkpt lat="44.93834" lon="-107.66477">
      <ele>2020.416666667</ele>
    <time>2026-05-14T10:28:36Z</time></trkpt>
    <trkpt lat="44.93824" lon="-107.66467">
      <ele>2022.026143782</ele>
    <time>2026-05-14T10:28:42Z</time></trkpt>
    <trkpt lat="44.93812" lon="-107.66456">
      <ele>2023.888888889</ele>
    <time>2026-05-14T10:28:49Z</time></trkpt>
    <trkpt lat="44.93804" lon="-107.66445">
      <ele>2027.860360349</ele>
    <time>2026-05-14T10:28:55Z</time></trkpt>
    <trkpt lat="44.93795" lon="-107.66434">
      <ele>2029.127450973</ele>
    <time>2026-05-14T10:29:01Z</time></trkpt>
    <trkpt lat="44.93784" lon="-107.66423">
      <ele>2029.824237947</ele>
    <time>2026-05-14T10:29:08Z</time></trkpt>
    <trkpt lat="44.93775" lon="-107.66415">
      <ele>2030.0</ele>
    <time>2026-05-14T10:29:13Z</time></trkpt>
    <trkpt lat="44.93764" lon="-107.66406">
      <ele>2030.0</ele>
    <time>2026-05-14T10:29:20Z</time></trkpt>
    <trkpt lat="44.93753" lon="-107.66381">
      <ele>2030.0</ele>
    <time>2026-05-14T10:29:30Z</time></trkpt>
    <trkpt lat="44.93753" lon="-107.66362">
      <ele>2030.0</ele>
    <time>2026-05-14T10:29:37Z</time></trkpt>
    <trkpt lat="44.93744" lon="-107.66339">
      <ele>2030.0</ele>
    <time>2026-05-14T10:29:46Z</time></trkpt>
    <trkpt lat="44.9374" lon="-107.66322">
      <ele>2030.0</ele>
    <time>2026-05-14T10:29:53Z</time></trkpt>
    <trkpt lat="44.93733" lon="-107.66304">
      <ele>2030.0</ele>
    <time>2026-05-14T10:30:00Z</time></trkpt>
    <trkpt lat="44.9373" lon="-107.66275">
      <ele>2028.573573571</ele>
    <time>2026-05-14T10:30:10Z</time></trkpt>
    <trkpt lat="44.93732" lon="-107.66257">
      <ele>2027.916666667</ele>
    <time>2026-05-14T10:30:17Z</time></trkpt>
    <trkpt lat="44.93729" lon="-107.66242">
      <ele>2023.941176479</ele>
    <time>2026-05-14T10:30:22Z</time></trkpt>
    <trkpt lat="44.9373" lon="-107.66226">
      <ele>2022.916666667</ele>
    <time>2026-05-14T10:30:28Z</time></trkpt>
    <trkpt lat="44.93729" lon="-107.66204">
      <ele>2020.37037037</ele>
    <time>2026-05-14T10:30:36Z</time></trkpt>
    <trkpt lat="44.93729" lon="-107.66187">
      <ele>2020.0</ele>
    <time>2026-05-14T10:30:42Z</time></trkpt>
    <trkpt lat="44.93728" lon="-107.66169">
      <ele>2020.0</ele>
    <time>2026-05-14T10:30:49Z</time></trkpt>
    <trkpt lat="44.93731" lon="-107.66146">
      <ele>2020.0</ele>
    <time>2026-05-14T10:30:57Z</time></trkpt>
    <trkpt lat="44.93731" lon="-107.66132">
      <ele>2020.0</ele>
    <time>2026-05-14T10:31:02Z</time></trkpt>
    <trkpt lat="44.93734" lon="-107.6611">
      <ele>2020.0</ele>
    <time>2026-05-14T10:31:10Z</time></trkpt>
    <trkpt lat="44.93731" lon="-107.66095">
      <ele>2020.0</ele>
    <time>2026-05-14T10:31:15Z</time></trkpt>
    <trkpt lat="44.9373" lon="-107.66082">
      <ele>2020.0</ele>
    <time>2026-05-14T10:31:20Z</time></trkpt>
    <trkpt lat="44.93727" lon="-107.66066">
      <ele>2020.0</ele>
    <time>2026-05-14T10:31:26Z</time></trkpt>
    <trkpt lat="44.93721" lon="-107.66046">
      <ele>2020.0</ele>
    <time>2026-05-14T10:31:34Z</time></trkpt>
    <trkpt lat="44.93714" lon="-107.66021">
      <ele>2020.416666667</ele>
    <time>2026-05-14T10:31:43Z</time></trkpt>
    <trkpt lat="44.93705" lon="-107.66008">
      <ele>2021.388888889</ele>
    <time>2026-05-14T10:31:50Z</time></trkpt>
    <trkpt lat="44.9369" lon="-107.65991">
      <ele>2027.385057435</ele>
    <time>2026-05-14T10:31:59Z</time></trkpt>
    <trkpt lat="44.93685" lon="-107.65979">
      <ele>2029.042792777</ele>
    <time>2026-05-14T10:32:04Z</time></trkpt>
    <trkpt lat="44.93682" lon="-107.65967">
      <ele>2030.567931783</ele>
    <time>2026-05-14T10:32:09Z</time></trkpt>
    <trkpt lat="44.9368" lon="-107.65951">
      <ele>2031.910919527</ele>
    <time>2026-05-14T10:32:15Z</time></trkpt>
    <trkpt lat="44.9367" lon="-107.6593">
      <ele>2034.27148846</ele>
    <time>2026-05-14T10:32:24Z</time></trkpt>
    <trkpt lat="44.93667" lon="-107.65916">
      <ele>2033.935185254</ele>
    <time>2026-05-14T10:32:29Z</time></trkpt>
    <trkpt lat="44.93662" lon="-107.65901">
      <ele>2032.650000017</ele>
    <time>2026-05-14T10:32:35Z</time></trkpt>
    <trkpt lat="44.93652" lon="-107.65889">
      <ele>2032.600229043</ele>
    <time>2026-05-14T10:32:42Z</time></trkpt>
    <trkpt lat="44.93645" lon="-107.65874">
      <ele>2033.055555556</ele>
    <time>2026-05-14T10:32:48Z</time></trkpt>
    <trkpt lat="44.93634" lon="-107.65874">
      <ele>2031.111111111</ele>
    <time>2026-05-14T10:32:53Z</time></trkpt>
    <trkpt lat="44.9362" lon="-107.65857">
      <ele>2033.680555519</ele>
    <time>2026-05-14T10:33:03Z</time></trkpt>
    <trkpt lat="44.93613" lon="-107.65843">
      <ele>2037.283333322</ele>
    <time>2026-05-14T10:33:09Z</time></trkpt>
    <trkpt lat="44.93607" lon="-107.65833">
      <ele>2037.916666667</ele>
    <time>2026-05-14T10:33:14Z</time></trkpt>
    <trkpt lat="44.93592" lon="-107.65822">
      <ele>2039.874999987</ele>
    <time>2026-05-14T10:33:22Z</time></trkpt>
    <trkpt lat="44.9358" lon="-107.65813">
      <ele>2040.961538443</ele>
    <time>2026-05-14T10:33:29Z</time></trkpt>
    <trkpt lat="44.93569" lon="-107.65798">
      <ele>2043.14542481</ele>
    <time>2026-05-14T10:33:37Z</time></trkpt>
    <trkpt lat="44.93556" lon="-107.65776">
      <ele>2047.638888838</ele>
    <time>2026-05-14T10:33:47Z</time></trkpt>
    <trkpt lat="44.93547" lon="-107.65763">
      <ele>2049.121129318</ele>
    <time>2026-05-14T10:33:53Z</time></trkpt>
    <trkpt lat="44.93538" lon="-107.65753">
      <ele>2049.839743589</ele>
    <time>2026-05-14T10:33:59Z</time></trkpt>
    <trkpt lat="44.93522" lon="-107.6575">
      <ele>2050.0</ele>
    <time>2026-05-14T10:34:07Z</time></trkpt>
    <trkpt lat="44.93508" lon="-107.65738">
      <ele>2050.0</ele>
    <time>2026-05-14T10:34:16Z</time></trkpt>
    <trkpt lat="44.93497" lon="-107.65732">
      <ele>2050.0</ele>
    <time>2026-05-14T10:34:21Z</time></trkpt>
    <trkpt lat="44.93492" lon="-107.6572">
      <ele>2050.317460304</ele>
    <time>2026-05-14T10:34:26Z</time></trkpt>
    <trkpt lat="44.93482" lon="-107.65709">
      <ele>2050.833333333</ele>
    <time>2026-05-14T10:34:33Z</time></trkpt>
    <trkpt lat="44.9347" lon="-107.657">
      <ele>2052.916666667</ele>
    <time>2026-05-14T10:34:40Z</time></trkpt>
    <trkpt lat="44.9346" lon="-107.65702">
      <ele>2052.916666667</ele>
    <time>2026-05-14T10:34:45Z</time></trkpt>
    <trkpt lat="44.93451" lon="-107.65709">
      <ele>2059.305555556</ele>
    <time>2026-05-14T10:34:50Z</time></trkpt>
    <trkpt lat="44.93436" lon="-107.65715">
      <ele>2063.784722222</ele>
    <time>2026-05-14T10:34:58Z</time></trkpt>
    <trkpt lat="44.93423" lon="-107.65716">
      <ele>2063.472222222</ele>
    <time>2026-05-14T10:35:04Z</time></trkpt>
    <trkpt lat="44.93415" lon="-107.65725">
      <ele>2068.611111111</ele>
    <time>2026-05-14T10:35:09Z</time></trkpt>
    <trkpt lat="44.93406" lon="-107.65722">
      <ele>2070.018768769</ele>
    <time>2026-05-14T10:35:14Z</time></trkpt>
    <trkpt lat="44.93396" lon="-107.65724">
      <ele>2070.694444444</ele>
    <time>2026-05-14T10:35:19Z</time></trkpt>
    <trkpt lat="44.93386" lon="-107.65725">
      <ele>2073.11111111</ele>
    <time>2026-05-14T10:35:24Z</time></trkpt>
    <trkpt lat="44.93374" lon="-107.65724">
      <ele>2076.961805543</ele>
    <time>2026-05-14T10:35:30Z</time></trkpt>
    <trkpt lat="44.93358" lon="-107.65709">
      <ele>2079.434865893</ele>
    <time>2026-05-14T10:35:40Z</time></trkpt>
    <trkpt lat="44.93347" lon="-107.65704">
      <ele>2080.546192244</ele>
    <time>2026-05-14T10:35:46Z</time></trkpt>
    <trkpt lat="44.93335" lon="-107.65697">
      <ele>2082.083333333</ele>
    <time>2026-05-14T10:35:52Z</time></trkpt>
    <trkpt lat="44.93327" lon="-107.65679">
      <ele>2085.355555433</ele>
    <time>2026-05-14T10:36:00Z</time></trkpt>
    <trkpt lat="44.93318" lon="-107.65667">
      <ele>2087.499999937</ele>
    <time>2026-05-14T10:36:06Z</time></trkpt>
    <trkpt lat="44.9331" lon="-107.65652">
      <ele>2088.860856239</ele>
    <time>2026-05-14T10:36:13Z</time></trkpt>
    <trkpt lat="44.93306" lon="-107.65636">
      <ele>2089.787037028</ele>
    <time>2026-05-14T10:36:19Z</time></trkpt>
    <trkpt lat="44.93301" lon="-107.65625">
      <ele>2090.0</ele>
    <time>2026-05-14T10:36:24Z</time></trkpt>
    <trkpt lat="44.93295" lon="-107.65606">
      <ele>2090.0</ele>
    <time>2026-05-14T10:36:31Z</time></trkpt>
    <trkpt lat="44.93284" lon="-107.65588">
      <ele>2090.0</ele>
    <time>2026-05-14T10:36:40Z</time></trkpt>
    <trkpt lat="44.93279" lon="-107.65567">
      <ele>2090.0</ele>
    <time>2026-05-14T10:36:47Z</time></trkpt>
    <trkpt lat="44.93272" lon="-107.65555">
      <ele>2090.0</ele>
    <time>2026-05-14T10:36:53Z</time></trkpt>
    <trkpt lat="44.93261" lon="-107.65543">
      <ele>2090.0</ele>
    <time>2026-05-14T10:37:00Z</time></trkpt>
    <trkpt lat="44.93251" lon="-107.65534">
      <ele>2090.0</ele>
    <time>2026-05-14T10:37:06Z</time></trkpt>
    <trkpt lat="44.93236" lon="-107.65514">
      <ele>2091.307189532</ele>
    <time>2026-05-14T10:37:16Z</time></trkpt>
    <trkpt lat="44.93225" lon="-107.65492">
      <ele>2095.999999985</ele>
    <time>2026-05-14T10:37:26Z</time></trkpt>
    <trkpt lat="44.93218" lon="-107.65471">
      <ele>2097.916666667</ele>
    <time>2026-05-14T10:37:34Z</time></trkpt>
    <trkpt lat="44.93212" lon="-107.65448">
      <ele>2099.873366011</ele>
    <time>2026-05-14T10:37:43Z</time></trkpt>
    <trkpt lat="44.93208" lon="-107.65428">
      <ele>2100.0</ele>
    <time>2026-05-14T10:37:50Z</time></trkpt>
    <trkpt lat="44.93203" lon="-107.65408">
      <ele>2100.0</ele>
    <time>2026-05-14T10:37:58Z</time></trkpt>
    <trkpt lat="44.93197" lon="-107.65393">
      <ele>2100.0</ele>
    <time>2026-05-14T10:38:04Z</time></trkpt>
    <trkpt lat="44.9319" lon="-107.65378">
      <ele>2100.0</ele>
    <time>2026-05-14T10:38:10Z</time></trkpt>
    <trkpt lat="44.93187" lon="-107.65364">
      <ele>2100.0</ele>
    <time>2026-05-14T10:38:16Z</time></trkpt>
    <trkpt lat="44.93168" lon="-107.6536">
      <ele>2099.583333333</ele>
    <time>2026-05-14T10:38:25Z</time></trkpt>
    <trkpt lat="44.93157" lon="-107.65362">
      <ele>2099.166666667</ele>
    <time>2026-05-14T10:38:31Z</time></trkpt>
    <trkpt lat="44.93148" lon="-107.65365">
      <ele>2097.777777778</ele>
    <time>2026-05-14T10:38:36Z</time></trkpt>
    <trkpt lat="44.93125" lon="-107.65357">
      <ele>2099.75</ele>
    <time>2026-05-14T10:38:48Z</time></trkpt>
    <trkpt lat="44.93116" lon="-107.65357">
      <ele>2100.726495726</ele>
    <time>2026-05-14T10:38:52Z</time></trkpt>
    <trkpt lat="44.93103" lon="-107.65354">
      <ele>2100.833333333</ele>
    <time>2026-05-14T10:38:59Z</time></trkpt>
    <trkpt lat="44.9309" lon="-107.65358">
      <ele>2102.916666667</ele>
    <time>2026-05-14T10:39:05Z</time></trkpt>
    <trkpt lat="44.93078" lon="-107.6535">
      <ele>2106.111111111</ele>
    <time>2026-05-14T10:39:12Z</time></trkpt>
    <trkpt lat="44.93063" lon="-107.65339">
      <ele>2108.611111111</ele>
    <time>2026-05-14T10:39:21Z</time></trkpt>
    <trkpt lat="44.93051" lon="-107.65328">
      <ele>2110.0</ele>
    <time>2026-05-14T10:39:28Z</time></trkpt>
    <trkpt lat="44.93044" lon="-107.65312">
      <ele>2110.0</ele>
    <time>2026-05-14T10:39:35Z</time></trkpt>
    <trkpt lat="44.93036" lon="-107.65296">
      <ele>2112.969109975</ele>
    <time>2026-05-14T10:39:42Z</time></trkpt>
    <trkpt lat="44.93033" lon="-107.65293">
      <ele>2110.0</ele>
    <time>2026-05-14T10:39:43Z</time></trkpt>
    <trkpt lat="44.93021" lon="-107.65286">
      <ele>2117.271762158</ele>
    <time>2026-05-14T10:39:50Z</time></trkpt>
    <trkpt lat="44.93007" lon="-107.65291">
      <ele>2118.333333333</ele>
    <time>2026-05-14T10:39:57Z</time></trkpt>
    <trkpt lat="44.92995" lon="-107.65294">
      <ele>2119.916666667</ele>
    <time>2026-05-14T10:40:03Z</time></trkpt>
    <trkpt lat="44.92981" lon="-107.6529">
      <ele>2121.150793651</ele>
    <time>2026-05-14T10:40:11Z</time></trkpt>
    <trkpt lat="44.92967" lon="-107.65283">
      <ele>2125.756704975</ele>
    <time>2026-05-14T10:40:18Z</time></trkpt>
    <trkpt lat="44.92947" lon="-107.65282">
      <ele>2127.12962963</ele>
    <time>2026-05-14T10:40:28Z</time></trkpt>
    <trkpt lat="44.92929" lon="-107.65284">
      <ele>2124.49786325</ele>
    <time>2026-05-14T10:40:37Z</time></trkpt>
    <trkpt lat="44.92914" lon="-107.6529">
      <ele>2121.80555556</ele>
    <time>2026-05-14T10:40:45Z</time></trkpt>
    <trkpt lat="44.92902" lon="-107.65276">
      <ele>2120.416666667</ele>
    <time>2026-05-14T10:40:53Z</time></trkpt>
    <trkpt lat="44.92891" lon="-107.65262">
      <ele>2118.624661249</ele>
    <time>2026-05-14T10:41:00Z</time></trkpt>
    <trkpt lat="44.92883" lon="-107.65248">
      <ele>2117.916666667</ele>
    <time>2026-05-14T10:41:07Z</time></trkpt>
    <trkpt lat="44.92875" lon="-107.65236">
      <ele>2116.111111111</ele>
    <time>2026-05-14T10:41:13Z</time></trkpt>
    <trkpt lat="44.92867" lon="-107.65209">
      <ele>2110.541666679</ele>
    <time>2026-05-14T10:41:23Z</time></trkpt>
    <trkpt lat="44.92861" lon="-107.65188">
      <ele>2110.0</ele>
    <time>2026-05-14T10:41:31Z</time></trkpt>
    <trkpt lat="44.92859" lon="-107.65174">
      <ele>2110.0</ele>
    <time>2026-05-14T10:41:36Z</time></trkpt>
    <trkpt lat="44.9286" lon="-107.65145">
      <ele>2110.0</ele>
    <time>2026-05-14T10:41:47Z</time></trkpt>
    <trkpt lat="44.92857" lon="-107.65119">
      <ele>2110.0</ele>
    <time>2026-05-14T10:41:56Z</time></trkpt>
    <trkpt lat="44.92857" lon="-107.65103">
      <ele>2110.0</ele>
    <time>2026-05-14T10:42:02Z</time></trkpt>
    <trkpt lat="44.92851" lon="-107.65087">
      <ele>2110.0</ele>
    <time>2026-05-14T10:42:08Z</time></trkpt>
    <trkpt lat="44.92851" lon="-107.65074">
      <ele>2110.0</ele>
    <time>2026-05-14T10:42:13Z</time></trkpt>
    <trkpt lat="44.92855" lon="-107.65056">
      <ele>2110.0</ele>
    <time>2026-05-14T10:42:20Z</time></trkpt>
    <trkpt lat="44.92859" lon="-107.65034">
      <ele>2110.0</ele>
    <time>2026-05-14T10:42:28Z</time></trkpt>
    <trkpt lat="44.92861" lon="-107.65007">
      <ele>2110.0</ele>
    <time>2026-05-14T10:42:37Z</time></trkpt>
    <trkpt lat="44.92861" lon="-107.64986">
      <ele>2110.0</ele>
    <time>2026-05-14T10:42:45Z</time></trkpt>
    <trkpt lat="44.92858" lon="-107.64964">
      <ele>2110.0</ele>
    <time>2026-05-14T10:42:53Z</time></trkpt>
    <trkpt lat="44.92859" lon="-107.6494">
      <ele>2109.662698413</ele>
    <time>2026-05-14T10:43:01Z</time></trkpt>
    <trkpt lat="44.92858" lon="-107.64919">
      <ele>2108.229166691</ele>
    <time>2026-05-14T10:43:09Z</time></trkpt>
    <trkpt lat="44.9285" lon="-107.64898">
      <ele>2107.083333333</ele>
    <time>2026-05-14T10:43:17Z</time></trkpt>
    <trkpt lat="44.92831" lon="-107.64885">
      <ele>2101.029411784</ele>
    <time>2026-05-14T10:43:28Z</time></trkpt>
    <trkpt lat="44.92823" lon="-107.64872">
      <ele>2100.152439039</ele>
    <time>2026-05-14T10:43:34Z</time></trkpt>
    <trkpt lat="44.92812" lon="-107.64858">
      <ele>2098.888888905</ele>
    <time>2026-05-14T10:43:42Z</time></trkpt>
    <trkpt lat="44.92801" lon="-107.64845">
      <ele>2097.254901981</ele>
    <time>2026-05-14T10:43:49Z</time></trkpt>
    <trkpt lat="44.92794" lon="-107.64834">
      <ele>2094.701897098</ele>
    <time>2026-05-14T10:43:54Z</time></trkpt>
    <trkpt lat="44.92781" lon="-107.64817">
      <ele>2092.916666667</ele>
    <time>2026-05-14T10:44:03Z</time></trkpt>
    <trkpt lat="44.92769" lon="-107.64802">
      <ele>2091.666666667</ele>
    <time>2026-05-14T10:44:11Z</time></trkpt>
    <trkpt lat="44.92759" lon="-107.6479">
      <ele>2092.222222222</ele>
    <time>2026-05-14T10:44:18Z</time></trkpt>
    <trkpt lat="44.92748" lon="-107.64781">
      <ele>2093.75</ele>
    <time>2026-05-14T10:44:24Z</time></trkpt>
    <trkpt lat="44.92733" lon="-107.64769">
      <ele>2096.527777778</ele>
    <time>2026-05-14T10:44:33Z</time></trkpt>
    <trkpt lat="44.92718" lon="-107.64762">
      <ele>2095.694444444</ele>
    <time>2026-05-14T10:44:41Z</time></trkpt>
    <trkpt lat="44.92706" lon="-107.64753">
      <ele>2091.593137277</ele>
    <time>2026-05-14T10:44:48Z</time></trkpt>
    <trkpt lat="44.92692" lon="-107.64733">
      <ele>2090.016339871</ele>
    <time>2026-05-14T10:44:58Z</time></trkpt>
    <trkpt lat="44.92681" lon="-107.64717">
      <ele>2090.0</ele>
    <time>2026-05-14T10:45:06Z</time></trkpt>
    <trkpt lat="44.92672" lon="-107.64707">
      <ele>2090.0</ele>
    <time>2026-05-14T10:45:11Z</time></trkpt>
    <trkpt lat="44.9266" lon="-107.64692">
      <ele>2090.0</ele>
    <time>2026-05-14T10:45:20Z</time></trkpt>
    <trkpt lat="44.92652" lon="-107.64681">
      <ele>2090.0</ele>
    <time>2026-05-14T10:45:25Z</time></trkpt>
    <trkpt lat="44.92647" lon="-107.64668">
      <ele>2090.0</ele>
    <time>2026-05-14T10:45:30Z</time></trkpt>
    <trkpt lat="44.92639" lon="-107.64655">
      <ele>2090.0</ele>
    <time>2026-05-14T10:45:37Z</time></trkpt>
    <trkpt lat="44.92625" lon="-107.6464">
      <ele>2090.0</ele>
    <time>2026-05-14T10:45:45Z</time></trkpt>
    <trkpt lat="44.92613" lon="-107.64625">
      <ele>2090.0</ele>
    <time>2026-05-14T10:45:53Z</time></trkpt>
    <trkpt lat="44.92599" lon="-107.64611">
      <ele>2090.0</ele>
    <time>2026-05-14T10:46:02Z</time></trkpt>
    <trkpt lat="44.92582" lon="-107.64598">
      <ele>2090.0</ele>
    <time>2026-05-14T10:46:12Z</time></trkpt>
    <trkpt lat="44.92571" lon="-107.64587">
      <ele>2090.0</ele>
    <time>2026-05-14T10:46:19Z</time></trkpt>
    <trkpt lat="44.92554" lon="-107.64591">
      <ele>2090.0</ele>
    <time>2026-05-14T10:46:27Z</time></trkpt>
    <trkpt lat="44.92539" lon="-107.64593">
      <ele>2090.0</ele>
    <time>2026-05-14T10:46:35Z</time></trkpt>
    <trkpt lat="44.92522" lon="-107.64583">
      <ele>2090.0</ele>
    <time>2026-05-14T10:46:44Z</time></trkpt>
    <trkpt lat="44.92508" lon="-107.64572">
      <ele>2090.0</ele>
    <time>2026-05-14T10:46:52Z</time></trkpt>
    <trkpt lat="44.92493" lon="-107.64565">
      <ele>2090.0</ele>
    <time>2026-05-14T10:47:00Z</time></trkpt>
    <trkpt lat="44.92481" lon="-107.64549">
      <ele>2090.0</ele>
    <time>2026-05-14T10:47:09Z</time></trkpt>
    <trkpt lat="44.92469" lon="-107.64534">
      <ele>2090.0</ele>
    <time>2026-05-14T10:47:17Z</time></trkpt>
    <trkpt lat="44.9246" lon="-107.64521">
      <ele>2090.0</ele>
    <time>2026-05-14T10:47:23Z</time></trkpt>
    <trkpt lat="44.92453" lon="-107.64512">
      <ele>2090.0</ele>
    <time>2026-05-14T10:47:28Z</time></trkpt>
    <trkpt lat="44.92438" lon="-107.64498">
      <ele>2090.0</ele>
    <time>2026-05-14T10:47:37Z</time></trkpt>
    <trkpt lat="44.92425" lon="-107.6449">
      <ele>2090.0</ele>
    <time>2026-05-14T10:47:44Z</time></trkpt>
    <trkpt lat="44.92413" lon="-107.64482">
      <ele>2090.0</ele>
    <time>2026-05-14T10:47:51Z</time></trkpt>
    <trkpt lat="44.92404" lon="-107.64473">
      <ele>2090.138888889</ele>
    <time>2026-05-14T10:47:56Z</time></trkpt>
    <trkpt lat="44.9239" lon="-107.64464">
      <ele>2092.348856184</ele>
    <time>2026-05-14T10:48:04Z</time></trkpt>
    <trkpt lat="44.92383" lon="-107.64454">
      <ele>2094.088753325</ele>
    <time>2026-05-14T10:48:09Z</time></trkpt>
    <trkpt lat="44.92373" lon="-107.6444">
      <ele>2095.798611114</ele>
    <time>2026-05-14T10:48:16Z</time></trkpt>
    <trkpt lat="44.92365" lon="-107.64432">
      <ele>2094.826388928</ele>
    <time>2026-05-14T10:48:21Z</time></trkpt>
    <trkpt lat="44.92352" lon="-107.64416">
      <ele>2092.777777778</ele>
    <time>2026-05-14T10:48:30Z</time></trkpt>
    <trkpt lat="44.92342" lon="-107.64404">
      <ele>2091.388888889</ele>
    <time>2026-05-14T10:48:36Z</time></trkpt>
    <trkpt lat="44.92332" lon="-107.64395">
      <ele>2090.416666667</ele>
    <time>2026-05-14T10:48:42Z</time></trkpt>
    <trkpt lat="44.92322" lon="-107.64379">
      <ele>2090.0</ele>
    <time>2026-05-14T10:48:50Z</time></trkpt>
    <trkpt lat="44.92315" lon="-107.64361">
      <ele>2090.453431367</ele>
    <time>2026-05-14T10:48:57Z</time></trkpt>
    <trkpt lat="44.92305" lon="-107.64344">
      <ele>2091.388888889</ele>
    <time>2026-05-14T10:49:05Z</time></trkpt>
    <trkpt lat="44.92292" lon="-107.64336">
      <ele>2094.444444396</ele>
    <time>2026-05-14T10:49:12Z</time></trkpt>
    <trkpt lat="44.92272" lon="-107.64319">
      <ele>2098.656862738</ele>
    <time>2026-05-14T10:49:24Z</time></trkpt>
    <trkpt lat="44.92261" lon="-107.64309">
      <ele>2099.607843136</ele>
    <time>2026-05-14T10:49:31Z</time></trkpt>
    <trkpt lat="44.92247" lon="-107.64301">
      <ele>2100.0</ele>
    <time>2026-05-14T10:49:38Z</time></trkpt>
    <trkpt lat="44.92236" lon="-107.64293">
      <ele>2100.0</ele>
    <time>2026-05-14T10:49:45Z</time></trkpt>
    <trkpt lat="44.92221" lon="-107.64282">
      <ele>2100.0</ele>
    <time>2026-05-14T10:49:53Z</time></trkpt>
    <trkpt lat="44.92207" lon="-107.64272">
      <ele>2100.0</ele>
    <time>2026-05-14T10:50:01Z</time></trkpt>
    <trkpt lat="44.92198" lon="-107.64261">
      <ele>2100.0</ele>
    <time>2026-05-14T10:50:07Z</time></trkpt>
    <trkpt lat="44.92189" lon="-107.64246">
      <ele>2100.0</ele>
    <time>2026-05-14T10:50:14Z</time></trkpt>
    <trkpt lat="44.92183" lon="-107.64234">
      <ele>2100.0</ele>
    <time>2026-05-14T10:50:19Z</time></trkpt>
    <trkpt lat="44.92177" lon="-107.64216">
      <ele>2100.0</ele>
    <time>2026-05-14T10:50:26Z</time></trkpt>
    <trkpt lat="44.92169" lon="-107.64207">
      <ele>2100.208333327</ele>
    <time>2026-05-14T10:50:32Z</time></trkpt>
    <trkpt lat="44.92158" lon="-107.64194">
      <ele>2100.833333333</ele>
    <time>2026-05-14T10:50:39Z</time></trkpt>
    <trkpt lat="44.9215" lon="-107.64179">
      <ele>2102.232142848</ele>
    <time>2026-05-14T10:50:45Z</time></trkpt>
    <trkpt lat="44.92142" lon="-107.64171">
      <ele>2103.922374256</ele>
    <time>2026-05-14T10:50:50Z</time></trkpt>
    <trkpt lat="44.92137" lon="-107.6416">
      <ele>2105.546747971</ele>
    <time>2026-05-14T10:50:55Z</time></trkpt>
    <trkpt lat="44.92127" lon="-107.64153">
      <ele>2102.40384616</ele>
    <time>2026-05-14T10:51:01Z</time></trkpt>
    <trkpt lat="44.92115" lon="-107.64146">
      <ele>2099.959259266</ele>
    <time>2026-05-14T10:51:07Z</time></trkpt>
    <trkpt lat="44.92119" lon="-107.64148">
      <ele>2102.083333333</ele>
    <time>2026-05-14T10:51:09Z</time></trkpt>
    <trkpt lat="44.92107" lon="-107.64139">
      <ele>2100.0</ele>
    <time>2026-05-14T10:51:16Z</time></trkpt>
    <trkpt lat="44.92095" lon="-107.64127">
      <ele>2099.861111111</ele>
    <time>2026-05-14T10:51:24Z</time></trkpt>
    <trkpt lat="44.92076" lon="-107.64111">
      <ele>2099.583333333</ele>
    <time>2026-05-14T10:51:35Z</time></trkpt>
    <trkpt lat="44.92062" lon="-107.64094">
      <ele>2099.166666667</ele>
    <time>2026-05-14T10:51:44Z</time></trkpt>
    <trkpt lat="44.92051" lon="-107.64081">
      <ele>2098.611111111</ele>
    <time>2026-05-14T10:51:51Z</time></trkpt>
    <trkpt lat="44.92036" lon="-107.64066">
      <ele>2097.916666667</ele>
    <time>2026-05-14T10:52:01Z</time></trkpt>
    <trkpt lat="44.92018" lon="-107.64041">
      <ele>2095.34395851</ele>
    <time>2026-05-14T10:52:13Z</time></trkpt>
    <trkpt lat="44.92008" lon="-107.64029">
      <ele>2093.946515429</ele>
    <time>2026-05-14T10:52:20Z</time></trkpt>
    <trkpt lat="44.91994" lon="-107.64018">
      <ele>2092.571839125</ele>
    <time>2026-05-14T10:52:28Z</time></trkpt>
    <trkpt lat="44.91982" lon="-107.64008">
      <ele>2091.437908504</ele>
    <time>2026-05-14T10:52:35Z</time></trkpt>
    <trkpt lat="44.91972" lon="-107.63994">
      <ele>2090.320512831</ele>
    <time>2026-05-14T10:52:42Z</time></trkpt>
    <trkpt lat="44.91966" lon="-107.63981">
      <ele>2089.233716486</ele>
    <time>2026-05-14T10:52:48Z</time></trkpt>
    <trkpt lat="44.91951" lon="-107.63964">
      <ele>2087.201327458</ele>
    <time>2026-05-14T10:52:57Z</time></trkpt>
    <trkpt lat="44.91946" lon="-107.6395">
      <ele>2084.619482596</ele>
    <time>2026-05-14T10:53:03Z</time></trkpt>
    <trkpt lat="44.91943" lon="-107.63936">
      <ele>2082.444968584</ele>
    <time>2026-05-14T10:53:08Z</time></trkpt>
    <trkpt lat="44.91937" lon="-107.6391">
      <ele>2080.531045771</ele>
    <time>2026-05-14T10:53:18Z</time></trkpt>
    <trkpt lat="44.91933" lon="-107.63887">
      <ele>2080.0</ele>
    <time>2026-05-14T10:53:26Z</time></trkpt>
    <trkpt lat="44.91926" lon="-107.63866">
      <ele>2080.0</ele>
    <time>2026-05-14T10:53:35Z</time></trkpt>
    <trkpt lat="44.9192" lon="-107.63848">
      <ele>2079.658353624</ele>
    <time>2026-05-14T10:53:42Z</time></trkpt>
    <trkpt lat="44.91916" lon="-107.63836">
      <ele>2079.270833356</ele>
    <time>2026-05-14T10:53:46Z</time></trkpt>
    <trkpt lat="44.9191" lon="-107.63826">
      <ele>2078.758169968</ele>
    <time>2026-05-14T10:53:51Z</time></trkpt>
    <trkpt lat="44.91901" lon="-107.63813">
      <ele>2077.383333381</ele>
    <time>2026-05-14T10:53:58Z</time></trkpt>
    <trkpt lat="44.91891" lon="-107.63802">
      <ele>2074.629629716</ele>
    <time>2026-05-14T10:54:04Z</time></trkpt>
    <trkpt lat="44.91883" lon="-107.63791">
      <ele>2072.45218583</ele>
    <time>2026-05-14T10:54:10Z</time></trkpt>
    <trkpt lat="44.91874" lon="-107.63781">
      <ele>2071.055555575</ele>
    <time>2026-05-14T10:54:15Z</time></trkpt>
    <trkpt lat="44.91865" lon="-107.63772">
      <ele>2070.208333339</ele>
    <time>2026-05-14T10:54:21Z</time></trkpt>
    <trkpt lat="44.91859" lon="-107.63761">
      <ele>2070.0</ele>
    <time>2026-05-14T10:54:26Z</time></trkpt>
    <trkpt lat="44.9185" lon="-107.63743">
      <ele>2070.0</ele>
    <time>2026-05-14T10:54:34Z</time></trkpt>
    <trkpt lat="44.91841" lon="-107.63738">
      <ele>2070.0</ele>
    <time>2026-05-14T10:54:39Z</time></trkpt>
    <trkpt lat="44.91832" lon="-107.63732">
      <ele>2070.0</ele>
    <time>2026-05-14T10:54:44Z</time></trkpt>
    <trkpt lat="44.91818" lon="-107.63722">
      <ele>2070.0</ele>
    <time>2026-05-14T10:54:52Z</time></trkpt>
    <trkpt lat="44.91805" lon="-107.63713">
      <ele>2070.0</ele>
    <time>2026-05-14T10:54:59Z</time></trkpt>
    <trkpt lat="44.9179" lon="-107.63709">
      <ele>2069.930555556</ele>
    <time>2026-05-14T10:55:07Z</time></trkpt>
    <trkpt lat="44.91772" lon="-107.63695">
      <ele>2068.277777791</ele>
    <time>2026-05-14T10:55:17Z</time></trkpt>
    <trkpt lat="44.91756" lon="-107.63681">
      <ele>2064.281045805</ele>
    <time>2026-05-14T10:55:26Z</time></trkpt>
    <trkpt lat="44.91746" lon="-107.63673">
      <ele>2062.306910586</ele>
    <time>2026-05-14T10:55:32Z</time></trkpt>
    <trkpt lat="44.91731" lon="-107.63661">
      <ele>2060.580601106</ele>
    <time>2026-05-14T10:55:41Z</time></trkpt>
    <trkpt lat="44.9172" lon="-107.63649">
      <ele>2060.02941177</ele>
    <time>2026-05-14T10:55:48Z</time></trkpt>
    <trkpt lat="44.91708" lon="-107.63642">
      <ele>2060.0</ele>
    <time>2026-05-14T10:55:54Z</time></trkpt>
    <trkpt lat="44.91697" lon="-107.63634">
      <ele>2060.0</ele>
    <time>2026-05-14T10:56:01Z</time></trkpt>
    <trkpt lat="44.91686" lon="-107.63628">
      <ele>2059.919871798</ele>
    <time>2026-05-14T10:56:07Z</time></trkpt>
    <trkpt lat="44.91672" lon="-107.63619">
      <ele>2059.52777778</ele>
    <time>2026-05-14T10:56:14Z</time></trkpt>
    <trkpt lat="44.9166" lon="-107.63613">
      <ele>2059.220085473</ele>
    <time>2026-05-14T10:56:21Z</time></trkpt>
    <trkpt lat="44.91649" lon="-107.63605">
      <ele>2058.351548311</ele>
    <time>2026-05-14T10:56:27Z</time></trkpt>
    <trkpt lat="44.9164" lon="-107.63589">
      <ele>2059.027777778</ele>
    <time>2026-05-14T10:56:34Z</time></trkpt>
    <trkpt lat="44.91631" lon="-107.63573">
      <ele>2058.676470603</ele>
    <time>2026-05-14T10:56:42Z</time></trkpt>
    <trkpt lat="44.91621" lon="-107.6356">
      <ele>2057.894444465</ele>
    <time>2026-05-14T10:56:48Z</time></trkpt>
    <trkpt lat="44.91605" lon="-107.63546">
      <ele>2055.924836666</ele>
    <time>2026-05-14T10:56:58Z</time></trkpt>
    <trkpt lat="44.91593" lon="-107.63536">
      <ele>2055.308823519</ele>
    <time>2026-05-14T10:57:05Z</time></trkpt>
    <trkpt lat="44.91582" lon="-107.63523">
      <ele>2057.60570293</ele>
    <time>2026-05-14T10:57:12Z</time></trkpt>
    <trkpt lat="44.91573" lon="-107.63519">
      <ele>2059.132302385</ele>
    <time>2026-05-14T10:57:17Z</time></trkpt>
    <trkpt lat="44.91558" lon="-107.63518">
      <ele>2062.127371272</ele>
    <time>2026-05-14T10:57:24Z</time></trkpt>
    <trkpt lat="44.91542" lon="-107.6351">
      <ele>2066.62037036</ele>
    <time>2026-05-14T10:57:33Z</time></trkpt>
    <trkpt lat="44.9153" lon="-107.63512">
      <ele>2067.113888889</ele>
    <time>2026-05-14T10:57:39Z</time></trkpt>
    <trkpt lat="44.91518" lon="-107.63518">
      <ele>2066.036324791</ele>
    <time>2026-05-14T10:57:45Z</time></trkpt>
    <trkpt lat="44.91503" lon="-107.6352">
      <ele>2063.089933994</ele>
    <time>2026-05-14T10:57:53Z</time></trkpt>
    <trkpt lat="44.9149" lon="-107.63517">
      <ele>2061.593137258</ele>
    <time>2026-05-14T10:58:00Z</time></trkpt>
    <trkpt lat="44.91475" lon="-107.6352">
      <ele>2060.480769232</ele>
    <time>2026-05-14T10:58:07Z</time></trkpt>
    <trkpt lat="44.91465" lon="-107.63531">
      <ele>2060.138888889</ele>
    <time>2026-05-14T10:58:14Z</time></trkpt>
    <trkpt lat="44.91445" lon="-107.63545">
      <ele>2060.0</ele>
    <time>2026-05-14T10:58:25Z</time></trkpt>
    <trkpt lat="44.91434" lon="-107.63547">
      <ele>2059.913663664</ele>
    <time>2026-05-14T10:58:31Z</time></trkpt>
    <trkpt lat="44.91425" lon="-107.63553">
      <ele>2059.264705887</ele>
    <time>2026-05-14T10:58:36Z</time></trkpt>
    <trkpt lat="44.91415" lon="-107.63556">
      <ele>2058.251915714</ele>
    <time>2026-05-14T10:58:41Z</time></trkpt>
    <trkpt lat="44.91393" lon="-107.63555">
      <ele>2053.472222222</ele>
    <time>2026-05-14T10:58:52Z</time></trkpt>
    <trkpt lat="44.91375" lon="-107.6354">
      <ele>2050.711382116</ele>
    <time>2026-05-14T10:59:02Z</time></trkpt>
    <trkpt lat="44.91362" lon="-107.63527">
      <ele>2048.402777799</ele>
    <time>2026-05-14T10:59:10Z</time></trkpt>
    <trkpt lat="44.91347" lon="-107.63514">
      <ele>2045.564663079</ele>
    <time>2026-05-14T10:59:19Z</time></trkpt>
    <trkpt lat="44.91335" lon="-107.63506">
      <ele>2042.668918941</ele>
    <time>2026-05-14T10:59:26Z</time></trkpt>
    <trkpt lat="44.91323" lon="-107.63505">
      <ele>2041.347222222</ele>
    <time>2026-05-14T10:59:32Z</time></trkpt>
    <trkpt lat="44.91311" lon="-107.63501">
      <ele>2040.847222222</ele>
    <time>2026-05-14T10:59:38Z</time></trkpt>
    <trkpt lat="44.91296" lon="-107.63495">
      <ele>2042.035440612</ele>
    <time>2026-05-14T10:59:46Z</time></trkpt>
    <trkpt lat="44.91279" lon="-107.63492">
      <ele>2045.827777777</ele>
    <time>2026-05-14T10:59:55Z</time></trkpt>
    <trkpt lat="44.91264" lon="-107.63493">
      <ele>2046.527777778</ele>
    <time>2026-05-14T11:00:02Z</time></trkpt>
    <trkpt lat="44.91251" lon="-107.6349">
      <ele>2046.021241833</ele>
    <time>2026-05-14T11:00:09Z</time></trkpt>
    <trkpt lat="44.91237" lon="-107.6349">
      <ele>2043.287037037</ele>
    <time>2026-05-14T11:00:16Z</time></trkpt>
    <trkpt lat="44.91224" lon="-107.63481">
      <ele>2041.777777804</ele>
    <time>2026-05-14T11:00:23Z</time></trkpt>
    <trkpt lat="44.91207" lon="-107.63473">
      <ele>2040.555555556</ele>
    <time>2026-05-14T11:00:32Z</time></trkpt>
    <trkpt lat="44.91194" lon="-107.63471">
      <ele>2041.089743589</ele>
    <time>2026-05-14T11:00:39Z</time></trkpt>
    <trkpt lat="44.91179" lon="-107.63466">
      <ele>2042.95019157</ele>
    <time>2026-05-14T11:00:47Z</time></trkpt>
    <trkpt lat="44.91166" lon="-107.63459">
      <ele>2046.499999982</ele>
    <time>2026-05-14T11:00:54Z</time></trkpt>
    <trkpt lat="44.91152" lon="-107.6346">
      <ele>2048.397435897</ele>
    <time>2026-05-14T11:01:01Z</time></trkpt>
    <trkpt lat="44.91137" lon="-107.63469">
      <ele>2049.836601306</ele>
    <time>2026-05-14T11:01:09Z</time></trkpt>
    <trkpt lat="44.91126" lon="-107.63462">
      <ele>2049.771367527</ele>
    <time>2026-05-14T11:01:15Z</time></trkpt>
    <trkpt lat="44.91111" lon="-107.63447">
      <ele>2048.263888919</ele>
    <time>2026-05-14T11:01:24Z</time></trkpt>
    <trkpt lat="44.91099" lon="-107.63436">
      <ele>2046.498279298</ele>
    <time>2026-05-14T11:01:31Z</time></trkpt>
    <trkpt lat="44.91088" lon="-107.63424">
      <ele>2043.263888934</ele>
    <time>2026-05-14T11:01:38Z</time></trkpt>
    <trkpt lat="44.91076" lon="-107.63404">
      <ele>2041.027253703</ele>
    <time>2026-05-14T11:01:48Z</time></trkpt>
    <trkpt lat="44.9106" lon="-107.63385">
      <ele>2040.0</ele>
    <time>2026-05-14T11:01:58Z</time></trkpt>
    <trkpt lat="44.91054" lon="-107.6337">
      <ele>2040.0</ele>
    <time>2026-05-14T11:02:04Z</time></trkpt>
    <trkpt lat="44.91046" lon="-107.63354">
      <ele>2040.0</ele>
    <time>2026-05-14T11:02:11Z</time></trkpt>
    <trkpt lat="44.91039" lon="-107.63343">
      <ele>2040.0</ele>
    <time>2026-05-14T11:02:17Z</time></trkpt>
    <trkpt lat="44.91032" lon="-107.6333">
      <ele>2040.0</ele>
    <time>2026-05-14T11:02:23Z</time></trkpt>
    <trkpt lat="44.91024" lon="-107.63311">
      <ele>2040.0</ele>
    <time>2026-05-14T11:02:30Z</time></trkpt>
    <trkpt lat="44.91022" lon="-107.63313">
      <ele>2040.0</ele>
    <time>2026-05-14T11:02:32Z</time></trkpt>
    <trkpt lat="44.9102" lon="-107.63298">
      <ele>2040.0</ele>
    <time>2026-05-14T11:02:37Z</time></trkpt>
    <trkpt lat="44.91018" lon="-107.63285">
      <ele>2040.0</ele>
    <time>2026-05-14T11:02:42Z</time></trkpt>
    <trkpt lat="44.91014" lon="-107.63263">
      <ele>2040.0</ele>
    <time>2026-05-14T11:02:50Z</time></trkpt>
    <trkpt lat="44.91011" lon="-107.63246">
      <ele>2040.0</ele>
    <time>2026-05-14T11:02:56Z</time></trkpt>
    <trkpt lat="44.91006" lon="-107.63226">
      <ele>2040.0</ele>
    <time>2026-05-14T11:03:04Z</time></trkpt>
    <trkpt lat="44.91006" lon="-107.63203">
      <ele>2040.0</ele>
    <time>2026-05-14T11:03:12Z</time></trkpt>
    <trkpt lat="44.91007" lon="-107.63186">
      <ele>2040.0</ele>
    <time>2026-05-14T11:03:18Z</time></trkpt>
    <trkpt lat="44.90994" lon="-107.63173">
      <ele>2040.0</ele>
    <time>2026-05-14T11:03:26Z</time></trkpt>
    <trkpt lat="44.90981" lon="-107.63168">
      <ele>2040.0</ele>
    <time>2026-05-14T11:03:33Z</time></trkpt>
    <trkpt lat="44.9097" lon="-107.6316">
      <ele>2039.885620916</ele>
    <time>2026-05-14T11:03:39Z</time></trkpt>
    <trkpt lat="44.90962" lon="-107.63152">
      <ele>2039.618055563</ele>
    <time>2026-05-14T11:03:44Z</time></trkpt>
    <trkpt lat="44.90952" lon="-107.63139">
      <ele>2039.055100187</ele>
    <time>2026-05-14T11:03:51Z</time></trkpt>
    <trkpt lat="44.90944" lon="-107.63124">
      <ele>2038.502136758</ele>
    <time>2026-05-14T11:03:58Z</time></trkpt>
    <trkpt lat="44.90938" lon="-107.63108">
      <ele>2036.973180105</ele>
    <time>2026-05-14T11:04:04Z</time></trkpt>
    <trkpt lat="44.90937" lon="-107.63091">
      <ele>2037.933760659</ele>
    <time>2026-05-14T11:04:10Z</time></trkpt>
    <trkpt lat="44.90932" lon="-107.63074">
      <ele>2039.419934621</ele>
    <time>2026-05-14T11:04:17Z</time></trkpt>
    <trkpt lat="44.90926" lon="-107.6306">
      <ele>2041.22126435</ele>
    <time>2026-05-14T11:04:23Z</time></trkpt>
    <trkpt lat="44.90918" lon="-107.63065">
      <ele>2042.602459004</ele>
    <time>2026-05-14T11:04:27Z</time></trkpt>
    <trkpt lat="44.90904" lon="-107.63076">
      <ele>2045.992497971</ele>
    <time>2026-05-14T11:04:35Z</time></trkpt>
    <trkpt lat="44.90893" lon="-107.6308">
      <ele>2046.682389937</ele>
    <time>2026-05-14T11:04:41Z</time></trkpt>
    <trkpt lat="44.90877" lon="-107.63085">
      <ele>2047.219444444</ele>
    <time>2026-05-14T11:04:49Z</time></trkpt>
    <trkpt lat="44.90865" lon="-107.63088">
      <ele>2047.083333333</ele>
    <time>2026-05-14T11:04:55Z</time></trkpt>
    <trkpt lat="44.90851" lon="-107.63084">
      <ele>2044.624183012</ele>
    <time>2026-05-14T11:05:02Z</time></trkpt>
    <trkpt lat="44.90843" lon="-107.63078">
      <ele>2043.861111125</ele>
    <time>2026-05-14T11:05:07Z</time></trkpt>
    <trkpt lat="44.90822" lon="-107.63066">
      <ele>2043.72222222</ele>
    <time>2026-05-14T11:05:18Z</time></trkpt>
    <trkpt lat="44.9081" lon="-107.63054">
      <ele>2045.952614338</ele>
    <time>2026-05-14T11:05:26Z</time></trkpt>
    <trkpt lat="44.90797" lon="-107.63044">
      <ele>2047.781531518</ele>
    <time>2026-05-14T11:05:33Z</time></trkpt>
    <trkpt lat="44.90785" lon="-107.63038">
      <ele>2049.035947706</ele>
    <time>2026-05-14T11:05:40Z</time></trkpt>
    <trkpt lat="44.90775" lon="-107.63031">
      <ele>2049.535794176</ele>
    <time>2026-05-14T11:05:45Z</time></trkpt>
    <trkpt lat="44.90762" lon="-107.63022">
      <ele>2050.371794868</ele>
    <time>2026-05-14T11:05:53Z</time></trkpt>
    <trkpt lat="44.90752" lon="-107.63012">
      <ele>2051.319444437</ele>
    <time>2026-05-14T11:05:59Z</time></trkpt>
    <trkpt lat="44.90739" lon="-107.63">
      <ele>2052.798672547</ele>
    <time>2026-05-14T11:06:07Z</time></trkpt>
    <trkpt lat="44.90729" lon="-107.62994">
      <ele>2053.627450966</ele>
    <time>2026-05-14T11:06:12Z</time></trkpt>
    <trkpt lat="44.90718" lon="-107.62986">
      <ele>2056.114498634</ele>
    <time>2026-05-14T11:06:18Z</time></trkpt>
    <trkpt lat="44.90707" lon="-107.62973">
      <ele>2056.527777778</ele>
    <time>2026-05-14T11:06:26Z</time></trkpt>
    <trkpt lat="44.90699" lon="-107.62963">
      <ele>2056.527777778</ele>
    <time>2026-05-14T11:06:31Z</time></trkpt>
    <trkpt lat="44.90688" lon="-107.62953">
      <ele>2054.333333355</ele>
    <time>2026-05-14T11:06:38Z</time></trkpt>
    <trkpt lat="44.90677" lon="-107.62945">
      <ele>2053.533197837</ele>
    <time>2026-05-14T11:06:44Z</time></trkpt>
    <trkpt lat="44.90671" lon="-107.62933">
      <ele>2053.472222222</ele>
    <time>2026-05-14T11:06:49Z</time></trkpt>
    <trkpt lat="44.90662" lon="-107.62923">
      <ele>2053.720840999</ele>
    <time>2026-05-14T11:06:55Z</time></trkpt>
    <trkpt lat="44.90652" lon="-107.62923">
      <ele>2054.25</ele>
    <time>2026-05-14T11:07:00Z</time></trkpt>
    <trkpt lat="44.90642" lon="-107.62924">
      <ele>2056.076732673</ele>
    <time>2026-05-14T11:07:05Z</time></trkpt>
    <trkpt lat="44.90632" lon="-107.62925">
      <ele>2057.009075907</ele>
    <time>2026-05-14T11:07:10Z</time></trkpt>
    <trkpt lat="44.90623" lon="-107.62932">
      <ele>2057.903846152</ele>
    <time>2026-05-14T11:07:15Z</time></trkpt>
    <trkpt lat="44.90614" lon="-107.62932">
      <ele>2058.533950617</ele>
    <time>2026-05-14T11:07:20Z</time></trkpt>
    <trkpt lat="44.90603" lon="-107.62932">
      <ele>2059.242424242</ele>
    <time>2026-05-14T11:07:25Z</time></trkpt>
    <trkpt lat="44.90593" lon="-107.62953">
      <ele>2060.0</ele>
    <time>2026-05-14T11:07:34Z</time></trkpt>
    <trkpt lat="44.90574" lon="-107.62965">
      <ele>2063.012295066</ele>
    <time>2026-05-14T11:07:45Z</time></trkpt>
    <trkpt lat="44.90557" lon="-107.62984">
      <ele>2067.178411619</ele>
    <time>2026-05-14T11:07:56Z</time></trkpt>
    <trkpt lat="44.90547" lon="-107.62991">
      <ele>2067.998084272</ele>
    <time>2026-05-14T11:08:01Z</time></trkpt>
    <trkpt lat="44.90539" lon="-107.63">
      <ele>2068.706896548</ele>
    <time>2026-05-14T11:08:06Z</time></trkpt>
    <trkpt lat="44.90528" lon="-107.63005">
      <ele>2069.801587302</ele>
    <time>2026-05-14T11:08:12Z</time></trkpt>
    <trkpt lat="44.90516" lon="-107.63005">
      <ele>2070.859538781</ele>
    <time>2026-05-14T11:08:18Z</time></trkpt>
    <trkpt lat="44.90507" lon="-107.6301">
      <ele>2071.409164638</ele>
    <time>2026-05-14T11:08:23Z</time></trkpt>
    <trkpt lat="44.90496" lon="-107.63014">
      <ele>2072.093495935</ele>
    <time>2026-05-14T11:08:29Z</time></trkpt>
    <trkpt lat="44.90487" lon="-107.63015">
      <ele>2072.928523035</ele>
    <time>2026-05-14T11:08:33Z</time></trkpt>
    <trkpt lat="44.90478" lon="-107.63016">
      <ele>2072.916666667</ele>
    <time>2026-05-14T11:08:38Z</time></trkpt>
    <trkpt lat="44.90468" lon="-107.63013">
      <ele>2076.049949029</ele>
    <time>2026-05-14T11:08:43Z</time></trkpt>
    <trkpt lat="44.90457" lon="-107.63009">
      <ele>2077.054947281</ele>
    <time>2026-05-14T11:08:49Z</time></trkpt>
    <trkpt lat="44.90442" lon="-107.63007">
      <ele>2078.526422764</ele>
    <time>2026-05-14T11:08:56Z</time></trkpt>
    <trkpt lat="44.90431" lon="-107.62998">
      <ele>2079.491869911</ele>
    <time>2026-05-14T11:09:03Z</time></trkpt>
    <trkpt lat="44.90415" lon="-107.62987">
      <ele>2079.984153614</ele>
    <time>2026-05-14T11:09:12Z</time></trkpt>
    <trkpt lat="44.90405" lon="-107.62978">
      <ele>2079.652777784</ele>
    <time>2026-05-14T11:09:18Z</time></trkpt>
    <trkpt lat="44.90395" lon="-107.62963">
      <ele>2078.692259692</ele>
    <time>2026-05-14T11:09:25Z</time></trkpt>
    <trkpt lat="44.90389" lon="-107.62938">
      <ele>2076.159722229</ele>
    <time>2026-05-14T11:09:35Z</time></trkpt>
    <trkpt lat="44.90383" lon="-107.62914">
      <ele>2072.93280314</ele>
    <time>2026-05-14T11:09:44Z</time></trkpt>
    <trkpt lat="44.9038" lon="-107.62889">
      <ele>2071.394953907</ele>
    <time>2026-05-14T11:09:53Z</time></trkpt>
    <trkpt lat="44.90377" lon="-107.62869">
      <ele>2070.833333333</ele>
    <time>2026-05-14T11:10:00Z</time></trkpt>
    <trkpt lat="44.90371" lon="-107.62855">
      <ele>2070.0</ele>
    <time>2026-05-14T11:10:06Z</time></trkpt>
    <trkpt lat="44.90368" lon="-107.62841">
      <ele>2070.0</ele>
    <time>2026-05-14T11:10:11Z</time></trkpt>
    <trkpt lat="44.9036" lon="-107.62818">
      <ele>2070.0</ele>
    <time>2026-05-14T11:10:20Z</time></trkpt>
    <trkpt lat="44.90347" lon="-107.62796">
      <ele>2070.0</ele>
    <time>2026-05-14T11:10:30Z</time></trkpt>
    <trkpt lat="44.90339" lon="-107.62778">
      <ele>2070.0</ele>
    <time>2026-05-14T11:10:38Z</time></trkpt>
    <trkpt lat="44.90333" lon="-107.62765">
      <ele>2070.0</ele>
    <time>2026-05-14T11:10:43Z</time></trkpt>
    <trkpt lat="44.90324" lon="-107.62756">
      <ele>2070.0</ele>
    <time>2026-05-14T11:10:49Z</time></trkpt>
    <trkpt lat="44.90314" lon="-107.6275">
      <ele>2070.0</ele>
    <time>2026-05-14T11:10:55Z</time></trkpt>
    <trkpt lat="44.90303" lon="-107.62738">
      <ele>2070.0</ele>
    <time>2026-05-14T11:11:02Z</time></trkpt>
    <trkpt lat="44.90293" lon="-107.6273">
      <ele>2070.0</ele>
    <time>2026-05-14T11:11:07Z</time></trkpt>
    <trkpt lat="44.90281" lon="-107.6271">
      <ele>2070.0</ele>
    <time>2026-05-14T11:11:17Z</time></trkpt>
    <trkpt lat="44.90273" lon="-107.62682">
      <ele>2070.0</ele>
    <time>2026-05-14T11:11:27Z</time></trkpt>
    <trkpt lat="44.90267" lon="-107.62657">
      <ele>2070.0</ele>
    <time>2026-05-14T11:11:37Z</time></trkpt>
    <trkpt lat="44.90261" lon="-107.62638">
      <ele>2070.0</ele>
    <time>2026-05-14T11:11:44Z</time></trkpt>
    <trkpt lat="44.90255" lon="-107.62617">
      <ele>2070.0</ele>
    <time>2026-05-14T11:11:52Z</time></trkpt>
    <trkpt lat="44.90249" lon="-107.62597">
      <ele>2070.0</ele>
    <time>2026-05-14T11:12:00Z</time></trkpt>
    <trkpt lat="44.90246" lon="-107.62577">
      <ele>2070.0</ele>
    <time>2026-05-14T11:12:07Z</time></trkpt>
    <trkpt lat="44.90245" lon="-107.62559">
      <ele>2069.614197531</ele>
    <time>2026-05-14T11:12:14Z</time></trkpt>
    <trkpt lat="44.90244" lon="-107.62537">
      <ele>2068.660919544</ele>
    <time>2026-05-14T11:12:22Z</time></trkpt>
    <trkpt lat="44.90247" lon="-107.62515">
      <ele>2067.139639631</ele>
    <time>2026-05-14T11:12:30Z</time></trkpt>
    <trkpt lat="44.9025" lon="-107.62496">
      <ele>2064.102564071</ele>
    <time>2026-05-14T11:12:37Z</time></trkpt>
    <trkpt lat="44.90261" lon="-107.62479">
      <ele>2062.144607826</ele>
    <time>2026-05-14T11:12:45Z</time></trkpt>
    <trkpt lat="44.9027" lon="-107.62465">
      <ele>2060.893162382</ele>
    <time>2026-05-14T11:12:52Z</time></trkpt>
    <trkpt lat="44.90279" lon="-107.62444">
      <ele>2059.77371272</ele>
    <time>2026-05-14T11:13:00Z</time></trkpt>
    <trkpt lat="44.9029" lon="-107.62419">
      <ele>2057.945205474</ele>
    <time>2026-05-14T11:13:11Z</time></trkpt>
    <trkpt lat="44.90298" lon="-107.62401">
      <ele>2056.144636007</ele>
    <time>2026-05-14T11:13:18Z</time></trkpt>
    <trkpt lat="44.90297" lon="-107.62379">
      <ele>2053.888888889</ele>
    <time>2026-05-14T11:13:26Z</time></trkpt>
    <trkpt lat="44.90296" lon="-107.6236">
      <ele>2051.276276296</ele>
    <time>2026-05-14T11:13:33Z</time></trkpt>
    <trkpt lat="44.90288" lon="-107.62348">
      <ele>2050.375000008</ele>
    <time>2026-05-14T11:13:39Z</time></trkpt>
    <trkpt lat="44.9028" lon="-107.62333">
      <ele>2050.0</ele>
    <time>2026-05-14T11:13:46Z</time></trkpt>
    <trkpt lat="44.90271" lon="-107.62311">
      <ele>2050.0</ele>
    <time>2026-05-14T11:13:55Z</time></trkpt>
    <trkpt lat="44.90271" lon="-107.62313">
      <ele>2050.0</ele>
    <time>2026-05-14T11:13:56Z</time></trkpt>
    <trkpt lat="44.90263" lon="-107.62293">
      <ele>2050.0</ele>
    <time>2026-05-14T11:14:04Z</time></trkpt>
    <trkpt lat="44.90255" lon="-107.62279">
      <ele>2050.0</ele>
    <time>2026-05-14T11:14:10Z</time></trkpt>
    <trkpt lat="44.90246" lon="-107.62264">
      <ele>2050.0</ele>
    <time>2026-05-14T11:14:17Z</time></trkpt>
    <trkpt lat="44.90238" lon="-107.62251">
      <ele>2050.0</ele>
    <time>2026-05-14T11:14:23Z</time></trkpt>
    <trkpt lat="44.9023" lon="-107.62233">
      <ele>2050.0</ele>
    <time>2026-05-14T11:14:31Z</time></trkpt>
    <trkpt lat="44.90225" lon="-107.62209">
      <ele>2050.0</ele>
    <time>2026-05-14T11:14:40Z</time></trkpt>
    <trkpt lat="44.90223" lon="-107.62189">
      <ele>2050.0</ele>
    <time>2026-05-14T11:14:47Z</time></trkpt>
    <trkpt lat="44.90216" lon="-107.62169">
      <ele>2049.576923077</ele>
    <time>2026-05-14T11:14:55Z</time></trkpt>
    <trkpt lat="44.90215" lon="-107.62152">
      <ele>2049.166666667</ele>
    <time>2026-05-14T11:15:01Z</time></trkpt>
    <trkpt lat="44.90214" lon="-107.62135">
      <ele>2047.916666667</ele>
    <time>2026-05-14T11:15:07Z</time></trkpt>
    <trkpt lat="44.90213" lon="-107.62108">
      <ele>2043.888888889</ele>
    <time>2026-05-14T11:15:17Z</time></trkpt>
    <trkpt lat="44.90213" lon="-107.62081">
      <ele>2040.87962963</ele>
    <time>2026-05-14T11:15:26Z</time></trkpt>
    <trkpt lat="44.90209" lon="-107.62063">
      <ele>2040.178888894</ele>
    <time>2026-05-14T11:15:33Z</time></trkpt>
    <trkpt lat="44.90203" lon="-107.6205">
      <ele>2040.416666667</ele>
    <time>2026-05-14T11:15:39Z</time></trkpt>
    <trkpt lat="44.90199" lon="-107.62032">
      <ele>2041.259999984</ele>
    <time>2026-05-14T11:15:45Z</time></trkpt>
    <trkpt lat="44.90193" lon="-107.62017">
      <ele>2042.711187183</ele>
    <time>2026-05-14T11:15:52Z</time></trkpt>
    <trkpt lat="44.90182" lon="-107.62">
      <ele>2046.709401667</ele>
    <time>2026-05-14T11:16:00Z</time></trkpt>
    <trkpt lat="44.90173" lon="-107.61973">
      <ele>2049.069444422</ele>
    <time>2026-05-14T11:16:10Z</time></trkpt>
    <trkpt lat="44.90167" lon="-107.61957">
      <ele>2049.796296286</ele>
    <time>2026-05-14T11:16:17Z</time></trkpt>
    <trkpt lat="44.90157" lon="-107.61951">
      <ele>2050.0</ele>
    <time>2026-05-14T11:16:22Z</time></trkpt>
    <trkpt lat="44.90172" lon="-107.61938">
      <ele>2050.0</ele>
    <time>2026-05-14T11:16:31Z</time></trkpt>
    <trkpt lat="44.90162" lon="-107.61945">
      <ele>2050.0</ele>
    <time>2026-05-14T11:16:37Z</time></trkpt>
    <trkpt lat="44.90152" lon="-107.61945">
      <ele>2050.0</ele>
    <time>2026-05-14T11:16:42Z</time></trkpt>
    <trkpt lat="44.90133" lon="-107.61942">
      <ele>2050.0</ele>
    <time>2026-05-14T11:16:52Z</time></trkpt>
    <trkpt lat="44.90125" lon="-107.61949">
      <ele>2050.094850944</ele>
    <time>2026-05-14T11:16:56Z</time></trkpt>
    <trkpt lat="44.90113" lon="-107.61963">
      <ele>2051.192810449</ele>
    <time>2026-05-14T11:17:04Z</time></trkpt>
    <trkpt lat="44.901" lon="-107.61971">
      <ele>2052.395833288</ele>
    <time>2026-05-14T11:17:11Z</time></trkpt>
    <trkpt lat="44.90092" lon="-107.61979">
      <ele>2053.580623274</ele>
    <time>2026-05-14T11:17:16Z</time></trkpt>
    <trkpt lat="44.90081" lon="-107.61991">
      <ele>2056.32132132</ele>
    <time>2026-05-14T11:17:23Z</time></trkpt>
    <trkpt lat="44.90067" lon="-107.61989">
      <ele>2057.083333333</ele>
    <time>2026-05-14T11:17:30Z</time></trkpt>
    <trkpt lat="44.90048" lon="-107.61982">
      <ele>2059.602490421</ele>
    <time>2026-05-14T11:17:40Z</time></trkpt>
    <trkpt lat="44.90035" lon="-107.61977">
      <ele>2060.0</ele>
    <time>2026-05-14T11:17:47Z</time></trkpt>
    <trkpt lat="44.90018" lon="-107.61967">
      <ele>2060.0</ele>
    <time>2026-05-14T11:17:56Z</time></trkpt>
    <trkpt lat="44.90003" lon="-107.61949">
      <ele>2060.0</ele>
    <time>2026-05-14T11:18:06Z</time></trkpt>
    <trkpt lat="44.89993" lon="-107.6193">
      <ele>2060.0</ele>
    <time>2026-05-14T11:18:15Z</time></trkpt>
    <trkpt lat="44.89988" lon="-107.61909">
      <ele>2059.861111111</ele>
    <time>2026-05-14T11:18:23Z</time></trkpt>
    <trkpt lat="44.89985" lon="-107.61882">
      <ele>2058.69307833</ele>
    <time>2026-05-14T11:18:32Z</time></trkpt>
    <trkpt lat="44.89988" lon="-107.6186">
      <ele>2056.531531512</ele>
    <time>2026-05-14T11:18:40Z</time></trkpt>
    <trkpt lat="44.89988" lon="-107.6184">
      <ele>2053.078703704</ele>
    <time>2026-05-14T11:18:47Z</time></trkpt>
    <trkpt lat="44.8999" lon="-107.61814">
      <ele>2050.970847076</ele>
    <time>2026-05-14T11:18:57Z</time></trkpt>
    <trkpt lat="44.89988" lon="-107.61793">
      <ele>2050.051470592</ele>
    <time>2026-05-14T11:19:04Z</time></trkpt>
    <trkpt lat="44.89987" lon="-107.61769">
      <ele>2048.75</ele>
    <time>2026-05-14T11:19:13Z</time></trkpt>
    <trkpt lat="44.89984" lon="-107.61752">
      <ele>2047.083333333</ele>
    <time>2026-05-14T11:19:19Z</time></trkpt>
    <trkpt lat="44.89976" lon="-107.6173">
      <ele>2042.916666667</ele>
    <time>2026-05-14T11:19:28Z</time></trkpt>
    <trkpt lat="44.8997" lon="-107.61712">
      <ele>2041.388888889</ele>
    <time>2026-05-14T11:19:35Z</time></trkpt>
    <trkpt lat="44.89968" lon="-107.61695">
      <ele>2040.561056114</ele>
    <time>2026-05-14T11:19:41Z</time></trkpt>
    <trkpt lat="44.89962" lon="-107.61673">
      <ele>2040.0</ele>
    <time>2026-05-14T11:19:50Z</time></trkpt>
    <trkpt lat="44.89954" lon="-107.61653">
      <ele>2040.833333333</ele>
    <time>2026-05-14T11:19:58Z</time></trkpt>
    <trkpt lat="44.89941" lon="-107.61635">
      <ele>2042.916666667</ele>
    <time>2026-05-14T11:20:07Z</time></trkpt>
    <trkpt lat="44.89931" lon="-107.61624">
      <ele>2043.888888889</ele>
    <time>2026-05-14T11:20:13Z</time></trkpt>
    <trkpt lat="44.8992" lon="-107.61608">
      <ele>2048.611111111</ele>
    <time>2026-05-14T11:20:21Z</time></trkpt>
    <trkpt lat="44.89904" lon="-107.61592">
      <ele>2049.861111111</ele>
    <time>2026-05-14T11:20:31Z</time></trkpt>
    <trkpt lat="44.89895" lon="-107.61577">
      <ele>2050.0</ele>
    <time>2026-05-14T11:20:38Z</time></trkpt>
    <trkpt lat="44.89883" lon="-107.61558">
      <ele>2050.0</ele>
    <time>2026-05-14T11:20:47Z</time></trkpt>
    <trkpt lat="44.8988" lon="-107.61538">
      <ele>2050.0</ele>
    <time>2026-05-14T11:20:55Z</time></trkpt>
    <trkpt lat="44.89881" lon="-107.61518">
      <ele>2050.0</ele>
    <time>2026-05-14T11:21:02Z</time></trkpt>
    <trkpt lat="44.89884" lon="-107.61493">
      <ele>2050.0</ele>
    <time>2026-05-14T11:21:11Z</time></trkpt>
    <trkpt lat="44.89886" lon="-107.61461">
      <ele>2050.0</ele>
    <time>2026-05-14T11:21:22Z</time></trkpt>
    <trkpt lat="44.89886" lon="-107.61438">
      <ele>2050.0</ele>
    <time>2026-05-14T11:21:31Z</time></trkpt>
    <trkpt lat="44.89884" lon="-107.61415">
      <ele>2049.986111112</ele>
    <time>2026-05-14T11:21:39Z</time></trkpt>
    <trkpt lat="44.89878" lon="-107.61395">
      <ele>2049.312500027</ele>
    <time>2026-05-14T11:21:47Z</time></trkpt>
    <trkpt lat="44.89872" lon="-107.6137">
      <ele>2047.580128237</ele>
    <time>2026-05-14T11:21:56Z</time></trkpt>
    <trkpt lat="44.89863" lon="-107.61361">
      <ele>2043.888888889</ele>
    <time>2026-05-14T11:22:02Z</time></trkpt>
    <trkpt lat="44.89854" lon="-107.61353">
      <ele>2042.083333333</ele>
    <time>2026-05-14T11:22:07Z</time></trkpt>
    <trkpt lat="44.89845" lon="-107.61343">
      <ele>2040.833333333</ele>
    <time>2026-05-14T11:22:13Z</time></trkpt>
    <trkpt lat="44.89831" lon="-107.61332">
      <ele>2040.0</ele>
    <time>2026-05-14T11:22:21Z</time></trkpt>
    <trkpt lat="44.89825" lon="-107.61318">
      <ele>2040.0</ele>
    <time>2026-05-14T11:22:27Z</time></trkpt>
    <trkpt lat="44.89816" lon="-107.61307">
      <ele>2040.0</ele>
    <time>2026-05-14T11:22:33Z</time></trkpt>
    <trkpt lat="44.89805" lon="-107.61293">
      <ele>2040.0</ele>
    <time>2026-05-14T11:22:40Z</time></trkpt>
    <trkpt lat="44.89797" lon="-107.6128">
      <ele>2040.0</ele>
    <time>2026-05-14T11:22:46Z</time></trkpt>
    <trkpt lat="44.8979" lon="-107.61267">
      <ele>2040.0</ele>
    <time>2026-05-14T11:22:52Z</time></trkpt>
    <trkpt lat="44.89788" lon="-107.61253">
      <ele>2040.0</ele>
    <time>2026-05-14T11:22:57Z</time></trkpt>
    <trkpt lat="44.89778" lon="-107.61236">
      <ele>2040.0</ele>
    <time>2026-05-14T11:23:05Z</time></trkpt>
    <trkpt lat="44.89768" lon="-107.61225">
      <ele>2039.583333333</ele>
    <time>2026-05-14T11:23:11Z</time></trkpt>
    <trkpt lat="44.89748" lon="-107.61214">
      <ele>2039.273504278</ele>
    <time>2026-05-14T11:23:22Z</time></trkpt>
    <trkpt lat="44.89739" lon="-107.61207">
      <ele>2039.027777778</ele>
    <time>2026-05-14T11:23:27Z</time></trkpt>
    <trkpt lat="44.89728" lon="-107.61203">
      <ele>2038.109636138</ele>
    <time>2026-05-14T11:23:33Z</time></trkpt>
    <trkpt lat="44.8972" lon="-107.61196">
      <ele>2039.166666667</ele>
    <time>2026-05-14T11:23:38Z</time></trkpt>
    <trkpt lat="44.8971" lon="-107.61186">
      <ele>2039.380011452</ele>
    <time>2026-05-14T11:23:44Z</time></trkpt>
    <trkpt lat="44.89701" lon="-107.61182">
      <ele>2039.588122605</ele>
    <time>2026-05-14T11:23:49Z</time></trkpt>
    <trkpt lat="44.8969" lon="-107.61178">
      <ele>2039.861111111</ele>
    <time>2026-05-14T11:23:54Z</time></trkpt>
    <trkpt lat="44.89675" lon="-107.61162">
      <ele>2040.0</ele>
    <time>2026-05-14T11:24:04Z</time></trkpt>
    <trkpt lat="44.89664" lon="-107.61144">
      <ele>2040.0</ele>
    <time>2026-05-14T11:24:12Z</time></trkpt>
    <trkpt lat="44.89651" lon="-107.61125">
      <ele>2040.0</ele>
    <time>2026-05-14T11:24:22Z</time></trkpt>
    <trkpt lat="44.89645" lon="-107.61105">
      <ele>2040.0</ele>
    <time>2026-05-14T11:24:30Z</time></trkpt>
    <trkpt lat="44.89637" lon="-107.61083">
      <ele>2040.0</ele>
    <time>2026-05-14T11:24:38Z</time></trkpt>
    <trkpt lat="44.89631" lon="-107.61072">
      <ele>2040.0</ele>
    <time>2026-05-14T11:24:43Z</time></trkpt>
    <trkpt lat="44.89624" lon="-107.6106">
      <ele>2040.0</ele>
    <time>2026-05-14T11:24:49Z</time></trkpt>
    <trkpt lat="44.89612" lon="-107.61048">
      <ele>2040.0</ele>
    <time>2026-05-14T11:24:56Z</time></trkpt>
    <trkpt lat="44.89604" lon="-107.61038">
      <ele>2040.0</ele>
    <time>2026-05-14T11:25:02Z</time></trkpt>
    <trkpt lat="44.89595" lon="-107.61025">
      <ele>2040.0</ele>
    <time>2026-05-14T11:25:08Z</time></trkpt>
    <trkpt lat="44.89582" lon="-107.61012">
      <ele>2034.486486732</ele>
    <time>2026-05-14T11:25:16Z</time></trkpt>
    <trkpt lat="44.89579" lon="-107.61013">
      <ele>2040.0</ele>
    <time>2026-05-14T11:25:18Z</time></trkpt>
    <trkpt lat="44.89567" lon="-107.60992">
      <ele>2032.916666667</ele>
    <time>2026-05-14T11:25:27Z</time></trkpt>
    <trkpt lat="44.8956" lon="-107.60972">
      <ele>2033.888888889</ele>
    <time>2026-05-14T11:25:35Z</time></trkpt>
    <trkpt lat="44.89553" lon="-107.60963">
      <ele>2037.949044424</ele>
    <time>2026-05-14T11:25:40Z</time></trkpt>
    <trkpt lat="44.89548" lon="-107.6095">
      <ele>2037.5</ele>
    <time>2026-05-14T11:25:45Z</time></trkpt>
    <trkpt lat="44.89538" lon="-107.60928">
      <ele>2039.0</ele>
    <time>2026-05-14T11:25:55Z</time></trkpt>
    <trkpt lat="44.89528" lon="-107.60913">
      <ele>2039.464285714</ele>
    <time>2026-05-14T11:26:02Z</time></trkpt>
    <trkpt lat="44.89517" lon="-107.60903">
      <ele>2039.583333333</ele>
    <time>2026-05-14T11:26:09Z</time></trkpt>
    <trkpt lat="44.89514" lon="-107.60889">
      <ele>2039.861111111</ele>
    <time>2026-05-14T11:26:14Z</time></trkpt>
    <trkpt lat="44.89504" lon="-107.60881">
      <ele>2040.138888889</ele>
    <time>2026-05-14T11:26:20Z</time></trkpt>
    <trkpt lat="44.89501" lon="-107.60866">
      <ele>2040.416666667</ele>
    <time>2026-05-14T11:26:25Z</time></trkpt>
    <trkpt lat="44.89491" lon="-107.60848">
      <ele>2042.145833317</ele>
    <time>2026-05-14T11:26:33Z</time></trkpt>
    <trkpt lat="44.89487" lon="-107.60836">
      <ele>2042.978319762</ele>
    <time>2026-05-14T11:26:38Z</time></trkpt>
    <trkpt lat="44.89481" lon="-107.60823">
      <ele>2044.05587666</ele>
    <time>2026-05-14T11:26:44Z</time></trkpt>
    <trkpt lat="44.89479" lon="-107.6081">
      <ele>2046.171874987</ele>
    <time>2026-05-14T11:26:48Z</time></trkpt>
    <trkpt lat="44.89471" lon="-107.60802">
      <ele>2047.149999982</ele>
    <time>2026-05-14T11:26:53Z</time></trkpt>
    <trkpt lat="44.89462" lon="-107.60784">
      <ele>2048.645833326</ele>
    <time>2026-05-14T11:27:01Z</time></trkpt>
    <trkpt lat="44.89454" lon="-107.60776">
      <ele>2049.189914154</ele>
    <time>2026-05-14T11:27:06Z</time></trkpt>
    <trkpt lat="44.89446" lon="-107.60763">
      <ele>2049.606837602</ele>
    <time>2026-05-14T11:27:12Z</time></trkpt>
    <trkpt lat="44.89437" lon="-107.60733">
      <ele>2050.174501416</ele>
    <time>2026-05-14T11:27:24Z</time></trkpt>
    <trkpt lat="44.89426" lon="-107.60714">
      <ele>2050.848348348</ele>
    <time>2026-05-14T11:27:33Z</time></trkpt>
    <trkpt lat="44.89414" lon="-107.60712">
      <ele>2050.833333333</ele>
    <time>2026-05-14T11:27:39Z</time></trkpt>
    <trkpt lat="44.89404" lon="-107.60713">
      <ele>2052.205720572</ele>
    <time>2026-05-14T11:27:44Z</time></trkpt>
    <trkpt lat="44.8939" lon="-107.60715">
      <ele>2054.42192192</ele>
    <time>2026-05-14T11:27:51Z</time></trkpt>
    <trkpt lat="44.8938" lon="-107.60718">
      <ele>2057.09225279</ele>
    <time>2026-05-14T11:27:56Z</time></trkpt>
    <trkpt lat="44.89367" lon="-107.60713">
      <ele>2060.909961684</ele>
    <time>2026-05-14T11:28:03Z</time></trkpt>
    <trkpt lat="44.89349" lon="-107.60699">
      <ele>2066.007507487</ele>
    <time>2026-05-14T11:28:13Z</time></trkpt>
    <trkpt lat="44.89334" lon="-107.60693">
      <ele>2069.861111111</ele>
    <time>2026-05-14T11:28:21Z</time></trkpt>
    <trkpt lat="44.89316" lon="-107.6069">
      <ele>2073.159722218</ele>
    <time>2026-05-14T11:28:30Z</time></trkpt>
    <trkpt lat="44.89305" lon="-107.60674">
      <ele>2078.130461878</ele>
    <time>2026-05-14T11:28:38Z</time></trkpt>
    <trkpt lat="44.89298" lon="-107.60659">
      <ele>2081.123365968</ele>
    <time>2026-05-14T11:28:45Z</time></trkpt>
    <trkpt lat="44.89293" lon="-107.60644">
      <ele>2082.963888858</ele>
    <time>2026-05-14T11:28:51Z</time></trkpt>
    <trkpt lat="44.89283" lon="-107.60636">
      <ele>2085.211720784</ele>
    <time>2026-05-14T11:28:56Z</time></trkpt>
    <trkpt lat="44.89277" lon="-107.60619">
      <ele>2088.145833311</ele>
    <time>2026-05-14T11:29:03Z</time></trkpt>
    <trkpt lat="44.89269" lon="-107.60612">
      <ele>2089.208456208</ele>
    <time>2026-05-14T11:29:08Z</time></trkpt>
    <trkpt lat="44.89261" lon="-107.60603">
      <ele>2090.371647468</ele>
    <time>2026-05-14T11:29:13Z</time></trkpt>
    <trkpt lat="44.89256" lon="-107.60591">
      <ele>2091.568047308</ele>
    <time>2026-05-14T11:29:18Z</time></trkpt>
    <trkpt lat="44.89248" lon="-107.60578">
      <ele>2092.663328524</ele>
    <time>2026-05-14T11:29:24Z</time></trkpt>
    <trkpt lat="44.89242" lon="-107.60568">
      <ele>2093.741830027</ele>
    <time>2026-05-14T11:29:29Z</time></trkpt>
    <trkpt lat="44.89224" lon="-107.60559">
      <ele>2096.849999983</ele>
    <time>2026-05-14T11:29:38Z</time></trkpt>
    <trkpt lat="44.89218" lon="-107.60547">
      <ele>2097.833333307</ele>
    <time>2026-05-14T11:29:44Z</time></trkpt>
    <trkpt lat="44.89207" lon="-107.60529">
      <ele>2099.114255752</ele>
    <time>2026-05-14T11:29:52Z</time></trkpt>
    <trkpt lat="44.89196" lon="-107.60508">
      <ele>2099.444444444</ele>
    <time>2026-05-14T11:30:02Z</time></trkpt>
    <trkpt lat="44.89188" lon="-107.6049">
      <ele>2098.65677322</ele>
    <time>2026-05-14T11:30:09Z</time></trkpt>
    <trkpt lat="44.89176" lon="-107.60467">
      <ele>2097.136850172</ele>
    <time>2026-05-14T11:30:19Z</time></trkpt>
    <trkpt lat="44.89168" lon="-107.60444">
      <ele>2094.00000003</ele>
    <time>2026-05-14T11:30:28Z</time></trkpt>
    <trkpt lat="44.89161" lon="-107.60413">
      <ele>2091.666666667</ele>
    <time>2026-05-14T11:30:40Z</time></trkpt>
    <trkpt lat="44.89153" lon="-107.60387">
      <ele>2088.355555563</ele>
    <time>2026-05-14T11:30:50Z</time></trkpt>
    <trkpt lat="44.89143" lon="-107.60368">
      <ele>2086.288888932</ele>
    <time>2026-05-14T11:30:59Z</time></trkpt>
    <trkpt lat="44.89132" lon="-107.60345">
      <ele>2083.072757441</ele>
    <time>2026-05-14T11:31:09Z</time></trkpt>
    <trkpt lat="44.89122" lon="-107.60323">
      <ele>2081.471071687</ele>
    <time>2026-05-14T11:31:18Z</time></trkpt>
    <trkpt lat="44.89109" lon="-107.60299">
      <ele>2080.484429091</ele>
    <time>2026-05-14T11:31:29Z</time></trkpt>
    <trkpt lat="44.89097" lon="-107.60279">
      <ele>2080.030962499</ele>
    <time>2026-05-14T11:31:38Z</time></trkpt>
    <trkpt lat="44.89087" lon="-107.60262">
      <ele>2080.0</ele>
    <time>2026-05-14T11:31:46Z</time></trkpt>
    <trkpt lat="44.89076" lon="-107.60241">
      <ele>2080.0</ele>
    <time>2026-05-14T11:31:55Z</time></trkpt>
    <trkpt lat="44.89063" lon="-107.60218">
      <ele>2080.0</ele>
    <time>2026-05-14T11:32:06Z</time></trkpt>
    <trkpt lat="44.8905" lon="-107.60195">
      <ele>2080.0</ele>
    <time>2026-05-14T11:32:16Z</time></trkpt>
    <trkpt lat="44.89039" lon="-107.60173">
      <ele>2080.0</ele>
    <time>2026-05-14T11:32:26Z</time></trkpt>
    <trkpt lat="44.89032" lon="-107.60162">
      <ele>2080.0</ele>
    <time>2026-05-14T11:32:31Z</time></trkpt>
    <trkpt lat="44.89025" lon="-107.60131">
      <ele>2080.0</ele>
    <time>2026-05-14T11:32:43Z</time></trkpt>
    <trkpt lat="44.89015" lon="-107.60107">
      <ele>2080.0</ele>
    <time>2026-05-14T11:32:53Z</time></trkpt>
    <trkpt lat="44.89008" lon="-107.60085">
      <ele>2080.0</ele>
    <time>2026-05-14T11:33:01Z</time></trkpt>
    <trkpt lat="44.89001" lon="-107.60068">
      <ele>2080.0</ele>
    <time>2026-05-14T11:33:08Z</time></trkpt>
    <trkpt lat="44.88994" lon="-107.6005">
      <ele>2080.0</ele>
    <time>2026-05-14T11:33:16Z</time></trkpt>
    <trkpt lat="44.88986" lon="-107.60027">
      <ele>2080.0</ele>
    <time>2026-05-14T11:33:25Z</time></trkpt>
    <trkpt lat="44.88977" lon="-107.60005">
      <ele>2080.0</ele>
    <time>2026-05-14T11:33:34Z</time></trkpt>
    <trkpt lat="44.88968" lon="-107.59971">
      <ele>2080.0</ele>
    <time>2026-05-14T11:33:47Z</time></trkpt>
    <trkpt lat="44.8896" lon="-107.59951">
      <ele>2079.979885059</ele>
    <time>2026-05-14T11:33:55Z</time></trkpt>
    <trkpt lat="44.88958" lon="-107.59928">
      <ele>2079.498873863</ele>
    <time>2026-05-14T11:34:03Z</time></trkpt>
    <trkpt lat="44.88962" lon="-107.59902">
      <ele>2078.481800757</ele>
    <time>2026-05-14T11:34:13Z</time></trkpt>
    <trkpt lat="44.88965" lon="-107.59874">
      <ele>2076.902298838</ele>
    <time>2026-05-14T11:34:23Z</time></trkpt>
    <trkpt lat="44.88968" lon="-107.59845">
      <ele>2073.707854394</ele>
    <time>2026-05-14T11:34:33Z</time></trkpt>
    <trkpt lat="44.88971" lon="-107.59819">
      <ele>2071.747372347</ele>
    <time>2026-05-14T11:34:43Z</time></trkpt>
    <trkpt lat="44.88974" lon="-107.598">
      <ele>2069.830567039</ele>
    <time>2026-05-14T11:34:50Z</time></trkpt>
    <trkpt lat="44.88978" lon="-107.59785">
      <ele>2068.83070568</ele>
    <time>2026-05-14T11:34:55Z</time></trkpt>
    <trkpt lat="44.88983" lon="-107.59761">
      <ele>2066.854575123</ele>
    <time>2026-05-14T11:35:04Z</time></trkpt>
    <trkpt lat="44.88989" lon="-107.59735">
      <ele>2063.655555504</ele>
    <time>2026-05-14T11:35:14Z</time></trkpt>
    <trkpt lat="44.88997" lon="-107.5972">
      <ele>2062.04579579</ele>
    <time>2026-05-14T11:35:21Z</time></trkpt>
    <trkpt lat="44.89002" lon="-107.59695">
      <ele>2060.772506068</ele>
    <time>2026-05-14T11:35:30Z</time></trkpt>
    <trkpt lat="44.8901" lon="-107.59672">
      <ele>2060.055555541</ele>
    <time>2026-05-14T11:35:39Z</time></trkpt>
    <trkpt lat="44.89022" lon="-107.59656">
      <ele>2059.458333312</ele>
    <time>2026-05-14T11:35:48Z</time></trkpt>
    <trkpt lat="44.89035" lon="-107.5964">
      <ele>2058.154490099</ele>
    <time>2026-05-14T11:35:56Z</time></trkpt>
    <trkpt lat="44.89049" lon="-107.59634">
      <ele>2056.739498577</ele>
    <time>2026-05-14T11:36:04Z</time></trkpt>
    <trkpt lat="44.89057" lon="-107.59624">
      <ele>2055.925925926</ele>
    <time>2026-05-14T11:36:09Z</time></trkpt>
    <trkpt lat="44.89056" lon="-107.59604">
      <ele>2052.847222222</ele>
    <time>2026-05-14T11:36:16Z</time></trkpt>
    <trkpt lat="44.89056" lon="-107.59581">
      <ele>2052.083333333</ele>
    <time>2026-05-14T11:36:24Z</time></trkpt>
    <trkpt lat="44.89055" lon="-107.59561">
      <ele>2050.393518519</ele>
    <time>2026-05-14T11:36:31Z</time></trkpt>
    <trkpt lat="44.89054" lon="-107.59534">
      <ele>2050.0</ele>
    <time>2026-05-14T11:36:41Z</time></trkpt>
    <trkpt lat="44.89051" lon="-107.59536">
      <ele>2050.0</ele>
    <time>2026-05-14T11:36:43Z</time></trkpt>
    <trkpt lat="44.8905" lon="-107.59514">
      <ele>2050.0</ele>
    <time>2026-05-14T11:36:51Z</time></trkpt>
    <trkpt lat="44.89047" lon="-107.59498">
      <ele>2050.0</ele>
    <time>2026-05-14T11:36:57Z</time></trkpt>
    <trkpt lat="44.89042" lon="-107.59476">
      <ele>2050.0</ele>
    <time>2026-05-14T11:37:05Z</time></trkpt>
    <trkpt lat="44.89035" lon="-107.59452">
      <ele>2050.0</ele>
    <time>2026-05-14T11:37:14Z</time></trkpt>
    <trkpt lat="44.89032" lon="-107.59433">
      <ele>2050.0</ele>
    <time>2026-05-14T11:37:21Z</time></trkpt>
    <trkpt lat="44.89027" lon="-107.59416">
      <ele>2050.0</ele>
    <time>2026-05-14T11:37:28Z</time></trkpt>
    <trkpt lat="44.89024" lon="-107.594">
      <ele>2050.0</ele>
    <time>2026-05-14T11:37:34Z</time></trkpt>
    <trkpt lat="44.89023" lon="-107.59386">
      <ele>2050.0</ele>
    <time>2026-05-14T11:37:39Z</time></trkpt>
    <trkpt lat="44.89024" lon="-107.5937">
      <ele>2050.0</ele>
    <time>2026-05-14T11:37:44Z</time></trkpt>
    <trkpt lat="44.89026" lon="-107.59357">
      <ele>2050.0</ele>
    <time>2026-05-14T11:37:49Z</time></trkpt>
    <trkpt lat="44.89025" lon="-107.59334">
      <ele>2049.632497545</ele>
    <time>2026-05-14T11:37:57Z</time></trkpt>
    <trkpt lat="44.89022" lon="-107.59305">
      <ele>2048.076047369</ele>
    <time>2026-05-14T11:38:08Z</time></trkpt>
    <trkpt lat="44.89016" lon="-107.59286">
      <ele>2046.111111111</ele>
    <time>2026-05-14T11:38:15Z</time></trkpt>
    <trkpt lat="44.89007" lon="-107.59267">
      <ele>2042.816091971</ele>
    <time>2026-05-14T11:38:23Z</time></trkpt>
    <trkpt lat="44.89001" lon="-107.59253">
      <ele>2040.833333333</ele>
    <time>2026-05-14T11:38:29Z</time></trkpt>
    <trkpt lat="44.88992" lon="-107.59244">
      <ele>2040.555555556</ele>
    <time>2026-05-14T11:38:35Z</time></trkpt>
    <trkpt lat="44.88986" lon="-107.59226">
      <ele>2040.978632456</ele>
    <time>2026-05-14T11:38:42Z</time></trkpt>
    <trkpt lat="44.8897" lon="-107.59194">
      <ele>2044.34550982</ele>
    <time>2026-05-14T11:38:56Z</time></trkpt>
    <trkpt lat="44.88962" lon="-107.59174">
      <ele>2047.249999972</ele>
    <time>2026-05-14T11:39:04Z</time></trkpt>
    <trkpt lat="44.88951" lon="-107.59155">
      <ele>2049.230769221</ele>
    <time>2026-05-14T11:39:13Z</time></trkpt>
    <trkpt lat="44.88941" lon="-107.5914">
      <ele>2049.888888884</ele>
    <time>2026-05-14T11:39:20Z</time></trkpt>
    <trkpt lat="44.88932" lon="-107.59132">
      <ele>2050.0</ele>
    <time>2026-05-14T11:39:25Z</time></trkpt>
    <trkpt lat="44.88917" lon="-107.59122">
      <ele>2050.0</ele>
    <time>2026-05-14T11:39:34Z</time></trkpt>
    <trkpt lat="44.889" lon="-107.59112">
      <ele>2050.356606606</ele>
    <time>2026-05-14T11:39:43Z</time></trkpt>
    <trkpt lat="44.88882" lon="-107.59109">
      <ele>2051.967592593</ele>
    <time>2026-05-14T11:39:52Z</time></trkpt>
    <trkpt lat="44.88865" lon="-107.59108">
      <ele>2053.726851852</ele>
    <time>2026-05-14T11:40:01Z</time></trkpt>
    <trkpt lat="44.88849" lon="-107.59107">
      <ele>2056.694444431</ele>
    <time>2026-05-14T11:40:09Z</time></trkpt>
    <trkpt lat="44.88832" lon="-107.591">
      <ele>2058.777777761</ele>
    <time>2026-05-14T11:40:18Z</time></trkpt>
    <trkpt lat="44.88822" lon="-107.59089">
      <ele>2059.666666658</ele>
    <time>2026-05-14T11:40:24Z</time></trkpt>
    <trkpt lat="44.88806" lon="-107.59072">
      <ele>2060.0</ele>
    <time>2026-05-14T11:40:34Z</time></trkpt>
    <trkpt lat="44.88796" lon="-107.59054">
      <ele>2060.0</ele>
    <time>2026-05-14T11:40:42Z</time></trkpt>
    <trkpt lat="44.88785" lon="-107.59032">
      <ele>2060.0</ele>
    <time>2026-05-14T11:40:52Z</time></trkpt>
    <trkpt lat="44.88772" lon="-107.59007">
      <ele>2060.0</ele>
    <time>2026-05-14T11:41:03Z</time></trkpt>
    <trkpt lat="44.88757" lon="-107.58985">
      <ele>2060.0</ele>
    <time>2026-05-14T11:41:14Z</time></trkpt>
    <trkpt lat="44.88748" lon="-107.58967">
      <ele>2060.0</ele>
    <time>2026-05-14T11:41:22Z</time></trkpt>
    <trkpt lat="44.88744" lon="-107.58945">
      <ele>2059.627777784</ele>
    <time>2026-05-14T11:41:30Z</time></trkpt>
    <trkpt lat="44.88746" lon="-107.5892">
      <ele>2058.291666652</ele>
    <time>2026-05-14T11:41:39Z</time></trkpt>
    <trkpt lat="44.88751" lon="-107.58896">
      <ele>2054.777777733</ele>
    <time>2026-05-14T11:41:48Z</time></trkpt>
    <trkpt lat="44.88758" lon="-107.58873">
      <ele>2051.412473758</ele>
    <time>2026-05-14T11:41:57Z</time></trkpt>
    <trkpt lat="44.88767" lon="-107.58847">
      <ele>2048.367736956</ele>
    <time>2026-05-14T11:42:07Z</time></trkpt>
    <trkpt lat="44.88774" lon="-107.58822">
      <ele>2044.472222143</ele>
    <time>2026-05-14T11:42:17Z</time></trkpt>
    <trkpt lat="44.88787" lon="-107.58796">
      <ele>2040.374999909</ele>
    <time>2026-05-14T11:42:28Z</time></trkpt>
    <trkpt lat="44.88795" lon="-107.58774">
      <ele>2036.937499956</ele>
    <time>2026-05-14T11:42:37Z</time></trkpt>
    <trkpt lat="44.88803" lon="-107.58753">
      <ele>2033.888888889</ele>
    <time>2026-05-14T11:42:45Z</time></trkpt>
    <trkpt lat="44.88809" lon="-107.58727">
      <ele>2029.857843108</ele>
    <time>2026-05-14T11:42:55Z</time></trkpt>
    <trkpt lat="44.88815" lon="-107.587">
      <ele>2027.243589723</ele>
    <time>2026-05-14T11:43:05Z</time></trkpt>
    <trkpt lat="44.88818" lon="-107.58677">
      <ele>2024.155555516</ele>
    <time>2026-05-14T11:43:14Z</time></trkpt>
    <trkpt lat="44.8882" lon="-107.58652">
      <ele>2021.623931611</ele>
    <time>2026-05-14T11:43:23Z</time></trkpt>
    <trkpt lat="44.88822" lon="-107.58631">
      <ele>2020.502873557</ele>
    <time>2026-05-14T11:43:30Z</time></trkpt>
    <trkpt lat="44.88827" lon="-107.58606">
      <ele>2019.673202605</ele>
    <time>2026-05-14T11:43:39Z</time></trkpt>
    <trkpt lat="44.88833" lon="-107.58585">
      <ele>2018.70786515</ele>
    <time>2026-05-14T11:43:48Z</time></trkpt>
    <trkpt lat="44.88832" lon="-107.58569">
      <ele>2017.291666667</ele>
    <time>2026-05-14T11:43:53Z</time></trkpt>
    <trkpt lat="44.88828" lon="-107.58549">
      <ele>2013.888888889</ele>
    <time>2026-05-14T11:44:01Z</time></trkpt>
    <trkpt lat="44.88827" lon="-107.58529">
      <ele>2012.192622959</ele>
    <time>2026-05-14T11:44:08Z</time></trkpt>
    <trkpt lat="44.88828" lon="-107.58506">
      <ele>2010.929216011</ele>
    <time>2026-05-14T11:44:16Z</time></trkpt>
    <trkpt lat="44.88831" lon="-107.5849">
      <ele>2010.249999995</ele>
    <time>2026-05-14T11:44:22Z</time></trkpt>
    <trkpt lat="44.88835" lon="-107.5847">
      <ele>2010.0</ele>
    <time>2026-05-14T11:44:29Z</time></trkpt>
    <trkpt lat="44.88842" lon="-107.58445">
      <ele>2009.881535945</ele>
    <time>2026-05-14T11:44:39Z</time></trkpt>
    <trkpt lat="44.88845" lon="-107.58427">
      <ele>2009.215686268</ele>
    <time>2026-05-14T11:44:46Z</time></trkpt>
    <trkpt lat="44.88849" lon="-107.58408">
      <ele>2007.972222214</ele>
    <time>2026-05-14T11:44:53Z</time></trkpt>
    <trkpt lat="44.8885" lon="-107.5839">
      <ele>2005.65449018</ele>
    <time>2026-05-14T11:44:59Z</time></trkpt>
    <trkpt lat="44.88844" lon="-107.58369">
      <ele>2002.361111111</ele>
    <time>2026-05-14T11:45:07Z</time></trkpt>
    <trkpt lat="44.88828" lon="-107.58369">
      <ele>2001.399572656</ele>
    <time>2026-05-14T11:45:15Z</time></trkpt>
    <trkpt lat="44.88817" lon="-107.58362">
      <ele>2001.385501348</ele>
    <time>2026-05-14T11:45:21Z</time></trkpt>
    <trkpt lat="44.88802" lon="-107.58351">
      <ele>2002.298850544</ele>
    <time>2026-05-14T11:45:30Z</time></trkpt>
    <trkpt lat="44.88791" lon="-107.58327">
      <ele>2006.397058792</ele>
    <time>2026-05-14T11:45:40Z</time></trkpt>
    <trkpt lat="44.88787" lon="-107.58311">
      <ele>2008.163580247</ele>
    <time>2026-05-14T11:45:46Z</time></trkpt>
    <trkpt lat="44.88786" lon="-107.58294">
      <ele>2009.027777778</ele>
    <time>2026-05-14T11:45:52Z</time></trkpt>
    <trkpt lat="44.8879" lon="-107.58281">
      <ele>2010.893393415</ele>
    <time>2026-05-14T11:45:57Z</time></trkpt>
    <trkpt lat="44.88798" lon="-107.5826">
      <ele>2013.868055596</ele>
    <time>2026-05-14T11:46:06Z</time></trkpt>
    <trkpt lat="44.88801" lon="-107.5824">
      <ele>2018.203828865</ele>
    <time>2026-05-14T11:46:13Z</time></trkpt>
    <trkpt lat="44.88805" lon="-107.58226">
      <ele>2018.472222222</ele>
    <time>2026-05-14T11:46:18Z</time></trkpt>
    <trkpt lat="44.88808" lon="-107.58214">
      <ele>2022.726034919</ele>
    <time>2026-05-14T11:46:23Z</time></trkpt>
    <trkpt lat="44.88812" lon="-107.58202">
      <ele>2025.034722363</ele>
    <time>2026-05-14T11:46:28Z</time></trkpt>
    <trkpt lat="44.88809" lon="-107.58189">
      <ele>2027.258546964</ele>
    <time>2026-05-14T11:46:33Z</time></trkpt>
    <trkpt lat="44.88798" lon="-107.58171">
      <ele>2029.604700855</ele>
    <time>2026-05-14T11:46:41Z</time></trkpt>
    <trkpt lat="44.88784" lon="-107.58169">
      <ele>2030.0</ele>
    <time>2026-05-14T11:46:48Z</time></trkpt>
    <trkpt lat="44.88766" lon="-107.58171">
      <ele>2030.0</ele>
    <time>2026-05-14T11:46:57Z</time></trkpt>
    <trkpt lat="44.88752" lon="-107.58173">
      <ele>2030.0</ele>
    <time>2026-05-14T11:47:04Z</time></trkpt>
    <trkpt lat="44.8874" lon="-107.58171">
      <ele>2030.0</ele>
    <time>2026-05-14T11:47:10Z</time></trkpt>
    <trkpt lat="44.88727" lon="-107.58162">
      <ele>2030.0</ele>
    <time>2026-05-14T11:47:18Z</time></trkpt>
    <trkpt lat="44.8871" lon="-107.58156">
      <ele>2030.0</ele>
    <time>2026-05-14T11:54:27Z</time></trkpt>
    <trkpt lat="44.88694" lon="-107.58164">
      <ele>2030.0</ele>
    <time>2026-05-14T11:54:35Z</time></trkpt>
    <trkpt lat="44.88682" lon="-107.58166">
      <ele>2030.0</ele>
    <time>2026-05-14T11:54:41Z</time></trkpt>
    <trkpt lat="44.88665" lon="-107.58165">
      <ele>2030.0</ele>
    <time>2026-05-14T11:54:50Z</time></trkpt>
    <trkpt lat="44.88651" lon="-107.58159">
      <ele>2030.0</ele>
    <time>2026-05-14T11:54:57Z</time></trkpt>
    <trkpt lat="44.88638" lon="-107.5815">
      <ele>2030.0</ele>
    <time>2026-05-14T11:55:05Z</time></trkpt>
    <trkpt lat="44.88639" lon="-107.58149">
      <ele>2030.0</ele>
    <time>2026-05-14T11:55:05Z</time></trkpt>
    <trkpt lat="44.88628" lon="-107.58141">
      <ele>2030.0</ele>
    <time>2026-05-14T11:55:11Z</time></trkpt>
    <trkpt lat="44.88611" lon="-107.58131">
      <ele>2030.157407406</ele>
    <time>2026-05-14T11:55:21Z</time></trkpt>
    <trkpt lat="44.88592" lon="-107.58121">
      <ele>2031.361111109</ele>
    <time>2026-05-14T11:55:31Z</time></trkpt>
    <trkpt lat="44.88582" lon="-107.58113">
      <ele>2033.054326422</ele>
    <time>2026-05-14T11:55:37Z</time></trkpt>
    <trkpt lat="44.88575" lon="-107.58105">
      <ele>2034.401709329</ele>
    <time>2026-05-14T11:55:41Z</time></trkpt>
    <trkpt lat="44.88566" lon="-107.58094">
      <ele>2037.266260148</ele>
    <time>2026-05-14T11:55:47Z</time></trkpt>
    <trkpt lat="44.88554" lon="-107.58086">
      <ele>2038.777777761</ele>
    <time>2026-05-14T11:55:54Z</time></trkpt>
    <trkpt lat="44.8854" lon="-107.58073">
      <ele>2039.882478629</ele>
    <time>2026-05-14T11:56:02Z</time></trkpt>
    <trkpt lat="44.88528" lon="-107.58054">
      <ele>2040.0</ele>
    <time>2026-05-14T11:56:11Z</time></trkpt>
    <trkpt lat="44.88518" lon="-107.58037">
      <ele>2040.0</ele>
    <time>2026-05-14T11:56:19Z</time></trkpt>
    <trkpt lat="44.88511" lon="-107.5802">
      <ele>2040.0</ele>
    <time>2026-05-14T11:56:26Z</time></trkpt>
    <trkpt lat="44.88505" lon="-107.58009">
      <ele>2040.02490421</ele>
    <time>2026-05-14T11:56:31Z</time></trkpt>
    <trkpt lat="44.88496" lon="-107.58001">
      <ele>2040.222222214</ele>
    <time>2026-05-14T11:56:37Z</time></trkpt>
    <trkpt lat="44.88485" lon="-107.57991">
      <ele>2040.74868506</ele>
    <time>2026-05-14T11:56:43Z</time></trkpt>
    <trkpt lat="44.8848" lon="-107.57979">
      <ele>2041.165311641</ele>
    <time>2026-05-14T11:56:48Z</time></trkpt>
    <trkpt lat="44.88477" lon="-107.57965">
      <ele>2041.826923051</ele>
    <time>2026-05-14T11:56:53Z</time></trkpt>
    <trkpt lat="44.88465" lon="-107.57944">
      <ele>2045.499999991</ele>
    <time>2026-05-14T11:57:03Z</time></trkpt>
    <trkpt lat="44.88451" lon="-107.57936">
      <ele>2045.888888864</ele>
    <time>2026-05-14T11:57:11Z</time></trkpt>
    <trkpt lat="44.88438" lon="-107.57922">
      <ele>2048.407407404</ele>
    <time>2026-05-14T11:57:19Z</time></trkpt>
    <trkpt lat="44.88425" lon="-107.57916">
      <ele>2049.324074073</ele>
    <time>2026-05-14T11:57:26Z</time></trkpt>
    <trkpt lat="44.8841" lon="-107.57907">
      <ele>2049.583333333</ele>
    <time>2026-05-14T11:57:34Z</time></trkpt>
    <trkpt lat="44.88398" lon="-107.57897">
      <ele>2050.277777778</ele>
    <time>2026-05-14T11:57:41Z</time></trkpt>
    <trkpt lat="44.88392" lon="-107.57884">
      <ele>2051.388888889</ele>
    <time>2026-05-14T11:57:47Z</time></trkpt>
    <trkpt lat="44.88387" lon="-107.57873">
      <ele>2052.083333333</ele>
    <time>2026-05-14T11:57:51Z</time></trkpt>
    <trkpt lat="44.88378" lon="-107.57863">
      <ele>2056.205962051</ele>
    <time>2026-05-14T11:57:57Z</time></trkpt>
    <trkpt lat="44.88365" lon="-107.57852">
      <ele>2057.951388888</ele>
    <time>2026-05-14T11:58:05Z</time></trkpt>
    <trkpt lat="44.88352" lon="-107.57847">
      <ele>2059.194444443</ele>
    <time>2026-05-14T11:58:11Z</time></trkpt>
    <trkpt lat="44.88342" lon="-107.57842">
      <ele>2059.864864865</ele>
    <time>2026-05-14T11:58:17Z</time></trkpt>
    <trkpt lat="44.88329" lon="-107.57839">
      <ele>2060.149999999</ele>
    <time>2026-05-14T11:58:23Z</time></trkpt>
    <trkpt lat="44.88319" lon="-107.57834">
      <ele>2060.437499999</ele>
    <time>2026-05-14T11:58:29Z</time></trkpt>
    <trkpt lat="44.88297" lon="-107.57827">
      <ele>2062.106269112</ele>
    <time>2026-05-14T11:58:40Z</time></trkpt>
    <trkpt lat="44.88287" lon="-107.57824">
      <ele>2063.011517606</ele>
    <time>2026-05-14T11:58:45Z</time></trkpt>
    <trkpt lat="44.88276" lon="-107.57816">
      <ele>2066.295045044</ele>
    <time>2026-05-14T11:58:51Z</time></trkpt>
    <trkpt lat="44.88263" lon="-107.57813">
      <ele>2068.104166665</ele>
    <time>2026-05-14T11:58:58Z</time></trkpt>
    <trkpt lat="44.8825" lon="-107.57818">
      <ele>2069.920091321</ele>
    <time>2026-05-14T11:59:05Z</time></trkpt>
    <trkpt lat="44.88241" lon="-107.57823">
      <ele>2070.880503136</ele>
    <time>2026-05-14T11:59:10Z</time></trkpt>
    <trkpt lat="44.88226" lon="-107.57829">
      <ele>2072.836483385</ele>
    <time>2026-05-14T11:59:18Z</time></trkpt>
    <trkpt lat="44.8821" lon="-107.57832">
      <ele>2076.025641024</ele>
    <time>2026-05-14T11:59:26Z</time></trkpt>
    <trkpt lat="44.882" lon="-107.57832">
      <ele>2077.166666665</ele>
    <time>2026-05-14T11:59:31Z</time></trkpt>
    <trkpt lat="44.88184" lon="-107.57825">
      <ele>2078.611111111</ele>
    <time>2026-05-14T11:59:39Z</time></trkpt>
    <trkpt lat="44.88167" lon="-107.57817">
      <ele>2079.861111111</ele>
    <time>2026-05-14T11:59:48Z</time></trkpt>
    <trkpt lat="44.88154" lon="-107.57813">
      <ele>2080.0</ele>
    <time>2026-05-14T11:59:55Z</time></trkpt>
    <trkpt lat="44.88139" lon="-107.57808">
      <ele>2080.0</ele>
    <time>2026-05-14T12:00:03Z</time></trkpt>
    <trkpt lat="44.88122" lon="-107.57802">
      <ele>2080.0</ele>
    <time>2026-05-14T12:00:12Z</time></trkpt>
    <trkpt lat="44.88104" lon="-107.57787">
      <ele>2080.0</ele>
    <time>2026-05-14T12:00:22Z</time></trkpt>
    <trkpt lat="44.88087" lon="-107.57777">
      <ele>2080.0</ele>
    <time>2026-05-14T12:00:31Z</time></trkpt>
    <trkpt lat="44.88074" lon="-107.57769">
      <ele>2080.0</ele>
    <time>2026-05-14T12:00:39Z</time></trkpt>
    <trkpt lat="44.88058" lon="-107.57756">
      <ele>2080.0</ele>
    <time>2026-05-14T12:00:48Z</time></trkpt>
    <trkpt lat="44.88043" lon="-107.57741">
      <ele>2080.0</ele>
    <time>2026-05-14T12:00:57Z</time></trkpt>
    <trkpt lat="44.88029" lon="-107.57734">
      <ele>2080.0</ele>
    <time>2026-05-14T12:01:05Z</time></trkpt>
    <trkpt lat="44.88017" lon="-107.57715">
      <ele>2080.0</ele>
    <time>2026-05-14T12:01:14Z</time></trkpt>
    <trkpt lat="44.88" lon="-107.57705">
      <ele>2080.0</ele>
    <time>2026-05-14T12:01:23Z</time></trkpt>
    <trkpt lat="44.87984" lon="-107.57698">
      <ele>2080.0</ele>
    <time>2026-05-14T12:01:31Z</time></trkpt>
    <trkpt lat="44.87968" lon="-107.57687">
      <ele>2080.0</ele>
    <time>2026-05-14T12:01:40Z</time></trkpt>
    <trkpt lat="44.8795" lon="-107.57674">
      <ele>2080.0</ele>
    <time>2026-05-14T12:01:51Z</time></trkpt>
    <trkpt lat="44.8794" lon="-107.57667">
      <ele>2080.0</ele>
    <time>2026-05-14T12:01:56Z</time></trkpt>
    <trkpt lat="44.87927" lon="-107.57657">
      <ele>2080.0</ele>
    <time>2026-05-14T12:02:04Z</time></trkpt>
    <trkpt lat="44.87913" lon="-107.57646">
      <ele>2080.0</ele>
    <time>2026-05-14T12:02:12Z</time></trkpt>
    <trkpt lat="44.879" lon="-107.57629">
      <ele>2080.0</ele>
    <time>2026-05-14T12:02:21Z</time></trkpt>
    <trkpt lat="44.87886" lon="-107.5761">
      <ele>2080.0</ele>
    <time>2026-05-14T12:02:30Z</time></trkpt>
    <trkpt lat="44.87871" lon="-107.5759">
      <ele>2080.0</ele>
    <time>2026-05-14T12:02:41Z</time></trkpt>
    <trkpt lat="44.87858" lon="-107.57576">
      <ele>2079.898504279</ele>
    <time>2026-05-14T12:02:49Z</time></trkpt>
    <trkpt lat="44.87845" lon="-107.57559">
      <ele>2078.692411931</ele>
    <time>2026-05-14T12:02:58Z</time></trkpt>
    <trkpt lat="44.87831" lon="-107.57549">
      <ele>2077.243589767</ele>
    <time>2026-05-14T12:03:06Z</time></trkpt>
    <trkpt lat="44.8782" lon="-107.57533">
      <ele>2074.150326813</ele>
    <time>2026-05-14T12:03:14Z</time></trkpt>
    <trkpt lat="44.87801" lon="-107.57521">
      <ele>2072.083333333</ele>
    <time>2026-05-14T12:03:24Z</time></trkpt>
    <trkpt lat="44.87783" lon="-107.57504">
      <ele>2070.041666672</ele>
    <time>2026-05-14T12:03:35Z</time></trkpt>
    <trkpt lat="44.87774" lon="-107.57495">
      <ele>2069.208333339</ele>
    <time>2026-05-14T12:03:41Z</time></trkpt>
    <trkpt lat="44.87764" lon="-107.57484">
      <ele>2067.98611112</ele>
    <time>2026-05-14T12:03:47Z</time></trkpt>
    <trkpt lat="44.8775" lon="-107.57471">
      <ele>2066.286429899</ele>
    <time>2026-05-14T12:03:56Z</time></trkpt>
    <trkpt lat="44.87738" lon="-107.57456">
      <ele>2063.111111134</ele>
    <time>2026-05-14T12:04:04Z</time></trkpt>
    <trkpt lat="44.87725" lon="-107.57442">
      <ele>2061.556513434</ele>
    <time>2026-05-14T12:04:12Z</time></trkpt>
    <trkpt lat="44.87718" lon="-107.57425">
      <ele>2060.448717954</ele>
    <time>2026-05-14T12:04:19Z</time></trkpt>
    <trkpt lat="44.87705" lon="-107.57407">
      <ele>2060.386752131</ele>
    <time>2026-05-14T12:04:28Z</time></trkpt>
    <trkpt lat="44.87693" lon="-107.57386">
      <ele>2061.858660107</ele>
    <time>2026-05-14T12:04:38Z</time></trkpt>
    <trkpt lat="44.87687" lon="-107.57366">
      <ele>2063.524305555</ele>
    <time>2026-05-14T12:04:46Z</time></trkpt>
    <trkpt lat="44.87686" lon="-107.57349">
      <ele>2066.568627488</ele>
    <time>2026-05-14T12:04:52Z</time></trkpt>
    <trkpt lat="44.87693" lon="-107.57322">
      <ele>2067.916666667</ele>
    <time>2026-05-14T12:05:02Z</time></trkpt>
    <trkpt lat="44.87705" lon="-107.57296">
      <ele>2071.08955942</ele>
    <time>2026-05-14T12:05:13Z</time></trkpt>
    <trkpt lat="44.87712" lon="-107.5728">
      <ele>2072.658046011</ele>
    <time>2026-05-14T12:05:20Z</time></trkpt>
    <trkpt lat="44.87719" lon="-107.57264">
      <ele>2075.319634807</ele>
    <time>2026-05-14T12:05:26Z</time></trkpt>
    <trkpt lat="44.87727" lon="-107.57243">
      <ele>2077.083333333</ele>
    <time>2026-05-14T12:05:35Z</time></trkpt>
    <trkpt lat="44.87743" lon="-107.57229">
      <ele>2079.583333333</ele>
    <time>2026-05-14T12:05:44Z</time></trkpt>
    <trkpt lat="44.87752" lon="-107.57219">
      <ele>2082.758620714</ele>
    <time>2026-05-14T12:05:50Z</time></trkpt>
    <trkpt lat="44.87759" lon="-107.57201">
      <ele>2085.56316599</ele>
    <time>2026-05-14T12:05:58Z</time></trkpt>
    <trkpt lat="44.87765" lon="-107.57185">
      <ele>2087.758620714</ele>
    <time>2026-05-14T12:06:04Z</time></trkpt>
    <trkpt lat="44.87772" lon="-107.57168">
      <ele>2089.173850595</ele>
    <time>2026-05-14T12:06:11Z</time></trkpt>
    <trkpt lat="44.87781" lon="-107.57146">
      <ele>2090.654077732</ele>
    <time>2026-05-14T12:06:20Z</time></trkpt>
    <trkpt lat="44.87787" lon="-107.5713">
      <ele>2090.714285714</ele>
    <time>2026-05-14T12:06:27Z</time></trkpt>
    <trkpt lat="44.87812" lon="-107.57113">
      <ele>2096.111111111</ele>
    <time>2026-05-14T12:06:41Z</time></trkpt>
    <trkpt lat="44.87813" lon="-107.5712">
      <ele>2096.111111111</ele>
    <time>2026-05-14T12:06:43Z</time></trkpt>
    <trkpt lat="44.87834" lon="-107.5711">
      <ele>2099.861111111</ele>
    <time>2026-05-14T12:06:54Z</time></trkpt>
    <trkpt lat="44.8784" lon="-107.57099">
      <ele>2099.359917035</ele>
    <time>2026-05-14T12:06:59Z</time></trkpt>
    <trkpt lat="44.87832" lon="-107.57081">
      <ele>2098.638888895</ele>
    <time>2026-05-14T12:07:07Z</time></trkpt>
    <trkpt lat="44.87818" lon="-107.57061">
      <ele>2097.553418821</ele>
    <time>2026-05-14T12:07:17Z</time></trkpt>
    <trkpt lat="44.87806" lon="-107.57044">
      <ele>2095.511111161</ele>
    <time>2026-05-14T12:07:25Z</time></trkpt>
    <trkpt lat="44.87792" lon="-107.57023">
      <ele>2095.0</ele>
    <time>2026-05-14T12:07:36Z</time></trkpt>
    <trkpt lat="44.87784" lon="-107.57014">
      <ele>2095.24521072</ele>
    <time>2026-05-14T12:07:41Z</time></trkpt>
    <trkpt lat="44.87774" lon="-107.57004">
      <ele>2096.652777738</ele>
    <time>2026-05-14T12:07:47Z</time></trkpt>
    <trkpt lat="44.87765" lon="-107.56997">
      <ele>2097.049145294</ele>
    <time>2026-05-14T12:07:52Z</time></trkpt>
    <trkpt lat="44.87759" lon="-107.56974">
      <ele>2097.222222222</ele>
    <time>2026-05-14T12:08:01Z</time></trkpt>
    <trkpt lat="44.87756" lon="-107.56959">
      <ele>2097.094017096</ele>
    <time>2026-05-14T12:08:06Z</time></trkpt>
    <trkpt lat="44.8775" lon="-107.56946">
      <ele>2096.705284566</ele>
    <time>2026-05-14T12:08:12Z</time></trkpt>
    <trkpt lat="44.8774" lon="-107.56927">
      <ele>2093.987159355</ele>
    <time>2026-05-14T12:08:20Z</time></trkpt>
    <trkpt lat="44.87734" lon="-107.56901">
      <ele>2092.916666667</ele>
    <time>2026-05-14T12:08:30Z</time></trkpt>
    <trkpt lat="44.87736" lon="-107.5687">
      <ele>2090.424999999</ele>
    <time>2026-05-14T12:08:41Z</time></trkpt>
    <trkpt lat="44.87735" lon="-107.56844">
      <ele>2090.138888889</ele>
    <time>2026-05-14T12:08:51Z</time></trkpt>
    <trkpt lat="44.87732" lon="-107.56823">
      <ele>2089.87348735</ele>
    <time>2026-05-14T12:08:58Z</time></trkpt>
    <trkpt lat="44.87729" lon="-107.568">
      <ele>2089.197404374</ele>
    <time>2026-05-14T12:09:07Z</time></trkpt>
    <trkpt lat="44.87739" lon="-107.56773">
      <ele>2087.416666638</ele>
    <time>2026-05-14T12:09:18Z</time></trkpt>
    <trkpt lat="44.8774" lon="-107.56755">
      <ele>2086.224786316</ele>
    <time>2026-05-14T12:09:24Z</time></trkpt>
    <trkpt lat="44.87734" lon="-107.56741">
      <ele>2083.888888889</ele>
    <time>2026-05-14T12:09:30Z</time></trkpt>
    <trkpt lat="44.87734" lon="-107.56715">
      <ele>2081.916666679</ele>
    <time>2026-05-14T12:09:39Z</time></trkpt>
    <trkpt lat="44.87724" lon="-107.5672">
      <ele>2081.272252943</ele>
    <time>2026-05-14T12:09:44Z</time></trkpt>
    <trkpt lat="44.87715" lon="-107.5673">
      <ele>2080.710784316</ele>
    <time>2026-05-14T12:09:50Z</time></trkpt>
    <trkpt lat="44.877" lon="-107.56733">
      <ele>2080.13044813</ele>
    <time>2026-05-14T12:09:58Z</time></trkpt>
    <trkpt lat="44.8769" lon="-107.56724">
      <ele>2080.138888889</ele>
    <time>2026-05-14T12:10:04Z</time></trkpt>
    <trkpt lat="44.87684" lon="-107.56712">
      <ele>2080.0</ele>
    <time>2026-05-14T12:10:09Z</time></trkpt>
    <trkpt lat="44.87669" lon="-107.56706">
      <ele>2080.0</ele>
    <time>2026-05-14T12:10:17Z</time></trkpt>
    <trkpt lat="44.87657" lon="-107.567">
      <ele>2080.0</ele>
    <time>2026-05-14T12:10:23Z</time></trkpt>
    <trkpt lat="44.87643" lon="-107.5669">
      <ele>2080.0</ele>
    <time>2026-05-14T12:10:31Z</time></trkpt>
    <trkpt lat="44.87626" lon="-107.56682">
      <ele>2080.0</ele>
    <time>2026-05-14T12:10:40Z</time></trkpt>
    <trkpt lat="44.87608" lon="-107.5668">
      <ele>2080.0</ele>
    <time>2026-05-14T12:10:49Z</time></trkpt>
    <trkpt lat="44.87585" lon="-107.56687">
      <ele>2080.0</ele>
    <time>2026-05-14T12:11:01Z</time></trkpt>
    <trkpt lat="44.87565" lon="-107.56693">
      <ele>2079.722222228</ele>
    <time>2026-05-14T12:11:12Z</time></trkpt>
    <trkpt lat="44.87547" lon="-107.56701">
      <ele>2078.922222243</ele>
    <time>2026-05-14T12:11:21Z</time></trkpt>
    <trkpt lat="44.87533" lon="-107.56711">
      <ele>2077.615384622</ele>
    <time>2026-05-14T12:11:29Z</time></trkpt>
    <trkpt lat="44.87522" lon="-107.56714">
      <ele>2076.679151088</ele>
    <time>2026-05-14T12:11:35Z</time></trkpt>
    <trkpt lat="44.87508" lon="-107.56723">
      <ele>2073.425213676</ele>
    <time>2026-05-14T12:11:42Z</time></trkpt>
    <trkpt lat="44.87495" lon="-107.56722">
      <ele>2072.016283541</ele>
    <time>2026-05-14T12:11:49Z</time></trkpt>
    <trkpt lat="44.87487" lon="-107.56713">
      <ele>2071.160130722</ele>
    <time>2026-05-14T12:11:54Z</time></trkpt>
    <trkpt lat="44.87473" lon="-107.56709">
      <ele>2070.317732119</ele>
    <time>2026-05-14T12:12:01Z</time></trkpt>
    <trkpt lat="44.87454" lon="-107.56702">
      <ele>2070.0</ele>
    <time>2026-05-14T12:12:11Z</time></trkpt>
    <trkpt lat="44.87442" lon="-107.56687">
      <ele>2070.0</ele>
    <time>2026-05-14T12:12:19Z</time></trkpt>
    <trkpt lat="44.8743" lon="-107.56667">
      <ele>2070.046816476</ele>
    <time>2026-05-14T12:12:29Z</time></trkpt>
    <trkpt lat="44.87414" lon="-107.56656">
      <ele>2070.66025641</ele>
    <time>2026-05-14T12:12:38Z</time></trkpt>
    <trkpt lat="44.87395" lon="-107.56654">
      <ele>2071.602929971</ele>
    <time>2026-05-14T12:12:47Z</time></trkpt>
    <trkpt lat="44.87384" lon="-107.56649">
      <ele>2072.364232188</ele>
    <time>2026-05-14T12:12:53Z</time></trkpt>
    <trkpt lat="44.8737" lon="-107.56641">
      <ele>2074.425801571</ele>
    <time>2026-05-14T12:13:01Z</time></trkpt>
    <trkpt lat="44.8736" lon="-107.56634">
      <ele>2076.312669343</ele>
    <time>2026-05-14T12:13:06Z</time></trkpt>
    <trkpt lat="44.8735" lon="-107.56626">
      <ele>2077.377450974</ele>
    <time>2026-05-14T12:13:12Z</time></trkpt>
    <trkpt lat="44.87338" lon="-107.56623">
      <ele>2078.300653567</ele>
    <time>2026-05-14T12:13:18Z</time></trkpt>
    <trkpt lat="44.87324" lon="-107.56635">
      <ele>2079.33760681</ele>
    <time>2026-05-14T12:13:26Z</time></trkpt>
    <trkpt lat="44.87311" lon="-107.56655">
      <ele>2079.944444442</ele>
    <time>2026-05-14T12:13:36Z</time></trkpt>
    <trkpt lat="44.87291" lon="-107.56666">
      <ele>2080.0</ele>
    <time>2026-05-14T12:13:47Z</time></trkpt>
    <trkpt lat="44.8728" lon="-107.56657">
      <ele>2080.0</ele>
    <time>2026-05-14T12:13:53Z</time></trkpt>
    <trkpt lat="44.87269" lon="-107.56636">
      <ele>2080.0</ele>
    <time>2026-05-14T12:14:03Z</time></trkpt>
    <trkpt lat="44.87255" lon="-107.56608">
      <ele>2078.611111111</ele>
    <time>2026-05-14T12:14:15Z</time></trkpt>
    <trkpt lat="44.87241" lon="-107.56581">
      <ele>2076.111111111</ele>
    <time>2026-05-14T12:14:27Z</time></trkpt>
    <trkpt lat="44.87222" lon="-107.56555">
      <ele>2072.916666667</ele>
    <time>2026-05-14T12:14:40Z</time></trkpt>
    <trkpt lat="44.8721" lon="-107.56533">
      <ele>2070.805817617</ele>
    <time>2026-05-14T12:14:50Z</time></trkpt>
    <trkpt lat="44.87202" lon="-107.56518">
      <ele>2070.07777779</ele>
    <time>2026-05-14T12:14:57Z</time></trkpt>
    <trkpt lat="44.8719" lon="-107.56502">
      <ele>2069.547413802</ele>
    <time>2026-05-14T12:15:05Z</time></trkpt>
    <trkpt lat="44.8718" lon="-107.5648">
      <ele>2068.545214939</ele>
    <time>2026-05-14T12:15:14Z</time></trkpt>
    <trkpt lat="44.87172" lon="-107.56457">
      <ele>2066.991078693</ele>
    <time>2026-05-14T12:15:24Z</time></trkpt>
    <trkpt lat="44.87164" lon="-107.56434">
      <ele>2063.836538473</ele>
    <time>2026-05-14T12:15:33Z</time></trkpt>
    <trkpt lat="44.87157" lon="-107.5641">
      <ele>2061.992521401</ele>
    <time>2026-05-14T12:15:42Z</time></trkpt>
    <trkpt lat="44.87149" lon="-107.56396">
      <ele>2061.260683788</ele>
    <time>2026-05-14T12:15:48Z</time></trkpt>
    <trkpt lat="44.8714" lon="-107.56382">
      <ele>2060.352564116</ele>
    <time>2026-05-14T12:15:55Z</time></trkpt>
    <trkpt lat="44.87129" lon="-107.56367">
      <ele>2060.0</ele>
    <time>2026-05-14T12:16:03Z</time></trkpt>
    <trkpt lat="44.87117" lon="-107.56357">
      <ele>2060.0</ele>
    <time>2026-05-14T12:16:10Z</time></trkpt>
    <trkpt lat="44.87099" lon="-107.56345">
      <ele>2060.0</ele>
    <time>2026-05-14T12:16:20Z</time></trkpt>
    <trkpt lat="44.87085" lon="-107.5633">
      <ele>2060.0</ele>
    <time>2026-05-14T12:16:29Z</time></trkpt>
    <trkpt lat="44.8707" lon="-107.56316">
      <ele>2060.0</ele>
    <time>2026-05-14T12:16:38Z</time></trkpt>
    <trkpt lat="44.87056" lon="-107.56299">
      <ele>2060.0</ele>
    <time>2026-05-14T12:16:47Z</time></trkpt>
    <trkpt lat="44.8704" lon="-107.56285">
      <ele>2060.0</ele>
    <time>2026-05-14T12:16:57Z</time></trkpt>
    <trkpt lat="44.87033" lon="-107.56265">
      <ele>2060.0</ele>
    <time>2026-05-14T12:17:05Z</time></trkpt>
    <trkpt lat="44.87025" lon="-107.56242">
      <ele>2060.0</ele>
    <time>2026-05-14T12:17:14Z</time></trkpt>
    <trkpt lat="44.87013" lon="-107.56226">
      <ele>2060.0</ele>
    <time>2026-05-14T12:17:22Z</time></trkpt>
    <trkpt lat="44.86996" lon="-107.56214">
      <ele>2060.0</ele>
    <time>2026-05-14T12:17:32Z</time></trkpt>
    <trkpt lat="44.86983" lon="-107.56196">
      <ele>2059.464285714</ele>
    <time>2026-05-14T12:17:41Z</time></trkpt>
    <trkpt lat="44.86964" lon="-107.56176">
      <ele>2058.5</ele>
    <time>2026-05-14T12:17:53Z</time></trkpt>
    <trkpt lat="44.86943" lon="-107.56153">
      <ele>2050.0</ele>
    <time>2026-05-14T12:18:06Z</time></trkpt>
    <trkpt lat="44.86947" lon="-107.56155">
      <ele>2052.916666667</ele>
    <time>2026-05-14T12:18:08Z</time></trkpt>
    <trkpt lat="44.86937" lon="-107.56143">
      <ele>2050.0</ele>
    <time>2026-05-14T12:18:15Z</time></trkpt>
    <trkpt lat="44.86927" lon="-107.56131">
      <ele>2050.0</ele>
    <time>2026-05-14T12:18:22Z</time></trkpt>
    <trkpt lat="44.86911" lon="-107.56116">
      <ele>2050.0</ele>
    <time>2026-05-14T12:18:31Z</time></trkpt>
    <trkpt lat="44.86894" lon="-107.56099">
      <ele>2050.0</ele>
    <time>2026-05-14T12:18:42Z</time></trkpt>
    <trkpt lat="44.86877" lon="-107.56082">
      <ele>2050.0</ele>
    <time>2026-05-14T12:18:52Z</time></trkpt>
    <trkpt lat="44.86864" lon="-107.56062">
      <ele>2050.0</ele>
    <time>2026-05-14T12:19:02Z</time></trkpt>
    <trkpt lat="44.86858" lon="-107.56036">
      <ele>2050.0</ele>
    <time>2026-05-14T12:19:12Z</time></trkpt>
    <trkpt lat="44.86854" lon="-107.56007">
      <ele>2050.0</ele>
    <time>2026-05-14T12:19:22Z</time></trkpt>
    <trkpt lat="44.86853" lon="-107.55981">
      <ele>2050.0</ele>
    <time>2026-05-14T12:19:31Z</time></trkpt>
    <trkpt lat="44.86851" lon="-107.5595">
      <ele>2049.899817853</ele>
    <time>2026-05-14T12:19:43Z</time></trkpt>
    <trkpt lat="44.86847" lon="-107.55925">
      <ele>2048.798798819</ele>
    <time>2026-05-14T12:19:52Z</time></trkpt>
    <trkpt lat="44.86844" lon="-107.55913">
      <ele>2048.240740769</ele>
    <time>2026-05-14T12:19:56Z</time></trkpt>
    <trkpt lat="44.86838" lon="-107.55891">
      <ele>2045.90086656</ele>
    <time>2026-05-14T12:20:05Z</time></trkpt>
    <trkpt lat="44.86839" lon="-107.55871">
      <ele>2044.087301587</ele>
    <time>2026-05-14T12:20:12Z</time></trkpt>
    <trkpt lat="44.86839" lon="-107.55856">
      <ele>2044.768518519</ele>
    <time>2026-05-14T12:20:17Z</time></trkpt>
    <trkpt lat="44.8683" lon="-107.55849">
      <ele>2044.085365862</ele>
    <time>2026-05-14T12:20:22Z</time></trkpt>
    <trkpt lat="44.8682" lon="-107.55836">
      <ele>2041.917404154</ele>
    <time>2026-05-14T12:20:29Z</time></trkpt>
    <trkpt lat="44.8681" lon="-107.55814">
      <ele>2040.676369893</ele>
    <time>2026-05-14T12:20:39Z</time></trkpt>
    <trkpt lat="44.86802" lon="-107.5579">
      <ele>2040.0</ele>
    <time>2026-05-14T12:20:48Z</time></trkpt>
    <trkpt lat="44.86791" lon="-107.5577">
      <ele>2040.0</ele>
    <time>2026-05-14T12:20:57Z</time></trkpt>
    <trkpt lat="44.8678" lon="-107.5576">
      <ele>2040.0</ele>
    <time>2026-05-14T12:21:04Z</time></trkpt>
    <trkpt lat="44.86766" lon="-107.55745">
      <ele>2040.021241826</ele>
    <time>2026-05-14T12:21:13Z</time></trkpt>
    <trkpt lat="44.86755" lon="-107.55722">
      <ele>2041.203703682</ele>
    <time>2026-05-14T12:21:22Z</time></trkpt>
    <trkpt lat="44.86743" lon="-107.55704">
      <ele>2044.059829016</ele>
    <time>2026-05-14T12:21:31Z</time></trkpt>
    <trkpt lat="44.86728" lon="-107.55689">
      <ele>2047.922812192</ele>
    <time>2026-05-14T12:21:41Z</time></trkpt>
    <trkpt lat="44.86715" lon="-107.55677">
      <ele>2049.270833324</ele>
    <time>2026-05-14T12:21:48Z</time></trkpt>
    <trkpt lat="44.86698" lon="-107.55666">
      <ele>2050.0</ele>
    <time>2026-05-14T12:21:58Z</time></trkpt>
    <trkpt lat="44.86682" lon="-107.55654">
      <ele>2050.0</ele>
    <time>2026-05-14T12:22:07Z</time></trkpt>
    <trkpt lat="44.86665" lon="-107.55636">
      <ele>2050.0</ele>
    <time>2026-05-14T12:22:18Z</time></trkpt>
    <trkpt lat="44.86658" lon="-107.55627">
      <ele>2050.0</ele>
    <time>2026-05-14T12:22:22Z</time></trkpt>
    <trkpt lat="44.86648" lon="-107.55619">
      <ele>2050.0</ele>
    <time>2026-05-14T12:22:28Z</time></trkpt>
    <trkpt lat="44.86638" lon="-107.55615">
      <ele>2050.0</ele>
    <time>2026-05-14T12:22:33Z</time></trkpt>
    <trkpt lat="44.8663" lon="-107.55607">
      <ele>2050.0</ele>
    <time>2026-05-14T12:22:38Z</time></trkpt>
    <trkpt lat="44.86623" lon="-107.55596">
      <ele>2050.0</ele>
    <time>2026-05-14T12:22:44Z</time></trkpt>
    <trkpt lat="44.86617" lon="-107.55585">
      <ele>2050.0</ele>
    <time>2026-05-14T12:22:49Z</time></trkpt>
    <trkpt lat="44.86609" lon="-107.55574">
      <ele>2050.204248358</ele>
    <time>2026-05-14T12:22:54Z</time></trkpt>
    <trkpt lat="44.86595" lon="-107.55564">
      <ele>2051.583333323</ele>
    <time>2026-05-14T12:23:02Z</time></trkpt>
    <trkpt lat="44.86588" lon="-107.5555">
      <ele>2053.574346373</ele>
    <time>2026-05-14T12:23:08Z</time></trkpt>
    <trkpt lat="44.86581" lon="-107.55537">
      <ele>2056.564814773</ele>
    <time>2026-05-14T12:23:14Z</time></trkpt>
    <trkpt lat="44.86571" lon="-107.5553">
      <ele>2058.027777771</ele>
    <time>2026-05-14T12:23:20Z</time></trkpt>
    <trkpt lat="44.86563" lon="-107.5552">
      <ele>2059.197154467</ele>
    <time>2026-05-14T12:23:25Z</time></trkpt>
    <trkpt lat="44.86551" lon="-107.55504">
      <ele>2060.0</ele>
    <time>2026-05-14T12:23:33Z</time></trkpt>
    <trkpt lat="44.86543" lon="-107.55495">
      <ele>2060.0</ele>
    <time>2026-05-14T12:23:39Z</time></trkpt>
    <trkpt lat="44.86534" lon="-107.55487">
      <ele>2060.017361109</ele>
    <time>2026-05-14T12:23:44Z</time></trkpt>
    <trkpt lat="44.86525" lon="-107.55476">
      <ele>2060.572916655</ele>
    <time>2026-05-14T12:23:50Z</time></trkpt>
    <trkpt lat="44.86513" lon="-107.55464">
      <ele>2061.388888889</ele>
    <time>2026-05-14T12:23:57Z</time></trkpt>
    <trkpt lat="44.86502" lon="-107.55451">
      <ele>2063.888888889</ele>
    <time>2026-05-14T12:24:05Z</time></trkpt>
    <trkpt lat="44.86488" lon="-107.55437">
      <ele>2068.888888873</ele>
    <time>2026-05-14T12:24:13Z</time></trkpt>
    <trkpt lat="44.86479" lon="-107.55429">
      <ele>2069.618055552</ele>
    <time>2026-05-14T12:24:19Z</time></trkpt>
    <trkpt lat="44.86469" lon="-107.55421">
      <ele>2070.0</ele>
    <time>2026-05-14T12:24:24Z</time></trkpt>
    <trkpt lat="44.8646" lon="-107.55416">
      <ele>2070.0</ele>
    <time>2026-05-14T12:24:29Z</time></trkpt>
    <trkpt lat="44.86448" lon="-107.55405">
      <ele>2070.0</ele>
    <time>2026-05-14T12:24:36Z</time></trkpt>
    <trkpt lat="44.86432" lon="-107.55387">
      <ele>2070.0</ele>
    <time>2026-05-14T12:24:47Z</time></trkpt>
    <trkpt lat="44.86419" lon="-107.55369">
      <ele>2070.0</ele>
    <time>2026-05-14T12:24:56Z</time></trkpt>
    <trkpt lat="44.86411" lon="-107.55361">
      <ele>2070.0</ele>
    <time>2026-05-14T12:25:01Z</time></trkpt>
    <trkpt lat="44.86397" lon="-107.55345">
      <ele>2070.0</ele>
    <time>2026-05-14T12:25:10Z</time></trkpt>
    <trkpt lat="44.8638" lon="-107.55325">
      <ele>2070.0</ele>
    <time>2026-05-14T12:25:21Z</time></trkpt>
    <trkpt lat="44.86362" lon="-107.55309">
      <ele>2070.0</ele>
    <time>2026-05-14T12:25:32Z</time></trkpt>
    <trkpt lat="44.86343" lon="-107.55292">
      <ele>2070.0</ele>
    <time>2026-05-14T12:25:43Z</time></trkpt>
    <trkpt lat="44.86327" lon="-107.55276">
      <ele>2070.0</ele>
    <time>2026-05-14T12:25:53Z</time></trkpt>
    <trkpt lat="44.86311" lon="-107.55258">
      <ele>2070.0</ele>
    <time>2026-05-14T12:26:03Z</time></trkpt>
    <trkpt lat="44.86294" lon="-107.55237">
      <ele>2070.0</ele>
    <time>2026-05-14T12:26:15Z</time></trkpt>
    <trkpt lat="44.86283" lon="-107.55232">
      <ele>2070.0</ele>
    <time>2026-05-14T12:26:21Z</time></trkpt>
    <trkpt lat="44.8627" lon="-107.5522">
      <ele>2070.0</ele>
    <time>2026-05-14T12:26:28Z</time></trkpt>
    <trkpt lat="44.86257" lon="-107.5521">
      <ele>2070.0</ele>
    <time>2026-05-14T12:26:36Z</time></trkpt>
    <trkpt lat="44.86244" lon="-107.55202">
      <ele>2070.0</ele>
    <time>2026-05-14T12:26:43Z</time></trkpt>
    <trkpt lat="44.86224" lon="-107.55199">
      <ele>2070.0</ele>
    <time>2026-05-14T12:26:53Z</time></trkpt>
    <trkpt lat="44.86206" lon="-107.55196">
      <ele>2070.0</ele>
    <time>2026-05-14T12:27:02Z</time></trkpt>
    <trkpt lat="44.86189" lon="-107.5519">
      <ele>2070.138888889</ele>
    <time>2026-05-14T12:27:11Z</time></trkpt>
    <trkpt lat="44.86179" lon="-107.55185">
      <ele>2070.690639265</ele>
    <time>2026-05-14T12:27:16Z</time></trkpt>
    <trkpt lat="44.86169" lon="-107.55174">
      <ele>2071.388888889</ele>
    <time>2026-05-14T12:27:23Z</time></trkpt>
    <trkpt lat="44.86161" lon="-107.55166">
      <ele>2073.683006502</ele>
    <time>2026-05-14T12:27:28Z</time></trkpt>
    <trkpt lat="44.86151" lon="-107.55158">
      <ele>2076.961805543</ele>
    <time>2026-05-14T12:27:34Z</time></trkpt>
    <trkpt lat="44.86141" lon="-107.55148">
      <ele>2077.916666667</ele>
    <time>2026-05-14T12:27:40Z</time></trkpt>
    <trkpt lat="44.8613" lon="-107.55134">
      <ele>2081.041666649</ele>
    <time>2026-05-14T12:27:47Z</time></trkpt>
    <trkpt lat="44.8612" lon="-107.55119">
      <ele>2082.916666667</ele>
    <time>2026-05-14T12:27:55Z</time></trkpt>
    <trkpt lat="44.8611" lon="-107.55111">
      <ele>2087.012195112</ele>
    <time>2026-05-14T12:28:00Z</time></trkpt>
    <trkpt lat="44.86101" lon="-107.55102">
      <ele>2088.520036419</ele>
    <time>2026-05-14T12:28:06Z</time></trkpt>
    <trkpt lat="44.8609" lon="-107.55093">
      <ele>2089.166666667</ele>
    <time>2026-05-14T12:28:12Z</time></trkpt>
    <trkpt lat="44.86078" lon="-107.55084">
      <ele>2090.0</ele>
    <time>2026-05-14T12:28:19Z</time></trkpt>
    <trkpt lat="44.86069" lon="-107.55075">
      <ele>2090.0</ele>
    <time>2026-05-14T12:28:25Z</time></trkpt>
    <trkpt lat="44.86054" lon="-107.55057">
      <ele>2090.0</ele>
    <time>2026-05-14T12:28:35Z</time></trkpt>
    <trkpt lat="44.86041" lon="-107.55038">
      <ele>2090.0</ele>
    <time>2026-05-14T12:28:44Z</time></trkpt>
    <trkpt lat="44.86026" lon="-107.55027">
      <ele>2090.0</ele>
    <time>2026-05-14T12:28:53Z</time></trkpt>
    <trkpt lat="44.86011" lon="-107.5501">
      <ele>2090.0</ele>
    <time>2026-05-14T12:29:02Z</time></trkpt>
    <trkpt lat="44.85993" lon="-107.54992">
      <ele>2090.0</ele>
    <time>2026-05-14T12:29:13Z</time></trkpt>
    <trkpt lat="44.8598" lon="-107.54979">
      <ele>2090.0</ele>
    <time>2026-05-14T12:29:21Z</time></trkpt>
    <trkpt lat="44.85964" lon="-107.54965">
      <ele>2090.0</ele>
    <time>2026-05-14T12:29:31Z</time></trkpt>
    <trkpt lat="44.8596" lon="-107.54962">
      <ele>2090.0</ele>
    <time>2026-05-14T12:29:33Z</time></trkpt>
    <trkpt lat="44.85943" lon="-107.5495">
      <ele>2090.833333333</ele>
    <time>2026-05-14T12:29:43Z</time></trkpt>
    <trkpt lat="44.85926" lon="-107.54938">
      <ele>2091.388888889</ele>
    <time>2026-05-14T12:29:52Z</time></trkpt>
    <trkpt lat="44.85909" lon="-107.54924">
      <ele>2092.083333333</ele>
    <time>2026-05-14T12:30:02Z</time></trkpt>
    <trkpt lat="44.85892" lon="-107.54908">
      <ele>2092.777777778</ele>
    <time>2026-05-14T12:30:13Z</time></trkpt>
    <trkpt lat="44.85879" lon="-107.54894">
      <ele>2093.472222222</ele>
    <time>2026-05-14T12:30:21Z</time></trkpt>
    <trkpt lat="44.85867" lon="-107.54878">
      <ele>2095.595238095</ele>
    <time>2026-05-14T12:30:29Z</time></trkpt>
    <trkpt lat="44.85852" lon="-107.54863">
      <ele>2095.932539683</ele>
    <time>2026-05-14T12:30:38Z</time></trkpt>
    <trkpt lat="44.85836" lon="-107.54845">
      <ele>2095.833333333</ele>
    <time>2026-05-14T12:30:49Z</time></trkpt>
    <trkpt lat="44.85819" lon="-107.54825">
      <ele>2095.694444444</ele>
    <time>2026-05-14T12:31:00Z</time></trkpt>
    <trkpt lat="44.85806" lon="-107.54806">
      <ele>2095.277777778</ele>
    <time>2026-05-14T12:31:09Z</time></trkpt>
    <trkpt lat="44.85793" lon="-107.54787">
      <ele>2093.472222222</ele>
    <time>2026-05-14T12:31:19Z</time></trkpt>
    <trkpt lat="44.85779" lon="-107.54766">
      <ele>2092.777777778</ele>
    <time>2026-05-14T12:31:29Z</time></trkpt>
    <trkpt lat="44.85769" lon="-107.5474">
      <ele>2092.083333333</ele>
    <time>2026-05-14T12:31:40Z</time></trkpt>
    <trkpt lat="44.85761" lon="-107.54713">
      <ele>2091.388888889</ele>
    <time>2026-05-14T12:31:50Z</time></trkpt>
    <trkpt lat="44.85753" lon="-107.54684">
      <ele>2090.833333333</ele>
    <time>2026-05-14T12:32:01Z</time></trkpt>
    <trkpt lat="44.85743" lon="-107.54657">
      <ele>2090.416666667</ele>
    <time>2026-05-14T12:32:12Z</time></trkpt>
    <trkpt lat="44.85732" lon="-107.54634">
      <ele>2090.138888889</ele>
    <time>2026-05-14T12:32:22Z</time></trkpt>
    <trkpt lat="44.85723" lon="-107.5461">
      <ele>2090.0</ele>
    <time>2026-05-14T12:32:32Z</time></trkpt>
    <trkpt lat="44.85711" lon="-107.54583">
      <ele>2090.0</ele>
    <time>2026-05-14T12:32:43Z</time></trkpt>
    <trkpt lat="44.85699" lon="-107.54563">
      <ele>2090.0</ele>
    <time>2026-05-14T12:32:52Z</time></trkpt>
    <trkpt lat="44.85687" lon="-107.54539">
      <ele>2090.0</ele>
    <time>2026-05-14T12:33:03Z</time></trkpt>
    <trkpt lat="44.85678" lon="-107.54506">
      <ele>2089.423183622</ele>
    <time>2026-05-14T12:33:16Z</time></trkpt>
    <trkpt lat="44.85672" lon="-107.54476">
      <ele>2088.599585066</ele>
    <time>2026-05-14T12:33:27Z</time></trkpt>
    <trkpt lat="44.85662" lon="-107.54443">
      <ele>2087.083333333</ele>
    <time>2026-05-14T12:33:39Z</time></trkpt>
    <trkpt lat="44.85658" lon="-107.54409">
      <ele>2084.095890443</ele>
    <time>2026-05-14T12:33:52Z</time></trkpt>
    <trkpt lat="44.85652" lon="-107.54382">
      <ele>2082.184684699</ele>
    <time>2026-05-14T12:34:02Z</time></trkpt>
    <trkpt lat="44.85645" lon="-107.54358">
      <ele>2080.833333333</ele>
    <time>2026-05-14T12:34:11Z</time></trkpt>
    <trkpt lat="44.85644" lon="-107.54334">
      <ele>2080.3125</ele>
    <time>2026-05-14T12:34:20Z</time></trkpt>
    <trkpt lat="44.85645" lon="-107.54311">
      <ele>2080.0</ele>
    <time>2026-05-14T12:34:28Z</time></trkpt>
    <trkpt lat="44.85642" lon="-107.54296">
      <ele>2080.0</ele>
    <time>2026-05-14T12:34:34Z</time></trkpt>
    <trkpt lat="44.85636" lon="-107.54283">
      <ele>2080.0</ele>
    <time>2026-05-14T12:34:39Z</time></trkpt>
    <trkpt lat="44.85628" lon="-107.54264">
      <ele>2080.0</ele>
    <time>2026-05-14T12:34:47Z</time></trkpt>
    <trkpt lat="44.85617" lon="-107.5424">
      <ele>2080.0</ele>
    <time>2026-05-14T12:34:57Z</time></trkpt>
    <trkpt lat="44.85605" lon="-107.54219">
      <ele>2080.138888889</ele>
    <time>2026-05-14T12:35:07Z</time></trkpt>
    <trkpt lat="44.85594" lon="-107.54205">
      <ele>2080.833333333</ele>
    <time>2026-05-14T12:35:14Z</time></trkpt>
    <trkpt lat="44.85583" lon="-107.54195">
      <ele>2081.388888889</ele>
    <time>2026-05-14T12:35:21Z</time></trkpt>
    <trkpt lat="44.85576" lon="-107.54185">
      <ele>2083.888888889</ele>
    <time>2026-05-14T12:35:26Z</time></trkpt>
    <trkpt lat="44.85567" lon="-107.54177">
      <ele>2087.144308934</ele>
    <time>2026-05-14T12:35:31Z</time></trkpt>
    <trkpt lat="44.85559" lon="-107.54166">
      <ele>2088.651761512</ele>
    <time>2026-05-14T12:35:37Z</time></trkpt>
    <trkpt lat="44.8555" lon="-107.54152">
      <ele>2089.626068369</ele>
    <time>2026-05-14T12:35:44Z</time></trkpt>
    <trkpt lat="44.85539" lon="-107.54135">
      <ele>2090.0</ele>
    <time>2026-05-14T12:35:52Z</time></trkpt>
    <trkpt lat="44.85526" lon="-107.54113">
      <ele>2090.0</ele>
    <time>2026-05-14T12:36:02Z</time></trkpt>
    <trkpt lat="44.85518" lon="-107.54088">
      <ele>2090.0</ele>
    <time>2026-05-14T12:36:12Z</time></trkpt>
    <trkpt lat="44.85509" lon="-107.5406">
      <ele>2090.0</ele>
    <time>2026-05-14T12:36:23Z</time></trkpt>
    <trkpt lat="44.85503" lon="-107.54035">
      <ele>2090.0</ele>
    <time>2026-05-14T12:36:32Z</time></trkpt>
    <trkpt lat="44.85497" lon="-107.54011">
      <ele>2090.0</ele>
    <time>2026-05-14T12:36:41Z</time></trkpt>
    <trkpt lat="44.85486" lon="-107.53987">
      <ele>2090.0</ele>
    <time>2026-05-14T12:36:52Z</time></trkpt>
    <trkpt lat="44.85474" lon="-107.53976">
      <ele>2090.220189693</ele>
    <time>2026-05-14T12:36:59Z</time></trkpt>
    <trkpt lat="44.85467" lon="-107.53966">
      <ele>2090.961538443</ele>
    <time>2026-05-14T12:37:04Z</time></trkpt>
    <trkpt lat="44.85459" lon="-107.53953">
      <ele>2092.245934939</ele>
    <time>2026-05-14T12:37:10Z</time></trkpt>
    <trkpt lat="44.8545" lon="-107.53943">
      <ele>2094.084967266</ele>
    <time>2026-05-14T12:37:16Z</time></trkpt>
    <trkpt lat="44.85444" lon="-107.53933">
      <ele>2096.538461536</ele>
    <time>2026-05-14T12:37:20Z</time></trkpt>
    <trkpt lat="44.85432" lon="-107.53931">
      <ele>2098.660130704</ele>
    <time>2026-05-14T12:37:26Z</time></trkpt>
    <trkpt lat="44.85421" lon="-107.53925">
      <ele>2100.93869731</ele>
    <time>2026-05-14T12:37:32Z</time></trkpt>
    <trkpt lat="44.8541" lon="-107.53921">
      <ele>2103.160919532</ele>
    <time>2026-05-14T12:37:38Z</time></trkpt>
    <trkpt lat="44.854" lon="-107.53917">
      <ele>2106.381729654</ele>
    <time>2026-05-14T12:37:43Z</time></trkpt>
    <trkpt lat="44.85391" lon="-107.53913">
      <ele>2107.327235746</ele>
    <time>2026-05-14T12:37:48Z</time></trkpt>
    <trkpt lat="44.85383" lon="-107.53902">
      <ele>2108.916666643</ele>
    <time>2026-05-14T12:37:54Z</time></trkpt>
    <trkpt lat="44.85376" lon="-107.53891">
      <ele>2110.638888861</ele>
    <time>2026-05-14T12:37:59Z</time></trkpt>
    <trkpt lat="44.85368" lon="-107.53877">
      <ele>2112.408536565</ele>
    <time>2026-05-14T12:38:05Z</time></trkpt>
    <trkpt lat="44.85357" lon="-107.53869">
      <ele>2114.214092099</ele>
    <time>2026-05-14T12:38:12Z</time></trkpt>
    <trkpt lat="44.85346" lon="-107.53855">
      <ele>2117.205284537</ele>
    <time>2026-05-14T12:38:19Z</time></trkpt>
    <trkpt lat="44.85333" lon="-107.5384">
      <ele>2119.176829267</ele>
    <time>2026-05-14T12:38:28Z</time></trkpt>
    <trkpt lat="44.85323" lon="-107.53828">
      <ele>2119.583333333</ele>
    <time>2026-05-14T12:38:34Z</time></trkpt>
    <trkpt lat="44.85317" lon="-107.53816">
      <ele>2120.138888889</ele>
    <time>2026-05-14T12:38:40Z</time></trkpt>
    <trkpt lat="44.85311" lon="-107.53804">
      <ele>2120.902777771</ele>
    <time>2026-05-14T12:38:45Z</time></trkpt>
    <trkpt lat="44.853" lon="-107.53793">
      <ele>2121.388888889</ele>
    <time>2026-05-14T12:38:52Z</time></trkpt>
    <trkpt lat="44.85291" lon="-107.53767">
      <ele>2125.694444444</ele>
    <time>2026-05-14T12:39:02Z</time></trkpt>
    <trkpt lat="44.85281" lon="-107.53746">
      <ele>2125.208333346</ele>
    <time>2026-05-14T12:39:11Z</time></trkpt>
    <trkpt lat="44.85264" lon="-107.53719">
      <ele>2120.833333333</ele>
    <time>2026-05-14T12:39:24Z</time></trkpt>
    <trkpt lat="44.85247" lon="-107.53689">
      <ele>2120.0</ele>
    <time>2026-05-14T12:39:38Z</time></trkpt>
    <trkpt lat="44.85234" lon="-107.53663">
      <ele>2120.0</ele>
    <time>2026-05-14T12:39:49Z</time></trkpt>
    <trkpt lat="44.85216" lon="-107.53634">
      <ele>2120.0</ele>
    <time>2026-05-14T12:40:03Z</time></trkpt>
    <trkpt lat="44.85196" lon="-107.53609">
      <ele>2120.0</ele>
    <time>2026-05-14T12:40:16Z</time></trkpt>
    <trkpt lat="44.85184" lon="-107.5359">
      <ele>2119.861111111</ele>
    <time>2026-05-14T12:40:25Z</time></trkpt>
    <trkpt lat="44.85169" lon="-107.53567">
      <ele>2118.214285714</ele>
    <time>2026-05-14T12:40:36Z</time></trkpt>
    <trkpt lat="44.85155" lon="-107.53548">
      <ele>2113.888888889</ele>
    <time>2026-05-14T12:40:46Z</time></trkpt>
    <trkpt lat="44.85141" lon="-107.53528">
      <ele>2111.388888889</ele>
    <time>2026-05-14T12:40:56Z</time></trkpt>
    <trkpt lat="44.85147" lon="-107.53523">
      <ele>2111.388888889</ele>
    <time>2026-05-14T12:41:00Z</time></trkpt>
    <trkpt lat="44.85135" lon="-107.53501">
      <ele>2110.0</ele>
    <time>2026-05-14T12:41:10Z</time></trkpt>
    <trkpt lat="44.85122" lon="-107.53474">
      <ele>2109.957241646</ele>
    <time>2026-05-14T12:41:21Z</time></trkpt>
    <trkpt lat="44.85099" lon="-107.53448">
      <ele>2109.562500006</ele>
    <time>2026-05-14T12:41:36Z</time></trkpt>
    <trkpt lat="44.85083" lon="-107.53432">
      <ele>2108.824786362</ele>
    <time>2026-05-14T12:41:46Z</time></trkpt>
    <trkpt lat="44.85061" lon="-107.53412">
      <ele>2105.512820555</ele>
    <time>2026-05-14T12:41:59Z</time></trkpt>
    <trkpt lat="44.85045" lon="-107.53401">
      <ele>2101.976495735</ele>
    <time>2026-05-14T12:42:08Z</time></trkpt>
    <trkpt lat="44.85024" lon="-107.53388">
      <ele>2100.42892157</ele>
    <time>2026-05-14T12:42:20Z</time></trkpt>
    <trkpt lat="44.85003" lon="-107.53385">
      <ele>2099.555555557</ele>
    <time>2026-05-14T12:42:30Z</time></trkpt>
    <trkpt lat="44.84987" lon="-107.53378">
      <ele>2098.57638889</ele>
    <time>2026-05-14T12:42:39Z</time></trkpt>
    <trkpt lat="44.84966" lon="-107.53371">
      <ele>2095.888888894</ele>
    <time>2026-05-14T12:42:50Z</time></trkpt>
    <trkpt lat="44.84953" lon="-107.53375">
      <ele>2092.638888889</ele>
    <time>2026-05-14T12:42:56Z</time></trkpt>
    <trkpt lat="44.84939" lon="-107.53376">
      <ele>2091.240740747</ele>
    <time>2026-05-14T12:43:03Z</time></trkpt>
    <trkpt lat="44.84926" lon="-107.5337">
      <ele>2090.371129333</ele>
    <time>2026-05-14T12:43:10Z</time></trkpt>
    <trkpt lat="44.84911" lon="-107.53351">
      <ele>2090.0</ele>
    <time>2026-05-14T12:43:21Z</time></trkpt>
    <trkpt lat="44.84901" lon="-107.53333">
      <ele>2090.0</ele>
    <time>2026-05-14T12:43:29Z</time></trkpt>
    <trkpt lat="44.84889" lon="-107.53312">
      <ele>2090.0</ele>
    <time>2026-05-14T12:43:38Z</time></trkpt>
    <trkpt lat="44.84874" lon="-107.53289">
      <ele>2090.0</ele>
    <time>2026-05-14T12:43:49Z</time></trkpt>
    <trkpt lat="44.84861" lon="-107.53263">
      <ele>2090.0</ele>
    <time>2026-05-14T12:44:01Z</time></trkpt>
    <trkpt lat="44.84856" lon="-107.5325">
      <ele>2090.138888889</ele>
    <time>2026-05-14T12:44:06Z</time></trkpt>
    <trkpt lat="44.84851" lon="-107.53234">
      <ele>2090.796568622</ele>
    <time>2026-05-14T12:44:12Z</time></trkpt>
    <trkpt lat="44.84845" lon="-107.53219">
      <ele>2092.083333333</ele>
    <time>2026-05-14T12:44:19Z</time></trkpt>
    <trkpt lat="44.84837" lon="-107.53203">
      <ele>2094.025640998</ele>
    <time>2026-05-14T12:44:26Z</time></trkpt>
    <trkpt lat="44.84829" lon="-107.53189">
      <ele>2097.134615375</ele>
    <time>2026-05-14T12:44:32Z</time></trkpt>
    <trkpt lat="44.8482" lon="-107.53172">
      <ele>2098.656648444</ele>
    <time>2026-05-14T12:44:40Z</time></trkpt>
    <trkpt lat="44.84806" lon="-107.53155">
      <ele>2099.879629629</ele>
    <time>2026-05-14T12:44:49Z</time></trkpt>
    <trkpt lat="44.84788" lon="-107.53146">
      <ele>2100.0</ele>
    <time>2026-05-14T12:44:58Z</time></trkpt>
    <trkpt lat="44.84765" lon="-107.5314">
      <ele>2100.0</ele>
    <time>2026-05-14T12:45:10Z</time></trkpt>
    <trkpt lat="44.8474" lon="-107.53137">
      <ele>2100.0</ele>
    <time>2026-05-14T12:45:23Z</time></trkpt>
    <trkpt lat="44.84725" lon="-107.53129">
      <ele>2100.0</ele>
    <time>2026-05-14T12:45:31Z</time></trkpt>
    <trkpt lat="44.84711" lon="-107.53121">
      <ele>2100.0</ele>
    <time>2026-05-14T12:45:39Z</time></trkpt>
    <trkpt lat="44.84697" lon="-107.53115">
      <ele>2100.202641157</ele>
    <time>2026-05-14T12:45:46Z</time></trkpt>
    <trkpt lat="44.84688" lon="-107.53103">
      <ele>2100.910256396</ele>
    <time>2026-05-14T12:45:52Z</time></trkpt>
    <trkpt lat="44.84678" lon="-107.53082">
      <ele>2102.991452977</ele>
    <time>2026-05-14T12:46:01Z</time></trkpt>
    <trkpt lat="44.84669" lon="-107.53067">
      <ele>2106.111111111</ele>
    <time>2026-05-14T12:46:08Z</time></trkpt>
    <trkpt lat="44.84655" lon="-107.53047">
      <ele>2108.688034174</ele>
    <time>2026-05-14T12:46:18Z</time></trkpt>
    <trkpt lat="44.84645" lon="-107.53032">
      <ele>2109.608974354</ele>
    <time>2026-05-14T12:46:26Z</time></trkpt>
    <trkpt lat="44.84634" lon="-107.53014">
      <ele>2110.0</ele>
    <time>2026-05-14T12:46:34Z</time></trkpt>
    <trkpt lat="44.84622" lon="-107.52997">
      <ele>2110.0</ele>
    <time>2026-05-14T12:46:43Z</time></trkpt>
    <trkpt lat="44.84613" lon="-107.52978">
      <ele>2110.0</ele>
    <time>2026-05-14T12:46:51Z</time></trkpt>
    <trkpt lat="44.84601" lon="-107.5296">
      <ele>2110.0</ele>
    <time>2026-05-14T12:47:00Z</time></trkpt>
    <trkpt lat="44.84589" lon="-107.52939">
      <ele>2110.0</ele>
    <time>2026-05-14T12:47:09Z</time></trkpt>
    <trkpt lat="44.84575" lon="-107.52911">
      <ele>2110.0</ele>
    <time>2026-05-14T12:47:22Z</time></trkpt>
    <trkpt lat="44.8456" lon="-107.52889">
      <ele>2110.0</ele>
    <time>2026-05-14T12:47:32Z</time></trkpt>
    <trkpt lat="44.84545" lon="-107.52866">
      <ele>2110.0</ele>
    <time>2026-05-14T12:47:44Z</time></trkpt>
    <trkpt lat="44.84529" lon="-107.52842">
      <ele>2110.0</ele>
    <time>2026-05-14T12:47:55Z</time></trkpt>
    <trkpt lat="44.84511" lon="-107.52812">
      <ele>2110.0</ele>
    <time>2026-05-14T12:48:09Z</time></trkpt>
    <trkpt lat="44.84501" lon="-107.5279">
      <ele>2110.0</ele>
    <time>2026-05-14T12:48:19Z</time></trkpt>
    <trkpt lat="44.84489" lon="-107.52769">
      <ele>2110.0</ele>
    <time>2026-05-14T12:48:28Z</time></trkpt>
    <trkpt lat="44.84476" lon="-107.52746">
      <ele>2110.0</ele>
    <time>2026-05-14T12:48:39Z</time></trkpt>
    <trkpt lat="44.8446" lon="-107.52734">
      <ele>2110.0</ele>
    <time>2026-05-14T12:48:48Z</time></trkpt>
    <trkpt lat="44.84444" lon="-107.52729">
      <ele>2110.0</ele>
    <time>2026-05-14T12:48:56Z</time></trkpt>
    <trkpt lat="44.84427" lon="-107.52722">
      <ele>2110.0</ele>
    <time>2026-05-14T12:49:05Z</time></trkpt>
    <trkpt lat="44.84413" lon="-107.52706">
      <ele>2110.506410242</ele>
    <time>2026-05-14T12:49:14Z</time></trkpt>
    <trkpt lat="44.84402" lon="-107.52686">
      <ele>2112.183908029</ele>
    <time>2026-05-14T12:49:23Z</time></trkpt>
    <trkpt lat="44.84391" lon="-107.52662">
      <ele>2116.324200879</ele>
    <time>2026-05-14T12:49:34Z</time></trkpt>
    <trkpt lat="44.84382" lon="-107.52635">
      <ele>2117.916666667</ele>
    <time>2026-05-14T12:49:44Z</time></trkpt>
    <trkpt lat="44.84378" lon="-107.52604">
      <ele>2119.861111111</ele>
    <time>2026-05-14T12:49:55Z</time></trkpt>
    <trkpt lat="44.84372" lon="-107.52574">
      <ele>2120.0</ele>
    <time>2026-05-14T12:50:07Z</time></trkpt>
    <trkpt lat="44.84368" lon="-107.52549">
      <ele>2120.0</ele>
    <time>2026-05-14T12:50:16Z</time></trkpt>
    <trkpt lat="44.84368" lon="-107.52524">
      <ele>2120.0</ele>
    <time>2026-05-14T12:50:25Z</time></trkpt>
    <trkpt lat="44.84371" lon="-107.52507">
      <ele>2120.0</ele>
    <time>2026-05-14T12:50:31Z</time></trkpt>
    <trkpt lat="44.8437" lon="-107.52484">
      <ele>2120.0</ele>
    <time>2026-05-14T12:50:39Z</time></trkpt>
    <trkpt lat="44.84367" lon="-107.52466">
      <ele>2120.416666667</ele>
    <time>2026-05-14T12:50:46Z</time></trkpt>
    <trkpt lat="44.84361" lon="-107.52441">
      <ele>2122.083333333</ele>
    <time>2026-05-14T12:50:55Z</time></trkpt>
    <trkpt lat="44.84355" lon="-107.52415">
      <ele>2126.111111111</ele>
    <time>2026-05-14T12:51:05Z</time></trkpt>
    <trkpt lat="44.84348" lon="-107.5239">
      <ele>2128.611111111</ele>
    <time>2026-05-14T12:51:15Z</time></trkpt>
    <trkpt lat="44.8434" lon="-107.52361">
      <ele>2129.869281045</ele>
    <time>2026-05-14T12:51:26Z</time></trkpt>
    <trkpt lat="44.84334" lon="-107.52338">
      <ele>2130.0</ele>
    <time>2026-05-14T12:51:34Z</time></trkpt>
    <trkpt lat="44.84328" lon="-107.52316">
      <ele>2130.0</ele>
    <time>2026-05-14T12:51:43Z</time></trkpt>
    <trkpt lat="44.84321" lon="-107.52292">
      <ele>2130.0</ele>
    <time>2026-05-14T12:51:52Z</time></trkpt>
    <trkpt lat="44.84312" lon="-107.52275">
      <ele>2130.0</ele>
    <time>2026-05-14T12:52:00Z</time></trkpt>
    <trkpt lat="44.84303" lon="-107.52261">
      <ele>2130.0</ele>
    <time>2026-05-14T12:52:06Z</time></trkpt>
    <trkpt lat="44.84291" lon="-107.52248">
      <ele>2130.0</ele>
    <time>2026-05-14T12:52:14Z</time></trkpt>
    <trkpt lat="44.84279" lon="-107.52229">
      <ele>2130.977777716</ele>
    <time>2026-05-14T12:52:23Z</time></trkpt>
    <trkpt lat="44.84282" lon="-107.52234">
      <ele>2130.0</ele>
    <time>2026-05-14T12:52:26Z</time></trkpt>
    <trkpt lat="44.84272" lon="-107.52214">
      <ele>2130.833333333</ele>
    <time>2026-05-14T12:52:34Z</time></trkpt>
    <trkpt lat="44.84265" lon="-107.52188">
      <ele>2131.388888889</ele>
    <time>2026-05-14T12:52:44Z</time></trkpt>
    <trkpt lat="44.84259" lon="-107.52163">
      <ele>2132.083333333</ele>
    <time>2026-05-14T12:52:54Z</time></trkpt>
    <trkpt lat="44.84253" lon="-107.52135">
      <ele>2132.916666667</ele>
    <time>2026-05-14T12:53:04Z</time></trkpt>
    <trkpt lat="44.84251" lon="-107.52114">
      <ele>2133.888888889</ele>
    <time>2026-05-14T12:53:12Z</time></trkpt>
    <trkpt lat="44.84247" lon="-107.52096">
      <ele>2137.100071243</ele>
    <time>2026-05-14T12:53:18Z</time></trkpt>
    <trkpt lat="44.84244" lon="-107.52079">
      <ele>2138.029279271</ele>
    <time>2026-05-14T12:53:25Z</time></trkpt>
    <trkpt lat="44.8424" lon="-107.52056">
      <ele>2139.628378375</ele>
    <time>2026-05-14T12:53:33Z</time></trkpt>
    <trkpt lat="44.84237" lon="-107.52036">
      <ele>2140.0</ele>
    <time>2026-05-14T12:53:40Z</time></trkpt>
    <trkpt lat="44.84234" lon="-107.52016">
      <ele>2140.0</ele>
    <time>2026-05-14T12:53:48Z</time></trkpt>
    <trkpt lat="44.84229" lon="-107.51996">
      <ele>2140.0</ele>
    <time>2026-05-14T12:53:55Z</time></trkpt>
    <trkpt lat="44.84224" lon="-107.51975">
      <ele>2140.0</ele>
    <time>2026-05-14T12:54:03Z</time></trkpt>
    <trkpt lat="44.8422" lon="-107.51953">
      <ele>2140.427927927</ele>
    <time>2026-05-14T12:54:11Z</time></trkpt>
    <trkpt lat="44.84217" lon="-107.51931">
      <ele>2142.105855854</ele>
    <time>2026-05-14T12:54:19Z</time></trkpt>
    <trkpt lat="44.84212" lon="-107.51904">
      <ele>2146.111111111</ele>
    <time>2026-05-14T12:54:29Z</time></trkpt>
    <trkpt lat="44.84213" lon="-107.51879">
      <ele>2149.121621625</ele>
    <time>2026-05-14T12:54:38Z</time></trkpt>
    <trkpt lat="44.84215" lon="-107.51861">
      <ele>2149.583333333</ele>
    <time>2026-05-14T12:54:45Z</time></trkpt>
    <trkpt lat="44.84214" lon="-107.5183">
      <ele>2150.0</ele>
    <time>2026-05-14T12:54:56Z</time></trkpt>
    <trkpt lat="44.84211" lon="-107.51806">
      <ele>2150.0</ele>
    <time>2026-05-14T12:55:05Z</time></trkpt>
    <trkpt lat="44.84207" lon="-107.51785">
      <ele>2150.0</ele>
    <time>2026-05-14T12:55:12Z</time></trkpt>
    <trkpt lat="44.842" lon="-107.5176">
      <ele>2150.0</ele>
    <time>2026-05-14T12:55:22Z</time></trkpt>
    <trkpt lat="44.84187" lon="-107.51736">
      <ele>2150.0</ele>
    <time>2026-05-14T12:55:33Z</time></trkpt>
    <trkpt lat="44.84177" lon="-107.51709">
      <ele>2150.0</ele>
    <time>2026-05-14T12:55:44Z</time></trkpt>
    <trkpt lat="44.84167" lon="-107.51682">
      <ele>2150.645833319</ele>
    <time>2026-05-14T12:55:54Z</time></trkpt>
    <trkpt lat="44.84159" lon="-107.51658">
      <ele>2153.451388855</ele>
    <time>2026-05-14T12:56:04Z</time></trkpt>
    <trkpt lat="44.84151" lon="-107.51639">
      <ele>2157.720588213</ele>
    <time>2026-05-14T12:56:12Z</time></trkpt>
    <trkpt lat="44.8414" lon="-107.51621">
      <ele>2159.35502281</ele>
    <time>2026-05-14T12:56:20Z</time></trkpt>
    <trkpt lat="44.84135" lon="-107.51607">
      <ele>2159.932950185</ele>
    <time>2026-05-14T12:56:26Z</time></trkpt>
    <trkpt lat="44.8413" lon="-107.51594">
      <ele>2160.0</ele>
    <time>2026-05-14T12:56:31Z</time></trkpt>
    <trkpt lat="44.84125" lon="-107.51578">
      <ele>2160.0</ele>
    <time>2026-05-14T12:56:37Z</time></trkpt>
    <trkpt lat="44.84118" lon="-107.51559">
      <ele>2160.0</ele>
    <time>2026-05-14T12:56:45Z</time></trkpt>
    <trkpt lat="44.84111" lon="-107.51538">
      <ele>2160.0</ele>
    <time>2026-05-14T12:56:53Z</time></trkpt>
    <trkpt lat="44.84106" lon="-107.51517">
      <ele>2160.541362506</ele>
    <time>2026-05-14T12:57:01Z</time></trkpt>
    <trkpt lat="44.841" lon="-107.51501">
      <ele>2161.670420407</ele>
    <time>2026-05-14T12:57:08Z</time></trkpt>
    <trkpt lat="44.84095" lon="-107.51479">
      <ele>2165.210210165</ele>
    <time>2026-05-14T12:57:16Z</time></trkpt>
    <trkpt lat="44.8409" lon="-107.51458">
      <ele>2168.611111111</ele>
    <time>2026-05-14T12:57:24Z</time></trkpt>
    <trkpt lat="44.84083" lon="-107.51441">
      <ele>2169.861111111</ele>
    <time>2026-05-14T12:57:31Z</time></trkpt>
    <trkpt lat="44.84077" lon="-107.51431">
      <ele>2170.0</ele>
    <time>2026-05-14T12:57:36Z</time></trkpt>
    <trkpt lat="44.84071" lon="-107.51421">
      <ele>2170.0</ele>
    <time>2026-05-14T12:57:40Z</time></trkpt>
    <trkpt lat="44.84058" lon="-107.51404">
      <ele>2170.0</ele>
    <time>2026-05-14T12:57:49Z</time></trkpt>
    <trkpt lat="44.84047" lon="-107.51393">
      <ele>2170.0</ele>
    <time>2026-05-14T12:57:56Z</time></trkpt>
    <trkpt lat="44.84033" lon="-107.51385">
      <ele>2170.0</ele>
    <time>2026-05-14T12:58:04Z</time></trkpt>
    <trkpt lat="44.84016" lon="-107.51372">
      <ele>2171.18055554</ele>
    <time>2026-05-14T12:58:13Z</time></trkpt>
    <trkpt lat="44.83999" lon="-107.51355">
      <ele>2175.130718871</ele>
    <time>2026-05-14T12:58:24Z</time></trkpt>
    <trkpt lat="44.83985" lon="-107.51331">
      <ele>2178.749999985</ele>
    <time>2026-05-14T12:58:35Z</time></trkpt>
    <trkpt lat="44.83977" lon="-107.51306">
      <ele>2180.0</ele>
    <time>2026-05-14T12:58:45Z</time></trkpt>
    <trkpt lat="44.83971" lon="-107.51288">
      <ele>2180.0</ele>
    <time>2026-05-14T12:58:52Z</time></trkpt>
    <trkpt lat="44.83964" lon="-107.51271">
      <ele>2180.207617398</ele>
    <time>2026-05-14T12:58:59Z</time></trkpt>
    <trkpt lat="44.83955" lon="-107.5125">
      <ele>2181.588660549</ele>
    <time>2026-05-14T12:59:08Z</time></trkpt>
    <trkpt lat="44.83948" lon="-107.5123">
      <ele>2184.317023369</ele>
    <time>2026-05-14T12:59:16Z</time></trkpt>
    <trkpt lat="44.83941" lon="-107.51208">
      <ele>2188.1597222</ele>
    <time>2026-05-14T12:59:24Z</time></trkpt>
    <trkpt lat="44.83935" lon="-107.51184">
      <ele>2189.880224257</ele>
    <time>2026-05-14T12:59:33Z</time></trkpt>
    <trkpt lat="44.83929" lon="-107.51162">
      <ele>2190.0</ele>
    <time>2026-05-14T12:59:42Z</time></trkpt>
    <trkpt lat="44.83923" lon="-107.5114">
      <ele>2190.416666667</ele>
    <time>2026-05-14T12:59:50Z</time></trkpt>
    <trkpt lat="44.83918" lon="-107.51126">
      <ele>2191.493055543</ele>
    <time>2026-05-14T12:59:56Z</time></trkpt>
    <trkpt lat="44.83911" lon="-107.51109">
      <ele>2193.536877335</ele>
    <time>2026-05-14T13:00:03Z</time></trkpt>
    <trkpt lat="44.83905" lon="-107.51094">
      <ele>2196.603881204</ele>
    <time>2026-05-14T13:00:09Z</time></trkpt>
    <trkpt lat="44.83898" lon="-107.51078">
      <ele>2197.916666667</ele>
    <time>2026-05-14T13:00:16Z</time></trkpt>
    <trkpt lat="44.8389" lon="-107.51061">
      <ele>2199.738888869</ele>
    <time>2026-05-14T13:00:23Z</time></trkpt>
    <trkpt lat="44.83883" lon="-107.51045">
      <ele>2200.138888889</ele>
    <time>2026-05-14T13:00:30Z</time></trkpt>
    <trkpt lat="44.83876" lon="-107.51028">
      <ele>2201.120689619</ele>
    <time>2026-05-14T13:00:37Z</time></trkpt>
    <trkpt lat="44.83869" lon="-107.51013">
      <ele>2202.521477611</ele>
    <time>2026-05-14T13:00:43Z</time></trkpt>
    <trkpt lat="44.83862" lon="-107.50998">
      <ele>2206.175925915</ele>
    <time>2026-05-14T13:00:50Z</time></trkpt>
    <trkpt lat="44.83853" lon="-107.50982">
      <ele>2208.611111111</ele>
    <time>2026-05-14T13:00:57Z</time></trkpt>
    <trkpt lat="44.83847" lon="-107.5097">
      <ele>2209.166666667</ele>
    <time>2026-05-14T13:01:02Z</time></trkpt>
    <trkpt lat="44.83838" lon="-107.50952">
      <ele>2210.014367814</ele>
    <time>2026-05-14T13:01:10Z</time></trkpt>
    <trkpt lat="44.83829" lon="-107.50934">
      <ele>2210.727201237</ele>
    <time>2026-05-14T13:01:18Z</time></trkpt>
    <trkpt lat="44.83821" lon="-107.50919">
      <ele>2211.885830754</ele>
    <time>2026-05-14T13:01:25Z</time></trkpt>
    <trkpt lat="44.83816" lon="-107.50903">
      <ele>2214.348658934</ele>
    <time>2026-05-14T13:01:31Z</time></trkpt>
    <trkpt lat="44.83809" lon="-107.50884">
      <ele>2218.05555554</ele>
    <time>2026-05-14T13:01:38Z</time></trkpt>
    <trkpt lat="44.83803" lon="-107.50866">
      <ele>2219.613914367</ele>
    <time>2026-05-14T13:01:46Z</time></trkpt>
    <trkpt lat="44.83797" lon="-107.50844">
      <ele>2220.330459754</ele>
    <time>2026-05-14T13:01:54Z</time></trkpt>
    <trkpt lat="44.83791" lon="-107.50828">
      <ele>2221.259259238</ele>
    <time>2026-05-14T13:02:00Z</time></trkpt>
    <trkpt lat="44.83787" lon="-107.50813">
      <ele>2222.684707862</ele>
    <time>2026-05-14T13:02:06Z</time></trkpt>
    <trkpt lat="44.83781" lon="-107.50798">
      <ele>2225.560471877</ele>
    <time>2026-05-14T13:02:12Z</time></trkpt>
    <trkpt lat="44.83771" lon="-107.50785">
      <ele>2227.083333333</ele>
    <time>2026-05-14T13:02:19Z</time></trkpt>
    <trkpt lat="44.83754" lon="-107.50773">
      <ele>2229.845505614</ele>
    <time>2026-05-14T13:02:29Z</time></trkpt>
    <trkpt lat="44.83746" lon="-107.5076">
      <ele>2230.138888889</ele>
    <time>2026-05-14T13:02:35Z</time></trkpt>
    <trkpt lat="44.83743" lon="-107.50745">
      <ele>2230.998498489</ele>
    <time>2026-05-14T13:02:40Z</time></trkpt>
    <trkpt lat="44.8374" lon="-107.50726">
      <ele>2232.669540215</ele>
    <time>2026-05-14T13:02:47Z</time></trkpt>
    <trkpt lat="44.83738" lon="-107.50708">
      <ele>2235.28352486</ele>
    <time>2026-05-14T13:02:54Z</time></trkpt>
    <trkpt lat="44.83737" lon="-107.50689">
      <ele>2237.693486571</ele>
    <time>2026-05-14T13:03:01Z</time></trkpt>
    <trkpt lat="44.83736" lon="-107.5067">
      <ele>2239.711685806</ele>
    <time>2026-05-14T13:03:08Z</time></trkpt>
    <trkpt lat="44.83734" lon="-107.50651">
      <ele>2241.944444444</ele>
    <time>2026-05-14T13:03:14Z</time></trkpt>
    <trkpt lat="44.83733" lon="-107.50636">
      <ele>2243.545751615</ele>
    <time>2026-05-14T13:03:20Z</time></trkpt>
    <trkpt lat="44.83731" lon="-107.50617">
      <ele>2246.721264348</ele>
    <time>2026-05-14T13:03:27Z</time></trkpt>
    <trkpt lat="44.8373" lon="-107.50599">
      <ele>2248.352490408</ele>
    <time>2026-05-14T13:03:33Z</time></trkpt>
    <trkpt lat="44.83729" lon="-107.50581">
      <ele>2249.523809524</ele>
    <time>2026-05-14T13:03:40Z</time></trkpt>
    <trkpt lat="44.83728" lon="-107.50561">
      <ele>2251.088888768</ele>
    <time>2026-05-14T13:03:47Z</time></trkpt>
    <trkpt lat="44.83728" lon="-107.50543">
      <ele>2254.955555555</ele>
    <time>2026-05-14T13:03:53Z</time></trkpt>
    <trkpt lat="44.83728" lon="-107.50549">
      <ele>2250.0</ele>
    <time>2026-05-14T13:03:55Z</time></trkpt>
    <trkpt lat="44.83728" lon="-107.5053">
      <ele>2257.266666666</ele>
    <time>2026-05-14T13:04:02Z</time></trkpt>
    <trkpt lat="44.83728" lon="-107.50512">
      <ele>2259.392857143</ele>
    <time>2026-05-14T13:04:09Z</time></trkpt>
    <trkpt lat="44.83728" lon="-107.50495">
      <ele>2259.916666667</ele>
    <time>2026-05-14T13:04:15Z</time></trkpt>
    <trkpt lat="44.83727" lon="-107.50475">
      <ele>2262.653061224</ele>
    <time>2026-05-14T13:04:22Z</time></trkpt>
    <trkpt lat="44.83723" lon="-107.50455">
      <ele>2267.083333333</ele>
    <time>2026-05-14T13:04:29Z</time></trkpt>
    <trkpt lat="44.83721" lon="-107.50439">
      <ele>2268.551829264</ele>
    <time>2026-05-14T13:29:35Z</time></trkpt>
    <trkpt lat="44.83719" lon="-107.50419">
      <ele>2269.89166666</ele>
    <time>2026-05-14T13:29:42Z</time></trkpt>
    <trkpt lat="44.83718" lon="-107.50404">
      <ele>2270.729166667</ele>
    <time>2026-05-14T13:29:48Z</time></trkpt>
    <trkpt lat="44.83719" lon="-107.50389">
      <ele>2271.891025653</ele>
    <time>2026-05-14T13:29:53Z</time></trkpt>
    <trkpt lat="44.83707" lon="-107.50383">
      <ele>2272.916666667</ele>
    <time>2026-05-14T13:29:59Z</time></trkpt>
    <trkpt lat="44.83713" lon="-107.50371">
      <ele>2276.427203095</ele>
    <time>2026-05-14T13:30:05Z</time></trkpt>
    <trkpt lat="44.8372" lon="-107.50358">
      <ele>2277.180555562</ele>
    <time>2026-05-14T13:30:10Z</time></trkpt>
    <trkpt lat="44.83734" lon="-107.50353">
      <ele>2276.458333328</ele>
    <time>2026-05-14T13:30:18Z</time></trkpt>
    <trkpt lat="44.83757" lon="-107.50353">
      <ele>2271.62037037</ele>
    <time>2026-05-14T13:30:29Z</time></trkpt>
    <trkpt lat="44.83778" lon="-107.50357">
      <ele>2270.069444444</ele>
    <time>2026-05-14T13:30:40Z</time></trkpt>
    <trkpt lat="44.83802" lon="-107.50364">
      <ele>2270.589080463</ele>
    <time>2026-05-14T13:30:52Z</time></trkpt>
    <trkpt lat="44.83825" lon="-107.50372">
      <ele>2273.402777788</ele>
    <time>2026-05-14T13:31:04Z</time></trkpt>
    <trkpt lat="44.8385" lon="-107.50376">
      <ele>2278.557692308</ele>
    <time>2026-05-14T13:31:17Z</time></trkpt>
    <trkpt lat="44.83875" lon="-107.50371">
      <ele>2280.0</ele>
    <time>2026-05-14T13:31:30Z</time></trkpt>
    <trkpt lat="44.83896" lon="-107.50362">
      <ele>2280.0</ele>
    <time>2026-05-14T13:31:41Z</time></trkpt>
    <trkpt lat="44.83906" lon="-107.50356">
      <ele>2280.0</ele>
    <time>2026-05-14T13:31:46Z</time></trkpt>
    <trkpt lat="44.83924" lon="-107.50344">
      <ele>2280.0</ele>
    <time>2026-05-14T13:31:56Z</time></trkpt>
    <trkpt lat="44.83944" lon="-107.50326">
      <ele>2280.0</ele>
    <time>2026-05-14T13:32:08Z</time></trkpt>
    <trkpt lat="44.83961" lon="-107.50309">
      <ele>2280.0</ele>
    <time>2026-05-14T13:32:19Z</time></trkpt>
    <trkpt lat="44.83979" lon="-107.50289">
      <ele>2280.0</ele>
    <time>2026-05-14T13:32:30Z</time></trkpt>
    <trkpt lat="44.83996" lon="-107.50272">
      <ele>2280.0</ele>
    <time>2026-05-14T13:32:41Z</time></trkpt>
    <trkpt lat="44.84004" lon="-107.50264">
      <ele>2280.0</ele>
    <time>2026-05-14T13:32:46Z</time></trkpt>
    <trkpt lat="44.84019" lon="-107.50248">
      <ele>2280.781250005</ele>
    <time>2026-05-14T13:32:55Z</time></trkpt>
    <trkpt lat="44.84038" lon="-107.50229">
      <ele>2285.277777838</ele>
    <time>2026-05-14T13:33:07Z</time></trkpt>
    <trkpt lat="44.84046" lon="-107.50221">
      <ele>2287.013888902</ele>
    <time>2026-05-14T13:33:12Z</time></trkpt>
    <trkpt lat="44.84061" lon="-107.50206">
      <ele>2289.427083345</ele>
    <time>2026-05-14T13:33:21Z</time></trkpt>
    <trkpt lat="44.8408" lon="-107.50191">
      <ele>2290.0</ele>
    <time>2026-05-14T13:33:32Z</time></trkpt>
    <trkpt lat="44.84097" lon="-107.50182">
      <ele>2290.0</ele>
    <time>2026-05-14T13:33:41Z</time></trkpt>
    <trkpt lat="44.8412" lon="-107.50172">
      <ele>2290.320881228</ele>
    <time>2026-05-14T13:33:53Z</time></trkpt>
    <trkpt lat="44.8414" lon="-107.50165">
      <ele>2292.715517246</ele>
    <time>2026-05-14T13:34:04Z</time></trkpt>
    <trkpt lat="44.84159" lon="-107.50157">
      <ele>2297.428160926</ele>
    <time>2026-05-14T13:34:14Z</time></trkpt>
    <trkpt lat="44.84177" lon="-107.50147">
      <ele>2299.722222225</ele>
    <time>2026-05-14T13:34:24Z</time></trkpt>
    <trkpt lat="44.84194" lon="-107.50132">
      <ele>2300.0</ele>
    <time>2026-05-14T13:34:34Z</time></trkpt>
    <trkpt lat="44.84212" lon="-107.50114">
      <ele>2300.0</ele>
    <time>2026-05-14T13:34:45Z</time></trkpt>
    <trkpt lat="44.84225" lon="-107.50085">
      <ele>2300.0</ele>
    <time>2026-05-14T13:34:57Z</time></trkpt>
    <trkpt lat="44.8423" lon="-107.50063">
      <ele>2300.084967325</ele>
    <time>2026-05-14T13:35:05Z</time></trkpt>
    <trkpt lat="44.84233" lon="-107.50036">
      <ele>2300.833333333</ele>
    <time>2026-05-14T13:35:15Z</time></trkpt>
    <trkpt lat="44.84236" lon="-107.50002">
      <ele>2307.559523809</ele>
    <time>2026-05-14T13:35:27Z</time></trkpt>
    <trkpt lat="44.8424" lon="-107.49976">
      <ele>2309.166666667</ele>
    <time>2026-05-14T13:35:37Z</time></trkpt>
    <trkpt lat="44.84246" lon="-107.49949">
      <ele>2310.0</ele>
    <time>2026-05-14T13:35:47Z</time></trkpt>
    <trkpt lat="44.84255" lon="-107.49926">
      <ele>2310.0</ele>
    <time>2026-05-14T13:35:56Z</time></trkpt>
    <trkpt lat="44.84268" lon="-107.49906">
      <ele>2310.0</ele>
    <time>2026-05-14T13:36:06Z</time></trkpt>
    <trkpt lat="44.84286" lon="-107.49885">
      <ele>2310.0</ele>
    <time>2026-05-14T13:36:18Z</time></trkpt>
    <trkpt lat="44.84301" lon="-107.4987">
      <ele>2310.0</ele>
    <time>2026-05-14T13:36:27Z</time></trkpt>
    <trkpt lat="44.84319" lon="-107.49851">
      <ele>2310.0</ele>
    <time>2026-05-14T13:36:38Z</time></trkpt>
    <trkpt lat="44.84337" lon="-107.49831">
      <ele>2310.0</ele>
    <time>2026-05-14T13:36:50Z</time></trkpt>
    <trkpt lat="44.84353" lon="-107.49813">
      <ele>2310.0</ele>
    <time>2026-05-14T13:37:00Z</time></trkpt>
    <trkpt lat="44.84372" lon="-107.49793">
      <ele>2310.0</ele>
    <time>2026-05-14T13:37:12Z</time></trkpt>
    <trkpt lat="44.84388" lon="-107.49773">
      <ele>2310.833333333</ele>
    <time>2026-05-14T13:37:23Z</time></trkpt>
    <trkpt lat="44.84405" lon="-107.49753">
      <ele>2313.888888889</ele>
    <time>2026-05-14T13:37:34Z</time></trkpt>
    <trkpt lat="44.8442" lon="-107.49735">
      <ele>2318.611111111</ele>
    <time>2026-05-14T13:37:44Z</time></trkpt>
    <trkpt lat="44.84433" lon="-107.49719">
      <ele>2319.861111111</ele>
    <time>2026-05-14T13:37:53Z</time></trkpt>
    <trkpt lat="44.84448" lon="-107.49703">
      <ele>2320.0</ele>
    <time>2026-05-14T13:38:02Z</time></trkpt>
    <trkpt lat="44.84462" lon="-107.49686">
      <ele>2320.0</ele>
    <time>2026-05-14T13:38:11Z</time></trkpt>
    <trkpt lat="44.84477" lon="-107.49671">
      <ele>2320.138888889</ele>
    <time>2026-05-14T13:38:21Z</time></trkpt>
    <trkpt lat="44.8449" lon="-107.49655">
      <ele>2321.388888889</ele>
    <time>2026-05-14T13:38:29Z</time></trkpt>
    <trkpt lat="44.84505" lon="-107.49638">
      <ele>2323.888888889</ele>
    <time>2026-05-14T13:38:39Z</time></trkpt>
    <trkpt lat="44.8452" lon="-107.49621">
      <ele>2328.611111111</ele>
    <time>2026-05-14T13:38:49Z</time></trkpt>
    <trkpt lat="44.8453" lon="-107.49606">
      <ele>2329.861111111</ele>
    <time>2026-05-14T13:38:56Z</time></trkpt>
    <trkpt lat="44.84542" lon="-107.49587">
      <ele>2330.0</ele>
    <time>2026-05-14T13:39:05Z</time></trkpt>
    <trkpt lat="44.84553" lon="-107.49565">
      <ele>2330.0</ele>
    <time>2026-05-14T13:39:15Z</time></trkpt>
    <trkpt lat="44.84563" lon="-107.49544">
      <ele>2330.0</ele>
    <time>2026-05-14T13:39:24Z</time></trkpt>
    <trkpt lat="44.84573" lon="-107.49526">
      <ele>2330.0</ele>
    <time>2026-05-14T13:39:32Z</time></trkpt>
    <trkpt lat="44.84583" lon="-107.4951">
      <ele>2330.0</ele>
    <time>2026-05-14T13:39:40Z</time></trkpt>
    <trkpt lat="44.84597" lon="-107.49497">
      <ele>2330.0</ele>
    <time>2026-05-14T13:39:48Z</time></trkpt>
    <trkpt lat="44.84609" lon="-107.49483">
      <ele>2330.0</ele>
    <time>2026-05-14T13:39:56Z</time></trkpt>
    <trkpt lat="44.84615" lon="-107.4947">
      <ele>2330.0</ele>
    <time>2026-05-14T13:40:01Z</time></trkpt>
    <trkpt lat="44.84627" lon="-107.4945">
      <ele>2330.0</ele>
    <time>2026-05-14T13:40:11Z</time></trkpt>
    <trkpt lat="44.84638" lon="-107.49441">
      <ele>2330.0</ele>
    <time>2026-05-14T13:40:17Z</time></trkpt>
    <trkpt lat="44.8464" lon="-107.49439">
      <ele>2330.0</ele>
    <time>2026-05-14T13:40:18Z</time></trkpt>
    <trkpt lat="44.84649" lon="-107.49427">
      <ele>2330.0</ele>
    <time>2026-05-14T13:40:25Z</time></trkpt>
    <trkpt lat="44.84661" lon="-107.49412">
      <ele>2330.027777781</ele>
    <time>2026-05-14T13:40:33Z</time></trkpt>
    <trkpt lat="44.84675" lon="-107.49396">
      <ele>2330.944444457</ele>
    <time>2026-05-14T13:40:42Z</time></trkpt>
    <trkpt lat="44.84684" lon="-107.49386">
      <ele>2332.250000008</ele>
    <time>2026-05-14T13:40:48Z</time></trkpt>
    <trkpt lat="44.84697" lon="-107.4938">
      <ele>2334.22222223</ele>
    <time>2026-05-14T13:40:55Z</time></trkpt>
    <trkpt lat="44.84709" lon="-107.49376">
      <ele>2337.250000008</ele>
    <time>2026-05-14T13:41:01Z</time></trkpt>
    <trkpt lat="44.84725" lon="-107.49368">
      <ele>2338.611111111</ele>
    <time>2026-05-14T13:41:09Z</time></trkpt>
    <trkpt lat="44.84745" lon="-107.49361">
      <ele>2339.861111111</ele>
    <time>2026-05-14T13:41:20Z</time></trkpt>
    <trkpt lat="44.84758" lon="-107.49354">
      <ele>2340.0</ele>
    <time>2026-05-14T13:41:27Z</time></trkpt>
    <trkpt lat="44.84779" lon="-107.49352">
      <ele>2341.289878988</ele>
    <time>2026-05-14T13:41:37Z</time></trkpt>
    <trkpt lat="44.84788" lon="-107.49346">
      <ele>2342.047720803</ele>
    <time>2026-05-14T13:41:42Z</time></trkpt>
    <trkpt lat="44.84797" lon="-107.49335">
      <ele>2342.916666667</ele>
    <time>2026-05-14T13:41:48Z</time></trkpt>
    <trkpt lat="44.84805" lon="-107.49329">
      <ele>2345.977777797</ele>
    <time>2026-05-14T13:41:53Z</time></trkpt>
    <trkpt lat="44.84812" lon="-107.4932">
      <ele>2346.111111111</ele>
    <time>2026-05-14T13:41:58Z</time></trkpt>
    <trkpt lat="44.84824" lon="-107.49311">
      <ele>2348.554804811</ele>
    <time>2026-05-14T13:42:05Z</time></trkpt>
    <trkpt lat="44.84834" lon="-107.49304">
      <ele>2349.509803926</ele>
    <time>2026-05-14T13:42:10Z</time></trkpt>
    <trkpt lat="44.84839" lon="-107.49291">
      <ele>2349.583333333</ele>
    <time>2026-05-14T13:42:15Z</time></trkpt>
    <trkpt lat="44.84846" lon="-107.49279">
      <ele>2350.0</ele>
    <time>2026-05-14T13:42:21Z</time></trkpt>
    <trkpt lat="44.84856" lon="-107.49268">
      <ele>2350.0</ele>
    <time>2026-05-14T13:42:27Z</time></trkpt>
    <trkpt lat="44.84866" lon="-107.49257">
      <ele>2350.0</ele>
    <time>2026-05-14T13:42:34Z</time></trkpt>
    <trkpt lat="44.84874" lon="-107.49246">
      <ele>2350.0</ele>
    <time>2026-05-14T13:42:39Z</time></trkpt>
    <trkpt lat="44.84881" lon="-107.49236">
      <ele>2350.138888889</ele>
    <time>2026-05-14T13:42:44Z</time></trkpt>
    <trkpt lat="44.84888" lon="-107.49225">
      <ele>2350.833333333</ele>
    <time>2026-05-14T13:42:50Z</time></trkpt>
    <trkpt lat="44.84898" lon="-107.49212">
      <ele>2352.083333333</ele>
    <time>2026-05-14T13:42:57Z</time></trkpt>
    <trkpt lat="44.84908" lon="-107.492">
      <ele>2353.888888889</ele>
    <time>2026-05-14T13:43:03Z</time></trkpt>
    <trkpt lat="44.84915" lon="-107.4919">
      <ele>2356.111111111</ele>
    <time>2026-05-14T13:43:08Z</time></trkpt>
    <trkpt lat="44.84923" lon="-107.49179">
      <ele>2358.746612499</ele>
    <time>2026-05-14T13:43:14Z</time></trkpt>
    <trkpt lat="44.84931" lon="-107.49169">
      <ele>2359.572649603</ele>
    <time>2026-05-14T13:43:19Z</time></trkpt>
    <trkpt lat="44.84945" lon="-107.4915">
      <ele>2361.655982936</ele>
    <time>2026-05-14T13:43:29Z</time></trkpt>
    <trkpt lat="44.84953" lon="-107.4914">
      <ele>2363.36538466</ele>
    <time>2026-05-14T13:43:34Z</time></trkpt>
    <trkpt lat="44.84963" lon="-107.49127">
      <ele>2366.630747172</ele>
    <time>2026-05-14T13:43:41Z</time></trkpt>
    <trkpt lat="44.84971" lon="-107.49111">
      <ele>2368.173516032</ele>
    <time>2026-05-14T13:43:48Z</time></trkpt>
    <trkpt lat="44.84976" lon="-107.491">
      <ele>2368.816590603</ele>
    <time>2026-05-14T13:43:53Z</time></trkpt>
    <trkpt lat="44.84981" lon="-107.49089">
      <ele>2369.388888928</ele>
    <time>2026-05-14T13:43:58Z</time></trkpt>
    <trkpt lat="44.84986" lon="-107.49079">
      <ele>2370.064102588</ele>
    <time>2026-05-14T13:44:02Z</time></trkpt>
    <trkpt lat="44.84994" lon="-107.49066">
      <ele>2371.175213699</ele>
    <time>2026-05-14T13:44:08Z</time></trkpt>
    <trkpt lat="44.85006" lon="-107.49048">
      <ele>2373.514957307</ele>
    <time>2026-05-14T13:44:17Z</time></trkpt>
    <trkpt lat="44.85015" lon="-107.49036">
      <ele>2376.709401752</ele>
    <time>2026-05-14T13:44:23Z</time></trkpt>
    <trkpt lat="44.85025" lon="-107.49022">
      <ele>2378.638888923</ele>
    <time>2026-05-14T13:44:30Z</time></trkpt>
    <trkpt lat="44.85041" lon="-107.49002">
      <ele>2381.607906023</ele>
    <time>2026-05-14T13:44:41Z</time></trkpt>
    <trkpt lat="44.85051" lon="-107.48986">
      <ele>2383.552350468</ele>
    <time>2026-05-14T13:44:49Z</time></trkpt>
    <trkpt lat="44.85061" lon="-107.48973">
      <ele>2386.694444478</ele>
    <time>2026-05-14T13:44:55Z</time></trkpt>
    <trkpt lat="44.85072" lon="-107.48962">
      <ele>2388.240740751</ele>
    <time>2026-05-14T13:45:02Z</time></trkpt>
    <trkpt lat="44.85086" lon="-107.48955">
      <ele>2389.439102582</ele>
    <time>2026-05-14T13:45:10Z</time></trkpt>
    <trkpt lat="44.85096" lon="-107.4894">
      <ele>2389.951923083</ele>
    <time>2026-05-14T13:45:17Z</time></trkpt>
    <trkpt lat="44.85109" lon="-107.48921">
      <ele>2390.0</ele>
    <time>2026-05-14T13:45:27Z</time></trkpt>
    <trkpt lat="44.85128" lon="-107.48897">
      <ele>2390.0</ele>
    <time>2026-05-14T13:45:39Z</time></trkpt>
    <trkpt lat="44.85151" lon="-107.48872">
      <ele>2388.103632454</ele>
    <time>2026-05-14T13:45:54Z</time></trkpt>
    <trkpt lat="44.85169" lon="-107.48848">
      <ele>2383.215811928</ele>
    <time>2026-05-14T13:46:07Z</time></trkpt>
    <trkpt lat="44.85184" lon="-107.48829">
      <ele>2381.025641002</ele>
    <time>2026-05-14T13:46:17Z</time></trkpt>
    <trkpt lat="44.852" lon="-107.48806">
      <ele>2380.0</ele>
    <time>2026-05-14T13:46:28Z</time></trkpt>
    <trkpt lat="44.85213" lon="-107.48781">
      <ele>2379.166666667</ele>
    <time>2026-05-14T13:46:39Z</time></trkpt>
    <trkpt lat="44.85228" lon="-107.48757">
      <ele>2376.111111111</ele>
    <time>2026-05-14T13:46:51Z</time></trkpt>
    <trkpt lat="44.85246" lon="-107.48733">
      <ele>2371.388888889</ele>
    <time>2026-05-14T13:47:03Z</time></trkpt>
    <trkpt lat="44.85255" lon="-107.48719">
      <ele>2370.416666667</ele>
    <time>2026-05-14T13:47:10Z</time></trkpt>
    <trkpt lat="44.85265" lon="-107.487">
      <ele>2370.0</ele>
    <time>2026-05-14T13:47:18Z</time></trkpt>
    <trkpt lat="44.85273" lon="-107.48674">
      <ele>2370.0</ele>
    <time>2026-05-14T13:47:28Z</time></trkpt>
    <trkpt lat="44.85279" lon="-107.48651">
      <ele>2370.0</ele>
    <time>2026-05-14T13:47:37Z</time></trkpt>
    <trkpt lat="44.85285" lon="-107.48625">
      <ele>2370.0</ele>
    <time>2026-05-14T13:47:47Z</time></trkpt>
    <trkpt lat="44.8529" lon="-107.48595">
      <ele>2370.0</ele>
    <time>2026-05-14T13:47:58Z</time></trkpt>
    <trkpt lat="44.85295" lon="-107.48569">
      <ele>2370.0</ele>
    <time>2026-05-14T13:48:08Z</time></trkpt>
    <trkpt lat="44.853" lon="-107.48547">
      <ele>2370.0</ele>
    <time>2026-05-14T13:48:16Z</time></trkpt>
    <trkpt lat="44.85309" lon="-107.48521">
      <ele>2370.0</ele>
    <time>2026-05-14T13:48:26Z</time></trkpt>
    <trkpt lat="44.85318" lon="-107.48496">
      <ele>2370.0</ele>
    <time>2026-05-14T13:48:36Z</time></trkpt>
    <trkpt lat="44.85328" lon="-107.48472">
      <ele>2370.0</ele>
    <time>2026-05-14T13:48:46Z</time></trkpt>
    <trkpt lat="44.85339" lon="-107.48448">
      <ele>2370.0</ele>
    <time>2026-05-14T13:48:56Z</time></trkpt>
    <trkpt lat="44.85349" lon="-107.48425">
      <ele>2370.0</ele>
    <time>2026-05-14T13:49:06Z</time></trkpt>
    <trkpt lat="44.85359" lon="-107.48405">
      <ele>2370.0</ele>
    <time>2026-05-14T13:49:15Z</time></trkpt>
    <trkpt lat="44.8537" lon="-107.48383">
      <ele>2370.0</ele>
    <time>2026-05-14T13:49:24Z</time></trkpt>
    <trkpt lat="44.85381" lon="-107.48365">
      <ele>2370.0</ele>
    <time>2026-05-14T13:49:33Z</time></trkpt>
    <trkpt lat="44.85388" lon="-107.48345">
      <ele>2370.0</ele>
    <time>2026-05-14T13:49:41Z</time></trkpt>
    <trkpt lat="44.85397" lon="-107.48327">
      <ele>2370.0</ele>
    <time>2026-05-14T13:49:49Z</time></trkpt>
    <trkpt lat="44.85403" lon="-107.48313">
      <ele>2370.0</ele>
    <time>2026-05-14T13:49:55Z</time></trkpt>
    <trkpt lat="44.85411" lon="-107.48298">
      <ele>2370.0</ele>
    <time>2026-05-14T13:50:01Z</time></trkpt>
    <trkpt lat="44.85416" lon="-107.48281">
      <ele>2370.0</ele>
    <time>2026-05-14T13:50:08Z</time></trkpt>
    <trkpt lat="44.85427" lon="-107.48261">
      <ele>2369.583333333</ele>
    <time>2026-05-14T13:50:17Z</time></trkpt>
    <trkpt lat="44.85444" lon="-107.48239">
      <ele>2367.083333333</ele>
    <time>2026-05-14T13:50:28Z</time></trkpt>
    <trkpt lat="44.85456" lon="-107.48221">
      <ele>2362.916666667</ele>
    <time>2026-05-14T13:50:37Z</time></trkpt>
    <trkpt lat="44.85469" lon="-107.48202">
      <ele>2360.833333333</ele>
    <time>2026-05-14T13:50:47Z</time></trkpt>
    <trkpt lat="44.85482" lon="-107.48183">
      <ele>2360.0</ele>
    <time>2026-05-14T13:50:56Z</time></trkpt>
    <trkpt lat="44.85498" lon="-107.48173">
      <ele>2360.0</ele>
    <time>2026-05-14T13:51:05Z</time></trkpt>
    <trkpt lat="44.85517" lon="-107.48161">
      <ele>2360.0</ele>
    <time>2026-05-14T13:51:15Z</time></trkpt>
    <trkpt lat="44.85529" lon="-107.48154">
      <ele>2360.0</ele>
    <time>2026-05-14T13:51:22Z</time></trkpt>
    <trkpt lat="44.85545" lon="-107.48147">
      <ele>2360.0</ele>
    <time>2026-05-14T13:51:30Z</time></trkpt>
    <trkpt lat="44.85573" lon="-107.48145">
      <ele>2360.0</ele>
    <time>2026-05-14T13:51:45Z</time></trkpt>
    <trkpt lat="44.85568" lon="-107.4815">
      <ele>2360.0</ele>
    <time>2026-05-14T13:51:48Z</time></trkpt>
    <trkpt lat="44.85594" lon="-107.48144">
      <ele>2360.0</ele>
    <time>2026-05-14T13:52:01Z</time></trkpt>
    <trkpt lat="44.85614" lon="-107.48128">
      <ele>2360.0</ele>
    <time>2026-05-14T13:52:13Z</time></trkpt>
    <trkpt lat="44.85618" lon="-107.48107">
      <ele>2360.0</ele>
    <time>2026-05-14T13:52:20Z</time></trkpt>
    <trkpt lat="44.85613" lon="-107.48086">
      <ele>2360.0</ele>
    <time>2026-05-14T13:52:28Z</time></trkpt>
    <trkpt lat="44.85605" lon="-107.48066">
      <ele>2359.8249507</ele>
    <time>2026-05-14T13:52:36Z</time></trkpt>
    <trkpt lat="44.85596" lon="-107.48042">
      <ele>2359.107365805</ele>
    <time>2026-05-14T13:52:46Z</time></trkpt>
    <trkpt lat="44.85589" lon="-107.4801">
      <ele>2357.455882371</ele>
    <time>2026-05-14T13:52:58Z</time></trkpt>
    <trkpt lat="44.85589" lon="-107.47974">
      <ele>2352.013888884</ele>
    <time>2026-05-14T13:53:11Z</time></trkpt>
    <trkpt lat="44.85592" lon="-107.47949">
      <ele>2350.388888887</ele>
    <time>2026-05-14T13:53:20Z</time></trkpt>
    <trkpt lat="44.85598" lon="-107.47916">
      <ele>2350.0</ele>
    <time>2026-05-14T13:53:32Z</time></trkpt>
    <trkpt lat="44.85596" lon="-107.47886">
      <ele>2350.0</ele>
    <time>2026-05-14T13:53:43Z</time></trkpt>
    <trkpt lat="44.8559" lon="-107.47862">
      <ele>2350.0</ele>
    <time>2026-05-14T13:53:52Z</time></trkpt>
    <trkpt lat="44.85586" lon="-107.47837">
      <ele>2350.0</ele>
    <time>2026-05-14T13:54:01Z</time></trkpt>
    <trkpt lat="44.85582" lon="-107.47815">
      <ele>2350.0</ele>
    <time>2026-05-14T13:54:09Z</time></trkpt>
    <trkpt lat="44.85579" lon="-107.47792">
      <ele>2350.0</ele>
    <time>2026-05-14T13:54:18Z</time></trkpt>
    <trkpt lat="44.85578" lon="-107.47769">
      <ele>2350.0</ele>
    <time>2026-05-14T13:54:26Z</time></trkpt>
    <trkpt lat="44.85573" lon="-107.4775">
      <ele>2350.0</ele>
    <time>2026-05-14T13:54:33Z</time></trkpt>
    <trkpt lat="44.85568" lon="-107.47729">
      <ele>2350.0</ele>
    <time>2026-05-14T13:54:41Z</time></trkpt>
    <trkpt lat="44.85558" lon="-107.47704">
      <ele>2350.0</ele>
    <time>2026-05-14T13:54:51Z</time></trkpt>
    <trkpt lat="44.85555" lon="-107.47691">
      <ele>2350.0</ele>
    <time>2026-05-14T13:54:56Z</time></trkpt>
    <trkpt lat="44.8555" lon="-107.47666">
      <ele>2350.0</ele>
    <time>2026-05-14T13:55:05Z</time></trkpt>
    <trkpt lat="44.85547" lon="-107.47641">
      <ele>2350.0</ele>
    <time>2026-05-14T13:55:14Z</time></trkpt>
    <trkpt lat="44.85546" lon="-107.47613">
      <ele>2350.0</ele>
    <time>2026-05-14T13:55:25Z</time></trkpt>
    <trkpt lat="44.85544" lon="-107.47587">
      <ele>2350.0</ele>
    <time>2026-05-14T13:55:34Z</time></trkpt>
    <trkpt lat="44.85544" lon="-107.4756">
      <ele>2350.0</ele>
    <time>2026-05-14T13:55:43Z</time></trkpt>
    <trkpt lat="44.85542" lon="-107.47527">
      <ele>2350.0</ele>
    <time>2026-05-14T13:55:55Z</time></trkpt>
    <trkpt lat="44.85536" lon="-107.47493">
      <ele>2350.0</ele>
    <time>2026-05-14T13:56:08Z</time></trkpt>
    <trkpt lat="44.8553" lon="-107.47467">
      <ele>2350.0</ele>
    <time>2026-05-14T13:56:18Z</time></trkpt>
    <trkpt lat="44.85527" lon="-107.47442">
      <ele>2350.0</ele>
    <time>2026-05-14T13:56:27Z</time></trkpt>
    <trkpt lat="44.85529" lon="-107.47412">
      <ele>2350.0</ele>
    <time>2026-05-14T13:56:37Z</time></trkpt>
    <trkpt lat="44.85536" lon="-107.47387">
      <ele>2350.0</ele>
    <time>2026-05-14T13:56:47Z</time></trkpt>
    <trkpt lat="44.8554" lon="-107.47355">
      <ele>2348.71333332</ele>
    <time>2026-05-14T13:56:59Z</time></trkpt>
    <trkpt lat="44.85537" lon="-107.47335">
      <ele>2347.083333333</ele>
    <time>2026-05-14T13:57:06Z</time></trkpt>
    <trkpt lat="44.85538" lon="-107.47311">
      <ele>2343.888888889</ele>
    <time>2026-05-14T13:57:15Z</time></trkpt>
    <trkpt lat="44.85543" lon="-107.47286">
      <ele>2340.868888883</ele>
    <time>2026-05-14T13:57:24Z</time></trkpt>
    <trkpt lat="44.85551" lon="-107.47258">
      <ele>2340.0</ele>
    <time>2026-05-14T13:57:35Z</time></trkpt>
    <trkpt lat="44.85558" lon="-107.47232">
      <ele>2340.0</ele>
    <time>2026-05-14T13:57:45Z</time></trkpt>
    <trkpt lat="44.85564" lon="-107.47214">
      <ele>2340.0</ele>
    <time>2026-05-14T13:57:52Z</time></trkpt>
    <trkpt lat="44.85568" lon="-107.4719">
      <ele>2340.0</ele>
    <time>2026-05-14T13:58:00Z</time></trkpt>
    <trkpt lat="44.85573" lon="-107.47164">
      <ele>2340.0</ele>
    <time>2026-05-14T13:58:10Z</time></trkpt>
    <trkpt lat="44.85579" lon="-107.47138">
      <ele>2340.0</ele>
    <time>2026-05-14T13:58:20Z</time></trkpt>
    <trkpt lat="44.85584" lon="-107.47113">
      <ele>2340.0</ele>
    <time>2026-05-14T13:58:29Z</time></trkpt>
    <trkpt lat="44.85591" lon="-107.47088">
      <ele>2340.0</ele>
    <time>2026-05-14T13:58:39Z</time></trkpt>
    <trkpt lat="44.85598" lon="-107.47063">
      <ele>2340.0</ele>
    <time>2026-05-14T13:58:48Z</time></trkpt>
    <trkpt lat="44.85604" lon="-107.47034">
      <ele>2340.0</ele>
    <time>2026-05-14T13:58:59Z</time></trkpt>
    <trkpt lat="44.85606" lon="-107.46998">
      <ele>2339.345238095</ele>
    <time>2026-05-14T13:59:12Z</time></trkpt>
    <trkpt lat="44.85609" lon="-107.46977">
      <ele>2337.449999983</ele>
    <time>2026-05-14T13:59:20Z</time></trkpt>
    <trkpt lat="44.85611" lon="-107.46951">
      <ele>2333.158045961</ele>
    <time>2026-05-14T13:59:29Z</time></trkpt>
    <trkpt lat="44.85612" lon="-107.46925">
      <ele>2330.972222222</ele>
    <time>2026-05-14T13:59:38Z</time></trkpt>
    <trkpt lat="44.8561" lon="-107.46899">
      <ele>2330.034482761</ele>
    <time>2026-05-14T13:59:48Z</time></trkpt>
    <trkpt lat="44.85611" lon="-107.46873">
      <ele>2330.0</ele>
    <time>2026-05-14T13:59:57Z</time></trkpt>
    <trkpt lat="44.85612" lon="-107.46845">
      <ele>2330.0</ele>
    <time>2026-05-14T14:00:07Z</time></trkpt>
    <trkpt lat="44.85616" lon="-107.46819">
      <ele>2330.0</ele>
    <time>2026-05-14T14:00:16Z</time></trkpt>
    <trkpt lat="44.85623" lon="-107.46793">
      <ele>2330.0</ele>
    <time>2026-05-14T14:00:26Z</time></trkpt>
    <trkpt lat="44.85625" lon="-107.46777">
      <ele>2330.0</ele>
    <time>2026-05-14T14:00:32Z</time></trkpt>
    <trkpt lat="44.85634" lon="-107.4675">
      <ele>2330.0</ele>
    <time>2026-05-14T14:00:43Z</time></trkpt>
    <trkpt lat="44.85643" lon="-107.46721">
      <ele>2330.0</ele>
    <time>2026-05-14T14:00:54Z</time></trkpt>
    <trkpt lat="44.8564" lon="-107.46693">
      <ele>2330.0</ele>
    <time>2026-05-14T14:01:04Z</time></trkpt>
    <trkpt lat="44.85634" lon="-107.46668">
      <ele>2330.0</ele>
    <time>2026-05-14T14:01:14Z</time></trkpt>
    <trkpt lat="44.85623" lon="-107.46647">
      <ele>2330.0</ele>
    <time>2026-05-14T14:01:23Z</time></trkpt>
    <trkpt lat="44.85613" lon="-107.46631">
      <ele>2330.0</ele>
    <time>2026-05-14T14:01:31Z</time></trkpt>
    <trkpt lat="44.85608" lon="-107.46606">
      <ele>2330.0</ele>
    <time>2026-05-14T14:01:40Z</time></trkpt>
    <trkpt lat="44.85602" lon="-107.46583">
      <ele>2329.736928115</ele>
    <time>2026-05-14T14:01:49Z</time></trkpt>
    <trkpt lat="44.85596" lon="-107.46556">
      <ele>2327.816666674</ele>
    <time>2026-05-14T14:01:59Z</time></trkpt>
    <trkpt lat="44.85588" lon="-107.46524">
      <ele>2322.589869327</ele>
    <time>2026-05-14T14:02:11Z</time></trkpt>
    <trkpt lat="44.85578" lon="-107.46501">
      <ele>2320.693493179</ele>
    <time>2026-05-14T14:02:21Z</time></trkpt>
    <trkpt lat="44.85571" lon="-107.46478">
      <ele>2320.0</ele>
    <time>2026-05-14T14:02:29Z</time></trkpt>
    <trkpt lat="44.85563" lon="-107.46455">
      <ele>2320.0</ele>
    <time>2026-05-14T14:02:39Z</time></trkpt>
    <trkpt lat="44.85556" lon="-107.46428">
      <ele>2320.0</ele>
    <time>2026-05-14T14:02:49Z</time></trkpt>
    <trkpt lat="44.8555" lon="-107.46401">
      <ele>2320.0</ele>
    <time>2026-05-14T14:02:59Z</time></trkpt>
    <trkpt lat="44.85545" lon="-107.46373">
      <ele>2318.573717963</ele>
    <time>2026-05-14T14:03:09Z</time></trkpt>
    <trkpt lat="44.85542" lon="-107.46375">
      <ele>2320.0</ele>
    <time>2026-05-14T14:03:11Z</time></trkpt>
    <trkpt lat="44.85537" lon="-107.4635">
      <ele>2318.611111111</ele>
    <time>2026-05-14T14:03:20Z</time></trkpt>
    <trkpt lat="44.85534" lon="-107.46326">
      <ele>2317.916666667</ele>
    <time>2026-05-14T14:03:29Z</time></trkpt>
    <trkpt lat="44.85533" lon="-107.46298">
      <ele>2317.083333333</ele>
    <time>2026-05-14T14:03:39Z</time></trkpt>
    <trkpt lat="44.85531" lon="-107.46268">
      <ele>2315.972222222</ele>
    <time>2026-05-14T14:03:50Z</time></trkpt>
    <trkpt lat="44.8553" lon="-107.46241">
      <ele>2312.916666667</ele>
    <time>2026-05-14T14:03:59Z</time></trkpt>
    <trkpt lat="44.85528" lon="-107.46217">
      <ele>2311.547619048</ele>
    <time>2026-05-14T14:04:08Z</time></trkpt>
    <trkpt lat="44.85525" lon="-107.46192">
      <ele>2310.396825397</ele>
    <time>2026-05-14T14:04:17Z</time></trkpt>
    <trkpt lat="44.85528" lon="-107.46164">
      <ele>2309.305555556</ele>
    <time>2026-05-14T14:04:27Z</time></trkpt>
    <trkpt lat="44.85526" lon="-107.4614">
      <ele>2307.916666667</ele>
    <time>2026-05-14T14:04:36Z</time></trkpt>
    <trkpt lat="44.85525" lon="-107.46117">
      <ele>2306.527777778</ele>
    <time>2026-05-14T14:04:44Z</time></trkpt>
    <trkpt lat="44.85518" lon="-107.46092">
      <ele>2304.027777778</ele>
    <time>2026-05-14T14:04:54Z</time></trkpt>
    <trkpt lat="44.85511" lon="-107.46068">
      <ele>2302.916666667</ele>
    <time>2026-05-14T14:05:03Z</time></trkpt>
    <trkpt lat="44.85503" lon="-107.46036">
      <ele>2301.203703761</ele>
    <time>2026-05-14T14:05:15Z</time></trkpt>
    <trkpt lat="44.85496" lon="-107.46009">
      <ele>2300.833333333</ele>
    <time>2026-05-14T14:05:25Z</time></trkpt>
    <trkpt lat="44.85484" lon="-107.45978">
      <ele>2300.138888889</ele>
    <time>2026-05-14T14:05:38Z</time></trkpt>
    <trkpt lat="44.85482" lon="-107.45964">
      <ele>2300.0</ele>
    <time>2026-05-14T14:05:43Z</time></trkpt>
    <trkpt lat="44.85496" lon="-107.45969">
      <ele>2300.0</ele>
    <time>2026-05-14T14:05:50Z</time></trkpt>
    <trkpt lat="44.85491" lon="-107.45953">
      <ele>2300.0</ele>
    <time>2026-05-14T14:05:57Z</time></trkpt>
    <trkpt lat="44.85485" lon="-107.45933">
      <ele>2300.0</ele>
    <time>2026-05-14T14:06:04Z</time></trkpt>
    <trkpt lat="44.85482" lon="-107.4592">
      <ele>2300.0</ele>
    <time>2026-05-14T14:06:09Z</time></trkpt>
    <trkpt lat="44.85476" lon="-107.45908">
      <ele>2300.0</ele>
    <time>2026-05-14T14:06:14Z</time></trkpt>
    <trkpt lat="44.85465" lon="-107.45883">
      <ele>2300.0</ele>
    <time>2026-05-14T14:06:25Z</time></trkpt>
    <trkpt lat="44.85452" lon="-107.4587">
      <ele>2300.0</ele>
    <time>2026-05-14T14:06:33Z</time></trkpt>
    <trkpt lat="44.85445" lon="-107.45861">
      <ele>2300.0</ele>
    <time>2026-05-14T14:06:38Z</time></trkpt>
    <trkpt lat="44.85433" lon="-107.45846">
      <ele>2300.0</ele>
    <time>2026-05-14T14:06:46Z</time></trkpt>
    <trkpt lat="44.8542" lon="-107.45826">
      <ele>2300.0</ele>
    <time>2026-05-14T14:06:55Z</time></trkpt>
    <trkpt lat="44.85405" lon="-107.45815">
      <ele>2300.0</ele>
    <time>2026-05-14T14:07:04Z</time></trkpt>
    <trkpt lat="44.85396" lon="-107.4581">
      <ele>2299.994444445</ele>
    <time>2026-05-14T14:07:09Z</time></trkpt>
    <trkpt lat="44.85384" lon="-107.458">
      <ele>2299.077777783</ele>
    <time>2026-05-14T14:07:16Z</time></trkpt>
    <trkpt lat="44.85372" lon="-107.45792">
      <ele>2297.708333351</ele>
    <time>2026-05-14T14:07:23Z</time></trkpt>
    <trkpt lat="44.85362" lon="-107.45782">
      <ele>2295.400000037</ele>
    <time>2026-05-14T14:07:29Z</time></trkpt>
    <trkpt lat="44.85353" lon="-107.45775">
      <ele>2292.708333351</ele>
    <time>2026-05-14T14:07:34Z</time></trkpt>
    <trkpt lat="44.85345" lon="-107.45767">
      <ele>2291.250000012</ele>
    <time>2026-05-14T14:07:39Z</time></trkpt>
    <trkpt lat="44.85334" lon="-107.45755">
      <ele>2290.347222228</ele>
    <time>2026-05-14T14:07:46Z</time></trkpt>
    <trkpt lat="44.85322" lon="-107.45743">
      <ele>2290.0</ele>
    <time>2026-05-14T14:07:53Z</time></trkpt>
    <trkpt lat="44.85313" lon="-107.45729">
      <ele>2290.0</ele>
    <time>2026-05-14T14:08:00Z</time></trkpt>
    <trkpt lat="44.85305" lon="-107.45712">
      <ele>2289.777777786</ele>
    <time>2026-05-14T14:08:07Z</time></trkpt>
    <trkpt lat="44.85294" lon="-107.45685">
      <ele>2287.622549048</ele>
    <time>2026-05-14T14:08:18Z</time></trkpt>
    <trkpt lat="44.85283" lon="-107.45664">
      <ele>2283.402777815</ele>
    <time>2026-05-14T14:08:28Z</time></trkpt>
    <trkpt lat="44.85272" lon="-107.45647">
      <ele>2280.833333333</ele>
    <time>2026-05-14T14:08:36Z</time></trkpt>
    <trkpt lat="44.85261" lon="-107.45627">
      <ele>2280.0</ele>
    <time>2026-05-14T14:08:45Z</time></trkpt>
    <trkpt lat="44.85249" lon="-107.45611">
      <ele>2280.0</ele>
    <time>2026-05-14T14:08:53Z</time></trkpt>
    <trkpt lat="44.85235" lon="-107.456">
      <ele>2280.0</ele>
    <time>2026-05-14T14:09:01Z</time></trkpt>
    <trkpt lat="44.85223" lon="-107.45588">
      <ele>2280.0</ele>
    <time>2026-05-14T14:09:09Z</time></trkpt>
    <trkpt lat="44.85212" lon="-107.45569">
      <ele>2280.0</ele>
    <time>2026-05-14T14:09:18Z</time></trkpt>
    <trkpt lat="44.85205" lon="-107.45556">
      <ele>2280.0</ele>
    <time>2026-05-14T14:09:23Z</time></trkpt>
    <trkpt lat="44.85195" lon="-107.45539">
      <ele>2280.0</ele>
    <time>2026-05-14T14:09:31Z</time></trkpt>
    <trkpt lat="44.85186" lon="-107.45527">
      <ele>2280.0</ele>
    <time>2026-05-14T14:09:38Z</time></trkpt>
    <trkpt lat="44.85178" lon="-107.45509">
      <ele>2280.0</ele>
    <time>2026-05-14T14:09:45Z</time></trkpt>
    <trkpt lat="44.85167" lon="-107.45491">
      <ele>2280.0</ele>
    <time>2026-05-14T14:09:54Z</time></trkpt>
    <trkpt lat="44.85157" lon="-107.45478">
      <ele>2280.0</ele>
    <time>2026-05-14T14:10:01Z</time></trkpt>
    <trkpt lat="44.85144" lon="-107.4546">
      <ele>2280.0</ele>
    <time>2026-05-14T14:10:10Z</time></trkpt>
    <trkpt lat="44.85134" lon="-107.45448">
      <ele>2280.0</ele>
    <time>2026-05-14T14:10:16Z</time></trkpt>
    <trkpt lat="44.85122" lon="-107.45428">
      <ele>2280.0</ele>
    <time>2026-05-14T14:10:26Z</time></trkpt>
    <trkpt lat="44.85111" lon="-107.45413">
      <ele>2280.0</ele>
    <time>2026-05-14T14:10:33Z</time></trkpt>
    <trkpt lat="44.85101" lon="-107.454">
      <ele>2280.0</ele>
    <time>2026-05-14T14:10:40Z</time></trkpt>
    <trkpt lat="44.85084" lon="-107.45376">
      <ele>2279.583333333</ele>
    <time>2026-05-14T14:10:52Z</time></trkpt>
    <trkpt lat="44.85076" lon="-107.45367">
      <ele>2278.611111111</ele>
    <time>2026-05-14T14:10:58Z</time></trkpt>
    <trkpt lat="44.8506" lon="-107.45351">
      <ele>2273.888888889</ele>
    <time>2026-05-14T14:11:07Z</time></trkpt>
    <trkpt lat="44.85046" lon="-107.45343">
      <ele>2271.388888889</ele>
    <time>2026-05-14T14:11:15Z</time></trkpt>
    <trkpt lat="44.8504" lon="-107.45331">
      <ele>2270.416666667</ele>
    <time>2026-05-14T14:11:20Z</time></trkpt>
    <trkpt lat="44.85026" lon="-107.45309">
      <ele>2270.0</ele>
    <time>2026-05-14T14:11:31Z</time></trkpt>
    <trkpt lat="44.85015" lon="-107.45287">
      <ele>2270.0</ele>
    <time>2026-05-14T14:11:40Z</time></trkpt>
    <trkpt lat="44.85005" lon="-107.45275">
      <ele>2270.0</ele>
    <time>2026-05-14T14:11:47Z</time></trkpt>
    <trkpt lat="44.84995" lon="-107.45259">
      <ele>2270.0</ele>
    <time>2026-05-14T14:11:55Z</time></trkpt>
    <trkpt lat="44.84984" lon="-107.45239">
      <ele>2270.0</ele>
    <time>2026-05-14T14:12:04Z</time></trkpt>
    <trkpt lat="44.8497" lon="-107.4522">
      <ele>2270.0</ele>
    <time>2026-05-14T14:12:13Z</time></trkpt>
    <trkpt lat="44.84962" lon="-107.45201">
      <ele>2270.0</ele>
    <time>2026-05-14T14:12:21Z</time></trkpt>
    <trkpt lat="44.84953" lon="-107.45186">
      <ele>2270.0</ele>
    <time>2026-05-14T14:12:28Z</time></trkpt>
    <trkpt lat="44.84943" lon="-107.45163">
      <ele>2270.0</ele>
    <time>2026-05-14T14:12:38Z</time></trkpt>
    <trkpt lat="44.84936" lon="-107.45148">
      <ele>2270.0</ele>
    <time>2026-05-14T14:12:44Z</time></trkpt>
    <trkpt lat="44.84926" lon="-107.4513">
      <ele>2270.0</ele>
    <time>2026-05-14T14:12:53Z</time></trkpt>
    <trkpt lat="44.84916" lon="-107.45115">
      <ele>2270.0</ele>
    <time>2026-05-14T14:13:00Z</time></trkpt>
    <trkpt lat="44.84909" lon="-107.45095">
      <ele>2268.611111111</ele>
    <time>2026-05-14T14:13:08Z</time></trkpt>
    <trkpt lat="44.84897" lon="-107.45074">
      <ele>2263.888888889</ele>
    <time>2026-05-14T14:13:18Z</time></trkpt>
    <trkpt lat="44.84887" lon="-107.45054">
      <ele>2261.388888889</ele>
    <time>2026-05-14T14:13:26Z</time></trkpt>
    <trkpt lat="44.8488" lon="-107.45039">
      <ele>2260.416666667</ele>
    <time>2026-05-14T14:13:33Z</time></trkpt>
    <trkpt lat="44.84874" lon="-107.4502">
      <ele>2260.0</ele>
    <time>2026-05-14T14:13:40Z</time></trkpt>
    <trkpt lat="44.84867" lon="-107.45009">
      <ele>2260.0</ele>
    <time>2026-05-14T14:13:45Z</time></trkpt>
    <trkpt lat="44.8486" lon="-107.44999">
      <ele>2260.0</ele>
    <time>2026-05-14T14:13:50Z</time></trkpt>
    <trkpt lat="44.84843" lon="-107.44973">
      <ele>2260.0</ele>
    <time>2026-05-14T14:14:03Z</time></trkpt>
    <trkpt lat="44.8483" lon="-107.44959">
      <ele>2260.0</ele>
    <time>2026-05-14T14:14:11Z</time></trkpt>
    <trkpt lat="44.84822" lon="-107.44945">
      <ele>2260.0</ele>
    <time>2026-05-14T14:14:18Z</time></trkpt>
    <trkpt lat="44.84811" lon="-107.44927">
      <ele>2260.0</ele>
    <time>2026-05-14T14:14:26Z</time></trkpt>
    <trkpt lat="44.84798" lon="-107.44908">
      <ele>2260.0</ele>
    <time>2026-05-14T14:14:36Z</time></trkpt>
    <trkpt lat="44.84803" lon="-107.44908">
      <ele>2260.0</ele>
    <time>2026-05-14T14:14:38Z</time></trkpt>
    <trkpt lat="44.84788" lon="-107.44892">
      <ele>2260.0</ele>
    <time>2026-05-14T14:14:48Z</time></trkpt>
    <trkpt lat="44.84769" lon="-107.44867">
      <ele>2260.0</ele>
    <time>2026-05-14T14:15:01Z</time></trkpt>
    <trkpt lat="44.8476" lon="-107.44859">
      <ele>2260.0</ele>
    <time>2026-05-14T14:15:06Z</time></trkpt>
    <trkpt lat="44.84747" lon="-107.44844">
      <ele>2259.861111111</ele>
    <time>2026-05-14T14:15:15Z</time></trkpt>
    <trkpt lat="44.84732" lon="-107.44824">
      <ele>2258.5630342</ele>
    <time>2026-05-14T14:15:25Z</time></trkpt>
    <trkpt lat="44.8472" lon="-107.44808">
      <ele>2256.996168614</ele>
    <time>2026-05-14T14:15:33Z</time></trkpt>
    <trkpt lat="44.84709" lon="-107.44795">
      <ele>2255.812826329</ele>
    <time>2026-05-14T14:15:41Z</time></trkpt>
    <trkpt lat="44.84697" lon="-107.44779">
      <ele>2252.860738271</ele>
    <time>2026-05-14T14:15:49Z</time></trkpt>
    <trkpt lat="44.8469" lon="-107.44769">
      <ele>2252.049772834</ele>
    <time>2026-05-14T14:15:54Z</time></trkpt>
    <trkpt lat="44.8468" lon="-107.44756">
      <ele>2251.349441169</ele>
    <time>2026-05-14T14:16:01Z</time></trkpt>
    <trkpt lat="44.84672" lon="-107.44736">
      <ele>2250.395710068</ele>
    <time>2026-05-14T14:16:09Z</time></trkpt>
    <trkpt lat="44.84665" lon="-107.44719">
      <ele>2249.97041421</ele>
    <time>2026-05-14T14:16:16Z</time></trkpt>
    <trkpt lat="44.84655" lon="-107.44695">
      <ele>2249.127218947</ele>
    <time>2026-05-14T14:16:26Z</time></trkpt>
    <trkpt lat="44.84648" lon="-107.44675">
      <ele>2247.876126137</ele>
    <time>2026-05-14T14:16:34Z</time></trkpt>
    <trkpt lat="44.84641" lon="-107.44653">
      <ele>2246.137869527</ele>
    <time>2026-05-14T14:16:42Z</time></trkpt>
    <trkpt lat="44.84634" lon="-107.44634">
      <ele>2243.376890282</ele>
    <time>2026-05-14T14:16:50Z</time></trkpt>
    <trkpt lat="44.84628" lon="-107.44616">
      <ele>2241.441299798</ele>
    <time>2026-05-14T14:16:57Z</time></trkpt>
    <trkpt lat="44.8462" lon="-107.44594">
      <ele>2240.158045982</ele>
    <time>2026-05-14T14:17:06Z</time></trkpt>
    <trkpt lat="44.84614" lon="-107.44576">
      <ele>2240.0</ele>
    <time>2026-05-14T14:17:13Z</time></trkpt>
    <trkpt lat="44.84607" lon="-107.44562">
      <ele>2240.0</ele>
    <time>2026-05-14T14:17:19Z</time></trkpt>
    <trkpt lat="44.84599" lon="-107.44541">
      <ele>2240.0</ele>
    <time>2026-05-14T14:17:28Z</time></trkpt>
    <trkpt lat="44.84593" lon="-107.44516">
      <ele>2240.0</ele>
    <time>2026-05-14T14:17:37Z</time></trkpt>
    <trkpt lat="44.84588" lon="-107.44495">
      <ele>2240.0</ele>
    <time>2026-05-14T14:17:45Z</time></trkpt>
    <trkpt lat="44.84581" lon="-107.44473">
      <ele>2240.0</ele>
    <time>2026-05-14T14:17:54Z</time></trkpt>
    <trkpt lat="44.84575" lon="-107.44452">
      <ele>2240.0</ele>
    <time>2026-05-14T14:18:02Z</time></trkpt>
    <trkpt lat="44.84569" lon="-107.44428">
      <ele>2240.0</ele>
    <time>2026-05-14T14:18:11Z</time></trkpt>
    <trkpt lat="44.84566" lon="-107.44403">
      <ele>2240.0</ele>
    <time>2026-05-14T14:18:20Z</time></trkpt>
    <trkpt lat="44.84562" lon="-107.4438">
      <ele>2240.0</ele>
    <time>2026-05-14T14:18:28Z</time></trkpt>
    <trkpt lat="44.84559" lon="-107.44364">
      <ele>2240.0</ele>
    <time>2026-05-14T14:18:34Z</time></trkpt>
    <trkpt lat="44.84558" lon="-107.44347">
      <ele>2240.0</ele>
    <time>2026-05-14T14:18:40Z</time></trkpt>
    <trkpt lat="44.84558" lon="-107.44326">
      <ele>2240.0</ele>
    <time>2026-05-14T14:18:48Z</time></trkpt>
    <trkpt lat="44.84563" lon="-107.44303">
      <ele>2240.0</ele>
    <time>2026-05-14T14:18:57Z</time></trkpt>
    <trkpt lat="44.84565" lon="-107.44287">
      <ele>2240.0</ele>
    <time>2026-05-14T14:19:02Z</time></trkpt>
    <trkpt lat="44.8457" lon="-107.4427">
      <ele>2240.0</ele>
    <time>2026-05-14T14:19:09Z</time></trkpt>
    <trkpt lat="44.84576" lon="-107.44256">
      <ele>2240.0</ele>
    <time>2026-05-14T14:19:15Z</time></trkpt>
    <trkpt lat="44.8458" lon="-107.44244">
      <ele>2240.0</ele>
    <time>2026-05-14T14:19:20Z</time></trkpt>
    <trkpt lat="44.84586" lon="-107.44229">
      <ele>2240.0</ele>
    <time>2026-05-14T14:19:26Z</time></trkpt>
    <trkpt lat="44.84593" lon="-107.44214">
      <ele>2240.0</ele>
    <time>2026-05-14T14:19:32Z</time></trkpt>
    <trkpt lat="44.84604" lon="-107.44194">
      <ele>2240.0</ele>
    <time>2026-05-14T14:19:41Z</time></trkpt>
    <trkpt lat="44.8461" lon="-107.44177">
      <ele>2240.0</ele>
    <time>2026-05-14T14:19:48Z</time></trkpt>
    <trkpt lat="44.84616" lon="-107.4416">
      <ele>2240.0</ele>
    <time>2026-05-14T14:19:55Z</time></trkpt>
    <trkpt lat="44.84621" lon="-107.44141">
      <ele>2240.0</ele>
    <time>2026-05-14T14:20:02Z</time></trkpt>
    <trkpt lat="44.84628" lon="-107.44121">
      <ele>2239.166666667</ele>
    <time>2026-05-14T14:20:10Z</time></trkpt>
    <trkpt lat="44.84629" lon="-107.44105">
      <ele>2238.032407407</ele>
    <time>2026-05-14T14:20:16Z</time></trkpt>
    <trkpt lat="44.8463" lon="-107.44086">
      <ele>2236.478978975</ele>
    <time>2026-05-14T14:20:22Z</time></trkpt>
    <trkpt lat="44.84634" lon="-107.44066">
      <ele>2234.305555556</ele>
    <time>2026-05-14T14:20:30Z</time></trkpt>
    <trkpt lat="44.84642" lon="-107.44049">
      <ele>2234.722222222</ele>
    <time>2026-05-14T14:20:37Z</time></trkpt>
    <trkpt lat="44.84652" lon="-107.44034">
      <ele>2238.508986941</ele>
    <time>2026-05-14T14:20:45Z</time></trkpt>
    <trkpt lat="44.84661" lon="-107.44019">
      <ele>2239.791666674</ele>
    <time>2026-05-14T14:20:52Z</time></trkpt>
    <trkpt lat="44.84667" lon="-107.44005">
      <ele>2240.0</ele>
    <time>2026-05-14T14:20:57Z</time></trkpt>
    <trkpt lat="44.84676" lon="-107.43985">
      <ele>2239.583333333</ele>
    <time>2026-05-14T14:21:06Z</time></trkpt>
    <trkpt lat="44.84681" lon="-107.43966">
      <ele>2237.083333333</ele>
    <time>2026-05-14T14:21:13Z</time></trkpt>
    <trkpt lat="44.84689" lon="-107.43946">
      <ele>2232.916666667</ele>
    <time>2026-05-14T14:21:21Z</time></trkpt>
    <trkpt lat="44.84695" lon="-107.43928">
      <ele>2230.833333333</ele>
    <time>2026-05-14T14:21:28Z</time></trkpt>
    <trkpt lat="44.84702" lon="-107.43909">
      <ele>2230.0</ele>
    <time>2026-05-14T14:21:36Z</time></trkpt>
    <trkpt lat="44.8471" lon="-107.43892">
      <ele>2230.0</ele>
    <time>2026-05-14T14:21:43Z</time></trkpt>
    <trkpt lat="44.84717" lon="-107.43872">
      <ele>2230.0</ele>
    <time>2026-05-14T14:21:51Z</time></trkpt>
    <trkpt lat="44.84724" lon="-107.43849">
      <ele>2230.0</ele>
    <time>2026-05-14T14:22:00Z</time></trkpt>
    <trkpt lat="44.84734" lon="-107.43834">
      <ele>2230.0</ele>
    <time>2026-05-14T14:22:08Z</time></trkpt>
    <trkpt lat="44.84738" lon="-107.43819">
      <ele>2230.0</ele>
    <time>2026-05-14T14:22:13Z</time></trkpt>
    <trkpt lat="44.84745" lon="-107.43796">
      <ele>2230.0</ele>
    <time>2026-05-14T14:22:22Z</time></trkpt>
    <trkpt lat="44.84751" lon="-107.43777">
      <ele>2230.0</ele>
    <time>2026-05-14T14:22:30Z</time></trkpt>
    <trkpt lat="44.84754" lon="-107.43751">
      <ele>2230.0</ele>
    <time>2026-05-14T14:22:39Z</time></trkpt>
    <trkpt lat="44.84757" lon="-107.43731">
      <ele>2230.0</ele>
    <time>2026-05-14T14:22:46Z</time></trkpt>
    <trkpt lat="44.84761" lon="-107.43719">
      <ele>2230.0</ele>
    <time>2026-05-14T14:22:51Z</time></trkpt>
    <trkpt lat="44.84764" lon="-107.43701">
      <ele>2230.138888889</ele>
    <time>2026-05-14T14:22:58Z</time></trkpt>
    <trkpt lat="44.84767" lon="-107.43684">
      <ele>2230.833333333</ele>
    <time>2026-05-14T14:23:04Z</time></trkpt>
    <trkpt lat="44.84772" lon="-107.43671">
      <ele>2232.156862755</ele>
    <time>2026-05-14T14:23:09Z</time></trkpt>
    <trkpt lat="44.84783" lon="-107.43656">
      <ele>2236.139705886</ele>
    <time>2026-05-14T14:23:17Z</time></trkpt>
    <trkpt lat="44.84793" lon="-107.43639">
      <ele>2237.916666667</ele>
    <time>2026-05-14T14:23:25Z</time></trkpt>
    <trkpt lat="44.848" lon="-107.43626">
      <ele>2239.583333333</ele>
    <time>2026-05-14T14:23:31Z</time></trkpt>
    <trkpt lat="44.84807" lon="-107.43613">
      <ele>2242.219945376</ele>
    <time>2026-05-14T14:23:37Z</time></trkpt>
    <trkpt lat="44.84815" lon="-107.43602">
      <ele>2244.281045801</ele>
    <time>2026-05-14T14:23:42Z</time></trkpt>
    <trkpt lat="44.84821" lon="-107.43592">
      <ele>2247.30065363</ele>
    <time>2026-05-14T14:23:47Z</time></trkpt>
    <trkpt lat="44.8483" lon="-107.43581">
      <ele>2249.251126163</ele>
    <time>2026-05-14T14:23:53Z</time></trkpt>
    <trkpt lat="44.84839" lon="-107.4357">
      <ele>2251.306921716</ele>
    <time>2026-05-14T14:23:59Z</time></trkpt>
    <trkpt lat="44.84847" lon="-107.43559">
      <ele>2253.159722264</ele>
    <time>2026-05-14T14:24:05Z</time></trkpt>
    <trkpt lat="44.84854" lon="-107.43546">
      <ele>2256.27092849</ele>
    <time>2026-05-14T14:24:10Z</time></trkpt>
    <trkpt lat="44.84859" lon="-107.43532">
      <ele>2258.030821937</ele>
    <time>2026-05-14T14:24:16Z</time></trkpt>
    <trkpt lat="44.84863" lon="-107.43518">
      <ele>2259.17816092</ele>
    <time>2026-05-14T14:24:21Z</time></trkpt>
    <trkpt lat="44.84865" lon="-107.435">
      <ele>2259.76388888</ele>
    <time>2026-05-14T14:24:28Z</time></trkpt>
    <trkpt lat="44.84858" lon="-107.43478">
      <ele>2260.0</ele>
    <time>2026-05-14T14:24:36Z</time></trkpt>
    <trkpt lat="44.84843" lon="-107.43461">
      <ele>2260.0</ele>
    <time>2026-05-14T14:24:46Z</time></trkpt>
    <trkpt lat="44.84828" lon="-107.43439">
      <ele>2260.0</ele>
    <time>2026-05-14T14:24:57Z</time></trkpt>
    <trkpt lat="44.84812" lon="-107.43417">
      <ele>2258.611111111</ele>
    <time>2026-05-14T14:25:08Z</time></trkpt>
    <trkpt lat="44.84796" lon="-107.43398">
      <ele>2253.888888889</ele>
    <time>2026-05-14T14:25:19Z</time></trkpt>
    <trkpt lat="44.84781" lon="-107.43384">
      <ele>2250.833333333</ele>
    <time>2026-05-14T14:25:28Z</time></trkpt>
    <trkpt lat="44.84758" lon="-107.43368">
      <ele>2250.0</ele>
    <time>2026-05-14T14:25:41Z</time></trkpt>
    <trkpt lat="44.84737" lon="-107.43352">
      <ele>2250.0</ele>
    <time>2026-05-14T14:25:53Z</time></trkpt>
    <trkpt lat="44.84719" lon="-107.43331">
      <ele>2250.0</ele>
    <time>2026-05-14T14:26:05Z</time></trkpt>
    <trkpt lat="44.84719" lon="-107.43332">
      <ele>2250.0</ele>
    <time>2026-05-14T14:26:05Z</time></trkpt>
    <trkpt lat="44.84716" lon="-107.43314">
      <ele>2250.0</ele>
    <time>2026-05-14T14:26:12Z</time></trkpt>
    <trkpt lat="44.8471" lon="-107.43293">
      <ele>2250.0</ele>
    <time>2026-05-14T14:26:20Z</time></trkpt>
    <trkpt lat="44.84705" lon="-107.43274">
      <ele>2249.604297697</ele>
    <time>2026-05-14T14:26:27Z</time></trkpt>
    <trkpt lat="44.84705" lon="-107.43247">
      <ele>2246.759259259</ele>
    <time>2026-05-14T14:26:37Z</time></trkpt>
    <trkpt lat="44.84706" lon="-107.43215">
      <ele>2241.018518519</ele>
    <time>2026-05-14T14:26:48Z</time></trkpt>
    <trkpt lat="44.84708" lon="-107.43184">
      <ele>2239.236111111</ele>
    <time>2026-05-14T14:26:59Z</time></trkpt>
    <trkpt lat="44.84709" lon="-107.43154">
      <ele>2235.870870853</ele>
    <time>2026-05-14T14:27:10Z</time></trkpt>
    <trkpt lat="44.84715" lon="-107.43122">
      <ele>2230.487987976</ele>
    <time>2026-05-14T14:27:22Z</time></trkpt>
    <trkpt lat="44.84718" lon="-107.43103">
      <ele>2228.368055533</ele>
    <time>2026-05-14T14:27:29Z</time></trkpt>
    <trkpt lat="44.84726" lon="-107.43076">
      <ele>2223.62612611</ele>
    <time>2026-05-14T14:27:39Z</time></trkpt>
    <trkpt lat="44.84731" lon="-107.4305">
      <ele>2220.641891883</ele>
    <time>2026-05-14T14:27:49Z</time></trkpt>
    <trkpt lat="44.84733" lon="-107.43029">
      <ele>2220.0</ele>
    <time>2026-05-14T14:27:56Z</time></trkpt>
    <trkpt lat="44.84732" lon="-107.43011">
      <ele>2220.0</ele>
    <time>2026-05-14T14:28:03Z</time></trkpt>
    <trkpt lat="44.84731" lon="-107.42991">
      <ele>2220.0</ele>
    <time>2026-05-14T14:28:10Z</time></trkpt>
    <trkpt lat="44.8473" lon="-107.42971">
      <ele>2219.923896492</ele>
    <time>2026-05-14T14:28:17Z</time></trkpt>
    <trkpt lat="44.84735" lon="-107.42957">
      <ele>2219.401960801</ele>
    <time>2026-05-14T14:28:23Z</time></trkpt>
    <trkpt lat="44.84731" lon="-107.42942">
      <ele>2218.402777778</ele>
    <time>2026-05-14T14:28:28Z</time></trkpt>
    <trkpt lat="44.8473" lon="-107.42921">
      <ele>2216.666666755</ele>
    <time>2026-05-14T14:28:36Z</time></trkpt>
    <trkpt lat="44.84725" lon="-107.42907">
      <ele>2215.833333333</ele>
    <time>2026-05-14T14:28:41Z</time></trkpt>
    <trkpt lat="44.84716" lon="-107.42888">
      <ele>2215.138888889</ele>
    <time>2026-05-14T14:28:50Z</time></trkpt>
    <trkpt lat="44.84707" lon="-107.42884">
      <ele>2215.833333333</ele>
    <time>2026-05-14T14:28:54Z</time></trkpt>
    <trkpt lat="44.84687" lon="-107.42882">
      <ele>2212.01951952</ele>
    <time>2026-05-14T14:29:05Z</time></trkpt>
    <trkpt lat="44.84664" lon="-107.42869">
      <ele>2210.138888889</ele>
    <time>2026-05-14T14:29:17Z</time></trkpt>
    <trkpt lat="44.84655" lon="-107.42873">
      <ele>2210.0</ele>
    <time>2026-05-14T14:29:22Z</time></trkpt>
    <trkpt lat="44.84644" lon="-107.42872">
      <ele>2210.0</ele>
    <time>2026-05-14T14:29:27Z</time></trkpt>
    <trkpt lat="44.8463" lon="-107.42874">
      <ele>2210.0</ele>
    <time>2026-05-14T14:29:34Z</time></trkpt>
    <trkpt lat="44.84621" lon="-107.42886">
      <ele>2210.0</ele>
    <time>2026-05-14T14:29:41Z</time></trkpt>
    <trkpt lat="44.84606" lon="-107.42904">
      <ele>2210.0</ele>
    <time>2026-05-14T14:29:51Z</time></trkpt>
    <trkpt lat="44.84589" lon="-107.42921">
      <ele>2208.611111111</ele>
    <time>2026-05-14T14:30:01Z</time></trkpt>
    <trkpt lat="44.84569" lon="-107.42933">
      <ele>2203.888888889</ele>
    <time>2026-05-14T14:30:12Z</time></trkpt>
    <trkpt lat="44.84548" lon="-107.42939">
      <ele>2200.416666667</ele>
    <time>2026-05-14T14:30:23Z</time></trkpt>
    <trkpt lat="44.84528" lon="-107.42941">
      <ele>2200.0</ele>
    <time>2026-05-14T14:30:33Z</time></trkpt>
    <trkpt lat="44.84505" lon="-107.42941">
      <ele>2200.0</ele>
    <time>2026-05-14T14:30:44Z</time></trkpt>
    <trkpt lat="44.84484" lon="-107.42939">
      <ele>2199.75</ele>
    <time>2026-05-14T14:30:55Z</time></trkpt>
    <trkpt lat="44.84463" lon="-107.42937">
      <ele>2198.611111111</ele>
    <time>2026-05-14T14:31:06Z</time></trkpt>
    <trkpt lat="44.84434" lon="-107.42932">
      <ele>2191.388888889</ele>
    <time>2026-05-14T14:31:20Z</time></trkpt>
    <trkpt lat="44.84425" lon="-107.42931">
      <ele>2190.833333333</ele>
    <time>2026-05-14T14:31:25Z</time></trkpt>
    <trkpt lat="44.84407" lon="-107.4293">
      <ele>2190.0</ele>
    <time>2026-05-14T14:31:34Z</time></trkpt>
    <trkpt lat="44.84391" lon="-107.4292">
      <ele>2190.0</ele>
    <time>2026-05-14T14:31:43Z</time></trkpt>
    <trkpt lat="44.84389" lon="-107.42906">
      <ele>2190.0</ele>
    <time>2026-05-14T14:31:48Z</time></trkpt>
    <trkpt lat="44.84385" lon="-107.4288">
      <ele>2190.0</ele>
    <time>2026-05-14T14:31:57Z</time></trkpt>
    <trkpt lat="44.84379" lon="-107.42851">
      <ele>2190.0</ele>
    <time>2026-05-14T14:32:08Z</time></trkpt>
    <trkpt lat="44.84374" lon="-107.42825">
      <ele>2190.0</ele>
    <time>2026-05-14T14:32:18Z</time></trkpt>
    <trkpt lat="44.84369" lon="-107.42805">
      <ele>2190.0</ele>
    <time>2026-05-14T14:32:25Z</time></trkpt>
    <trkpt lat="44.84361" lon="-107.42774">
      <ele>2187.17307693</ele>
    <time>2026-05-14T14:32:37Z</time></trkpt>
    <trkpt lat="44.84358" lon="-107.42754">
      <ele>2186.111111111</ele>
    <time>2026-05-14T14:32:45Z</time></trkpt>
    <trkpt lat="44.84353" lon="-107.42733">
      <ele>2182.083333333</ele>
    <time>2026-05-14T14:32:52Z</time></trkpt>
    <trkpt lat="44.84349" lon="-107.42717">
      <ele>2180.833333333</ele>
    <time>2026-05-14T14:32:59Z</time></trkpt>
    <trkpt lat="44.84342" lon="-107.42695">
      <ele>2180.0</ele>
    <time>2026-05-14T14:33:07Z</time></trkpt>
    <trkpt lat="44.84334" lon="-107.42677">
      <ele>2180.0</ele>
    <time>2026-05-14T14:33:15Z</time></trkpt>
    <trkpt lat="44.84326" lon="-107.42655">
      <ele>2180.0</ele>
    <time>2026-05-14T14:33:24Z</time></trkpt>
    <trkpt lat="44.84322" lon="-107.42642">
      <ele>2180.0</ele>
    <time>2026-05-14T14:33:29Z</time></trkpt>
    <trkpt lat="44.84315" lon="-107.42623">
      <ele>2180.0</ele>
    <time>2026-05-14T14:33:36Z</time></trkpt>
    <trkpt lat="44.84307" lon="-107.42606">
      <ele>2180.0</ele>
    <time>2026-05-14T14:33:44Z</time></trkpt>
    <trkpt lat="44.84299" lon="-107.4258">
      <ele>2180.0</ele>
    <time>2026-05-14T14:33:54Z</time></trkpt>
    <trkpt lat="44.84294" lon="-107.42561">
      <ele>2180.0</ele>
    <time>2026-05-14T14:34:01Z</time></trkpt>
    <trkpt lat="44.84287" lon="-107.4255">
      <ele>2180.0</ele>
    <time>2026-05-14T14:34:06Z</time></trkpt>
    <trkpt lat="44.84279" lon="-107.42531">
      <ele>2180.0</ele>
    <time>2026-05-14T14:34:14Z</time></trkpt>
    <trkpt lat="44.84273" lon="-107.42512">
      <ele>2180.0</ele>
    <time>2026-05-14T14:34:22Z</time></trkpt>
    <trkpt lat="44.84265" lon="-107.42496">
      <ele>2180.0</ele>
    <time>2026-05-14T14:34:29Z</time></trkpt>
    <trkpt lat="44.84259" lon="-107.42472">
      <ele>2180.0</ele>
    <time>2026-05-14T14:34:38Z</time></trkpt>
    <trkpt lat="44.84254" lon="-107.42456">
      <ele>2180.0</ele>
    <time>2026-05-14T14:34:44Z</time></trkpt>
    <trkpt lat="44.84251" lon="-107.42431">
      <ele>2179.906156159</ele>
    <time>2026-05-14T14:34:53Z</time></trkpt>
    <trkpt lat="44.84246" lon="-107.42399">
      <ele>2177.611111139</ele>
    <time>2026-05-14T14:35:05Z</time></trkpt>
    <trkpt lat="44.84241" lon="-107.42369">
      <ele>2176.527777778</ele>
    <time>2026-05-14T14:35:16Z</time></trkpt>
    <trkpt lat="44.8424" lon="-107.42351">
      <ele>2174.305555556</ele>
    <time>2026-05-14T14:35:22Z</time></trkpt>
    <trkpt lat="44.84235" lon="-107.4234">
      <ele>2174.305555556</ele>
    <time>2026-05-14T14:35:27Z</time></trkpt>
    <trkpt lat="44.84218" lon="-107.42335">
      <ele>2176.527777778</ele>
    <time>2026-05-14T14:35:36Z</time></trkpt>
    <trkpt lat="44.84205" lon="-107.42324">
      <ele>2178.75</ele>
    <time>2026-05-14T14:35:43Z</time></trkpt>
    <trkpt lat="44.84192" lon="-107.42315">
      <ele>2181.25</ele>
    <time>2026-05-14T14:35:50Z</time></trkpt>
    <trkpt lat="44.84182" lon="-107.42307">
      <ele>2183.888888889</ele>
    <time>2026-05-14T14:35:56Z</time></trkpt>
    <trkpt lat="44.84175" lon="-107.42294">
      <ele>2188.75</ele>
    <time>2026-05-14T14:36:02Z</time></trkpt>
    <trkpt lat="44.84168" lon="-107.42282">
      <ele>2193.33823525</ele>
    <time>2026-05-14T14:36:08Z</time></trkpt>
    <trkpt lat="44.84164" lon="-107.42269">
      <ele>2192.5</ele>
    <time>2026-05-14T14:36:13Z</time></trkpt>
    <trkpt lat="44.84161" lon="-107.42254">
      <ele>2197.083333333</ele>
    <time>2026-05-14T14:36:18Z</time></trkpt>
    <trkpt lat="44.84153" lon="-107.42241">
      <ele>2200.919669666</ele>
    <time>2026-05-14T14:36:24Z</time></trkpt>
    <trkpt lat="44.84148" lon="-107.42227">
      <ele>2200.972222222</ele>
    <time>2026-05-14T14:36:30Z</time></trkpt>
    <trkpt lat="44.84142" lon="-107.42203">
      <ele>2206.840277778</ele>
    <time>2026-05-14T14:36:39Z</time></trkpt>
    <trkpt lat="44.8414" lon="-107.42189">
      <ele>2207.083333333</ele>
    <time>2026-05-14T14:36:44Z</time></trkpt>
    <trkpt lat="44.84139" lon="-107.4217">
      <ele>2210.0</ele>
    <time>2026-05-14T14:36:51Z</time></trkpt>
    <trkpt lat="44.84132" lon="-107.42146">
      <ele>2212.916666667</ele>
    <time>2026-05-14T14:37:00Z</time></trkpt>
    <trkpt lat="44.84123" lon="-107.42133">
      <ele>2214.027777778</ele>
    <time>2026-05-14T14:37:07Z</time></trkpt>
    <trkpt lat="44.84118" lon="-107.42116">
      <ele>2217.619047619</ele>
    <time>2026-05-14T14:37:13Z</time></trkpt>
    <trkpt lat="44.8411" lon="-107.42108">
      <ele>2218.630952381</ele>
    <time>2026-05-14T14:37:18Z</time></trkpt>
    <trkpt lat="44.84101" lon="-107.42101">
      <ele>2235.277777778</ele>
    <time>2026-05-14T14:37:23Z</time></trkpt>
    <trkpt lat="44.84085" lon="-107.42095">
      <ele>2235.841802039</ele>
    <time>2026-05-14T14:37:32Z</time></trkpt>
    <trkpt lat="44.84087" lon="-107.42096">
      <ele>2227.083333333</ele>
    <time>2026-05-14T14:37:33Z</time></trkpt>
    <trkpt lat="44.84078" lon="-107.42091">
      <ele>2237.884823519</ele>
    <time>2026-05-14T14:37:38Z</time></trkpt>
    <trkpt lat="44.8407" lon="-107.42085">
      <ele>2235.277777778</ele>
    <time>2026-05-14T14:37:42Z</time></trkpt>
    <trkpt lat="44.8406" lon="-107.42079">
      <ele>2240.416666667</ele>
    <time>2026-05-14T14:37:48Z</time></trkpt>
    <trkpt lat="44.84045" lon="-107.42069">
      <ele>2243.805555556</ele>
    <time>2026-05-14T14:37:56Z</time></trkpt>
    <trkpt lat="44.84031" lon="-107.42066">
      <ele>2250.246031746</ele>
    <time>2026-05-14T14:38:03Z</time></trkpt>
    <trkpt lat="44.84021" lon="-107.42066">
      <ele>2251.539351852</ele>
    <time>2026-05-14T14:38:08Z</time></trkpt>
    <trkpt lat="44.84009" lon="-107.42066">
      <ele>2253.483223321</ele>
    <time>2026-05-14T14:38:14Z</time></trkpt>
    <trkpt lat="44.83999" lon="-107.42067">
      <ele>2256.277777772</ele>
    <time>2026-05-14T14:38:19Z</time></trkpt>
    <trkpt lat="44.8399" lon="-107.4207">
      <ele>2257.93055555</ele>
    <time>2026-05-14T14:38:24Z</time></trkpt>
    <trkpt lat="44.83981" lon="-107.42073">
      <ele>2259.468954245</ele>
    <time>2026-05-14T14:38:29Z</time></trkpt>
    <trkpt lat="44.83964" lon="-107.42077">
      <ele>2262.388888883</ele>
    <time>2026-05-14T14:38:37Z</time></trkpt>
    <trkpt lat="44.83955" lon="-107.4208">
      <ele>2264.057158089</ele>
    <time>2026-05-14T14:38:42Z</time></trkpt>
    <trkpt lat="44.83943" lon="-107.42088">
      <ele>2266.917412361</ele>
    <time>2026-05-14T14:38:49Z</time></trkpt>
    <trkpt lat="44.83933" lon="-107.42095">
      <ele>2268.580383461</ele>
    <time>2026-05-14T14:38:54Z</time></trkpt>
    <trkpt lat="44.83925" lon="-107.42102">
      <ele>2270.137328325</ele>
    <time>2026-05-14T14:38:59Z</time></trkpt>
    <trkpt lat="44.83908" lon="-107.42114">
      <ele>2273.579664535</ele>
    <time>2026-05-14T14:39:09Z</time></trkpt>
    <trkpt lat="44.83899" lon="-107.42119">
      <ele>2276.35455678</ele>
    <time>2026-05-14T14:39:14Z</time></trkpt>
    <trkpt lat="44.83891" lon="-107.42124">
      <ele>2277.97955973</ele>
    <time>2026-05-14T14:39:18Z</time></trkpt>
    <trkpt lat="44.83882" lon="-107.42129">
      <ele>2279.457762545</ele>
    <time>2026-05-14T14:39:23Z</time></trkpt>
    <trkpt lat="44.83871" lon="-107.42134">
      <ele>2280.861111097</ele>
    <time>2026-05-14T14:39:29Z</time></trkpt>
    <trkpt lat="44.83861" lon="-107.42139">
      <ele>2282.306491863</ele>
    <time>2026-05-14T14:39:34Z</time></trkpt>
    <trkpt lat="44.83847" lon="-107.42148">
      <ele>2286.465277772</ele>
    <time>2026-05-14T14:39:42Z</time></trkpt>
    <trkpt lat="44.8383" lon="-107.42156">
      <ele>2289.374999995</ele>
    <time>2026-05-14T14:39:51Z</time></trkpt>
    <trkpt lat="44.83816" lon="-107.42163">
      <ele>2292.136411883</ele>
    <time>2026-05-14T14:39:58Z</time></trkpt>
    <trkpt lat="44.83805" lon="-107.42169">
      <ele>2293.545214919</ele>
    <time>2026-05-14T14:40:04Z</time></trkpt>
    <trkpt lat="44.83794" lon="-107.42173">
      <ele>2296.00490196</ele>
    <time>2026-05-14T14:40:10Z</time></trkpt>
    <trkpt lat="44.83781" lon="-107.42176">
      <ele>2297.925135501</ele>
    <time>2026-05-14T14:40:17Z</time></trkpt>
    <trkpt lat="44.83767" lon="-107.42178">
      <ele>2299.178921568</ele>
    <time>2026-05-14T14:40:24Z</time></trkpt>
    <trkpt lat="44.83753" lon="-107.42181">
      <ele>2299.881535947</ele>
    <time>2026-05-14T14:40:31Z</time></trkpt>
    <trkpt lat="44.83731" lon="-107.42185">
      <ele>2300.0</ele>
    <time>2026-05-14T14:40:42Z</time></trkpt>
    <trkpt lat="44.83715" lon="-107.42193">
      <ele>2300.0</ele>
    <time>2026-05-14T14:40:51Z</time></trkpt>
    <trkpt lat="44.83695" lon="-107.422">
      <ele>2300.0</ele>
    <time>2026-05-14T14:41:01Z</time></trkpt>
    <trkpt lat="44.83679" lon="-107.42211">
      <ele>2300.0</ele>
    <time>2026-05-14T14:41:10Z</time></trkpt>
    <trkpt lat="44.83667" lon="-107.42228">
      <ele>2299.83262109</ele>
    <time>2026-05-14T14:41:18Z</time></trkpt>
    <trkpt lat="44.83655" lon="-107.42247">
      <ele>2299.138176646</ele>
    <time>2026-05-14T14:41:28Z</time></trkpt>
    <trkpt lat="44.83641" lon="-107.42271">
      <ele>2297.000786184</ele>
    <time>2026-05-14T14:41:39Z</time></trkpt>
    <trkpt lat="44.83628" lon="-107.42294">
      <ele>2293.69444449</ele>
    <time>2026-05-14T14:41:49Z</time></trkpt>
    <trkpt lat="44.83618" lon="-107.42317">
      <ele>2291.971816733</ele>
    <time>2026-05-14T14:41:59Z</time></trkpt>
    <trkpt lat="44.83609" lon="-107.42341">
      <ele>2290.766666683</ele>
    <time>2026-05-14T14:42:09Z</time></trkpt>
    <trkpt lat="44.83599" lon="-107.42363">
      <ele>2290.116666672</ele>
    <time>2026-05-14T14:42:18Z</time></trkpt>
    <trkpt lat="44.83583" lon="-107.42393">
      <ele>2289.500000019</ele>
    <time>2026-05-14T14:42:31Z</time></trkpt>
    <trkpt lat="44.83573" lon="-107.42412">
      <ele>2288.527777799</ele>
    <time>2026-05-14T14:42:40Z</time></trkpt>
    <trkpt lat="44.83562" lon="-107.42432">
      <ele>2286.954926655</ele>
    <time>2026-05-14T14:42:49Z</time></trkpt>
    <trkpt lat="44.83549" lon="-107.42453">
      <ele>2283.733333371</ele>
    <time>2026-05-14T14:42:59Z</time></trkpt>
    <trkpt lat="44.83538" lon="-107.42475">
      <ele>2281.788888927</ele>
    <time>2026-05-14T14:43:08Z</time></trkpt>
    <trkpt lat="44.83528" lon="-107.42493">
      <ele>2279.825498615</ele>
    <time>2026-05-14T14:43:17Z</time></trkpt>
    <trkpt lat="44.83515" lon="-107.42514">
      <ele>2277.881054171</ele>
    <time>2026-05-14T14:43:26Z</time></trkpt>
    <trkpt lat="44.835" lon="-107.42535">
      <ele>2275.598290707</ele>
    <time>2026-05-14T14:43:37Z</time></trkpt>
    <trkpt lat="44.83485" lon="-107.42558">
      <ele>2271.923076957</ele>
    <time>2026-05-14T14:43:48Z</time></trkpt>
    <trkpt lat="44.83472" lon="-107.42577">
      <ele>2270.72500002</ele>
    <time>2026-05-14T14:43:58Z</time></trkpt>
    <trkpt lat="44.83457" lon="-107.42596">
      <ele>2269.851190496</ele>
    <time>2026-05-14T14:44:08Z</time></trkpt>
    <trkpt lat="44.8344" lon="-107.42614">
      <ele>2268.412698442</ele>
    <time>2026-05-14T14:44:19Z</time></trkpt>
    <trkpt lat="44.8342" lon="-107.42637">
      <ele>2265.564102639</ele>
    <time>2026-05-14T14:44:32Z</time></trkpt>
    <trkpt lat="44.83411" lon="-107.42644">
      <ele>2263.616666697</ele>
    <time>2026-05-14T14:44:37Z</time></trkpt>
    <trkpt lat="44.83397" lon="-107.42654">
      <ele>2261.951951954</ele>
    <time>2026-05-14T14:44:45Z</time></trkpt>
    <trkpt lat="44.83385" lon="-107.42656">
      <ele>2261.333333337</ele>
    <time>2026-05-14T14:44:51Z</time></trkpt>
    <trkpt lat="44.83372" lon="-107.42649">
      <ele>2260.331699356</ele>
    <time>2026-05-14T14:44:58Z</time></trkpt>
    <trkpt lat="44.83356" lon="-107.42662">
      <ele>2260.0</ele>
    <time>2026-05-14T14:45:07Z</time></trkpt>
    <trkpt lat="44.83343" lon="-107.42671">
      <ele>2260.0</ele>
    <time>2026-05-14T14:45:14Z</time></trkpt>
    <trkpt lat="44.83327" lon="-107.42677">
      <ele>2260.0</ele>
    <time>2026-05-14T14:45:23Z</time></trkpt>
    <trkpt lat="44.83307" lon="-107.42676">
      <ele>2259.801587311</ele>
    <time>2026-05-14T14:45:33Z</time></trkpt>
    <trkpt lat="44.83295" lon="-107.42663">
      <ele>2259.090038332</ele>
    <time>2026-05-14T14:45:40Z</time></trkpt>
    <trkpt lat="44.83285" lon="-107.42639">
      <ele>2257.871621629</ele>
    <time>2026-05-14T14:45:50Z</time></trkpt>
    <trkpt lat="44.8328" lon="-107.42613">
      <ele>2255.903256711</ele>
    <time>2026-05-14T14:46:00Z</time></trkpt>
    <trkpt lat="44.83277" lon="-107.42586">
      <ele>2252.04501916</ele>
    <time>2026-05-14T14:46:10Z</time></trkpt>
    <trkpt lat="44.83274" lon="-107.42552">
      <ele>2247.35838783</ele>
    <time>2026-05-14T14:46:22Z</time></trkpt>
    <trkpt lat="44.8327" lon="-107.42532">
      <ele>2242.566666687</ele>
    <time>2026-05-14T14:46:29Z</time></trkpt>
    <trkpt lat="44.83261" lon="-107.42512">
      <ele>2238.895833351</ele>
    <time>2026-05-14T14:46:38Z</time></trkpt>
    <trkpt lat="44.83245" lon="-107.42504">
      <ele>2234.03472224</ele>
    <time>2026-05-14T14:46:46Z</time></trkpt>
    <trkpt lat="44.83227" lon="-107.42494">
      <ele>2230.581699381</ele>
    <time>2026-05-14T14:46:56Z</time></trkpt>
    <trkpt lat="44.83208" lon="-107.42478">
      <ele>2225.59523821</ele>
    <time>2026-05-14T14:47:07Z</time></trkpt>
    <trkpt lat="44.83193" lon="-107.42462">
      <ele>2221.762820581</ele>
    <time>2026-05-14T14:47:17Z</time></trkpt>
    <trkpt lat="44.83179" lon="-107.42442">
      <ele>2219.138888931</ele>
    <time>2026-05-14T14:47:27Z</time></trkpt>
    <trkpt lat="44.83167" lon="-107.42416">
      <ele>2213.454415993</ele>
    <time>2026-05-14T14:47:38Z</time></trkpt>
    <trkpt lat="44.83153" lon="-107.42393">
      <ele>2210.675287358</ele>
    <time>2026-05-14T14:47:49Z</time></trkpt>
    <trkpt lat="44.8315" lon="-107.42371">
      <ele>2209.305555556</ele>
    <time>2026-05-14T14:47:57Z</time></trkpt>
    <trkpt lat="44.83155" lon="-107.42352">
      <ele>2204.248365982</ele>
    <time>2026-05-14T14:48:04Z</time></trkpt>
    <trkpt lat="44.83166" lon="-107.42332">
      <ele>2202.149999982</ele>
    <time>2026-05-14T14:48:13Z</time></trkpt>
    <trkpt lat="44.83176" lon="-107.42311">
      <ele>2200.871385073</ele>
    <time>2026-05-14T14:48:22Z</time></trkpt>
    <trkpt lat="44.83184" lon="-107.42294">
      <ele>2200.167624516</ele>
    <time>2026-05-14T14:48:29Z</time></trkpt>
    <trkpt lat="44.83191" lon="-107.4228">
      <ele>2200.007936505</ele>
    <time>2026-05-14T14:48:36Z</time></trkpt>
    <trkpt lat="44.83198" lon="-107.42268">
      <ele>2200.0</ele>
    <time>2026-05-14T14:48:41Z</time></trkpt>
    <trkpt lat="44.83207" lon="-107.42246">
      <ele>2200.0</ele>
    <time>2026-05-14T14:48:50Z</time></trkpt>
    <trkpt lat="44.83212" lon="-107.42235">
      <ele>2200.0</ele>
    <time>2026-05-14T14:48:55Z</time></trkpt>
    <trkpt lat="44.83214" lon="-107.42234">
      <ele>2200.0</ele>
    <time>2026-05-14T14:48:56Z</time></trkpt>
    <trkpt lat="44.83224" lon="-107.42216">
      <ele>2196.666666667</ele>
    <time>2026-05-14T14:49:04Z</time></trkpt>
    <trkpt lat="44.8323" lon="-107.42201">
      <ele>2192.445918839</ele>
    <time>2026-05-14T14:49:10Z</time></trkpt>
    <trkpt lat="44.83239" lon="-107.42183">
      <ele>2191.111111111</ele>
    <time>2026-05-14T14:49:18Z</time></trkpt>
    <trkpt lat="44.83249" lon="-107.42167">
      <ele>2188.083333333</ele>
    <time>2026-05-14T14:49:26Z</time></trkpt>
    <trkpt lat="44.83257" lon="-107.42156">
      <ele>2183.869047619</ele>
    <time>2026-05-14T14:49:31Z</time></trkpt>
    <trkpt lat="44.83268" lon="-107.42145">
      <ele>2180.833333333</ele>
    <time>2026-05-14T14:49:38Z</time></trkpt>
    <trkpt lat="44.8328" lon="-107.42132">
      <ele>2176.222899701</ele>
    <time>2026-05-14T14:49:46Z</time></trkpt>
    <trkpt lat="44.83291" lon="-107.42124">
      <ele>2172.833333322</ele>
    <time>2026-05-14T14:49:52Z</time></trkpt>
    <trkpt lat="44.83301" lon="-107.42115">
      <ele>2172.083333333</ele>
    <time>2026-05-14T14:49:58Z</time></trkpt>
    <trkpt lat="44.83309" lon="-107.42089">
      <ele>2170.136752137</ele>
    <time>2026-05-14T14:50:08Z</time></trkpt>
    <trkpt lat="44.83311" lon="-107.42075">
      <ele>2169.856837606</ele>
    <time>2026-05-14T14:50:13Z</time></trkpt>
    <trkpt lat="44.83314" lon="-107.4206">
      <ele>2169.583333333</ele>
    <time>2026-05-14T14:50:19Z</time></trkpt>
    <trkpt lat="44.83315" lon="-107.42044">
      <ele>2168.611111111</ele>
    <time>2026-05-14T14:50:25Z</time></trkpt>
    <trkpt lat="44.83315" lon="-107.4203">
      <ele>2166.93247124</ele>
    <time>2026-05-14T14:50:30Z</time></trkpt>
    <trkpt lat="44.83322" lon="-107.42017">
      <ele>2163.855363979</ele>
    <time>2026-05-14T14:50:35Z</time></trkpt>
    <trkpt lat="44.8333" lon="-107.42">
      <ele>2162.059386969</ele>
    <time>2026-05-14T14:50:43Z</time></trkpt>
    <trkpt lat="44.83336" lon="-107.41987">
      <ele>2160.818965515</ele>
    <time>2026-05-14T14:50:48Z</time></trkpt>
    <trkpt lat="44.83343" lon="-107.41972">
      <ele>2160.134099616</ele>
    <time>2026-05-14T14:50:55Z</time></trkpt>
    <trkpt lat="44.8335" lon="-107.41958">
      <ele>2160.0</ele>
    <time>2026-05-14T14:51:01Z</time></trkpt>
    <trkpt lat="44.83359" lon="-107.4194">
      <ele>2160.0</ele>
    <time>2026-05-14T14:51:09Z</time></trkpt>
    <trkpt lat="44.83366" lon="-107.41925">
      <ele>2160.0</ele>
    <time>2026-05-14T14:51:15Z</time></trkpt>
    <trkpt lat="44.83376" lon="-107.41903">
      <ele>2160.0</ele>
    <time>2026-05-14T14:51:24Z</time></trkpt>
    <trkpt lat="44.83384" lon="-107.41887">
      <ele>2160.0</ele>
    <time>2026-05-14T14:51:31Z</time></trkpt>
    <trkpt lat="44.8339" lon="-107.41872">
      <ele>2160.0</ele>
    <time>2026-05-14T14:51:37Z</time></trkpt>
    <trkpt lat="44.83401" lon="-107.4185">
      <ele>2160.0</ele>
    <time>2026-05-14T14:51:47Z</time></trkpt>
    <trkpt lat="44.83411" lon="-107.41828">
      <ele>2160.0</ele>
    <time>2026-05-14T14:51:56Z</time></trkpt>
    <trkpt lat="44.83423" lon="-107.41804">
      <ele>2160.0</ele>
    <time>2026-05-14T14:52:07Z</time></trkpt>
    <trkpt lat="44.83434" lon="-107.41783">
      <ele>2160.0</ele>
    <time>2026-05-14T14:52:16Z</time></trkpt>
    <trkpt lat="44.83438" lon="-107.41768">
      <ele>2159.861111111</ele>
    <time>2026-05-14T14:52:22Z</time></trkpt>
    <trkpt lat="44.83432" lon="-107.4175">
      <ele>2159.352189809</ele>
    <time>2026-05-14T14:52:29Z</time></trkpt>
    <trkpt lat="44.83426" lon="-107.41723">
      <ele>2157.475490244</ele>
    <time>2026-05-14T14:52:39Z</time></trkpt>
    <trkpt lat="44.8342" lon="-107.41697">
      <ele>2153.440170979</ele>
    <time>2026-05-14T14:52:49Z</time></trkpt>
    <trkpt lat="44.83414" lon="-107.41671">
      <ele>2150.942307736</ele>
    <time>2026-05-14T14:52:59Z</time></trkpt>
    <trkpt lat="44.83409" lon="-107.41645">
      <ele>2148.445512851</ele>
    <time>2026-05-14T14:53:08Z</time></trkpt>
    <trkpt lat="44.8341" lon="-107.4163">
      <ele>2146.594444422</ele>
    <time>2026-05-14T14:53:14Z</time></trkpt>
    <trkpt lat="44.8342" lon="-107.41611">
      <ele>2140.694444444</ele>
    <time>2026-05-14T14:53:22Z</time></trkpt>
    <trkpt lat="44.83434" lon="-107.41592">
      <ele>2136.527777778</ele>
    <time>2026-05-14T14:53:32Z</time></trkpt>
    <trkpt lat="44.83449" lon="-107.41569">
      <ele>2131.388888889</ele>
    <time>2026-05-14T14:53:43Z</time></trkpt>
    <trkpt lat="44.8346" lon="-107.41556">
      <ele>2130.416666667</ele>
    <time>2026-05-14T14:53:50Z</time></trkpt>
    <trkpt lat="44.83469" lon="-107.41538">
      <ele>2130.0</ele>
    <time>2026-05-14T14:53:58Z</time></trkpt>
    <trkpt lat="44.83478" lon="-107.41523">
      <ele>2130.0</ele>
    <time>2026-05-14T14:54:05Z</time></trkpt>
    <trkpt lat="44.83481" lon="-107.41509">
      <ele>2129.786036032</ele>
    <time>2026-05-14T14:54:11Z</time></trkpt>
    <trkpt lat="44.83486" lon="-107.41491">
      <ele>2128.611111111</ele>
    <time>2026-05-14T14:54:17Z</time></trkpt>
    <trkpt lat="44.83491" lon="-107.41474">
      <ele>2127.083333333</ele>
    <time>2026-05-14T14:54:24Z</time></trkpt>
    <trkpt lat="44.83494" lon="-107.41461">
      <ele>2126.460674105</ele>
    <time>2026-05-14T14:54:29Z</time></trkpt>
    <trkpt lat="44.83497" lon="-107.41444">
      <ele>2123.454248328</ele>
    <time>2026-05-14T14:54:35Z</time></trkpt>
    <trkpt lat="44.835" lon="-107.41427">
      <ele>2121.829593991</ele>
    <time>2026-05-14T14:54:41Z</time></trkpt>
    <trkpt lat="44.83501" lon="-107.41403">
      <ele>2120.833333333</ele>
    <time>2026-05-14T14:54:50Z</time></trkpt>
    <trkpt lat="44.83505" lon="-107.41386">
      <ele>2120.0</ele>
    <time>2026-05-14T14:54:56Z</time></trkpt>
    <trkpt lat="44.83511" lon="-107.41376">
      <ele>2119.861111111</ele>
    <time>2026-05-14T14:55:01Z</time></trkpt>
    <trkpt lat="44.83512" lon="-107.41355">
      <ele>2119.423076923</ele>
    <time>2026-05-14T14:55:09Z</time></trkpt>
    <trkpt lat="44.83513" lon="-107.4134">
      <ele>2119.166666667</ele>
    <time>2026-05-14T14:55:14Z</time></trkpt>
    <trkpt lat="44.83514" lon="-107.41319">
      <ele>2116.634615385</ele>
    <time>2026-05-14T14:55:21Z</time></trkpt>
    <trkpt lat="44.83511" lon="-107.41302">
      <ele>2116.111111111</ele>
    <time>2026-05-14T14:55:28Z</time></trkpt>
    <trkpt lat="44.83513" lon="-107.41279">
      <ele>2111.288888882</ele>
    <time>2026-05-14T14:55:36Z</time></trkpt>
    <trkpt lat="44.83511" lon="-107.41264">
      <ele>2110.461538465</ele>
    <time>2026-05-14T14:55:41Z</time></trkpt>
    <trkpt lat="44.83509" lon="-107.41239">
      <ele>2110.0</ele>
    <time>2026-05-14T14:55:50Z</time></trkpt>
    <trkpt lat="44.83516" lon="-107.41215">
      <ele>2110.0</ele>
    <time>2026-05-14T14:56:00Z</time></trkpt>
    <trkpt lat="44.83526" lon="-107.41192">
      <ele>2110.0</ele>
    <time>2026-05-14T14:56:09Z</time></trkpt>
    <trkpt lat="44.83529" lon="-107.41165">
      <ele>2110.0</ele>
    <time>2026-05-14T14:56:19Z</time></trkpt>
    <trkpt lat="44.83534" lon="-107.41146">
      <ele>2109.166666667</ele>
    <time>2026-05-14T14:56:26Z</time></trkpt>
    <trkpt lat="44.83545" lon="-107.41133">
      <ele>2107.916666667</ele>
    <time>2026-05-14T14:56:34Z</time></trkpt>
    <trkpt lat="44.83558" lon="-107.4112">
      <ele>2103.888888889</ele>
    <time>2026-05-14T14:56:42Z</time></trkpt>
    <trkpt lat="44.8357" lon="-107.41105">
      <ele>2102.777777778</ele>
    <time>2026-05-14T14:56:50Z</time></trkpt>
    <trkpt lat="44.83578" lon="-107.41086">
      <ele>2100.555555556</ele>
    <time>2026-05-14T14:56:58Z</time></trkpt>
    <trkpt lat="44.8358" lon="-107.41063">
      <ele>2098.333333333</ele>
    <time>2026-05-14T14:57:06Z</time></trkpt>
    <trkpt lat="44.83583" lon="-107.41042">
      <ele>2094.565671056</ele>
    <time>2026-05-14T14:57:14Z</time></trkpt>
    <trkpt lat="44.83586" lon="-107.4102">
      <ele>2090.824999937</ele>
    <time>2026-05-14T14:57:22Z</time></trkpt>
    <trkpt lat="44.83587" lon="-107.41002">
      <ele>2088.319444444</ele>
    <time>2026-05-14T14:57:28Z</time></trkpt>
    <trkpt lat="44.83582" lon="-107.40985">
      <ele>2084.738562162</ele>
    <time>2026-05-14T14:57:35Z</time></trkpt>
    <trkpt lat="44.83581" lon="-107.40968">
      <ele>2081.423611111</ele>
    <time>2026-05-14T14:57:41Z</time></trkpt>
    <trkpt lat="44.83584" lon="-107.40952">
      <ele>2078.676470578</ele>
    <time>2026-05-14T14:57:47Z</time></trkpt>
    <trkpt lat="44.8359" lon="-107.4094">
      <ele>2076.25</ele>
    <time>2026-05-14T14:57:52Z</time></trkpt>
    <trkpt lat="44.83595" lon="-107.40925">
      <ele>2073.662480939</ele>
    <time>2026-05-14T14:57:58Z</time></trkpt>
    <trkpt lat="44.83604" lon="-107.40914">
      <ele>2070.694444444</ele>
    <time>2026-05-14T14:58:04Z</time></trkpt>
    <trkpt lat="44.83618" lon="-107.40901">
      <ele>2069.305555556</ele>
    <time>2026-05-14T14:58:12Z</time></trkpt>
    <trkpt lat="44.83619" lon="-107.40888">
      <ele>2069.056372535</ele>
    <time>2026-05-14T14:58:17Z</time></trkpt>
    <trkpt lat="44.83621" lon="-107.40862">
      <ele>2066.890814068</ele>
    <time>2026-05-14T14:58:26Z</time></trkpt>
    <trkpt lat="44.83616" lon="-107.40849">
      <ele>2067.083333333</ele>
    <time>2026-05-14T14:58:32Z</time></trkpt>
    <trkpt lat="44.83612" lon="-107.40835">
      <ele>2062.523584937</ele>
    <time>2026-05-14T14:58:37Z</time></trkpt>
    <trkpt lat="44.83612" lon="-107.40822">
      <ele>2061.121794872</ele>
    <time>2026-05-14T14:58:42Z</time></trkpt>
    <trkpt lat="44.83614" lon="-107.40799">
      <ele>2059.249249245</ele>
    <time>2026-05-14T14:58:50Z</time></trkpt>
    <trkpt lat="44.83613" lon="-107.4078">
      <ele>2057.663934441</ele>
    <time>2026-05-14T14:58:57Z</time></trkpt>
    <trkpt lat="44.8361" lon="-107.40753">
      <ele>2053.370901662</ele>
    <time>2026-05-14T14:59:06Z</time></trkpt>
    <trkpt lat="44.83608" lon="-107.40739">
      <ele>2051.538461557</ele>
    <time>2026-05-14T14:59:12Z</time></trkpt>
    <trkpt lat="44.83609" lon="-107.40726">
      <ele>2049.360294091</ele>
    <time>2026-05-14T14:59:16Z</time></trkpt>
    <trkpt lat="44.83607" lon="-107.40711">
      <ele>2047.634615395</ele>
    <time>2026-05-14T14:59:22Z</time></trkpt>
    <trkpt lat="44.83605" lon="-107.40696">
      <ele>2044.019230789</ele>
    <time>2026-05-14T14:59:27Z</time></trkpt>
    <trkpt lat="44.83603" lon="-107.40678">
      <ele>2040.965346553</ele>
    <time>2026-05-14T14:59:34Z</time></trkpt>
    <trkpt lat="44.836" lon="-107.40662">
      <ele>2038.860294133</ele>
    <time>2026-05-14T14:59:40Z</time></trkpt>
    <trkpt lat="44.83595" lon="-107.40645">
      <ele>2037.5</ele>
    <time>2026-05-14T14:59:46Z</time></trkpt>
    <trkpt lat="44.83588" lon="-107.40623">
      <ele>2030.825471716</ele>
    <time>2026-05-14T14:59:55Z</time></trkpt>
    <trkpt lat="44.83582" lon="-107.40611">
      <ele>2028.419540308</ele>
    <time>2026-05-14T15:00:00Z</time></trkpt>
    <trkpt lat="44.83572" lon="-107.40595">
      <ele>2025.694444444</ele>
    <time>2026-05-14T15:00:08Z</time></trkpt>
    <trkpt lat="44.83562" lon="-107.40579">
      <ele>2020.19139196</ele>
    <time>2026-05-14T15:00:15Z</time></trkpt>
    <trkpt lat="44.83554" lon="-107.40552">
      <ele>2012.222222222</ele>
    <time>2026-05-14T15:00:26Z</time></trkpt>
    <trkpt lat="44.83552" lon="-107.40551">
      <ele>2012.222222222</ele>
    <time>2026-05-14T15:00:27Z</time></trkpt>
    <trkpt lat="44.83545" lon="-107.40528">
      <ele>2013.888888889</ele>
    <time>2026-05-14T15:00:36Z</time></trkpt>
    <trkpt lat="44.83535" lon="-107.40503">
      <ele>2008.333333333</ele>
    <time>2026-05-14T15:00:46Z</time></trkpt>
    <trkpt lat="44.83531" lon="-107.40479">
      <ele>2006.111111111</ele>
    <time>2026-05-14T15:00:55Z</time></trkpt>
    <trkpt lat="44.83525" lon="-107.40457">
      <ele>2002.111111111</ele>
    <time>2026-05-14T15:01:03Z</time></trkpt>
    <trkpt lat="44.8352" lon="-107.40434">
      <ele>2000.25</ele>
    <time>2026-05-14T15:01:12Z</time></trkpt>
    <trkpt lat="44.83517" lon="-107.40415">
      <ele>1997.694791209</ele>
    <time>2026-05-14T15:01:19Z</time></trkpt>
    <trkpt lat="44.83514" lon="-107.40397">
      <ele>1997.361111111</ele>
    <time>2026-05-14T15:01:25Z</time></trkpt>
    <trkpt lat="44.8351" lon="-107.40376">
      <ele>1992.222222222</ele>
    <time>2026-05-14T15:01:33Z</time></trkpt>
    <trkpt lat="44.83505" lon="-107.40351">
      <ele>1988.75</ele>
    <time>2026-05-14T15:01:42Z</time></trkpt>
    <trkpt lat="44.83506" lon="-107.40328">
      <ele>1983.708708721</ele>
    <time>2026-05-14T15:01:51Z</time></trkpt>
    <trkpt lat="44.83503" lon="-107.40308">
      <ele>1980.195195215</ele>
    <time>2026-05-14T15:01:58Z</time></trkpt>
    <trkpt lat="44.835" lon="-107.40285">
      <ele>1976.681681705</ele>
    <time>2026-05-14T15:02:06Z</time></trkpt>
    <trkpt lat="44.83496" lon="-107.40265">
      <ele>1972.479166701</ele>
    <time>2026-05-14T15:02:14Z</time></trkpt>
    <trkpt lat="44.83488" lon="-107.40238">
      <ele>1968.554804785</ele>
    <time>2026-05-14T15:02:24Z</time></trkpt>
    <trkpt lat="44.8349" lon="-107.40219">
      <ele>1965.0</ele>
    <time>2026-05-14T15:02:31Z</time></trkpt>
    <trkpt lat="44.83489" lon="-107.40196">
      <ele>1961.62037037</ele>
    <time>2026-05-14T15:02:39Z</time></trkpt>
    <trkpt lat="44.83491" lon="-107.40174">
      <ele>1960.185185185</ele>
    <time>2026-05-14T15:02:47Z</time></trkpt>
    <trkpt lat="44.83492" lon="-107.40145">
      <ele>1959.976851852</ele>
    <time>2026-05-14T15:02:58Z</time></trkpt>
    <trkpt lat="44.83493" lon="-107.40113">
      <ele>1958.37962963</ele>
    <time>2026-05-14T15:03:09Z</time></trkpt>
    <trkpt lat="44.83494" lon="-107.40093">
      <ele>1954.969969924</ele>
    <time>2026-05-14T15:03:16Z</time></trkpt>
    <trkpt lat="44.83495" lon="-107.40074">
      <ele>1951.62037037</ele>
    <time>2026-05-14T15:03:23Z</time></trkpt>
    <trkpt lat="44.83497" lon="-107.40053">
      <ele>1950.183933931</ele>
    <time>2026-05-14T15:03:31Z</time></trkpt>
    <trkpt lat="44.835" lon="-107.40032">
      <ele>1950.0</ele>
    <time>2026-05-14T15:03:38Z</time></trkpt>
    <trkpt lat="44.83503" lon="-107.40008">
      <ele>1949.23423423</ele>
    <time>2026-05-14T15:03:47Z</time></trkpt>
    <trkpt lat="44.83509" lon="-107.39983">
      <ele>1946.442810423</ele>
    <time>2026-05-14T15:03:56Z</time></trkpt>
    <trkpt lat="44.83513" lon="-107.39968">
      <ele>1943.888888889</ele>
    <time>2026-05-14T15:04:02Z</time></trkpt>
    <trkpt lat="44.83524" lon="-107.39955">
      <ele>1939.794007432</ele>
    <time>2026-05-14T15:04:09Z</time></trkpt>
    <trkpt lat="44.83532" lon="-107.39942">
      <ele>1937.511111129</ele>
    <time>2026-05-14T15:04:15Z</time></trkpt>
    <trkpt lat="44.83531" lon="-107.39928">
      <ele>1933.746612456</ele>
    <time>2026-05-14T15:04:20Z</time></trkpt>
    <trkpt lat="44.83533" lon="-107.39907">
      <ele>1931.238207495</ele>
    <time>2026-05-14T15:04:28Z</time></trkpt>
    <trkpt lat="44.83541" lon="-107.39893">
      <ele>1928.881944427</ele>
    <time>2026-05-14T15:04:34Z</time></trkpt>
    <trkpt lat="44.83546" lon="-107.39875">
      <ele>1926.453333297</ele>
    <time>2026-05-14T15:04:41Z</time></trkpt>
    <trkpt lat="44.83549" lon="-107.39858">
      <ele>1923.888888889</ele>
    <time>2026-05-14T15:04:48Z</time></trkpt>
    <trkpt lat="44.83544" lon="-107.39827">
      <ele>1920.379129126</ele>
    <time>2026-05-14T15:04:59Z</time></trkpt>
    <trkpt lat="44.83543" lon="-107.39813">
      <ele>1919.961538459</ele>
    <time>2026-05-14T15:05:04Z</time></trkpt>
    <trkpt lat="44.83545" lon="-107.39792">
      <ele>1919.583333333</ele>
    <time>2026-05-14T15:05:12Z</time></trkpt>
    <trkpt lat="44.8354" lon="-107.39771">
      <ele>1918.611111111</ele>
    <time>2026-05-14T15:05:19Z</time></trkpt>
    <trkpt lat="44.83529" lon="-107.39749">
      <ele>1912.916666667</ele>
    <time>2026-05-14T15:05:29Z</time></trkpt>
    <trkpt lat="44.83519" lon="-107.39721">
      <ele>1910.0</ele>
    <time>2026-05-14T15:05:40Z</time></trkpt>
    <trkpt lat="44.83513" lon="-107.39697">
      <ele>1907.313218405</ele>
    <time>2026-05-14T15:05:49Z</time></trkpt>
    <trkpt lat="44.83512" lon="-107.39678">
      <ele>1903.441666687</ele>
    <time>2026-05-14T15:05:56Z</time></trkpt>
    <trkpt lat="44.83509" lon="-107.39658">
      <ele>1901.944444444</ele>
    <time>2026-05-14T15:06:03Z</time></trkpt>
    <trkpt lat="44.83503" lon="-107.39638">
      <ele>1897.626634024</ele>
    <time>2026-05-14T15:06:11Z</time></trkpt>
    <trkpt lat="44.83499" lon="-107.39617">
      <ele>1893.526688506</ele>
    <time>2026-05-14T15:06:19Z</time></trkpt>
    <trkpt lat="44.83493" lon="-107.39593">
      <ele>1890.491830104</ele>
    <time>2026-05-14T15:06:28Z</time></trkpt>
    <trkpt lat="44.83487" lon="-107.39572">
      <ele>1888.156130292</ele>
    <time>2026-05-14T15:06:36Z</time></trkpt>
    <trkpt lat="44.83481" lon="-107.39556">
      <ele>1887.083333333</ele>
    <time>2026-05-14T15:06:43Z</time></trkpt>
    <trkpt lat="44.83478" lon="-107.39538">
      <ele>1882.5</ele>
    <time>2026-05-14T15:06:49Z</time></trkpt>
    <trkpt lat="44.83472" lon="-107.39513">
      <ele>1876.841216267</ele>
    <time>2026-05-14T15:06:59Z</time></trkpt>
    <trkpt lat="44.83469" lon="-107.39488">
      <ele>1872.277777739</ele>
    <time>2026-05-14T15:07:08Z</time></trkpt>
    <trkpt lat="44.83471" lon="-107.39471">
      <ele>1870.055555516</ele>
    <time>2026-05-14T15:07:14Z</time></trkpt>
    <trkpt lat="44.83476" lon="-107.39455">
      <ele>1867.416666614</ele>
    <time>2026-05-14T15:07:20Z</time></trkpt>
    <trkpt lat="44.83483" lon="-107.39435">
      <ele>1862.444444393</ele>
    <time>2026-05-14T15:07:28Z</time></trkpt>
    <trkpt lat="44.83487" lon="-107.39419">
      <ele>1858.843843821</ele>
    <time>2026-05-14T15:07:34Z</time></trkpt>
    <trkpt lat="44.83493" lon="-107.39405">
      <ele>1855.51801796</ele>
    <time>2026-05-14T15:07:40Z</time></trkpt>
    <trkpt lat="44.83496" lon="-107.39389">
      <ele>1852.150900875</ele>
    <time>2026-05-14T15:07:46Z</time></trkpt>
    <trkpt lat="44.83499" lon="-107.39371">
      <ele>1849.560810787</ele>
    <time>2026-05-14T15:07:53Z</time></trkpt>
    <trkpt lat="44.83503" lon="-107.39353">
      <ele>1845.777777724</ele>
    <time>2026-05-14T15:07:59Z</time></trkpt>
    <trkpt lat="44.83507" lon="-107.39333">
      <ele>1841.805555556</ele>
    <time>2026-05-14T15:08:07Z</time></trkpt>
    <trkpt lat="44.83512" lon="-107.39314">
      <ele>1840.416666667</ele>
    <time>2026-05-14T15:08:14Z</time></trkpt>
    <trkpt lat="44.83511" lon="-107.39294">
      <ele>1837.916666667</ele>
    <time>2026-05-14T15:08:21Z</time></trkpt>
    <trkpt lat="44.83505" lon="-107.39277">
      <ele>1836.111111111</ele>
    <time>2026-05-14T15:08:28Z</time></trkpt>
    <trkpt lat="44.83494" lon="-107.39254">
      <ele>1831.25</ele>
    <time>2026-05-14T15:08:38Z</time></trkpt>
    <trkpt lat="44.83483" lon="-107.39234">
      <ele>1828.75</ele>
    <time>2026-05-14T15:08:47Z</time></trkpt>
    <trkpt lat="44.83475" lon="-107.39227">
      <ele>1826.111111111</ele>
    <time>2026-05-14T15:08:52Z</time></trkpt>
    <trkpt lat="44.83468" lon="-107.39216">
      <ele>1822.916666667</ele>
    <time>2026-05-14T15:08:57Z</time></trkpt>
    <trkpt lat="44.83456" lon="-107.39199">
      <ele>1820.277777778</ele>
    <time>2026-05-14T15:09:05Z</time></trkpt>
    <trkpt lat="44.83452" lon="-107.39181">
      <ele>1819.861111111</ele>
    <time>2026-05-14T15:09:12Z</time></trkpt>
    <trkpt lat="44.83452" lon="-107.39166">
      <ele>1818.292042028</ele>
    <time>2026-05-14T15:09:18Z</time></trkpt>
    <trkpt lat="44.8345" lon="-107.39151">
      <ele>1816.833708678</ele>
    <time>2026-05-14T15:09:23Z</time></trkpt>
    <trkpt lat="44.83452" lon="-107.39131">
      <ele>1813.048048065</ele>
    <time>2026-05-14T15:09:30Z</time></trkpt>
    <trkpt lat="44.83454" lon="-107.39119">
      <ele>1811.296296296</ele>
    <time>2026-05-14T15:09:35Z</time></trkpt>
    <trkpt lat="44.83451" lon="-107.39097">
      <ele>1807.940379382</ele>
    <time>2026-05-14T15:09:43Z</time></trkpt>
    <trkpt lat="44.83451" lon="-107.39082">
      <ele>1805.482180361</ele>
    <time>2026-05-14T15:09:48Z</time></trkpt>
    <trkpt lat="44.83452" lon="-107.39067">
      <ele>1802.398648665</ele>
    <time>2026-05-14T15:09:53Z</time></trkpt>
    <trkpt lat="44.83448" lon="-107.39054">
      <ele>1801.193693704</ele>
    <time>2026-05-14T15:09:58Z</time></trkpt>
    <trkpt lat="44.83445" lon="-107.39033">
      <ele>1800.416666667</ele>
    <time>2026-05-14T15:10:06Z</time></trkpt>
    <trkpt lat="44.83441" lon="-107.39011">
      <ele>1799.583333333</ele>
    <time>2026-05-14T15:10:14Z</time></trkpt>
    <trkpt lat="44.83435" lon="-107.38995">
      <ele>1797.166666683</ele>
    <time>2026-05-14T15:10:21Z</time></trkpt>
    <trkpt lat="44.83428" lon="-107.38974">
      <ele>1792.995495502</ele>
    <time>2026-05-14T15:10:29Z</time></trkpt>
    <trkpt lat="44.83428" lon="-107.38956">
      <ele>1791.388888889</ele>
    <time>2026-05-14T15:10:35Z</time></trkpt>
    <trkpt lat="44.83425" lon="-107.38936">
      <ele>1790.416666667</ele>
    <time>2026-05-14T15:10:43Z</time></trkpt>
    <trkpt lat="44.8343" lon="-107.38922">
      <ele>1789.583333333</ele>
    <time>2026-05-14T15:10:48Z</time></trkpt>
    <trkpt lat="44.83441" lon="-107.38904">
      <ele>1787.190170914</ele>
    <time>2026-05-14T15:10:57Z</time></trkpt>
    <trkpt lat="44.83453" lon="-107.38885">
      <ele>1783.013888876</ele>
    <time>2026-05-14T15:11:06Z</time></trkpt>
    <trkpt lat="44.83455" lon="-107.38867">
      <ele>1780.908408403</ele>
    <time>2026-05-14T15:11:12Z</time></trkpt>
    <trkpt lat="44.83461" lon="-107.38849">
      <ele>1779.777777756</ele>
    <time>2026-05-14T15:11:20Z</time></trkpt>
    <trkpt lat="44.83464" lon="-107.38836">
      <ele>1779.583333333</ele>
    <time>2026-05-14T15:11:24Z</time></trkpt>
    <trkpt lat="44.83469" lon="-107.38821">
      <ele>1778.810810801</ele>
    <time>2026-05-14T15:11:30Z</time></trkpt>
    <trkpt lat="44.83476" lon="-107.38799">
      <ele>1773.686965776</ele>
    <time>2026-05-14T15:11:39Z</time></trkpt>
    <trkpt lat="44.8348" lon="-107.38783">
      <ele>1771.468143087</ele>
    <time>2026-05-14T15:11:45Z</time></trkpt>
    <trkpt lat="44.83485" lon="-107.38766">
      <ele>1768.539271997</ele>
    <time>2026-05-14T15:11:52Z</time></trkpt>
    <trkpt lat="44.83484" lon="-107.38768">
      <ele>1772.916666667</ele>
    <time>2026-05-14T15:11:52Z</time></trkpt>
    <trkpt lat="44.83492" lon="-107.38748">
      <ele>1768.611111111</ele>
    <time>2026-05-14T15:12:01Z</time></trkpt>
    <trkpt lat="44.835" lon="-107.3873">
      <ele>1767.916666667</ele>
    <time>2026-05-14T15:12:08Z</time></trkpt>
    <trkpt lat="44.8351" lon="-107.38715">
      <ele>1767.083333333</ele>
    <time>2026-05-14T15:12:16Z</time></trkpt>
    <trkpt lat="44.83519" lon="-107.3869">
      <ele>1766.111111111</ele>
    <time>2026-05-14T15:12:26Z</time></trkpt>
    <trkpt lat="44.83529" lon="-107.38676">
      <ele>1763.333333333</ele>
    <time>2026-05-14T15:12:33Z</time></trkpt>
    <trkpt lat="44.83536" lon="-107.3866">
      <ele>1761.586898063</ele>
    <time>2026-05-14T15:12:39Z</time></trkpt>
    <trkpt lat="44.83546" lon="-107.3864">
      <ele>1759.277777758</ele>
    <time>2026-05-14T15:12:48Z</time></trkpt>
    <trkpt lat="44.83552" lon="-107.38619">
      <ele>1755.444444378</ele>
    <time>2026-05-14T15:12:56Z</time></trkpt>
    <trkpt lat="44.83559" lon="-107.38602">
      <ele>1752.624999983</ele>
    <time>2026-05-14T15:13:03Z</time></trkpt>
    <trkpt lat="44.83564" lon="-107.38578">
      <ele>1749.861111111</ele>
    <time>2026-05-14T15:13:12Z</time></trkpt>
    <trkpt lat="44.83563" lon="-107.38557">
      <ele>1746.944444444</ele>
    <time>2026-05-14T15:13:20Z</time></trkpt>
    <trkpt lat="44.83563" lon="-107.38536">
      <ele>1742.800000009</ele>
    <time>2026-05-14T15:13:27Z</time></trkpt>
    <trkpt lat="44.83561" lon="-107.38519">
      <ele>1740.833333333</ele>
    <time>2026-05-14T15:13:33Z</time></trkpt>
    <trkpt lat="44.83561" lon="-107.38499">
      <ele>1738.872222211</ele>
    <time>2026-05-14T15:13:41Z</time></trkpt>
    <trkpt lat="44.83563" lon="-107.38478">
      <ele>1735.793650794</ele>
    <time>2026-05-14T15:13:48Z</time></trkpt>
    <trkpt lat="44.83562" lon="-107.38456">
      <ele>1731.750000022</ele>
    <time>2026-05-14T15:13:56Z</time></trkpt>
    <trkpt lat="44.83558" lon="-107.38442">
      <ele>1729.915703288</ele>
    <time>2026-05-14T15:14:01Z</time></trkpt>
    <trkpt lat="44.83556" lon="-107.38429">
      <ele>1728.872222233</ele>
    <time>2026-05-14T15:14:06Z</time></trkpt>
    <trkpt lat="44.83555" lon="-107.38412">
      <ele>1726.944444444</ele>
    <time>2026-05-14T15:14:12Z</time></trkpt>
    <trkpt lat="44.83556" lon="-107.38391">
      <ele>1722.783333324</ele>
    <time>2026-05-14T15:14:20Z</time></trkpt>
    <trkpt lat="44.83559" lon="-107.38369">
      <ele>1720.773809524</ele>
    <time>2026-05-14T15:14:28Z</time></trkpt>
    <trkpt lat="44.83559" lon="-107.38346">
      <ele>1719.523809524</ele>
    <time>2026-05-14T15:14:36Z</time></trkpt>
    <trkpt lat="44.83561" lon="-107.38319">
      <ele>1717.766666656</ele>
    <time>2026-05-14T15:14:46Z</time></trkpt>
    <trkpt lat="44.83564" lon="-107.38295">
      <ele>1713.75</ele>
    <time>2026-05-14T15:14:54Z</time></trkpt>
    <trkpt lat="44.83563" lon="-107.38273">
      <ele>1711.336477995</ele>
    <time>2026-05-14T15:15:02Z</time></trkpt>
    <trkpt lat="44.83557" lon="-107.38252">
      <ele>1710.147058825</ele>
    <time>2026-05-14T15:15:10Z</time></trkpt>
    <trkpt lat="44.83553" lon="-107.38232">
      <ele>1709.622222225</ele>
    <time>2026-05-14T15:15:18Z</time></trkpt>
    <trkpt lat="44.83553" lon="-107.38212">
      <ele>1708.653846154</ele>
    <time>2026-05-14T15:15:25Z</time></trkpt>
    <trkpt lat="44.83555" lon="-107.38195">
      <ele>1707.165841578</ele>
    <time>2026-05-14T15:15:31Z</time></trkpt>
    <trkpt lat="44.83555" lon="-107.38177">
      <ele>1704.090909091</ele>
    <time>2026-05-14T15:15:38Z</time></trkpt>
    <trkpt lat="44.83557" lon="-107.38159">
      <ele>1702.15846994</ele>
    <time>2026-05-14T15:15:44Z</time></trkpt>
    <trkpt lat="44.83555" lon="-107.38137">
      <ele>1700.474358979</ele>
    <time>2026-05-14T15:15:52Z</time></trkpt>
    <trkpt lat="44.83555" lon="-107.38115">
      <ele>1699.878472222</ele>
    <time>2026-05-14T15:16:00Z</time></trkpt>
    <trkpt lat="44.83555" lon="-107.38087">
      <ele>1698.015873016</ele>
    <time>2026-05-14T15:16:10Z</time></trkpt>
    <trkpt lat="44.83556" lon="-107.38068">
      <ele>1696.184865895</ele>
    <time>2026-05-14T15:16:17Z</time></trkpt>
    <trkpt lat="44.83557" lon="-107.38046">
      <ele>1692.1875</ele>
    <time>2026-05-14T15:16:24Z</time></trkpt>
    <trkpt lat="44.83559" lon="-107.38032">
      <ele>1690.888888885</ele>
    <time>2026-05-14T15:16:30Z</time></trkpt>
    <trkpt lat="44.83559" lon="-107.38011">
      <ele>1690.01984127</ele>
    <time>2026-05-14T15:16:37Z</time></trkpt>
    <trkpt lat="44.83561" lon="-107.37988">
      <ele>1690.0</ele>
    <time>2026-05-14T15:16:45Z</time></trkpt>
    <trkpt lat="44.83563" lon="-107.3796">
      <ele>1688.699999994</ele>
    <time>2026-05-14T15:16:55Z</time></trkpt>
    <trkpt lat="44.83565" lon="-107.37934">
      <ele>1686.204980836</ele>
    <time>2026-05-14T15:17:05Z</time></trkpt>
    <trkpt lat="44.83562" lon="-107.37906">
      <ele>1681.472222228</ele>
    <time>2026-05-14T15:17:15Z</time></trkpt>
    <trkpt lat="44.83562" lon="-107.37883">
      <ele>1679.382716049</ele>
    <time>2026-05-14T15:17:23Z</time></trkpt>
    <trkpt lat="44.83561" lon="-107.37857">
      <ele>1677.146551729</ele>
    <time>2026-05-14T15:17:32Z</time></trkpt>
    <trkpt lat="44.83559" lon="-107.37832">
      <ele>1673.004326054</ele>
    <time>2026-05-14T15:17:41Z</time></trkpt>
    <trkpt lat="44.83558" lon="-107.37807">
      <ele>1670.492424242</ele>
    <time>2026-05-14T15:17:50Z</time></trkpt>
    <trkpt lat="44.83558" lon="-107.37781">
      <ele>1667.986111111</ele>
    <time>2026-05-14T15:18:00Z</time></trkpt>
    <trkpt lat="44.83557" lon="-107.37768">
      <ele>1666.157407407</ele>
    <time>2026-05-14T15:18:04Z</time></trkpt>
    <trkpt lat="44.83567" lon="-107.37749">
      <ele>1661.041666606</ele>
    <time>2026-05-14T15:18:13Z</time></trkpt>
    <trkpt lat="44.83579" lon="-107.37732">
      <ele>1656.790540494</ele>
    <time>2026-05-14T15:18:21Z</time></trkpt>
    <trkpt lat="44.83588" lon="-107.37711">
      <ele>1651.9186712</ele>
    <time>2026-05-14T15:18:30Z</time></trkpt>
    <trkpt lat="44.83598" lon="-107.37692">
      <ele>1648.641025594</ele>
    <time>2026-05-14T15:18:39Z</time></trkpt>
    <trkpt lat="44.83603" lon="-107.37678">
      <ele>1646.40030437</ele>
    <time>2026-05-14T15:18:44Z</time></trkpt>
    <trkpt lat="44.83604" lon="-107.3765">
      <ele>1640.740740741</ele>
    <time>2026-05-14T15:18:54Z</time></trkpt>
    <trkpt lat="44.8361" lon="-107.37631">
      <ele>1638.333333333</ele>
    <time>2026-05-14T15:19:02Z</time></trkpt>
    <trkpt lat="44.83612" lon="-107.37615">
      <ele>1636.111111111</ele>
    <time>2026-05-14T15:19:07Z</time></trkpt>
    <trkpt lat="44.8361" lon="-107.37587">
      <ele>1631.25</ele>
    <time>2026-05-14T15:19:17Z</time></trkpt>
    <trkpt lat="44.83609" lon="-107.37563">
      <ele>1627.883333336</ele>
    <time>2026-05-14T15:19:26Z</time></trkpt>
    <trkpt lat="44.83607" lon="-107.3754">
      <ele>1625.972222222</ele>
    <time>2026-05-14T15:19:34Z</time></trkpt>
    <trkpt lat="44.8361" lon="-107.37526">
      <ele>1622.083333333</ele>
    <time>2026-05-14T15:19:40Z</time></trkpt>
    <trkpt lat="44.83612" lon="-107.37506">
      <ele>1619.305555556</ele>
    <time>2026-05-14T15:19:47Z</time></trkpt>
    <trkpt lat="44.83614" lon="-107.37477">
      <ele>1610.737179484</ele>
    <time>2026-05-14T15:19:57Z</time></trkpt>
    <trkpt lat="44.83619" lon="-107.37449">
      <ele>1604.373931598</ele>
    <time>2026-05-14T15:20:08Z</time></trkpt>
    <trkpt lat="44.83625" lon="-107.37421">
      <ele>1600.621069159</ele>
    <time>2026-05-14T15:20:18Z</time></trkpt>
    <trkpt lat="44.83631" lon="-107.37399">
      <ele>1598.151960758</ele>
    <time>2026-05-14T15:20:26Z</time></trkpt>
    <trkpt lat="44.83633" lon="-107.37375">
      <ele>1594.372937262</ele>
    <time>2026-05-14T15:20:35Z</time></trkpt>
    <trkpt lat="44.83638" lon="-107.3735">
      <ele>1590.768888861</ele>
    <time>2026-05-14T15:20:44Z</time></trkpt>
    <trkpt lat="44.83639" lon="-107.37331">
      <ele>1588.524904201</ele>
    <time>2026-05-14T15:20:51Z</time></trkpt>
    <trkpt lat="44.83643" lon="-107.37297">
      <ele>1582.303921553</ele>
    <time>2026-05-14T15:21:03Z</time></trkpt>
    <trkpt lat="44.83648" lon="-107.37281">
      <ele>1579.598623802</ele>
    <time>2026-05-14T15:21:10Z</time></trkpt>
    <trkpt lat="44.83654" lon="-107.37262">
      <ele>1574.527777721</ele>
    <time>2026-05-14T15:21:17Z</time></trkpt>
    <trkpt lat="44.83661" lon="-107.37237">
      <ele>1571.339743572</ele>
    <time>2026-05-14T15:21:27Z</time></trkpt>
    <trkpt lat="44.83664" lon="-107.37207">
      <ele>1568.098184806</ele>
    <time>2026-05-14T15:21:38Z</time></trkpt>
    <trkpt lat="44.83665" lon="-107.37182">
      <ele>1564.292929293</ele>
    <time>2026-05-14T15:21:46Z</time></trkpt>
    <trkpt lat="44.83663" lon="-107.3716">
      <ele>1561.559829071</ele>
    <time>2026-05-14T15:21:54Z</time></trkpt>
    <trkpt lat="44.83665" lon="-107.37138">
      <ele>1559.487179476</ele>
    <time>2026-05-14T15:22:02Z</time></trkpt>
    <trkpt lat="44.83665" lon="-107.3712">
      <ele>1558.042929293</ele>
    <time>2026-05-14T15:22:09Z</time></trkpt>
    <trkpt lat="44.83663" lon="-107.37093">
      <ele>1552.916666667</ele>
    <time>2026-05-14T15:22:18Z</time></trkpt>
    <trkpt lat="44.83663" lon="-107.37066">
      <ele>1548.942307692</ele>
    <time>2026-05-14T15:22:28Z</time></trkpt>
    <trkpt lat="44.8366" lon="-107.37049">
      <ele>1546.418269254</ele>
    <time>2026-05-14T15:22:34Z</time></trkpt>
    <trkpt lat="44.83656" lon="-107.37033">
      <ele>1542.777777778</ele>
    <time>2026-05-14T15:22:40Z</time></trkpt>
    <trkpt lat="44.83653" lon="-107.37012">
      <ele>1539.803418824</ele>
    <time>2026-05-14T15:22:48Z</time></trkpt>
    <trkpt lat="44.83648" lon="-107.36999">
      <ele>1537.222222222</ele>
    <time>2026-05-14T15:22:53Z</time></trkpt>
    <trkpt lat="44.8365" lon="-107.36982">
      <ele>1534.614961455</ele>
    <time>2026-05-14T15:23:00Z</time></trkpt>
    <trkpt lat="44.83651" lon="-107.36961">
      <ele>1531.686507936</ele>
    <time>2026-05-14T15:23:07Z</time></trkpt>
    <trkpt lat="44.83648" lon="-107.36947">
      <ele>1530.550314479</ele>
    <time>2026-05-14T15:23:12Z</time></trkpt>
    <trkpt lat="44.83649" lon="-107.36922">
      <ele>1528.390804778</ele>
    <time>2026-05-14T15:23:21Z</time></trkpt>
    <trkpt lat="44.83647" lon="-107.36926">
      <ele>1530.0</ele>
    <time>2026-05-14T15:23:23Z</time></trkpt>
    <trkpt lat="44.83645" lon="-107.36907">
      <ele>1522.726550218</ele>
    <time>2026-05-14T15:23:30Z</time></trkpt>
    <trkpt lat="44.83645" lon="-107.36888">
      <ele>1520.784313719</ele>
    <time>2026-05-14T15:23:37Z</time></trkpt>
    <trkpt lat="44.83654" lon="-107.36873">
      <ele>1520.319561158</ele>
    <time>2026-05-14T15:23:44Z</time></trkpt>
    <trkpt lat="44.83666" lon="-107.36869">
      <ele>1520.099206349</ele>
    <time>2026-05-14T15:23:50Z</time></trkpt>
    <trkpt lat="44.83678" lon="-107.36874">
      <ele>1518.639649923</ele>
    <time>2026-05-14T15:23:56Z</time></trkpt>
    <trkpt lat="44.83694" lon="-107.36884">
      <ele>1516.220349552</ele>
    <time>2026-05-14T15:24:05Z</time></trkpt>
    <trkpt lat="44.83704" lon="-107.36897">
      <ele>1512.286585342</ele>
    <time>2026-05-14T15:24:12Z</time></trkpt>
    <trkpt lat="44.83717" lon="-107.36905">
      <ele>1510.061274506</ele>
    <time>2026-05-14T15:24:19Z</time></trkpt>
    <trkpt lat="44.83731" lon="-107.36913">
      <ele>1508.611111111</ele>
    <time>2026-05-14T15:24:27Z</time></trkpt>
    <trkpt lat="44.8374" lon="-107.36912">
      <ele>1506.305555555</ele>
    <time>2026-05-14T15:24:31Z</time></trkpt>
    <trkpt lat="44.83754" lon="-107.36905">
      <ele>1501.49999998</ele>
    <time>2026-05-14T15:24:39Z</time></trkpt>
    <trkpt lat="44.83758" lon="-107.36893">
      <ele>1499.277777758</ele>
    <time>2026-05-14T15:24:43Z</time></trkpt>
    <trkpt lat="44.83763" lon="-107.36879">
      <ele>1497.04204203</ele>
    <time>2026-05-14T15:24:49Z</time></trkpt>
    <trkpt lat="44.83767" lon="-107.36862">
      <ele>1493.722222202</ele>
    <time>2026-05-14T15:24:55Z</time></trkpt>
    <trkpt lat="44.83771" lon="-107.36846">
      <ele>1492.777777778</ele>
    <time>2026-05-14T15:25:01Z</time></trkpt>
    <trkpt lat="44.83784" lon="-107.36833">
      <ele>1488.424407999</ele>
    <time>2026-05-14T15:25:09Z</time></trkpt>
    <trkpt lat="44.83795" lon="-107.36816">
      <ele>1483.233858823</ele>
    <time>2026-05-14T15:25:18Z</time></trkpt>
    <trkpt lat="44.83799" lon="-107.36802">
      <ele>1480.044934634</ele>
    <time>2026-05-14T15:25:23Z</time></trkpt>
    <trkpt lat="44.83804" lon="-107.36788">
      <ele>1477.00722982</ele>
    <time>2026-05-14T15:25:29Z</time></trkpt>
    <trkpt lat="44.83812" lon="-107.36768">
      <ele>1472.055555534</ele>
    <time>2026-05-14T15:25:37Z</time></trkpt>
    <trkpt lat="44.83818" lon="-107.36758">
      <ele>1470.142973838</ele>
    <time>2026-05-14T15:25:42Z</time></trkpt>
    <trkpt lat="44.8383" lon="-107.3675">
      <ele>1468.016666664</ele>
    <time>2026-05-14T15:25:48Z</time></trkpt>
    <trkpt lat="44.83842" lon="-107.36741">
      <ele>1466.022222216</ele>
    <time>2026-05-14T15:25:55Z</time></trkpt>
    <trkpt lat="44.83856" lon="-107.36732">
      <ele>1462.013888887</ele>
    <time>2026-05-14T15:26:03Z</time></trkpt>
    <trkpt lat="44.83872" lon="-107.36724">
      <ele>1460.381944441</ele>
    <time>2026-05-14T15:26:11Z</time></trkpt>
    <trkpt lat="44.83887" lon="-107.36709">
      <ele>1460.0</ele>
    <time>2026-05-14T15:28:21Z</time></trkpt>
    <trkpt lat="44.83896" lon="-107.36703">
      <ele>1460.0</ele>
    <time>2026-05-14T15:28:26Z</time></trkpt>
    <trkpt lat="44.83905" lon="-107.36708">
      <ele>1460.0</ele>
    <time>2026-05-14T15:28:31Z</time></trkpt>
    <trkpt lat="44.83914" lon="-107.36708">
      <ele>1460.0</ele>
    <time>2026-05-14T15:28:35Z</time></trkpt>
    <trkpt lat="44.83924" lon="-107.36707">
      <ele>1460.0</ele>
    <time>2026-05-14T15:28:40Z</time></trkpt>
    <trkpt lat="44.83933" lon="-107.36702">
      <ele>1460.0</ele>
    <time>2026-05-14T15:28:45Z</time></trkpt>
    <trkpt lat="44.83944" lon="-107.36682">
      <ele>1460.0</ele>
    <time>2026-05-14T15:28:54Z</time></trkpt>
    <trkpt lat="44.83955" lon="-107.36671">
      <ele>1460.0</ele>
    <time>2026-05-14T15:29:01Z</time></trkpt>
    <trkpt lat="44.83966" lon="-107.36658">
      <ele>1460.0</ele>
    <time>2026-05-14T15:29:08Z</time></trkpt>
    <trkpt lat="44.83973" lon="-107.36646">
      <ele>1460.0</ele>
    <time>2026-05-14T15:29:14Z</time></trkpt>
    <trkpt lat="44.83981" lon="-107.36623">
      <ele>1460.0</ele>
    <time>2026-05-14T15:29:23Z</time></trkpt>
    <trkpt lat="44.83991" lon="-107.36603">
      <ele>1460.0</ele>
    <time>2026-05-14T15:29:32Z</time></trkpt>
    <trkpt lat="44.84001" lon="-107.36595">
      <ele>1460.0</ele>
    <time>2026-05-14T15:29:37Z</time></trkpt>
    <trkpt lat="44.84004" lon="-107.36581">
      <ele>1459.938725485</ele>
    <time>2026-05-14T15:29:43Z</time></trkpt>
    <trkpt lat="44.84" lon="-107.36565">
      <ele>1459.294871809</ele>
    <time>2026-05-14T15:29:49Z</time></trkpt>
    <trkpt lat="44.84001" lon="-107.36549">
      <ele>1458.194444444</ele>
    <time>2026-05-14T15:29:54Z</time></trkpt>
    <trkpt lat="44.83999" lon="-107.36529">
      <ele>1454.733333377</ele>
    <time>2026-05-14T15:30:02Z</time></trkpt>
    <trkpt lat="44.84" lon="-107.36513">
      <ele>1452.355610545</ele>
    <time>2026-05-14T15:30:07Z</time></trkpt>
    <trkpt lat="44.84004" lon="-107.36491">
      <ele>1450.534313712</ele>
    <time>2026-05-14T15:30:15Z</time></trkpt>
    <trkpt lat="44.84003" lon="-107.36471">
      <ele>1449.861111111</ele>
    <time>2026-05-14T15:30:23Z</time></trkpt>
    <trkpt lat="44.8401" lon="-107.36455">
      <ele>1449.216666654</ele>
    <time>2026-05-14T15:30:29Z</time></trkpt>
    <trkpt lat="44.84014" lon="-107.36438">
      <ele>1447.980769217</ele>
    <time>2026-05-14T15:30:36Z</time></trkpt>
    <trkpt lat="44.84013" lon="-107.36412">
      <ele>1442.668918933</ele>
    <time>2026-05-14T15:30:45Z</time></trkpt>
    <trkpt lat="44.84011" lon="-107.36397">
      <ele>1442.083333333</ele>
    <time>2026-05-14T15:30:50Z</time></trkpt>
    <trkpt lat="44.84014" lon="-107.36381">
      <ele>1440.833333333</ele>
    <time>2026-05-14T15:30:56Z</time></trkpt>
    <trkpt lat="44.84017" lon="-107.36361">
      <ele>1440.0</ele>
    <time>2026-05-14T15:31:04Z</time></trkpt>
    <trkpt lat="44.84021" lon="-107.36343">
      <ele>1440.0</ele>
    <time>2026-05-14T15:31:10Z</time></trkpt>
    <trkpt lat="44.8402" lon="-107.36326">
      <ele>1440.0</ele>
    <time>2026-05-14T15:31:16Z</time></trkpt>
    <trkpt lat="44.84016" lon="-107.36309">
      <ele>1440.0</ele>
    <time>2026-05-14T15:31:23Z</time></trkpt>
    <trkpt lat="44.84017" lon="-107.36294">
      <ele>1440.0</ele>
    <time>2026-05-14T15:31:28Z</time></trkpt>
    <trkpt lat="44.84028" lon="-107.36273">
      <ele>1440.0</ele>
    <time>2026-05-14T15:31:38Z</time></trkpt>
    <trkpt lat="44.84037" lon="-107.36259">
      <ele>1440.0</ele>
    <time>2026-05-14T15:31:44Z</time></trkpt>
    <trkpt lat="44.8404" lon="-107.36246">
      <ele>1439.872222221</ele>
    <time>2026-05-14T15:31:49Z</time></trkpt>
    <trkpt lat="44.8404" lon="-107.36232">
      <ele>1439.583333333</ele>
    <time>2026-05-14T15:31:54Z</time></trkpt>
    <trkpt lat="44.84052" lon="-107.36224">
      <ele>1438.113738721</ele>
    <time>2026-05-14T15:32:01Z</time></trkpt>
    <trkpt lat="44.84059" lon="-107.36206">
      <ele>1434.501915624</ele>
    <time>2026-05-14T15:32:08Z</time></trkpt>
    <trkpt lat="44.84067" lon="-107.36186">
      <ele>1431.603665484</ele>
    <time>2026-05-14T15:32:16Z</time></trkpt>
    <trkpt lat="44.84071" lon="-107.36167">
      <ele>1430.555555556</ele>
    <time>2026-05-14T15:32:24Z</time></trkpt>
    <trkpt lat="44.84076" lon="-107.36146">
      <ele>1431.707516352</ele>
    <time>2026-05-14T15:32:31Z</time></trkpt>
    <trkpt lat="44.84081" lon="-107.36127">
      <ele>1434.905660435</ele>
    <time>2026-05-14T15:32:39Z</time></trkpt>
    <trkpt lat="44.84083" lon="-107.36105">
      <ele>1436.144986447</ele>
    <time>2026-05-14T15:32:47Z</time></trkpt>
    <trkpt lat="44.84088" lon="-107.36089">
      <ele>1438.148572894</ele>
    <time>2026-05-14T15:32:53Z</time></trkpt>
    <trkpt lat="44.84093" lon="-107.36076">
      <ele>1438.573059366</ele>
    <time>2026-05-14T15:32:58Z</time></trkpt>
    <trkpt lat="44.84096" lon="-107.36057">
      <ele>1437.158408397</ele>
    <time>2026-05-14T15:33:05Z</time></trkpt>
    <trkpt lat="44.84105" lon="-107.36039">
      <ele>1437.361111087</ele>
    <time>2026-05-14T15:33:13Z</time></trkpt>
    <trkpt lat="44.84111" lon="-107.36024">
      <ele>1435.866265716</ele>
    <time>2026-05-14T15:33:19Z</time></trkpt>
    <trkpt lat="44.84115" lon="-107.36012">
      <ele>1432.986111089</ele>
    <time>2026-05-14T15:33:24Z</time></trkpt>
    <trkpt lat="44.8412" lon="-107.35994">
      <ele>1430.944444432</ele>
    <time>2026-05-14T15:33:31Z</time></trkpt>
    <trkpt lat="44.84125" lon="-107.35977">
      <ele>1430.164529909</ele>
    <time>2026-05-14T15:33:37Z</time></trkpt>
    <trkpt lat="44.8413" lon="-107.35964">
      <ele>1430.340563177</ele>
    <time>2026-05-14T15:33:43Z</time></trkpt>
    <trkpt lat="44.84134" lon="-107.35947">
      <ele>1431.290598309</ele>
    <time>2026-05-14T15:33:49Z</time></trkpt>
    <trkpt lat="44.84151" lon="-107.35928">
      <ele>1435.143790965</ele>
    <time>2026-05-14T15:34:00Z</time></trkpt>
    <trkpt lat="44.84162" lon="-107.35903">
      <ele>1440.372279534</ele>
    <time>2026-05-14T15:34:10Z</time></trkpt>
    <trkpt lat="44.84172" lon="-107.35884">
      <ele>1443.626834436</ele>
    <time>2026-05-14T15:34:19Z</time></trkpt>
    <trkpt lat="44.84181" lon="-107.35878">
      <ele>1446.454248381</ele>
    <time>2026-05-14T15:34:24Z</time></trkpt>
    <trkpt lat="44.84202" lon="-107.3588">
      <ele>1449.233333334</ele>
    <time>2026-05-14T15:34:35Z</time></trkpt>
    <trkpt lat="44.84214" lon="-107.35874">
      <ele>1449.916666669</ele>
    <time>2026-05-14T15:34:41Z</time></trkpt>
    <trkpt lat="44.84225" lon="-107.35862">
      <ele>1450.0</ele>
    <time>2026-05-14T15:34:48Z</time></trkpt>
    <trkpt lat="44.84244" lon="-107.35847">
      <ele>1447.563725457</ele>
    <time>2026-05-14T15:34:59Z</time></trkpt>
    <trkpt lat="44.84249" lon="-107.35833">
      <ele>1444.528158202</ele>
    <time>2026-05-14T15:35:05Z</time></trkpt>
    <trkpt lat="44.84263" lon="-107.35823">
      <ele>1442.916666667</ele>
    <time>2026-05-14T15:35:12Z</time></trkpt>
    <trkpt lat="44.84318" lon="-107.35798">
      <ele>1437.385057461</ele>
    <time>2026-05-14T15:35:42Z</time></trkpt>
    <trkpt lat="44.84337" lon="-107.3579">
      <ele>1432.3611111</ele>
    <time>2026-05-14T15:35:52Z</time></trkpt>
    <trkpt lat="44.84357" lon="-107.35775">
      <ele>1431.466666674</ele>
    <time>2026-05-14T15:36:03Z</time></trkpt>
    <trkpt lat="44.84364" lon="-107.35765">
      <ele>1432.652439052</ele>
    <time>2026-05-14T15:36:08Z</time></trkpt>
    <trkpt lat="44.84374" lon="-107.35752">
      <ele>1435.577777805</ele>
    <time>2026-05-14T15:36:15Z</time></trkpt>
    <trkpt lat="44.8438" lon="-107.35732">
      <ele>1436.527777778</ele>
    <time>2026-05-14T15:36:23Z</time></trkpt>
    <trkpt lat="44.84381" lon="-107.35708">
      <ele>1435.694444444</ele>
    <time>2026-05-14T15:36:31Z</time></trkpt>
    <trkpt lat="44.84381" lon="-107.35694">
      <ele>1432.916666667</ele>
    <time>2026-05-14T15:36:36Z</time></trkpt>
    <trkpt lat="44.84383" lon="-107.3568">
      <ele>1431.388888889</ele>
    <time>2026-05-14T15:36:41Z</time></trkpt>
    <trkpt lat="44.84387" lon="-107.35667">
      <ele>1430.416666667</ele>
    <time>2026-05-14T15:36:46Z</time></trkpt>
    <trkpt lat="44.84385" lon="-107.3567">
      <ele>1430.138888889</ele>
    <time>2026-05-14T15:36:48Z</time></trkpt>
    <trkpt lat="44.84389" lon="-107.35658">
      <ele>1426.287004838</ele>
    <time>2026-05-14T15:36:53Z</time></trkpt>
    <trkpt lat="44.84395" lon="-107.35633">
      <ele>1425.694444444</ele>
    <time>2026-05-14T15:37:02Z</time></trkpt>
    <trkpt lat="44.84403" lon="-107.3561">
      <ele>1420.111111111</ele>
    <time>2026-05-14T15:37:11Z</time></trkpt>
    <trkpt lat="44.84407" lon="-107.35599">
      <ele>1418.916666667</ele>
    <time>2026-05-14T15:37:16Z</time></trkpt>
    <trkpt lat="44.84416" lon="-107.35571">
      <ele>1413.118055547</ele>
    <time>2026-05-14T15:37:27Z</time></trkpt>
    <trkpt lat="44.84422" lon="-107.35552">
      <ele>1411.417427696</ele>
    <time>2026-05-14T15:37:34Z</time></trkpt>
    <trkpt lat="44.84429" lon="-107.35532">
      <ele>1410.296296292</ele>
    <time>2026-05-14T15:37:42Z</time></trkpt>
    <trkpt lat="44.84437" lon="-107.35514">
      <ele>1409.722222222</ele>
    <time>2026-05-14T15:37:50Z</time></trkpt>
    <trkpt lat="44.84443" lon="-107.35493">
      <ele>1408.611111111</ele>
    <time>2026-05-14T15:37:58Z</time></trkpt>
    <trkpt lat="44.84447" lon="-107.35472">
      <ele>1407.083333333</ele>
    <time>2026-05-14T15:38:05Z</time></trkpt>
    <trkpt lat="44.84451" lon="-107.35448">
      <ele>1403.472222222</ele>
    <time>2026-05-14T15:38:14Z</time></trkpt>
    <trkpt lat="44.84452" lon="-107.35435">
      <ele>1402.083333333</ele>
    <time>2026-05-14T15:38:19Z</time></trkpt>
    <trkpt lat="44.8445" lon="-107.3542">
      <ele>1400.694444444</ele>
    <time>2026-05-14T15:38:24Z</time></trkpt>
    <trkpt lat="44.84452" lon="-107.35397">
      <ele>1397.916666667</ele>
    <time>2026-05-14T15:38:33Z</time></trkpt>
    <trkpt lat="44.84451" lon="-107.35384">
      <ele>1396.527777778</ele>
    <time>2026-05-14T15:38:37Z</time></trkpt>
    <trkpt lat="44.84451" lon="-107.35365">
      <ele>1392.916666667</ele>
    <time>2026-05-14T15:38:44Z</time></trkpt>
    <trkpt lat="44.84451" lon="-107.35345">
      <ele>1391.388888889</ele>
    <time>2026-05-14T15:38:51Z</time></trkpt>
    <trkpt lat="44.84465" lon="-107.35327">
      <ele>1390.416666667</ele>
    <time>2026-05-14T15:39:01Z</time></trkpt>
    <trkpt lat="44.84475" lon="-107.35322">
      <ele>1390.138888889</ele>
    <time>2026-05-14T15:39:06Z</time></trkpt>
    <trkpt lat="44.84489" lon="-107.35295">
      <ele>1388.666666655</ele>
    <time>2026-05-14T15:39:18Z</time></trkpt>
    <trkpt lat="44.84496" lon="-107.35276">
      <ele>1387.174657518</ele>
    <time>2026-05-14T15:39:26Z</time></trkpt>
    <trkpt lat="44.84507" lon="-107.35253">
      <ele>1384.02981025</ele>
    <time>2026-05-14T15:39:36Z</time></trkpt>
    <trkpt lat="44.84512" lon="-107.35241">
      <ele>1382.856673218</ele>
    <time>2026-05-14T15:39:41Z</time></trkpt>
    <trkpt lat="44.8452" lon="-107.35224">
      <ele>1380.68965515</ele>
    <time>2026-05-14T15:39:48Z</time></trkpt>
    <trkpt lat="44.84528" lon="-107.35215">
      <ele>1379.513409944</ele>
    <time>2026-05-14T15:39:53Z</time></trkpt>
    <trkpt lat="44.84534" lon="-107.35204">
      <ele>1378.411181859</ele>
    <time>2026-05-14T15:39:58Z</time></trkpt>
    <trkpt lat="44.84545" lon="-107.35187">
      <ele>1376.210986245</ele>
    <time>2026-05-14T15:40:06Z</time></trkpt>
    <trkpt lat="44.84554" lon="-107.35178">
      <ele>1374.012345649</ele>
    <time>2026-05-14T15:40:12Z</time></trkpt>
    <trkpt lat="44.84568" lon="-107.35167">
      <ele>1372.218468454</ele>
    <time>2026-05-14T15:40:20Z</time></trkpt>
    <trkpt lat="44.84582" lon="-107.35157">
      <ele>1370.975975963</ele>
    <time>2026-05-14T15:40:28Z</time></trkpt>
    <trkpt lat="44.84594" lon="-107.35155">
      <ele>1370.489864864</ele>
    <time>2026-05-14T15:40:34Z</time></trkpt>
    <trkpt lat="44.84608" lon="-107.35147">
      <ele>1369.711538453</ele>
    <time>2026-05-14T15:40:41Z</time></trkpt>
    <trkpt lat="44.84619" lon="-107.35139">
      <ele>1369.234234223</ele>
    <time>2026-05-14T15:40:48Z</time></trkpt>
    <trkpt lat="44.84628" lon="-107.35128">
      <ele>1368.690869064</ele>
    <time>2026-05-14T15:40:54Z</time></trkpt>
    <trkpt lat="44.84635" lon="-107.35118">
      <ele>1368.028523461</ele>
    <time>2026-05-14T15:40:59Z</time></trkpt>
    <trkpt lat="44.84646" lon="-107.35105">
      <ele>1366.499999966</ele>
    <time>2026-05-14T15:41:06Z</time></trkpt>
    <trkpt lat="44.84654" lon="-107.35098">
      <ele>1364.498524989</ele>
    <time>2026-05-14T15:41:11Z</time></trkpt>
    <trkpt lat="44.8466" lon="-107.35083">
      <ele>1363.039591273</ele>
    <time>2026-05-14T15:41:17Z</time></trkpt>
    <trkpt lat="44.84667" lon="-107.35072">
      <ele>1362.240196036</ele>
    <time>2026-05-14T15:41:22Z</time></trkpt>
    <trkpt lat="44.84674" lon="-107.35056">
      <ele>1361.055555532</ele>
    <time>2026-05-14T15:41:29Z</time></trkpt>
    <trkpt lat="44.84682" lon="-107.35046">
      <ele>1360.523373959</ele>
    <time>2026-05-14T15:41:34Z</time></trkpt>
    <trkpt lat="44.84697" lon="-107.35036">
      <ele>1360.061936933</ele>
    <time>2026-05-14T15:41:43Z</time></trkpt>
    <trkpt lat="44.84701" lon="-107.35016">
      <ele>1360.0</ele>
    <time>2026-05-14T15:41:50Z</time></trkpt>
    <trkpt lat="44.84708" lon="-107.34995">
      <ele>1360.0</ele>
    <time>2026-05-14T15:41:58Z</time></trkpt>
    <trkpt lat="44.84722" lon="-107.34972">
      <ele>1360.0</ele>
    <time>2026-05-14T15:42:09Z</time></trkpt>
    <trkpt lat="44.84735" lon="-107.34956">
      <ele>1360.0</ele>
    <time>2026-05-14T15:42:18Z</time></trkpt>
    <trkpt lat="44.84743" lon="-107.34948">
      <ele>1360.0</ele>
    <time>2026-05-14T15:42:23Z</time></trkpt>
    <trkpt lat="44.84756" lon="-107.34931">
      <ele>1359.891025635</ele>
    <time>2026-05-14T15:42:32Z</time></trkpt>
    <trkpt lat="44.84767" lon="-107.34921">
      <ele>1359.638637494</ele>
    <time>2026-05-14T15:42:38Z</time></trkpt>
    <trkpt lat="44.84789" lon="-107.3491">
      <ele>1358.287037027</ele>
    <time>2026-05-14T15:42:50Z</time></trkpt>
    <trkpt lat="44.84799" lon="-107.34906">
      <ele>1357.370689643</ele>
    <time>2026-05-14T15:42:55Z</time></trkpt>
    <trkpt lat="44.8481" lon="-107.34904">
      <ele>1356.45333333</ele>
    <time>2026-05-14T15:43:01Z</time></trkpt>
    <trkpt lat="44.8482" lon="-107.34894">
      <ele>1354.33333323</ele>
    <time>2026-05-14T15:43:07Z</time></trkpt>
    <trkpt lat="44.8483" lon="-107.34884">
      <ele>1353.111111066</ele>
    <time>2026-05-14T15:43:13Z</time></trkpt>
    <trkpt lat="44.84841" lon="-107.34869">
      <ele>1351.642267233</ele>
    <time>2026-05-14T15:43:21Z</time></trkpt>
    <trkpt lat="44.84854" lon="-107.34862">
      <ele>1350.702614372</ele>
    <time>2026-05-14T15:43:28Z</time></trkpt>
    <trkpt lat="44.84864" lon="-107.34855">
      <ele>1349.923564482</ele>
    <time>2026-05-14T15:43:34Z</time></trkpt>
    <trkpt lat="44.84873" lon="-107.3484">
      <ele>1348.907407383</ele>
    <time>2026-05-14T15:43:41Z</time></trkpt>
    <trkpt lat="44.84878" lon="-107.34817">
      <ele>1347.269999976</ele>
    <time>2026-05-14T15:43:49Z</time></trkpt>
    <trkpt lat="44.84884" lon="-107.34795">
      <ele>1344.418803327</ele>
    <time>2026-05-14T15:43:58Z</time></trkpt>
    <trkpt lat="44.84889" lon="-107.34775">
      <ele>1342.318627424</ele>
    <time>2026-05-14T15:44:05Z</time></trkpt>
    <trkpt lat="44.84895" lon="-107.34757">
      <ele>1341.082375453</ele>
    <time>2026-05-14T15:44:12Z</time></trkpt>
    <trkpt lat="44.84897" lon="-107.34741">
      <ele>1340.480769222</ele>
    <time>2026-05-14T15:44:18Z</time></trkpt>
    <trkpt lat="44.84902" lon="-107.34722">
      <ele>1340.277777778</ele>
    <time>2026-05-14T15:44:25Z</time></trkpt>
    <trkpt lat="44.84909" lon="-107.34696">
      <ele>1340.52904565</ele>
    <time>2026-05-14T15:44:35Z</time></trkpt>
    <trkpt lat="44.84922" lon="-107.34676">
      <ele>1340.79248367</ele>
    <time>2026-05-14T15:44:45Z</time></trkpt>
    <trkpt lat="44.84929" lon="-107.34662">
      <ele>1341.047619067</ele>
    <time>2026-05-14T15:44:51Z</time></trkpt>
    <trkpt lat="44.84937" lon="-107.3465">
      <ele>1342.227564213</ele>
    <time>2026-05-14T15:44:57Z</time></trkpt>
    <trkpt lat="44.84937" lon="-107.34633">
      <ele>1341.903594771</ele>
    <time>2026-05-14T15:45:03Z</time></trkpt>
    <trkpt lat="44.84937" lon="-107.34617">
      <ele>1342.170138889</ele>
    <time>2026-05-14T15:45:09Z</time></trkpt>
    <trkpt lat="44.84942" lon="-107.34602">
      <ele>1342.666666698</ele>
    <time>2026-05-14T15:45:15Z</time></trkpt>
    <trkpt lat="44.8495" lon="-107.34583">
      <ele>1344.055555593</ele>
    <time>2026-05-14T15:45:23Z</time></trkpt>
    <trkpt lat="44.84957" lon="-107.34565">
      <ele>1346.89176249</ele>
    <time>2026-05-14T15:45:30Z</time></trkpt>
    <trkpt lat="44.84961" lon="-107.34549">
      <ele>1347.804330094</ele>
    <time>2026-05-14T15:45:36Z</time></trkpt>
    <trkpt lat="44.84963" lon="-107.34536">
      <ele>1348.482658977</ele>
    <time>2026-05-14T15:45:41Z</time></trkpt>
    <trkpt lat="44.84967" lon="-107.34512">
      <ele>1349.138513517</ele>
    <time>2026-05-14T15:45:49Z</time></trkpt>
    <trkpt lat="44.84973" lon="-107.34485">
      <ele>1348.664707224</ele>
    <time>2026-05-14T15:46:00Z</time></trkpt>
    <trkpt lat="44.84978" lon="-107.34464">
      <ele>1347.161764695</ele>
    <time>2026-05-14T15:46:07Z</time></trkpt>
    <trkpt lat="44.84981" lon="-107.34447">
      <ele>1346.016964941</ele>
    <time>2026-05-14T15:46:14Z</time></trkpt>
    <trkpt lat="44.84979" lon="-107.34433">
      <ele>1343.428554107</ele>
    <time>2026-05-14T15:46:19Z</time></trkpt>
    <trkpt lat="44.84977" lon="-107.34418">
      <ele>1341.73515983</ele>
    <time>2026-05-14T15:46:24Z</time></trkpt>
    <trkpt lat="44.84958" lon="-107.34412">
      <ele>1339.682267894</ele>
    <time>2026-05-14T15:46:34Z</time></trkpt>
    <trkpt lat="44.84945" lon="-107.34407">
      <ele>1337.743055581</ele>
    <time>2026-05-14T15:46:41Z</time></trkpt>
    <trkpt lat="44.84933" lon="-107.34403">
      <ele>1336.435185212</ele>
    <time>2026-05-14T15:46:47Z</time></trkpt>
    <trkpt lat="44.84927" lon="-107.34391">
      <ele>1336.527777778</ele>
    <time>2026-05-14T15:46:52Z</time></trkpt>
    <trkpt lat="44.84929" lon="-107.34373">
      <ele>1336.645494583</ele>
    <time>2026-05-14T15:46:59Z</time></trkpt>
    <trkpt lat="44.84929" lon="-107.34353">
      <ele>1334.397058875</ele>
    <time>2026-05-14T15:47:06Z</time></trkpt>
    <trkpt lat="44.84912" lon="-107.3434">
      <ele>1330.583333414</ele>
    <time>2026-05-14T15:47:16Z</time></trkpt>
    <trkpt lat="44.849" lon="-107.34325">
      <ele>1326.736111121</ele>
    <time>2026-05-14T15:47:24Z</time></trkpt>
    <trkpt lat="44.84879" lon="-107.3432">
      <ele>1325.039954371</ele>
    <time>2026-05-14T15:47:35Z</time></trkpt>
    <trkpt lat="44.84873" lon="-107.34304">
      <ele>1325.138888889</ele>
    <time>2026-05-14T15:47:41Z</time></trkpt>
    <trkpt lat="44.84877" lon="-107.34286">
      <ele>1324.206349206</ele>
    <time>2026-05-14T15:47:48Z</time></trkpt>
    <trkpt lat="44.84883" lon="-107.34272">
      <ele>1326.631005992</ele>
    <time>2026-05-14T15:47:54Z</time></trkpt>
    <trkpt lat="44.84879" lon="-107.34254">
      <ele>1328.263888854</ele>
    <time>2026-05-14T15:48:00Z</time></trkpt>
    <trkpt lat="44.84863" lon="-107.34236">
      <ele>1328.73931624</ele>
    <time>2026-05-14T15:48:11Z</time></trkpt>
    <trkpt lat="44.84861" lon="-107.34237">
      <ele>1329.166666667</ele>
    <time>2026-05-14T15:48:12Z</time></trkpt>
    <trkpt lat="44.84854" lon="-107.34225">
      <ele>1328.148692886</ele>
    <time>2026-05-14T15:48:17Z</time></trkpt>
    <trkpt lat="44.84841" lon="-107.34216">
      <ele>1327.046645703</ele>
    <time>2026-05-14T15:48:25Z</time></trkpt>
    <trkpt lat="44.84826" lon="-107.34212">
      <ele>1323.263305342</ele>
    <time>2026-05-14T15:48:32Z</time></trkpt>
    <trkpt lat="44.8482" lon="-107.34202">
      <ele>1322.332162379</ele>
    <time>2026-05-14T15:48:37Z</time></trkpt>
    <trkpt lat="44.84807" lon="-107.3419">
      <ele>1321.343351554</ele>
    <time>2026-05-14T15:48:45Z</time></trkpt>
    <trkpt lat="44.8479" lon="-107.34176">
      <ele>1319.95370371</ele>
    <time>2026-05-14T15:48:55Z</time></trkpt>
    <trkpt lat="44.8478" lon="-107.34167">
      <ele>1319.569672133</ele>
    <time>2026-05-14T15:49:01Z</time></trkpt>
    <trkpt lat="44.8477" lon="-107.34158">
      <ele>1319.444444444</ele>
    <time>2026-05-14T15:49:07Z</time></trkpt>
    <trkpt lat="44.8476" lon="-107.34152">
      <ele>1319.444444444</ele>
    <time>2026-05-14T15:49:12Z</time></trkpt>
    <trkpt lat="44.84748" lon="-107.34145">
      <ele>1318.208895309</ele>
    <time>2026-05-14T15:49:19Z</time></trkpt>
    <trkpt lat="44.84746" lon="-107.34132">
      <ele>1319.451388887</ele>
    <time>2026-05-14T15:49:23Z</time></trkpt>
    <trkpt lat="44.84739" lon="-107.34117">
      <ele>1319.858952172</ele>
    <time>2026-05-14T15:49:30Z</time></trkpt>
    <trkpt lat="44.84732" lon="-107.34105">
      <ele>1320.981481486</ele>
    <time>2026-05-14T15:49:35Z</time></trkpt>
    <trkpt lat="44.84723" lon="-107.34102">
      <ele>1320.162473794</ele>
    <time>2026-05-14T15:49:40Z</time></trkpt>
    <trkpt lat="44.84708" lon="-107.34097">
      <ele>1319.628739275</ele>
    <time>2026-05-14T15:49:48Z</time></trkpt>
    <trkpt lat="44.84703" lon="-107.34071">
      <ele>1321.887966829</ele>
    <time>2026-05-14T15:49:57Z</time></trkpt>
    <trkpt lat="44.84707" lon="-107.34056">
      <ele>1323.72863247</ele>
    <time>2026-05-14T15:50:03Z</time></trkpt>
    <trkpt lat="44.84693" lon="-107.34049">
      <ele>1324.07582581</ele>
    <time>2026-05-14T15:50:11Z</time></trkpt>
    <trkpt lat="44.84685" lon="-107.34038">
      <ele>1325.154914526</ele>
    <time>2026-05-14T15:50:16Z</time></trkpt>
    <trkpt lat="44.84682" lon="-107.34023">
      <ele>1325.138888889</ele>
    <time>2026-05-14T15:50:22Z</time></trkpt>
    <trkpt lat="44.84685" lon="-107.34009">
      <ele>1328.715447163</ele>
    <time>2026-05-14T15:50:27Z</time></trkpt>
    <trkpt lat="44.84694" lon="-107.33991">
      <ele>1330.794444455</ele>
    <time>2026-05-14T15:50:35Z</time></trkpt>
    <trkpt lat="44.84709" lon="-107.33971">
      <ele>1333.527218507</ele>
    <time>2026-05-14T15:50:45Z</time></trkpt>
    <trkpt lat="44.84699" lon="-107.33964">
      <ele>1332.354166669</ele>
    <time>2026-05-14T15:50:51Z</time></trkpt>
    <trkpt lat="44.84695" lon="-107.33952">
      <ele>1332.361111111</ele>
    <time>2026-05-14T15:50:56Z</time></trkpt>
    <trkpt lat="44.84706" lon="-107.33937">
      <ele>1331.274999994</ele>
    <time>2026-05-14T15:51:03Z</time></trkpt>
    <trkpt lat="44.84709" lon="-107.33922">
      <ele>1330.70156695</ele>
    <time>2026-05-14T15:51:09Z</time></trkpt>
    <trkpt lat="44.84719" lon="-107.33903">
      <ele>1329.225427339</ele>
    <time>2026-05-14T15:51:17Z</time></trkpt>
    <trkpt lat="44.84722" lon="-107.33885">
      <ele>1327.379807675</ele>
    <time>2026-05-14T15:51:24Z</time></trkpt>
    <trkpt lat="44.84726" lon="-107.33867">
      <ele>1324.497549083</ele>
    <time>2026-05-14T15:51:31Z</time></trkpt>
    <trkpt lat="44.8472" lon="-107.33857">
      <ele>1321.460396024</ele>
    <time>2026-05-14T15:51:35Z</time></trkpt>
    <trkpt lat="44.84724" lon="-107.33825">
      <ele>1313.218482869</ele>
    <time>2026-05-14T15:51:47Z</time></trkpt>
    <trkpt lat="44.84727" lon="-107.33808">
      <ele>1307.957241002</ele>
    <time>2026-05-14T15:51:53Z</time></trkpt>
    <trkpt lat="44.84719" lon="-107.33795">
      <ele>1305.555555556</ele>
    <time>2026-05-14T15:51:59Z</time></trkpt>
    <trkpt lat="44.84715" lon="-107.33777">
      <ele>1299.861111111</ele>
    <time>2026-05-14T15:52:06Z</time></trkpt>
    <trkpt lat="44.84707" lon="-107.33763">
      <ele>1295.393518515</ele>
    <time>2026-05-14T15:52:13Z</time></trkpt>
    <trkpt lat="44.84724" lon="-107.33745">
      <ele>1296.53921569</ele>
    <time>2026-05-14T15:52:23Z</time></trkpt>
    <trkpt lat="44.84731" lon="-107.33734">
      <ele>1296.527777778</ele>
    <time>2026-05-14T15:52:29Z</time></trkpt>
    <trkpt lat="44.8473" lon="-107.33719">
      <ele>1298.050024582</ele>
    <time>2026-05-14T15:52:34Z</time></trkpt>
    <trkpt lat="44.84725" lon="-107.33707">
      <ele>1296.572978318</ele>
    <time>2026-05-14T15:52:39Z</time></trkpt>
    <trkpt lat="44.8472" lon="-107.33694">
      <ele>1295.715922115</ele>
    <time>2026-05-14T15:52:44Z</time></trkpt>
    <trkpt lat="44.84703" lon="-107.33693">
      <ele>1292.219471948</ele>
    <time>2026-05-14T15:52:53Z</time></trkpt>
    <trkpt lat="44.84699" lon="-107.33675">
      <ele>1289.767156887</ele>
    <time>2026-05-14T15:53:00Z</time></trkpt>
    <trkpt lat="44.84692" lon="-107.3366">
      <ele>1286.398148172</ele>
    <time>2026-05-14T15:53:06Z</time></trkpt>
    <trkpt lat="44.84675" lon="-107.33649">
      <ele>1286.222222199</ele>
    <time>2026-05-14T15:53:15Z</time></trkpt>
    <trkpt lat="44.84665" lon="-107.3364">
      <ele>1287.166666663</ele>
    <time>2026-05-14T15:53:21Z</time></trkpt>
    <trkpt lat="44.84664" lon="-107.33626">
      <ele>1287.249999964</ele>
    <time>2026-05-14T15:53:26Z</time></trkpt>
    <trkpt lat="44.84669" lon="-107.33611">
      <ele>1286.267361115</ele>
    <time>2026-05-14T15:53:32Z</time></trkpt>
    <trkpt lat="44.84673" lon="-107.33599">
      <ele>1286.641697927</ele>
    <time>2026-05-14T15:53:37Z</time></trkpt>
    <trkpt lat="44.84683" lon="-107.33581">
      <ele>1287.638888889</ele>
    <time>2026-05-14T15:53:45Z</time></trkpt>
    <trkpt lat="44.84678" lon="-107.33571">
      <ele>1288.611111111</ele>
    <time>2026-05-14T15:53:50Z</time></trkpt>
    <trkpt lat="44.84663" lon="-107.33564">
      <ele>1284.937500006</ele>
    <time>2026-05-14T15:53:58Z</time></trkpt>
    <trkpt lat="44.84655" lon="-107.33556">
      <ele>1284.921617166</ele>
    <time>2026-05-14T15:54:03Z</time></trkpt>
    <trkpt lat="44.84658" lon="-107.33526">
      <ele>1287.242268105</ele>
    <time>2026-05-14T15:54:13Z</time></trkpt>
    <trkpt lat="44.84665" lon="-107.33508">
      <ele>1290.833333391</ele>
    <time>2026-05-14T15:54:21Z</time></trkpt>
    <trkpt lat="44.84676" lon="-107.33484">
      <ele>1297.444444445</ele>
    <time>2026-05-14T15:54:31Z</time></trkpt>
    <trkpt lat="44.84661" lon="-107.33481">
      <ele>1296.916666684</ele>
    <time>2026-05-14T15:54:39Z</time></trkpt>
    <trkpt lat="44.84668" lon="-107.33462">
      <ele>1298.696581223</ele>
    <time>2026-05-14T15:54:46Z</time></trkpt>
    <trkpt lat="44.84671" lon="-107.33442">
      <ele>1297.277777832</ele>
    <time>2026-05-14T15:54:53Z</time></trkpt>
    <trkpt lat="44.84651" lon="-107.33432">
      <ele>1290.340587565</ele>
    <time>2026-05-14T15:55:04Z</time></trkpt>
    <trkpt lat="44.84645" lon="-107.33421">
      <ele>1287.751419317</ele>
    <time>2026-05-14T15:55:09Z</time></trkpt>
    <trkpt lat="44.84634" lon="-107.33417">
      <ele>1286.511111133</ele>
    <time>2026-05-14T15:55:15Z</time></trkpt>
    <trkpt lat="44.84632" lon="-107.33403">
      <ele>1285.63105892</ele>
    <time>2026-05-14T15:55:20Z</time></trkpt>
    <trkpt lat="44.84622" lon="-107.33396">
      <ele>1285.509259259</ele>
    <time>2026-05-14T15:55:26Z</time></trkpt>
    <trkpt lat="44.84613" lon="-107.33396">
      <ele>1286.129629621</ele>
    <time>2026-05-14T15:55:30Z</time></trkpt>
    <trkpt lat="44.84604" lon="-107.33393">
      <ele>1287.515923511</ele>
    <time>2026-05-14T15:55:35Z</time></trkpt>
    <trkpt lat="44.84593" lon="-107.33387">
      <ele>1290.110153239</ele>
    <time>2026-05-14T15:55:41Z</time></trkpt>
    <trkpt lat="44.84578" lon="-107.3338">
      <ele>1293.81111111</ele>
    <time>2026-05-14T15:55:49Z</time></trkpt>
    <trkpt lat="44.8456" lon="-107.33382">
      <ele>1295.608108076</ele>
    <time>2026-05-14T15:55:58Z</time></trkpt>
    <trkpt lat="44.84562" lon="-107.3337">
      <ele>1294.02002255</ele>
    <time>2026-05-14T15:56:02Z</time></trkpt>
    <trkpt lat="44.84563" lon="-107.33356">
      <ele>1294.166666667</ele>
    <time>2026-05-14T15:56:07Z</time></trkpt>
    <trkpt lat="44.8457" lon="-107.33333">
      <ele>1290.277777778</ele>
    <time>2026-05-14T15:56:16Z</time></trkpt>
    <trkpt lat="44.84582" lon="-107.33309">
      <ele>1281.045940262</ele>
    <time>2026-05-14T15:56:27Z</time></trkpt>
    <trkpt lat="44.84575" lon="-107.333">
      <ele>1279.508196758</ele>
    <time>2026-05-14T15:56:31Z</time></trkpt>
    <trkpt lat="44.84563" lon="-107.3329">
      <ele>1277.915106142</ele>
    <time>2026-05-14T15:56:38Z</time></trkpt>
    <trkpt lat="44.8456" lon="-107.33277">
      <ele>1277.209316597</ele>
    <time>2026-05-14T15:56:43Z</time></trkpt>
    <trkpt lat="44.84561" lon="-107.33262">
      <ele>1275.972222222</ele>
    <time>2026-05-14T15:56:49Z</time></trkpt>
    <trkpt lat="44.84568" lon="-107.3323">
      <ele>1278.318206829</ele>
    <time>2026-05-14T15:57:01Z</time></trkpt>
    <trkpt lat="44.84571" lon="-107.3321">
      <ele>1278.888888889</ele>
    <time>2026-05-14T15:57:08Z</time></trkpt>
    <trkpt lat="44.84577" lon="-107.332">
      <ele>1279.583333333</ele>
    <time>2026-05-14T15:57:13Z</time></trkpt>
    <trkpt lat="44.84588" lon="-107.3319">
      <ele>1282.809007241</ele>
    <time>2026-05-14T15:57:19Z</time></trkpt>
    <trkpt lat="44.84593" lon="-107.33178">
      <ele>1282.899305517</ele>
    <time>2026-05-14T15:57:24Z</time></trkpt>
    <trkpt lat="44.84597" lon="-107.33166">
      <ele>1281.766367</ele>
    <time>2026-05-14T15:57:29Z</time></trkpt>
    <trkpt lat="44.84593" lon="-107.33151">
      <ele>1281.805555556</ele>
    <time>2026-05-14T15:57:35Z</time></trkpt>
    <trkpt lat="44.846" lon="-107.33144">
      <ele>1281.527777778</ele>
    <time>2026-05-14T15:57:39Z</time></trkpt>
    <trkpt lat="44.8461" lon="-107.33138">
      <ele>1281.25</ele>
    <time>2026-05-14T15:57:44Z</time></trkpt>
    <trkpt lat="44.84619" lon="-107.33129">
      <ele>1280.972222222</ele>
    <time>2026-05-14T15:57:50Z</time></trkpt>
    <trkpt lat="44.84633" lon="-107.33114">
      <ele>1280.555555556</ele>
    <time>2026-05-14T16:04:59Z</time></trkpt>
    <trkpt lat="44.84644" lon="-107.33099">
      <ele>1280.833333333</ele>
    <time>2026-05-14T16:05:07Z</time></trkpt>
    <trkpt lat="44.84656" lon="-107.3309">
      <ele>1283.078703727</ele>
    <time>2026-05-14T16:05:13Z</time></trkpt>
    <trkpt lat="44.84671" lon="-107.33073">
      <ele>1286.354166698</ele>
    <time>2026-05-14T16:05:23Z</time></trkpt>
    <trkpt lat="44.84685" lon="-107.3306">
      <ele>1288.044871804</ele>
    <time>2026-05-14T16:05:32Z</time></trkpt>
    <trkpt lat="44.84697" lon="-107.33052">
      <ele>1288.611111111</ele>
    <time>2026-05-14T16:05:38Z</time></trkpt>
    <trkpt lat="44.84712" lon="-107.33038">
      <ele>1289.385143559</ele>
    <time>2026-05-14T16:05:47Z</time></trkpt>
    <trkpt lat="44.84727" lon="-107.33013">
      <ele>1287.88888889</ele>
    <time>2026-05-14T16:05:59Z</time></trkpt>
    <trkpt lat="44.84711" lon="-107.33015">
      <ele>1285.815934106</ele>
    <time>2026-05-14T16:06:07Z</time></trkpt>
    <trkpt lat="44.84698" lon="-107.33008">
      <ele>1284.424603175</ele>
    <time>2026-05-14T16:06:14Z</time></trkpt>
    <trkpt lat="44.84708" lon="-107.32999">
      <ele>1283.089384371</ele>
    <time>2026-05-14T16:06:20Z</time></trkpt>
    <trkpt lat="44.84718" lon="-107.32987">
      <ele>1283.571428572</ele>
    <time>2026-05-14T16:06:27Z</time></trkpt>
    <trkpt lat="44.84703" lon="-107.32988">
      <ele>1281.055555553</ele>
    <time>2026-05-14T16:06:34Z</time></trkpt>
    <trkpt lat="44.84696" lon="-107.32985">
      <ele>1280.972222222</ele>
    <time>2026-05-14T16:06:38Z</time></trkpt>
    <trkpt lat="44.84704" lon="-107.32977">
      <ele>1281.467851112</ele>
    <time>2026-05-14T16:06:43Z</time></trkpt>
    <trkpt lat="44.8472" lon="-107.32964">
      <ele>1284.159388647</ele>
    <time>2026-05-14T16:06:52Z</time></trkpt>
    <trkpt lat="44.84718" lon="-107.32949">
      <ele>1284.166666667</ele>
    <time>2026-05-14T16:06:58Z</time></trkpt>
    <trkpt lat="44.84705" lon="-107.32954">
      <ele>1280.633333338</ele>
    <time>2026-05-14T16:07:04Z</time></trkpt>
    <trkpt lat="44.84695" lon="-107.3296">
      <ele>1279.558823543</ele>
    <time>2026-05-14T16:07:10Z</time></trkpt>
    <trkpt lat="44.84683" lon="-107.3296">
      <ele>1277.403594777</ele>
    <time>2026-05-14T16:07:16Z</time></trkpt>
    <trkpt lat="44.84694" lon="-107.3295">
      <ele>1277.638888889</ele>
    <time>2026-05-14T16:07:23Z</time></trkpt>
    <trkpt lat="44.84662" lon="-107.32948">
      <ele>1274.737654321</ele>
    <time>2026-05-14T16:07:39Z</time></trkpt>
    <trkpt lat="44.84647" lon="-107.32953">
      <ele>1276.750524102</ele>
    <time>2026-05-14T16:07:46Z</time></trkpt>
    <trkpt lat="44.84632" lon="-107.32958">
      <ele>1280.718954241</ele>
    <time>2026-05-14T16:07:54Z</time></trkpt>
    <trkpt lat="44.84608" lon="-107.32963">
      <ele>1285.261437901</ele>
    <time>2026-05-14T16:08:06Z</time></trkpt>
    <trkpt lat="44.8461" lon="-107.32947">
      <ele>1283.703703657</ele>
    <time>2026-05-14T16:08:12Z</time></trkpt>
    <trkpt lat="44.84631" lon="-107.32927">
      <ele>1276.589346976</ele>
    <time>2026-05-14T16:08:25Z</time></trkpt>
    <trkpt lat="44.84638" lon="-107.32909">
      <ele>1275.416666667</ele>
    <time>2026-05-14T16:08:32Z</time></trkpt>
    <trkpt lat="44.84622" lon="-107.32903">
      <ele>1270.730593619</ele>
    <time>2026-05-14T16:08:41Z</time></trkpt>
    <trkpt lat="44.84619" lon="-107.32891">
      <ele>1270.416666667</ele>
    <time>2026-05-14T16:08:45Z</time></trkpt>
    <trkpt lat="44.84606" lon="-107.32891">
      <ele>1267.861111111</ele>
    <time>2026-05-14T16:08:52Z</time></trkpt>
    <trkpt lat="44.84603" lon="-107.32876">
      <ele>1267.361111111</ele>
    <time>2026-05-14T16:08:57Z</time></trkpt>
    <trkpt lat="44.84583" lon="-107.3287">
      <ele>1263.534482762</ele>
    <time>2026-05-14T16:09:08Z</time></trkpt>
    <trkpt lat="44.84566" lon="-107.32872">
      <ele>1263.877314774</ele>
    <time>2026-05-14T16:09:16Z</time></trkpt>
    <trkpt lat="44.84592" lon="-107.32847">
      <ele>1264.861111111</ele>
    <time>2026-05-14T16:09:32Z</time></trkpt>
    <trkpt lat="44.84575" lon="-107.32837">
      <ele>1268.959731576</ele>
    <time>2026-05-14T16:09:41Z</time></trkpt>
    <trkpt lat="44.84582" lon="-107.32827">
      <ele>1268.75</ele>
    <time>2026-05-14T16:09:46Z</time></trkpt>
    <trkpt lat="44.84571" lon="-107.32829">
      <ele>1269.810060153</ele>
    <time>2026-05-14T16:09:52Z</time></trkpt>
    <trkpt lat="44.84579" lon="-107.32818">
      <ele>1269.305555556</ele>
    <time>2026-05-14T16:09:58Z</time></trkpt>
    <trkpt lat="44.84549" lon="-107.32827">
      <ele>1266.747903568</ele>
    <time>2026-05-14T16:10:13Z</time></trkpt>
    <trkpt lat="44.84526" lon="-107.32833">
      <ele>1264.354575162</ele>
    <time>2026-05-14T16:10:25Z</time></trkpt>
    <trkpt lat="44.84514" lon="-107.32833">
      <ele>1265.555555556</ele>
    <time>2026-05-14T16:10:31Z</time></trkpt>
    <trkpt lat="44.84488" lon="-107.32838">
      <ele>1274.875555546</ele>
    <time>2026-05-14T16:10:44Z</time></trkpt>
    <trkpt lat="44.8447" lon="-107.3284">
      <ele>1282.115209471</ele>
    <time>2026-05-14T16:10:53Z</time></trkpt>
    <trkpt lat="44.84466" lon="-107.32827">
      <ele>1285.439939909</ele>
    <time>2026-05-14T16:10:58Z</time></trkpt>
    <trkpt lat="44.84449" lon="-107.32816">
      <ele>1285.972222222</ele>
    <time>2026-05-14T16:11:08Z</time></trkpt>
    <trkpt lat="44.84465" lon="-107.32796">
      <ele>1283.333333333</ele>
    <time>2026-05-14T16:11:19Z</time></trkpt>
    <trkpt lat="44.84455" lon="-107.32782">
      <ele>1281.388888889</ele>
    <time>2026-05-14T16:11:26Z</time></trkpt>
    <trkpt lat="44.84453" lon="-107.32769">
      <ele>1272.488544932</ele>
    <time>2026-05-14T16:11:30Z</time></trkpt>
    <trkpt lat="44.84458" lon="-107.32756">
      <ele>1269.655858816</ele>
    <time>2026-05-14T16:11:36Z</time></trkpt>
    <trkpt lat="44.8446" lon="-107.32739">
      <ele>1266.088888811</ele>
    <time>2026-05-14T16:11:42Z</time></trkpt>
    <trkpt lat="44.84464" lon="-107.32717">
      <ele>1263.315972222</ele>
    <time>2026-05-14T16:11:50Z</time></trkpt>
    <trkpt lat="44.84464" lon="-107.32701">
      <ele>1263.472222222</ele>
    <time>2026-05-14T16:11:56Z</time></trkpt>
    <trkpt lat="44.84459" lon="-107.32685">
      <ele>1260.445555542</ele>
    <time>2026-05-14T16:12:02Z</time></trkpt>
    <trkpt lat="44.84465" lon="-107.32658">
      <ele>1260.0</ele>
    <time>2026-05-14T16:12:12Z</time></trkpt>
    <trkpt lat="44.8447" lon="-107.32641">
      <ele>1260.0</ele>
    <time>2026-05-14T16:12:19Z</time></trkpt>
    <trkpt lat="44.84473" lon="-107.32629">
      <ele>1260.0</ele>
    <time>2026-05-14T16:12:23Z</time></trkpt>
    <trkpt lat="44.84492" lon="-107.32605">
      <ele>1260.0</ele>
    <time>2026-05-14T16:12:36Z</time></trkpt>
    <trkpt lat="44.84495" lon="-107.32588">
      <ele>1260.138888889</ele>
    <time>2026-05-14T16:12:42Z</time></trkpt>
    <trkpt lat="44.84506" lon="-107.3257">
      <ele>1260.322484514</ele>
    <time>2026-05-14T16:12:51Z</time></trkpt>
    <trkpt lat="44.84514" lon="-107.32557">
      <ele>1260.555555556</ele>
    <time>2026-05-14T16:12:57Z</time></trkpt>
    <trkpt lat="44.84521" lon="-107.32547">
      <ele>1260.694444444</ele>
    <time>2026-05-14T16:13:02Z</time></trkpt>
    <trkpt lat="44.84544" lon="-107.32523">
      <ele>1262.543260466</ele>
    <time>2026-05-14T16:13:16Z</time></trkpt>
    <trkpt lat="44.84545" lon="-107.32504">
      <ele>1261.868464064</ele>
    <time>2026-05-14T16:13:23Z</time></trkpt>
    <trkpt lat="44.84552" lon="-107.32493">
      <ele>1261.986493381</ele>
    <time>2026-05-14T16:13:28Z</time></trkpt>
    <trkpt lat="44.84557" lon="-107.32476">
      <ele>1263.472222222</ele>
    <time>2026-05-14T16:13:35Z</time></trkpt>
    <trkpt lat="44.84567" lon="-107.3247">
      <ele>1263.447777775</ele>
    <time>2026-05-14T16:13:40Z</time></trkpt>
    <trkpt lat="44.8457" lon="-107.32453">
      <ele>1261.721457683</ele>
    <time>2026-05-14T16:13:47Z</time></trkpt>
    <trkpt lat="44.84576" lon="-107.32431">
      <ele>1261.527777778</ele>
    <time>2026-05-14T16:13:55Z</time></trkpt>
    <trkpt lat="44.84575" lon="-107.32407">
      <ele>1260.972222222</ele>
    <time>2026-05-14T16:14:04Z</time></trkpt>
    <trkpt lat="44.84574" lon="-107.32387">
      <ele>1260.176151764</ele>
    <time>2026-05-14T16:14:11Z</time></trkpt>
    <trkpt lat="44.84572" lon="-107.3237">
      <ele>1260.0</ele>
    <time>2026-05-14T16:14:17Z</time></trkpt>
    <trkpt lat="44.84576" lon="-107.32343">
      <ele>1260.0</ele>
    <time>2026-05-14T16:14:27Z</time></trkpt>
    <trkpt lat="44.84573" lon="-107.32325">
      <ele>1260.0</ele>
    <time>2026-05-14T16:14:33Z</time></trkpt>
    <trkpt lat="44.84571" lon="-107.32302">
      <ele>1260.0</ele>
    <time>2026-05-14T16:14:42Z</time></trkpt>
    <trkpt lat="44.84568" lon="-107.32287">
      <ele>1259.889601145</ele>
    <time>2026-05-14T16:14:47Z</time></trkpt>
    <trkpt lat="44.84566" lon="-107.32275">
      <ele>1259.647147155</ele>
    <time>2026-05-14T16:14:52Z</time></trkpt>
    <trkpt lat="44.84563" lon="-107.32262">
      <ele>1259.274344588</ele>
    <time>2026-05-14T16:14:57Z</time></trkpt>
    <trkpt lat="44.84559" lon="-107.3225">
      <ele>1258.805555592</ele>
    <time>2026-05-14T16:15:01Z</time></trkpt>
    <trkpt lat="44.8455" lon="-107.32243">
      <ele>1259.166666667</ele>
    <time>2026-05-14T16:15:07Z</time></trkpt>
    <trkpt lat="44.8454" lon="-107.32239">
      <ele>1258.611111111</ele>
    <time>2026-05-14T16:15:12Z</time></trkpt>
    <trkpt lat="44.84531" lon="-107.32228">
      <ele>1256.640539135</ele>
    <time>2026-05-14T16:15:18Z</time></trkpt>
    <trkpt lat="44.84523" lon="-107.32206">
      <ele>1253.330867927</ele>
    <time>2026-05-14T16:15:27Z</time></trkpt>
    <trkpt lat="44.84515" lon="-107.32192">
      <ele>1252.154088068</ele>
    <time>2026-05-14T16:15:33Z</time></trkpt>
    <trkpt lat="44.84514" lon="-107.32178">
      <ele>1250.9461365</ele>
    <time>2026-05-14T16:15:38Z</time></trkpt>
    <trkpt lat="44.84504" lon="-107.32159">
      <ele>1250.833333333</ele>
    <time>2026-05-14T16:15:46Z</time></trkpt>
    <trkpt lat="44.84496" lon="-107.32133">
      <ele>1250.0</ele>
    <time>2026-05-14T16:15:57Z</time></trkpt>
    <trkpt lat="44.84494" lon="-107.32105">
      <ele>1250.0</ele>
    <time>2026-05-14T16:16:07Z</time></trkpt>
    <trkpt lat="44.84494" lon="-107.32078">
      <ele>1250.0</ele>
    <time>2026-05-14T16:16:16Z</time></trkpt>
    <trkpt lat="44.84497" lon="-107.3205">
      <ele>1250.0</ele>
    <time>2026-05-14T16:16:26Z</time></trkpt>
    <trkpt lat="44.845" lon="-107.32017">
      <ele>1250.0</ele>
    <time>2026-05-14T16:16:38Z</time></trkpt>
    <trkpt lat="44.84503" lon="-107.31991">
      <ele>1250.0</ele>
    <time>2026-05-14T16:16:48Z</time></trkpt>
    <trkpt lat="44.84509" lon="-107.31963">
      <ele>1250.0</ele>
    <time>2026-05-14T16:16:58Z</time></trkpt>
    <trkpt lat="44.84518" lon="-107.31943">
      <ele>1250.0</ele>
    <time>2026-05-14T16:17:07Z</time></trkpt>
    <trkpt lat="44.84529" lon="-107.31918">
      <ele>1250.0</ele>
    <time>2026-05-14T16:17:17Z</time></trkpt>
    <trkpt lat="44.8454" lon="-107.31895">
      <ele>1250.0</ele>
    <time>2026-05-14T16:17:27Z</time></trkpt>
    <trkpt lat="44.84554" lon="-107.31873">
      <ele>1250.0</ele>
    <time>2026-05-14T16:17:38Z</time></trkpt>
    <trkpt lat="44.84568" lon="-107.31855">
      <ele>1250.0</ele>
    <time>2026-05-14T16:17:47Z</time></trkpt>
    <trkpt lat="44.84581" lon="-107.31834">
      <ele>1250.0</ele>
    <time>2026-05-14T16:17:57Z</time></trkpt>
    <trkpt lat="44.84579" lon="-107.31833">
      <ele>1250.0</ele>
    <time>2026-05-14T16:17:58Z</time></trkpt>
    <trkpt lat="44.84591" lon="-107.31818">
      <ele>1250.0</ele>
    <time>2026-05-14T16:18:06Z</time></trkpt>
    <trkpt lat="44.84601" lon="-107.31799">
      <ele>1250.0</ele>
    <time>2026-05-14T16:18:15Z</time></trkpt>
    <trkpt lat="44.84613" lon="-107.31782">
      <ele>1250.0</ele>
    <time>2026-05-14T16:18:23Z</time></trkpt>
    <trkpt lat="44.84623" lon="-107.3177">
      <ele>1250.0</ele>
    <time>2026-05-14T16:18:30Z</time></trkpt>
    <trkpt lat="44.84635" lon="-107.31751">
      <ele>1250.0</ele>
    <time>2026-05-14T16:18:39Z</time></trkpt>
    <trkpt lat="44.84644" lon="-107.31739">
      <ele>1250.0</ele>
    <time>2026-05-14T16:18:45Z</time></trkpt>
    <trkpt lat="44.84657" lon="-107.3172">
      <ele>1250.0</ele>
    <time>2026-05-14T16:18:55Z</time></trkpt>
    <trkpt lat="44.84668" lon="-107.31699">
      <ele>1250.0</ele>
    <time>2026-05-14T16:19:04Z</time></trkpt>
    <trkpt lat="44.8468" lon="-107.3168">
      <ele>1250.0</ele>
    <time>2026-05-14T16:19:13Z</time></trkpt>
    <trkpt lat="44.84686" lon="-107.31659">
      <ele>1250.0</ele>
    <time>2026-05-14T16:19:21Z</time></trkpt>
    <trkpt lat="44.84692" lon="-107.31642">
      <ele>1250.0</ele>
    <time>2026-05-14T16:19:28Z</time></trkpt>
    <trkpt lat="44.84694" lon="-107.31626">
      <ele>1250.0</ele>
    <time>2026-05-14T16:19:34Z</time></trkpt>
    <trkpt lat="44.84696" lon="-107.31605">
      <ele>1250.0</ele>
    <time>2026-05-14T16:19:41Z</time></trkpt>
    <trkpt lat="44.84701" lon="-107.31581">
      <ele>1250.0</ele>
    <time>2026-05-14T16:19:50Z</time></trkpt>
    <trkpt lat="44.84702" lon="-107.31565">
      <ele>1250.0</ele>
    <time>2026-05-14T16:19:56Z</time></trkpt>
    <trkpt lat="44.84706" lon="-107.31541">
      <ele>1250.0</ele>
    <time>2026-05-14T16:20:05Z</time></trkpt>
    <trkpt lat="44.84711" lon="-107.31519">
      <ele>1250.0</ele>
    <time>2026-05-14T16:20:13Z</time></trkpt>
    <trkpt lat="44.8471" lon="-107.31497">
      <ele>1250.0</ele>
    <time>2026-05-14T16:20:21Z</time></trkpt>
    <trkpt lat="44.84712" lon="-107.31479">
      <ele>1249.821428571</ele>
    <time>2026-05-14T16:20:27Z</time></trkpt>
    <trkpt lat="44.84713" lon="-107.31457">
      <ele>1249.166666667</ele>
    <time>2026-05-14T16:20:35Z</time></trkpt>
    <trkpt lat="44.84715" lon="-107.31429">
      <ele>1244.166666667</ele>
    <time>2026-05-14T16:20:45Z</time></trkpt>
    <trkpt lat="44.84717" lon="-107.31411">
      <ele>1242.083333333</ele>
    <time>2026-05-14T16:20:52Z</time></trkpt>
    <trkpt lat="44.84719" lon="-107.31388">
      <ele>1240.482673263</ele>
    <time>2026-05-14T16:21:00Z</time></trkpt>
    <trkpt lat="44.84722" lon="-107.31363">
      <ele>1240.0</ele>
    <time>2026-05-14T16:21:09Z</time></trkpt>
    <trkpt lat="44.84726" lon="-107.31345">
      <ele>1240.0</ele>
    <time>2026-05-14T16:21:16Z</time></trkpt>
    <trkpt lat="44.84734" lon="-107.31317">
      <ele>1240.121049952</ele>
    <time>2026-05-14T16:21:27Z</time></trkpt>
    <trkpt lat="44.84741" lon="-107.31293">
      <ele>1241.319444462</ele>
    <time>2026-05-14T16:21:36Z</time></trkpt>
    <trkpt lat="44.84747" lon="-107.3127">
      <ele>1243.418803427</ele>
    <time>2026-05-14T16:21:45Z</time></trkpt>
    <trkpt lat="44.84751" lon="-107.31253">
      <ele>1245.659188042</ele>
    <time>2026-05-14T16:21:51Z</time></trkpt>
    <trkpt lat="44.84755" lon="-107.31238">
      <ele>1245.833333333</ele>
    <time>2026-05-14T16:21:57Z</time></trkpt>
    <trkpt lat="44.84755" lon="-107.31223">
      <ele>1245.277777778</ele>
    <time>2026-05-14T16:22:02Z</time></trkpt>
    <trkpt lat="44.84759" lon="-107.31207">
      <ele>1242.777777778</ele>
    <time>2026-05-14T16:22:08Z</time></trkpt>
    <trkpt lat="44.84763" lon="-107.31188">
      <ele>1240.952777776</ele>
    <time>2026-05-14T16:22:15Z</time></trkpt>
    <trkpt lat="44.84766" lon="-107.31161">
      <ele>1241.933333334</ele>
    <time>2026-05-14T16:22:25Z</time></trkpt>
    <trkpt lat="44.8477" lon="-107.3114">
      <ele>1244.761904762</ele>
    <time>2026-05-14T16:22:33Z</time></trkpt>
    <trkpt lat="44.84771" lon="-107.31112">
      <ele>1244.722222222</ele>
    <time>2026-05-14T16:22:43Z</time></trkpt>
    <trkpt lat="44.84771" lon="-107.31088">
      <ele>1241.439393939</ele>
    <time>2026-05-14T16:22:52Z</time></trkpt>
    <trkpt lat="44.8477" lon="-107.31068">
      <ele>1240.218253968</ele>
    <time>2026-05-14T16:22:59Z</time></trkpt>
    <trkpt lat="44.84773" lon="-107.31044">
      <ele>1240.0</ele>
    <time>2026-05-14T16:23:07Z</time></trkpt>
    <trkpt lat="44.84774" lon="-107.31026">
      <ele>1240.0</ele>
    <time>2026-05-14T16:23:14Z</time></trkpt>
    <trkpt lat="44.84775" lon="-107.31005">
      <ele>1240.0</ele>
    <time>2026-05-14T16:23:21Z</time></trkpt>
    <trkpt lat="44.84777" lon="-107.30989">
      <ele>1240.0</ele>
    <time>2026-05-14T16:23:27Z</time></trkpt>
    <trkpt lat="44.84779" lon="-107.3097">
      <ele>1240.0</ele>
    <time>2026-05-14T16:23:34Z</time></trkpt>
    <trkpt lat="44.84778" lon="-107.3095">
      <ele>1240.0</ele>
    <time>2026-05-14T16:23:41Z</time></trkpt>
    <trkpt lat="44.84778" lon="-107.30933">
      <ele>1240.0</ele>
    <time>2026-05-14T16:23:47Z</time></trkpt>
    <trkpt lat="44.84779" lon="-107.30916">
      <ele>1240.0</ele>
    <time>2026-05-14T16:23:53Z</time></trkpt>
    <trkpt lat="44.84779" lon="-107.30894">
      <ele>1240.0</ele>
    <time>2026-05-14T16:24:01Z</time></trkpt>
    <trkpt lat="44.84775" lon="-107.30866">
      <ele>1240.0</ele>
    <time>2026-05-14T16:24:11Z</time></trkpt>
    <trkpt lat="44.84772" lon="-107.3084">
      <ele>1239.962267185</ele>
    <time>2026-05-14T16:24:21Z</time></trkpt>
    <trkpt lat="44.84768" lon="-107.30807">
      <ele>1238.608333341</ele>
    <time>2026-05-14T16:24:33Z</time></trkpt>
    <trkpt lat="44.84763" lon="-107.30787">
      <ele>1236.458333397</ele>
    <time>2026-05-14T16:24:40Z</time></trkpt>
    <trkpt lat="44.84764" lon="-107.30764">
      <ele>1235.178571428</ele>
    <time>2026-05-14T16:24:49Z</time></trkpt>
    <trkpt lat="44.8476" lon="-107.3074">
      <ele>1232.855555571</ele>
    <time>2026-05-14T16:24:57Z</time></trkpt>
    <trkpt lat="44.84758" lon="-107.30721">
      <ele>1232.083333333</ele>
    <time>2026-05-14T16:25:04Z</time></trkpt>
    <trkpt lat="44.8476" lon="-107.30695">
      <ele>1230.41091954</ele>
    <time>2026-05-14T16:25:14Z</time></trkpt>
    <trkpt lat="44.84766" lon="-107.30665">
      <ele>1230.0</ele>
    <time>2026-05-14T16:25:25Z</time></trkpt>
    <trkpt lat="44.84772" lon="-107.30642">
      <ele>1230.0</ele>
    <time>2026-05-14T16:25:33Z</time></trkpt>
    <trkpt lat="44.84779" lon="-107.30617">
      <ele>1230.0</ele>
    <time>2026-05-14T16:25:43Z</time></trkpt>
    <trkpt lat="44.84791" lon="-107.30598">
      <ele>1230.0</ele>
    <time>2026-05-14T16:25:52Z</time></trkpt>
    <trkpt lat="44.84806" lon="-107.30583">
      <ele>1230.0</ele>
    <time>2026-05-14T16:26:01Z</time></trkpt>
    <trkpt lat="44.84819" lon="-107.30571">
      <ele>1230.0</ele>
    <time>2026-05-14T16:26:09Z</time></trkpt>
    <trkpt lat="44.84835" lon="-107.30555">
      <ele>1230.0</ele>
    <time>2026-05-14T16:26:19Z</time></trkpt>
    <trkpt lat="44.84851" lon="-107.30539">
      <ele>1230.0</ele>
    <time>2026-05-14T16:26:29Z</time></trkpt>
    <trkpt lat="44.84864" lon="-107.30529">
      <ele>1230.0</ele>
    <time>2026-05-14T16:26:36Z</time></trkpt>
    <trkpt lat="44.84877" lon="-107.30518">
      <ele>1230.0</ele>
    <time>2026-05-14T16:26:44Z</time></trkpt>
    <trkpt lat="44.84887" lon="-107.30507">
      <ele>1230.0</ele>
    <time>2026-05-14T16:26:51Z</time></trkpt>
    <trkpt lat="44.84903" lon="-107.30493">
      <ele>1230.0</ele>
    <time>2026-05-14T16:27:00Z</time></trkpt>
    <trkpt lat="44.84918" lon="-107.30477">
      <ele>1230.0</ele>
    <time>2026-05-14T16:27:09Z</time></trkpt>
    <trkpt lat="44.84929" lon="-107.30469">
      <ele>1230.0</ele>
    <time>2026-05-14T16:27:16Z</time></trkpt>
    <trkpt lat="44.84939" lon="-107.30461">
      <ele>1230.0</ele>
    <time>2026-05-14T16:27:22Z</time></trkpt>
    <trkpt lat="44.84951" lon="-107.30448">
      <ele>1230.0</ele>
    <time>2026-05-14T16:27:29Z</time></trkpt>
    <trkpt lat="44.84964" lon="-107.30435">
      <ele>1230.0</ele>
    <time>2026-05-14T16:27:37Z</time></trkpt>
    <trkpt lat="44.84974" lon="-107.30426">
      <ele>1230.0</ele>
    <time>2026-05-14T16:27:43Z</time></trkpt>
    <trkpt lat="44.84986" lon="-107.30415">
      <ele>1230.0</ele>
    <time>2026-05-14T16:27:50Z</time></trkpt>
    <trkpt lat="44.84997" lon="-107.30403">
      <ele>1230.0</ele>
    <time>2026-05-14T16:27:57Z</time></trkpt>
    <trkpt lat="44.85003" lon="-107.30391">
      <ele>1230.0</ele>
    <time>2026-05-14T16:28:03Z</time></trkpt>
    <trkpt lat="44.8501" lon="-107.30379">
      <ele>1230.0</ele>
    <time>2026-05-14T16:28:08Z</time></trkpt>
    <trkpt lat="44.85019" lon="-107.30369">
      <ele>1230.0</ele>
    <time>2026-05-14T16:28:14Z</time></trkpt>
    <trkpt lat="44.85028" lon="-107.30361">
      <ele>1230.0</ele>
    <time>2026-05-14T16:28:19Z</time></trkpt>
    <trkpt lat="44.85036" lon="-107.30351">
      <ele>1230.0</ele>
    <time>2026-05-14T16:28:25Z</time></trkpt>
    <trkpt lat="44.85045" lon="-107.30338">
      <ele>1230.0</ele>
    <time>2026-05-14T16:28:31Z</time></trkpt>
    <trkpt lat="44.85057" lon="-107.30323">
      <ele>1230.0</ele>
    <time>2026-05-14T16:28:39Z</time></trkpt>
    <trkpt lat="44.8507" lon="-107.30306">
      <ele>1230.0</ele>
    <time>2026-05-14T16:28:48Z</time></trkpt>
    <trkpt lat="44.85083" lon="-107.30289">
      <ele>1230.0</ele>
    <time>2026-05-14T16:28:57Z</time></trkpt>
    <trkpt lat="44.85097" lon="-107.30273">
      <ele>1230.0</ele>
    <time>2026-05-14T16:29:06Z</time></trkpt>
    <trkpt lat="44.8511" lon="-107.3026">
      <ele>1230.0</ele>
    <time>2026-05-14T16:29:14Z</time></trkpt>
    <trkpt lat="44.85121" lon="-107.30247">
      <ele>1230.0</ele>
    <time>2026-05-14T16:29:21Z</time></trkpt>
    <trkpt lat="44.85125" lon="-107.30251">
      <ele>1230.0</ele>
    <time>2026-05-14T16:29:24Z</time></trkpt>
    <trkpt lat="44.85138" lon="-107.30242">
      <ele>1230.0</ele>
    <time>2026-05-14T16:29:31Z</time></trkpt>
    <trkpt lat="44.85155" lon="-107.30232">
      <ele>1230.0</ele>
    <time>2026-05-14T16:29:40Z</time></trkpt>
    <trkpt lat="44.85174" lon="-107.30225">
      <ele>1230.0</ele>
    <time>2026-05-14T16:29:50Z</time></trkpt>
    <trkpt lat="44.85192" lon="-107.30217">
      <ele>1230.0</ele>
    <time>2026-05-14T16:30:00Z</time></trkpt>
    <trkpt lat="44.85211" lon="-107.30215">
      <ele>1230.0</ele>
    <time>2026-05-14T16:30:09Z</time></trkpt>
    <trkpt lat="44.85234" lon="-107.3022">
      <ele>1230.0</ele>
    <time>2026-05-14T16:30:21Z</time></trkpt>
    <trkpt lat="44.85249" lon="-107.30226">
      <ele>1230.0</ele>
    <time>2026-05-14T16:30:29Z</time></trkpt>
    <trkpt lat="44.8526" lon="-107.30234">
      <ele>1230.0</ele>
    <time>2026-05-14T16:30:35Z</time></trkpt>
    <trkpt lat="44.85269" lon="-107.30238">
      <ele>1230.0</ele>
    <time>2026-05-14T16:30:40Z</time></trkpt>
    <trkpt lat="44.85282" lon="-107.30241">
      <ele>1230.0</ele>
    <time>2026-05-14T16:30:47Z</time></trkpt>
    <trkpt lat="44.85292" lon="-107.30243">
      <ele>1230.0</ele>
    <time>2026-05-14T16:30:52Z</time></trkpt>
    <trkpt lat="44.85305" lon="-107.30243">
      <ele>1230.0</ele>
    <time>2026-05-14T16:30:58Z</time></trkpt>
    <trkpt lat="44.85319" lon="-107.3024">
      <ele>1230.0</ele>
    <time>2026-05-14T16:31:05Z</time></trkpt>
    <trkpt lat="44.85336" lon="-107.30237">
      <ele>1230.0</ele>
    <time>2026-05-14T16:31:14Z</time></trkpt>
    <trkpt lat="44.85354" lon="-107.30232">
      <ele>1230.0</ele>
    <time>2026-05-14T16:31:23Z</time></trkpt>
    <trkpt lat="44.85371" lon="-107.30225">
      <ele>1230.0</ele>
    <time>2026-05-14T16:31:32Z</time></trkpt>
    <trkpt lat="44.85396" lon="-107.30217">
      <ele>1230.0</ele>
    <time>2026-05-14T16:31:45Z</time></trkpt>
    <trkpt lat="44.85414" lon="-107.30214">
      <ele>1230.0</ele>
    <time>2026-05-14T16:31:54Z</time></trkpt>
    <trkpt lat="44.85439" lon="-107.30215">
      <ele>1230.0</ele>
    <time>2026-05-14T16:32:07Z</time></trkpt>
    <trkpt lat="44.85461" lon="-107.30216">
      <ele>1230.0</ele>
    <time>2026-05-14T16:32:18Z</time></trkpt>
    <trkpt lat="44.85483" lon="-107.30218">
      <ele>1230.0</ele>
    <time>2026-05-14T16:32:29Z</time></trkpt>
    <trkpt lat="44.85503" lon="-107.30219">
      <ele>1230.0</ele>
    <time>2026-05-14T16:32:39Z</time></trkpt>
    <trkpt lat="44.85528" lon="-107.30221">
      <ele>1230.0</ele>
    <time>2026-05-14T16:32:52Z</time></trkpt>
    <trkpt lat="44.85549" lon="-107.30221">
      <ele>1230.0</ele>
    <time>2026-05-14T16:33:02Z</time></trkpt>
    <trkpt lat="44.85569" lon="-107.30221">
      <ele>1230.0</ele>
    <time>2026-05-14T16:33:12Z</time></trkpt>
    <trkpt lat="44.85582" lon="-107.30222">
      <ele>1230.0</ele>
    <time>2026-05-14T16:33:19Z</time></trkpt>
    <trkpt lat="44.85594" lon="-107.30223">
      <ele>1230.0</ele>
    <time>2026-05-14T16:33:25Z</time></trkpt>
    <trkpt lat="44.85604" lon="-107.30223">
      <ele>1230.0</ele>
    <time>2026-05-14T16:33:30Z</time></trkpt>
    <trkpt lat="44.85614" lon="-107.30224">
      <ele>1230.0</ele>
    <time>2026-05-14T16:33:35Z</time></trkpt>
    <trkpt lat="44.85628" lon="-107.30224">
      <ele>1230.0</ele>
    <time>2026-05-14T16:33:42Z</time></trkpt>
    <trkpt lat="44.85646" lon="-107.30227">
      <ele>1230.0</ele>
    <time>2026-05-14T16:33:51Z</time></trkpt>
    <trkpt lat="44.85666" lon="-107.30229">
      <ele>1230.0</ele>
    <time>2026-05-14T16:34:01Z</time></trkpt>
    <trkpt lat="44.85688" lon="-107.30232">
      <ele>1230.0</ele>
    <time>2026-05-14T16:34:13Z</time></trkpt>
    <trkpt lat="44.85707" lon="-107.30236">
      <ele>1230.0</ele>
    <time>2026-05-14T16:34:22Z</time></trkpt>
    <trkpt lat="44.85731" lon="-107.30233">
      <ele>1230.0</ele>
    <time>2026-05-14T16:34:34Z</time></trkpt>
    <trkpt lat="44.85752" lon="-107.30229">
      <ele>1230.0</ele>
    <time>2026-05-14T16:34:45Z</time></trkpt>
    <trkpt lat="44.85775" lon="-107.30224">
      <ele>1230.0</ele>
    <time>2026-05-14T16:34:57Z</time></trkpt>
    <trkpt lat="44.85794" lon="-107.30218">
      <ele>1230.0</ele>
    <time>2026-05-14T16:35:07Z</time></trkpt>
    <trkpt lat="44.85812" lon="-107.30212">
      <ele>1230.0</ele>
    <time>2026-05-14T16:35:16Z</time></trkpt>
    <trkpt lat="44.85831" lon="-107.30206">
      <ele>1230.0</ele>
    <time>2026-05-14T16:35:26Z</time></trkpt>
    <trkpt lat="44.85846" lon="-107.302">
      <ele>1230.0</ele>
    <time>2026-05-14T16:35:34Z</time></trkpt>
    <trkpt lat="44.85861" lon="-107.30194">
      <ele>1230.0</ele>
    <time>2026-05-14T16:35:41Z</time></trkpt>
    <trkpt lat="44.85874" lon="-107.30186">
      <ele>1230.0</ele>
    <time>2026-05-14T16:35:49Z</time></trkpt>
    <trkpt lat="44.85883" lon="-107.30177">
      <ele>1230.0</ele>
    <time>2026-05-14T16:35:54Z</time></trkpt>
    <trkpt lat="44.85897" lon="-107.30163">
      <ele>1230.0</ele>
    <time>2026-05-14T16:36:03Z</time></trkpt>
    <trkpt lat="44.85909" lon="-107.30149">
      <ele>1230.0</ele>
    <time>2026-05-14T16:36:11Z</time></trkpt>
    <trkpt lat="44.85924" lon="-107.30132">
      <ele>1230.0</ele>
    <time>2026-05-14T16:36:20Z</time></trkpt>
    <trkpt lat="44.85945" lon="-107.30113">
      <ele>1230.0</ele>
    <time>2026-05-14T16:36:33Z</time></trkpt>
    <trkpt lat="44.85963" lon="-107.30101">
      <ele>1230.0</ele>
    <time>2026-05-14T16:36:43Z</time></trkpt>
    <trkpt lat="44.85981" lon="-107.30094">
      <ele>1230.0</ele>
    <time>2026-05-14T16:36:52Z</time></trkpt>
    <trkpt lat="44.85993" lon="-107.30092">
      <ele>1230.0</ele>
    <time>2026-05-14T16:36:58Z</time></trkpt>
    <trkpt lat="44.86011" lon="-107.30092">
      <ele>1230.0</ele>
    <time>2026-05-14T16:37:08Z</time></trkpt>
    <trkpt lat="44.86024" lon="-107.30094">
      <ele>1230.0</ele>
    <time>2026-05-14T16:37:14Z</time></trkpt>
    <trkpt lat="44.86043" lon="-107.30094">
      <ele>1230.0</ele>
    <time>2026-05-14T16:37:24Z</time></trkpt>
    <trkpt lat="44.86065" lon="-107.30089">
      <ele>1230.0</ele>
    <time>2026-05-14T16:37:35Z</time></trkpt>
    <trkpt lat="44.86087" lon="-107.30081">
      <ele>1230.0</ele>
    <time>2026-05-14T16:37:46Z</time></trkpt>
    <trkpt lat="44.86105" lon="-107.30071">
      <ele>1230.0</ele>
    <time>2026-05-14T16:37:56Z</time></trkpt>
    <trkpt lat="44.86122" lon="-107.30061">
      <ele>1230.0</ele>
    <time>2026-05-14T16:38:05Z</time></trkpt>
    <trkpt lat="44.8614" lon="-107.30051">
      <ele>1230.0</ele>
    <time>2026-05-14T16:38:15Z</time></trkpt>
    <trkpt lat="44.86154" lon="-107.30042">
      <ele>1230.0</ele>
    <time>2026-05-14T16:38:23Z</time></trkpt>
    <trkpt lat="44.86168" lon="-107.30033">
      <ele>1230.0</ele>
    <time>2026-05-14T16:38:31Z</time></trkpt>
    <trkpt lat="44.86185" lon="-107.30023">
      <ele>1230.0</ele>
    <time>2026-05-14T16:38:40Z</time></trkpt>
    <trkpt lat="44.86202" lon="-107.30013">
      <ele>1230.0</ele>
    <time>2026-05-14T16:38:49Z</time></trkpt>
    <trkpt lat="44.86216" lon="-107.30002">
      <ele>1230.285285294</ele>
    <time>2026-05-14T16:38:57Z</time></trkpt>
    <trkpt lat="44.8623" lon="-107.29987">
      <ele>1231.323529424</ele>
    <time>2026-05-14T16:39:06Z</time></trkpt>
    <trkpt lat="44.8624" lon="-107.29976">
      <ele>1231.388888889</ele>
    <time>2026-05-14T16:39:13Z</time></trkpt>
    <trkpt lat="44.8625" lon="-107.29964">
      <ele>1232.916666667</ele>
    <time>2026-05-14T16:39:19Z</time></trkpt>
    <trkpt lat="44.86264" lon="-107.29947">
      <ele>1237.083333333</ele>
    <time>2026-05-14T16:39:28Z</time></trkpt>
    <trkpt lat="44.86278" lon="-107.29929">
      <ele>1238.611111111</ele>
    <time>2026-05-14T16:39:38Z</time></trkpt>
    <trkpt lat="44.86291" lon="-107.29909">
      <ele>1239.444444444</ele>
    <time>2026-05-14T16:39:48Z</time></trkpt>
    <trkpt lat="44.86303" lon="-107.29888">
      <ele>1239.166666667</ele>
    <time>2026-05-14T16:39:57Z</time></trkpt>
    <trkpt lat="44.86318" lon="-107.2986">
      <ele>1237.083333333</ele>
    <time>2026-05-14T16:40:10Z</time></trkpt>
    <trkpt lat="44.86337" lon="-107.29835">
      <ele>1232.916666667</ele>
    <time>2026-05-14T16:40:23Z</time></trkpt>
    <trkpt lat="44.86352" lon="-107.2981">
      <ele>1230.454119842</ele>
    <time>2026-05-14T16:40:35Z</time></trkpt>
    <trkpt lat="44.86367" lon="-107.29786">
      <ele>1230.0</ele>
    <time>2026-05-14T16:40:46Z</time></trkpt>
    <trkpt lat="44.86366" lon="-107.29785">
      <ele>1230.0</ele>
    <time>2026-05-14T16:40:47Z</time></trkpt>
    <trkpt lat="44.86379" lon="-107.29761">
      <ele>1230.0</ele>
    <time>2026-05-14T16:40:57Z</time></trkpt>
    <trkpt lat="44.86396" lon="-107.29734">
      <ele>1230.0</ele>
    <time>2026-05-14T16:41:10Z</time></trkpt>
    <trkpt lat="44.86403" lon="-107.29717">
      <ele>1230.0</ele>
    <time>2026-05-14T16:41:17Z</time></trkpt>
    <trkpt lat="44.86413" lon="-107.29693">
      <ele>1229.870973041</ele>
    <time>2026-05-14T16:41:27Z</time></trkpt>
    <trkpt lat="44.86421" lon="-107.29668">
      <ele>1229.197916658</ele>
    <time>2026-05-14T16:41:37Z</time></trkpt>
    <trkpt lat="44.8643" lon="-107.29638">
      <ele>1227.954263964</ele>
    <time>2026-05-14T16:41:49Z</time></trkpt>
    <trkpt lat="44.86436" lon="-107.29612">
      <ele>1226.187363818</ele>
    <time>2026-05-14T16:41:59Z</time></trkpt>
    <trkpt lat="44.86439" lon="-107.29587">
      <ele>1223.00432604</ele>
    <time>2026-05-14T16:42:08Z</time></trkpt>
    <trkpt lat="44.86437" lon="-107.29562">
      <ele>1221.451502737</ele>
    <time>2026-05-14T16:42:17Z</time></trkpt>
    <trkpt lat="44.86435" lon="-107.29541">
      <ele>1220.654761905</ele>
    <time>2026-05-14T16:42:24Z</time></trkpt>
    <trkpt lat="44.86436" lon="-107.29523">
      <ele>1220.141639164</ele>
    <time>2026-05-14T16:42:31Z</time></trkpt>
    <trkpt lat="44.86437" lon="-107.29499">
      <ele>1220.0</ele>
    <time>2026-05-14T16:42:39Z</time></trkpt>
    <trkpt lat="44.86439" lon="-107.29473">
      <ele>1220.0</ele>
    <time>2026-05-14T16:42:49Z</time></trkpt>
    <trkpt lat="44.8644" lon="-107.29445">
      <ele>1220.0</ele>
    <time>2026-05-14T16:42:59Z</time></trkpt>
    <trkpt lat="44.8644" lon="-107.29416">
      <ele>1220.0</ele>
    <time>2026-05-14T16:43:09Z</time></trkpt>
    <trkpt lat="44.86439" lon="-107.29393">
      <ele>1220.0</ele>
    <time>2026-05-14T16:43:17Z</time></trkpt>
    <trkpt lat="44.86438" lon="-107.29365">
      <ele>1220.0</ele>
    <time>2026-05-14T16:43:27Z</time></trkpt>
    <trkpt lat="44.86437" lon="-107.29343">
      <ele>1220.0</ele>
    <time>2026-05-14T16:43:35Z</time></trkpt>
    <trkpt lat="44.86437" lon="-107.29322">
      <ele>1220.0</ele>
    <time>2026-05-14T16:43:43Z</time></trkpt>
    <trkpt lat="44.86436" lon="-107.29296">
      <ele>1220.0</ele>
    <time>2026-05-14T16:43:52Z</time></trkpt>
    <trkpt lat="44.86434" lon="-107.29268">
      <ele>1220.0</ele>
    <time>2026-05-14T16:44:02Z</time></trkpt>
    <trkpt lat="44.86433" lon="-107.29242">
      <ele>1220.0</ele>
    <time>2026-05-14T16:44:11Z</time></trkpt>
    <trkpt lat="44.86433" lon="-107.29228">
      <ele>1220.0</ele>
    <time>2026-05-14T16:44:16Z</time></trkpt>
    <trkpt lat="44.86433" lon="-107.29213">
      <ele>1220.0</ele>
    <time>2026-05-14T16:44:22Z</time></trkpt>
    <trkpt lat="44.86434" lon="-107.29186">
      <ele>1220.0</ele>
    <time>2026-05-14T16:44:31Z</time></trkpt>
    <trkpt lat="44.86435" lon="-107.29156">
      <ele>1220.0</ele>
    <time>2026-05-14T16:44:42Z</time></trkpt>
    <trkpt lat="44.86438" lon="-107.29127">
      <ele>1220.0</ele>
    <time>2026-05-14T16:44:52Z</time></trkpt>
    <trkpt lat="44.86442" lon="-107.29109">
      <ele>1220.0</ele>
    <time>2026-05-14T16:44:59Z</time></trkpt>
    <trkpt lat="44.86447" lon="-107.29089">
      <ele>1220.0</ele>
    <time>2026-05-14T16:45:07Z</time></trkpt>
    <trkpt lat="44.86449" lon="-107.29073">
      <ele>1220.0</ele>
    <time>2026-05-14T16:45:12Z</time></trkpt>
    <trkpt lat="44.86457" lon="-107.29049">
      <ele>1220.0</ele>
    <time>2026-05-14T16:45:22Z</time></trkpt>
    <trkpt lat="44.86465" lon="-107.29028">
      <ele>1219.889846739</ele>
    <time>2026-05-14T16:45:30Z</time></trkpt>
    <trkpt lat="44.86473" lon="-107.29008">
      <ele>1218.821839056</ele>
    <time>2026-05-14T16:45:39Z</time></trkpt>
    <trkpt lat="44.8648" lon="-107.28992">
      <ele>1217.155172401</ele>
    <time>2026-05-14T16:45:45Z</time></trkpt>
    <trkpt lat="44.86488" lon="-107.28977">
      <ele>1214.037037013</ele>
    <time>2026-05-14T16:45:52Z</time></trkpt>
    <trkpt lat="44.86497" lon="-107.28958">
      <ele>1211.712962933</ele>
    <time>2026-05-14T16:46:00Z</time></trkpt>
    <trkpt lat="44.86507" lon="-107.28937">
      <ele>1210.416666667</ele>
    <time>2026-05-14T16:46:09Z</time></trkpt>
    <trkpt lat="44.86518" lon="-107.28913">
      <ele>1210.0</ele>
    <time>2026-05-14T16:46:19Z</time></trkpt>
    <trkpt lat="44.86527" lon="-107.28893">
      <ele>1210.0</ele>
    <time>2026-05-14T16:46:28Z</time></trkpt>
    <trkpt lat="44.86535" lon="-107.28878">
      <ele>1210.0</ele>
    <time>2026-05-14T16:46:35Z</time></trkpt>
    <trkpt lat="44.86545" lon="-107.2886">
      <ele>1210.0</ele>
    <time>2026-05-14T16:46:43Z</time></trkpt>
    <trkpt lat="44.86555" lon="-107.28844">
      <ele>1210.0</ele>
    <time>2026-05-14T16:46:50Z</time></trkpt>
    <trkpt lat="44.86565" lon="-107.28828">
      <ele>1210.0</ele>
    <time>2026-05-14T16:46:58Z</time></trkpt>
    <trkpt lat="44.86571" lon="-107.28815">
      <ele>1210.0</ele>
    <time>2026-05-14T16:47:04Z</time></trkpt>
    <trkpt lat="44.86578" lon="-107.28801">
      <ele>1210.0</ele>
    <time>2026-05-14T16:47:10Z</time></trkpt>
    <trkpt lat="44.86586" lon="-107.28786">
      <ele>1210.0</ele>
    <time>2026-05-14T16:47:16Z</time></trkpt>
    <trkpt lat="44.86598" lon="-107.28765">
      <ele>1210.0</ele>
    <time>2026-05-14T16:47:26Z</time></trkpt>
    <trkpt lat="44.86612" lon="-107.2874">
      <ele>1210.0</ele>
    <time>2026-05-14T16:47:37Z</time></trkpt>
    <trkpt lat="44.86624" lon="-107.28716">
      <ele>1210.0</ele>
    <time>2026-05-14T16:47:48Z</time></trkpt>
    <trkpt lat="44.86638" lon="-107.28689">
      <ele>1210.0</ele>
    <time>2026-05-14T16:48:00Z</time></trkpt>
    <trkpt lat="44.8665" lon="-107.28666">
      <ele>1210.0</ele>
    <time>2026-05-14T16:48:10Z</time></trkpt>
    <trkpt lat="44.86661" lon="-107.28643">
      <ele>1210.0</ele>
    <time>2026-05-14T16:48:20Z</time></trkpt>
    <trkpt lat="44.86667" lon="-107.28628">
      <ele>1210.0</ele>
    <time>2026-05-14T16:48:26Z</time></trkpt>
    <trkpt lat="44.86671" lon="-107.28615">
      <ele>1210.0</ele>
    <time>2026-05-14T16:48:31Z</time></trkpt>
    <trkpt lat="44.86676" lon="-107.28599">
      <ele>1210.0</ele>
    <time>2026-05-14T16:48:37Z</time></trkpt>
    <trkpt lat="44.86683" lon="-107.2858">
      <ele>1210.0</ele>
    <time>2026-05-14T16:48:45Z</time></trkpt>
    <trkpt lat="44.86688" lon="-107.28565">
      <ele>1209.908675793</ele>
    <time>2026-05-14T16:48:51Z</time></trkpt>
    <trkpt lat="44.86697" lon="-107.28545">
      <ele>1208.764367795</ele>
    <time>2026-05-14T16:48:59Z</time></trkpt>
    <trkpt lat="44.86705" lon="-107.28528">
      <ele>1207.231735122</ele>
    <time>2026-05-14T16:51:07Z</time></trkpt>
    <trkpt lat="44.86716" lon="-107.28507">
      <ele>1203.087056093</ele>
    <time>2026-05-14T16:51:16Z</time></trkpt>
    <trkpt lat="44.86725" lon="-107.28491">
      <ele>1201.501225462</ele>
    <time>2026-05-14T16:51:23Z</time></trkpt>
    <trkpt lat="44.86732" lon="-107.28481">
      <ele>1200.612745082</ele>
    <time>2026-05-14T16:51:28Z</time></trkpt>
    <trkpt lat="44.86743" lon="-107.2846">
      <ele>1200.0</ele>
    <time>2026-05-14T16:51:38Z</time></trkpt>
    <trkpt lat="44.86751" lon="-107.28445">
      <ele>1200.0</ele>
    <time>2026-05-14T16:51:44Z</time></trkpt>
    <trkpt lat="44.86757" lon="-107.28431">
      <ele>1200.0</ele>
    <time>2026-05-14T16:51:50Z</time></trkpt>
    <trkpt lat="44.86764" lon="-107.28417">
      <ele>1200.131944446</ele>
    <time>2026-05-14T16:51:56Z</time></trkpt>
    <trkpt lat="44.86773" lon="-107.28397">
      <ele>1201.293103463</ele>
    <time>2026-05-14T16:52:05Z</time></trkpt>
    <trkpt lat="44.86781" lon="-107.2838">
      <ele>1202.825342491</ele>
    <time>2026-05-14T16:52:12Z</time></trkpt>
    <trkpt lat="44.8679" lon="-107.28359">
      <ele>1206.10540337</ele>
    <time>2026-05-14T16:52:21Z</time></trkpt>
    <trkpt lat="44.86799" lon="-107.28339">
      <ele>1206.297892713</ele>
    <time>2026-05-14T16:52:29Z</time></trkpt>
    <trkpt lat="44.86806" lon="-107.28324">
      <ele>1204.191007933</ele>
    <time>2026-05-14T16:52:36Z</time></trkpt>
    <trkpt lat="44.86811" lon="-107.28311">
      <ele>1202.416666632</ele>
    <time>2026-05-14T16:52:41Z</time></trkpt>
    <trkpt lat="44.86817" lon="-107.28297">
      <ele>1201.024904191</ele>
    <time>2026-05-14T16:52:47Z</time></trkpt>
    <trkpt lat="44.86825" lon="-107.28282">
      <ele>1200.201890022</ele>
    <time>2026-05-14T16:52:54Z</time></trkpt>
    <trkpt lat="44.86831" lon="-107.28267">
      <ele>1200.0</ele>
    <time>2026-05-14T16:53:00Z</time></trkpt>
    <trkpt lat="44.86839" lon="-107.2825">
      <ele>1200.0</ele>
    <time>2026-05-14T16:53:07Z</time></trkpt>
    <trkpt lat="44.86848" lon="-107.2823">
      <ele>1200.0</ele>
    <time>2026-05-14T16:53:15Z</time></trkpt>
    <trkpt lat="44.86858" lon="-107.28208">
      <ele>1200.0</ele>
    <time>2026-05-14T16:53:25Z</time></trkpt>
    <trkpt lat="44.86867" lon="-107.28188">
      <ele>1200.0</ele>
    <time>2026-05-14T16:53:33Z</time></trkpt>
    <trkpt lat="44.86877" lon="-107.28166">
      <ele>1200.0</ele>
    <time>2026-05-14T16:53:43Z</time></trkpt>
    <trkpt lat="44.86887" lon="-107.28144">
      <ele>1200.0</ele>
    <time>2026-05-14T16:53:52Z</time></trkpt>
    <trkpt lat="44.86898" lon="-107.28123">
      <ele>1200.0</ele>
    <time>2026-05-14T16:54:01Z</time></trkpt>
    <trkpt lat="44.86909" lon="-107.28099">
      <ele>1200.0</ele>
    <time>2026-05-14T16:54:11Z</time></trkpt>
    <trkpt lat="44.8691" lon="-107.281">
      <ele>1200.0</ele>
    <time>2026-05-14T16:54:12Z</time></trkpt>
    <trkpt lat="44.86921" lon="-107.28077">
      <ele>1200.0</ele>
    <time>2026-05-14T16:54:22Z</time></trkpt>
    <trkpt lat="44.8693" lon="-107.28056">
      <ele>1200.0</ele>
    <time>2026-05-14T16:54:31Z</time></trkpt>
    <trkpt lat="44.8694" lon="-107.28034">
      <ele>1200.0</ele>
    <time>2026-05-14T16:54:40Z</time></trkpt>
    <trkpt lat="44.86952" lon="-107.28007">
      <ele>1200.0</ele>
    <time>2026-05-14T16:54:51Z</time></trkpt>
    <trkpt lat="44.86966" lon="-107.27978">
      <ele>1200.0</ele>
    <time>2026-05-14T16:55:04Z</time></trkpt>
    <trkpt lat="44.86975" lon="-107.27957">
      <ele>1200.0</ele>
    <time>2026-05-14T16:55:13Z</time></trkpt>
    <trkpt lat="44.86986" lon="-107.27936">
      <ele>1200.0</ele>
    <time>2026-05-14T16:55:22Z</time></trkpt>
    <trkpt lat="44.86996" lon="-107.27915">
      <ele>1200.0</ele>
    <time>2026-05-14T16:55:31Z</time></trkpt>
    <trkpt lat="44.87005" lon="-107.27895">
      <ele>1200.0</ele>
    <time>2026-05-14T16:55:40Z</time></trkpt>
    <trkpt lat="44.87014" lon="-107.27875">
      <ele>1200.0</ele>
    <time>2026-05-14T16:55:48Z</time></trkpt>
    <trkpt lat="44.87022" lon="-107.27856">
      <ele>1200.0</ele>
    <time>2026-05-14T16:55:56Z</time></trkpt>
    <trkpt lat="44.87028" lon="-107.27841">
      <ele>1200.0</ele>
    <time>2026-05-14T16:56:02Z</time></trkpt>
    <trkpt lat="44.87035" lon="-107.27825">
      <ele>1200.0</ele>
    <time>2026-05-14T16:56:09Z</time></trkpt>
    <trkpt lat="44.87045" lon="-107.27803">
      <ele>1200.0</ele>
    <time>2026-05-14T16:56:18Z</time></trkpt>
    <trkpt lat="44.87053" lon="-107.27785">
      <ele>1200.0</ele>
    <time>2026-05-14T16:56:26Z</time></trkpt>
    <trkpt lat="44.87061" lon="-107.27767">
      <ele>1200.0</ele>
    <time>2026-05-14T16:56:33Z</time></trkpt>
    <trkpt lat="44.87069" lon="-107.27752">
      <ele>1200.0</ele>
    <time>2026-05-14T16:56:40Z</time></trkpt>
    <trkpt lat="44.87081" lon="-107.27731">
      <ele>1200.0</ele>
    <time>2026-05-14T16:56:50Z</time></trkpt>
    <trkpt lat="44.87088" lon="-107.27714">
      <ele>1200.0</ele>
    <time>2026-05-14T16:56:57Z</time></trkpt>
    <trkpt lat="44.87097" lon="-107.27694">
      <ele>1200.0</ele>
    <time>2026-05-14T16:57:05Z</time></trkpt>
    <trkpt lat="44.87106" lon="-107.27674">
      <ele>1200.0</ele>
    <time>2026-05-14T16:57:14Z</time></trkpt>
    <trkpt lat="44.87116" lon="-107.27652">
      <ele>1200.0</ele>
    <time>2026-05-14T16:57:23Z</time></trkpt>
    <trkpt lat="44.87125" lon="-107.27632">
      <ele>1200.0</ele>
    <time>2026-05-14T16:57:31Z</time></trkpt>
    <trkpt lat="44.87135" lon="-107.27609">
      <ele>1200.0</ele>
    <time>2026-05-14T16:57:41Z</time></trkpt>
    <trkpt lat="44.87144" lon="-107.2759">
      <ele>1200.0</ele>
    <time>2026-05-14T16:57:49Z</time></trkpt>
    <trkpt lat="44.87156" lon="-107.27569">
      <ele>1200.0</ele>
    <time>2026-05-14T16:57:59Z</time></trkpt>
    <trkpt lat="44.87169" lon="-107.27548">
      <ele>1200.0</ele>
    <time>2026-05-14T16:58:09Z</time></trkpt>
    <trkpt lat="44.8718" lon="-107.2753">
      <ele>1199.737124436</ele>
    <time>2026-05-14T16:58:17Z</time></trkpt>
    <trkpt lat="44.87188" lon="-107.27517">
      <ele>1199.316666643</ele>
    <time>2026-05-14T16:58:23Z</time></trkpt>
    <trkpt lat="44.87202" lon="-107.27498">
      <ele>1198.277777714</ele>
    <time>2026-05-14T16:58:33Z</time></trkpt>
    <trkpt lat="44.87211" lon="-107.27486">
      <ele>1197.339743541</ele>
    <time>2026-05-14T16:58:39Z</time></trkpt>
    <trkpt lat="44.8722" lon="-107.27472">
      <ele>1194.412997796</ele>
    <time>2026-05-14T16:58:46Z</time></trkpt>
    <trkpt lat="44.8723" lon="-107.27456">
      <ele>1192.297008503</ele>
    <time>2026-05-14T16:58:54Z</time></trkpt>
    <trkpt lat="44.87242" lon="-107.27438">
      <ele>1190.975783446</ele>
    <time>2026-05-14T16:59:03Z</time></trkpt>
    <trkpt lat="44.87251" lon="-107.27423">
      <ele>1190.224358958</ele>
    <time>2026-05-14T16:59:10Z</time></trkpt>
    <trkpt lat="44.87262" lon="-107.27407">
      <ele>1190.0</ele>
    <time>2026-05-14T16:59:18Z</time></trkpt>
    <trkpt lat="44.8727" lon="-107.27392">
      <ele>1190.0</ele>
    <time>2026-05-14T16:59:24Z</time></trkpt>
    <trkpt lat="44.87281" lon="-107.27374">
      <ele>1190.0</ele>
    <time>2026-05-14T16:59:33Z</time></trkpt>
    <trkpt lat="44.87289" lon="-107.27356">
      <ele>1190.0</ele>
    <time>2026-05-14T16:59:40Z</time></trkpt>
    <trkpt lat="44.87295" lon="-107.27338">
      <ele>1190.0</ele>
    <time>2026-05-14T16:59:47Z</time></trkpt>
    <trkpt lat="44.87299" lon="-107.27319">
      <ele>1190.0</ele>
    <time>2026-05-14T16:59:55Z</time></trkpt>
    <trkpt lat="44.873" lon="-107.273">
      <ele>1190.0</ele>
    <time>2026-05-14T17:00:01Z</time></trkpt>
    <trkpt lat="44.87301" lon="-107.27284">
      <ele>1190.0</ele>
    <time>2026-05-14T17:00:07Z</time></trkpt>
    <trkpt lat="44.87303" lon="-107.27263">
      <ele>1190.0</ele>
    <time>2026-05-14T17:00:15Z</time></trkpt>
    <trkpt lat="44.87305" lon="-107.27244">
      <ele>1190.0</ele>
    <time>2026-05-14T17:00:21Z</time></trkpt>
    <trkpt lat="44.87309" lon="-107.27223">
      <ele>1190.0</ele>
    <time>2026-05-14T17:00:29Z</time></trkpt>
    <trkpt lat="44.87315" lon="-107.27205">
      <ele>1190.0</ele>
    <time>2026-05-14T17:00:36Z</time></trkpt>
    <trkpt lat="44.87324" lon="-107.27186">
      <ele>1190.0</ele>
    <time>2026-05-14T17:00:45Z</time></trkpt>
    <trkpt lat="44.87333" lon="-107.2717">
      <ele>1190.0</ele>
    <time>2026-05-14T17:00:52Z</time></trkpt>
    <trkpt lat="44.8734" lon="-107.27157">
      <ele>1190.0</ele>
    <time>2026-05-14T17:00:58Z</time></trkpt>
    <trkpt lat="44.87352" lon="-107.2714">
      <ele>1190.0</ele>
    <time>2026-05-14T17:01:06Z</time></trkpt>
    <trkpt lat="44.87366" lon="-107.27123">
      <ele>1190.0</ele>
    <time>2026-05-14T17:01:16Z</time></trkpt>
    <trkpt lat="44.87378" lon="-107.2711">
      <ele>1190.0</ele>
    <time>2026-05-14T17:01:23Z</time></trkpt>
    <trkpt lat="44.87392" lon="-107.27098">
      <ele>1190.0</ele>
    <time>2026-05-14T17:01:31Z</time></trkpt>
    <trkpt lat="44.87406" lon="-107.27087">
      <ele>1190.0</ele>
    <time>2026-05-14T17:01:39Z</time></trkpt>
    <trkpt lat="44.87423" lon="-107.27074">
      <ele>1190.0</ele>
    <time>2026-05-14T17:01:49Z</time></trkpt>
    <trkpt lat="44.87434" lon="-107.27066">
      <ele>1190.0</ele>
    <time>2026-05-14T17:01:55Z</time></trkpt>
    <trkpt lat="44.87451" lon="-107.27053">
      <ele>1190.0</ele>
    <time>2026-05-14T17:02:05Z</time></trkpt>
    <trkpt lat="44.87466" lon="-107.27042">
      <ele>1190.0</ele>
    <time>2026-05-14T17:02:14Z</time></trkpt>
    <trkpt lat="44.87479" lon="-107.27033">
      <ele>1190.0</ele>
    <time>2026-05-14T17:02:21Z</time></trkpt>
    <trkpt lat="44.87495" lon="-107.27023">
      <ele>1190.0</ele>
    <time>2026-05-14T17:02:30Z</time></trkpt>
    <trkpt lat="44.87509" lon="-107.27018">
      <ele>1190.0</ele>
    <time>2026-05-14T17:02:37Z</time></trkpt>
    <trkpt lat="44.87525" lon="-107.27014">
      <ele>1190.0</ele>
    <time>2026-05-14T17:02:45Z</time></trkpt>
    <trkpt lat="44.87545" lon="-107.2701">
      <ele>1190.0</ele>
    <time>2026-05-14T17:02:55Z</time></trkpt>
    <trkpt lat="44.87555" lon="-107.27009">
      <ele>1190.0</ele>
    <time>2026-05-14T17:03:01Z</time></trkpt>
    <trkpt lat="44.87566" lon="-107.27008">
      <ele>1190.0</ele>
    <time>2026-05-14T17:03:06Z</time></trkpt>
    <trkpt lat="44.87584" lon="-107.27005">
      <ele>1190.0</ele>
    <time>2026-05-14T17:03:15Z</time></trkpt>
    <trkpt lat="44.87598" lon="-107.27001">
      <ele>1190.0</ele>
    <time>2026-05-14T17:03:22Z</time></trkpt>
    <trkpt lat="44.87611" lon="-107.26996">
      <ele>1190.0</ele>
    <time>2026-05-14T17:03:29Z</time></trkpt>
    <trkpt lat="44.87625" lon="-107.2699">
      <ele>1190.0</ele>
    <time>2026-05-14T17:03:37Z</time></trkpt>
    <trkpt lat="44.8764" lon="-107.26983">
      <ele>1190.0</ele>
    <time>2026-05-14T17:03:45Z</time></trkpt>
    <trkpt lat="44.87654" lon="-107.26979">
      <ele>1190.0</ele>
    <time>2026-05-14T17:03:52Z</time></trkpt>
    <trkpt lat="44.87669" lon="-107.26975">
      <ele>1190.0</ele>
    <time>2026-05-14T17:03:59Z</time></trkpt>
    <trkpt lat="44.87687" lon="-107.26968">
      <ele>1190.0</ele>
    <time>2026-05-14T17:04:09Z</time></trkpt>
    <trkpt lat="44.87699" lon="-107.26964">
      <ele>1190.0</ele>
    <time>2026-05-14T17:04:15Z</time></trkpt>
    <trkpt lat="44.87716" lon="-107.26956">
      <ele>1190.0</ele>
    <time>2026-05-14T17:04:24Z</time></trkpt>
    <trkpt lat="44.87731" lon="-107.2695">
      <ele>1190.0</ele>
    <time>2026-05-14T17:04:32Z</time></trkpt>
    <trkpt lat="44.87743" lon="-107.26942">
      <ele>1190.0</ele>
    <time>2026-05-14T17:04:39Z</time></trkpt>
    <trkpt lat="44.87752" lon="-107.26933">
      <ele>1190.0</ele>
    <time>2026-05-14T17:04:44Z</time></trkpt>
    <trkpt lat="44.87762" lon="-107.26924">
      <ele>1190.0</ele>
    <time>2026-05-14T17:04:50Z</time></trkpt>
    <trkpt lat="44.87776" lon="-107.26911">
      <ele>1190.0</ele>
    <time>2026-05-14T17:04:59Z</time></trkpt>
    <trkpt lat="44.87787" lon="-107.26901">
      <ele>1190.0</ele>
    <time>2026-05-14T17:05:05Z</time></trkpt>
    <trkpt lat="44.87794" lon="-107.26891">
      <ele>1190.0</ele>
    <time>2026-05-14T17:05:10Z</time></trkpt>
    <trkpt lat="44.87804" lon="-107.26876">
      <ele>1190.0</ele>
    <time>2026-05-14T17:05:18Z</time></trkpt>
    <trkpt lat="44.87814" lon="-107.26856">
      <ele>1190.0</ele>
    <time>2026-05-14T17:05:26Z</time></trkpt>
    <trkpt lat="44.87821" lon="-107.2684">
      <ele>1190.0</ele>
    <time>2026-05-14T17:05:33Z</time></trkpt>
    <trkpt lat="44.8782" lon="-107.26841">
      <ele>1190.0</ele>
    <time>2026-05-14T17:05:34Z</time></trkpt>
    <trkpt lat="44.87827" lon="-107.26819">
      <ele>1190.0</ele>
    <time>2026-05-14T17:05:42Z</time></trkpt>
    <trkpt lat="44.87834" lon="-107.26798">
      <ele>1190.0</ele>
    <time>2026-05-14T17:05:50Z</time></trkpt>
    <trkpt lat="44.87846" lon="-107.26776">
      <ele>1190.0</ele>
    <time>2026-05-14T17:06:00Z</time></trkpt>
    <trkpt lat="44.87853" lon="-107.26759">
      <ele>1190.0</ele>
    <time>2026-05-14T17:06:07Z</time></trkpt>
    <trkpt lat="44.87861" lon="-107.26734">
      <ele>1190.0</ele>
    <time>2026-05-14T17:06:17Z</time></trkpt>
    <trkpt lat="44.87869" lon="-107.2671">
      <ele>1190.0</ele>
    <time>2026-05-14T17:06:27Z</time></trkpt>
    <trkpt lat="44.87877" lon="-107.26687">
      <ele>1190.0</ele>
    <time>2026-05-14T17:06:36Z</time></trkpt>
    <trkpt lat="44.87881" lon="-107.26658">
      <ele>1190.0</ele>
    <time>2026-05-14T17:06:46Z</time></trkpt>
    <trkpt lat="44.87882" lon="-107.26629">
      <ele>1190.0</ele>
    <time>2026-05-14T17:06:57Z</time></trkpt>
    <trkpt lat="44.87882" lon="-107.26607">
      <ele>1190.0</ele>
    <time>2026-05-14T17:07:05Z</time></trkpt>
    <trkpt lat="44.87882" lon="-107.26586">
      <ele>1190.0</ele>
    <time>2026-05-14T17:07:12Z</time></trkpt>
    <trkpt lat="44.87883" lon="-107.2656">
      <ele>1190.0</ele>
    <time>2026-05-14T17:07:21Z</time></trkpt>
    <trkpt lat="44.87883" lon="-107.26541">
      <ele>1190.0</ele>
    <time>2026-05-14T17:07:28Z</time></trkpt>
    <trkpt lat="44.87883" lon="-107.26522">
      <ele>1190.0</ele>
    <time>2026-05-14T17:07:35Z</time></trkpt>
    <trkpt lat="44.87884" lon="-107.26508">
      <ele>1190.0</ele>
    <time>2026-05-14T17:07:40Z</time></trkpt>
    <trkpt lat="44.87883" lon="-107.2648">
      <ele>1190.0</ele>
    <time>2026-05-14T17:07:50Z</time></trkpt>
    <trkpt lat="44.87883" lon="-107.26458">
      <ele>1190.0</ele>
    <time>2026-05-14T17:07:58Z</time></trkpt>
    <trkpt lat="44.87882" lon="-107.26438">
      <ele>1190.0</ele>
    <time>2026-05-14T17:08:05Z</time></trkpt>
    <trkpt lat="44.87883" lon="-107.26415">
      <ele>1190.0</ele>
    <time>2026-05-14T17:08:13Z</time></trkpt>
    <trkpt lat="44.87884" lon="-107.26392">
      <ele>1190.0</ele>
    <time>2026-05-14T17:08:21Z</time></trkpt>
    <trkpt lat="44.87884" lon="-107.2637">
      <ele>1190.0</ele>
    <time>2026-05-14T17:08:29Z</time></trkpt>
    <trkpt lat="44.87884" lon="-107.26343">
      <ele>1190.0</ele>
    <time>2026-05-14T17:08:39Z</time></trkpt>
    <trkpt lat="44.87882" lon="-107.26314">
      <ele>1190.0</ele>
    <time>2026-05-14T17:08:49Z</time></trkpt>
    <trkpt lat="44.87876" lon="-107.26292">
      <ele>1190.0</ele>
    <time>2026-05-14T17:08:58Z</time></trkpt>
    <trkpt lat="44.87868" lon="-107.26284">
      <ele>1190.0</ele>
    <time>2026-05-14T17:09:03Z</time></trkpt>
    <trkpt lat="44.87855" lon="-107.26281">
      <ele>1190.0</ele>
    <time>2026-05-14T17:09:09Z</time></trkpt>
    <trkpt lat="44.87846" lon="-107.26277">
      <ele>1190.0</ele>
    <time>2026-05-14T17:09:14Z</time></trkpt>
    <trkpt lat="44.87834" lon="-107.26276">
      <ele>1190.0</ele>
    <time>2026-05-14T17:09:20Z</time></trkpt>
    <trkpt lat="44.87823" lon="-107.26276">
      <ele>1190.0</ele>
    <time>2026-05-14T17:09:26Z</time></trkpt>
    <trkpt lat="44.87811" lon="-107.26274">
      <ele>1190.0</ele>
    <time>2026-05-14T17:09:32Z</time></trkpt>
    <trkpt lat="44.87795" lon="-107.26268">
      <ele>1190.0</ele>
    <time>2026-05-14T17:09:40Z</time></trkpt>
    <trkpt lat="44.8778" lon="-107.26264">
      <ele>1190.0</ele>
    <time>2026-05-14T17:09:48Z</time></trkpt>
    <trkpt lat="44.87761" lon="-107.26263">
      <ele>1190.0</ele>
    <time>2026-05-14T17:09:57Z</time></trkpt>
    <trkpt lat="44.87742" lon="-107.2626">
      <ele>1190.0</ele>
    <time>2026-05-14T17:10:07Z</time></trkpt>
    <trkpt lat="44.87738" lon="-107.26247">
      <ele>1190.0</ele>
    <time>2026-05-14T17:10:12Z</time></trkpt>
    <trkpt lat="44.87735" lon="-107.26218">
      <ele>1190.0</ele>
    <time>2026-05-14T17:10:23Z</time></trkpt>
    <trkpt lat="44.87733" lon="-107.26193">
      <ele>1190.0</ele>
    <time>2026-05-14T17:10:32Z</time></trkpt>
    <trkpt lat="44.87733" lon="-107.26169">
      <ele>1190.0</ele>
    <time>2026-05-14T17:10:40Z</time></trkpt>
    <trkpt lat="44.87733" lon="-107.26142">
      <ele>1190.0</ele>
    <time>2026-05-14T17:10:50Z</time></trkpt>
    <trkpt lat="44.87732" lon="-107.26118">
      <ele>1190.0</ele>
    <time>2026-05-14T17:10:58Z</time></trkpt>
    <trkpt lat="44.87739" lon="-107.26107">
      <ele>1190.0</ele>
    <time>2026-05-14T17:11:04Z</time></trkpt>
    <trkpt lat="44.87755" lon="-107.261">
      <ele>1190.0</ele>
    <time>2026-05-14T17:11:12Z</time></trkpt>
    <trkpt lat="44.87769" lon="-107.26098">
      <ele>1190.0</ele>
    <time>2026-05-14T17:11:19Z</time></trkpt>
    <trkpt lat="44.87782" lon="-107.26103">
      <ele>1190.0</ele>
    <time>2026-05-14T17:11:26Z</time></trkpt>
    <trkpt lat="44.87796" lon="-107.26106">
      <ele>1189.694444444</ele>
    <time>2026-05-14T17:11:33Z</time></trkpt>
    <trkpt lat="44.87809" lon="-107.26106">
      <ele>1188.833333333</ele>
    <time>2026-05-14T17:11:40Z</time></trkpt>
    <trkpt lat="44.87821" lon="-107.26106">
      <ele>1187.583333333</ele>
    <time>2026-05-14T17:11:46Z</time></trkpt>
    <trkpt lat="44.87835" lon="-107.26107">
      <ele>1185.222222222</ele>
    <time>2026-05-14T17:11:53Z</time></trkpt>
    <trkpt lat="44.87853" lon="-107.26107">
      <ele>1181.944444445</ele>
    <time>2026-05-14T17:12:02Z</time></trkpt>
    <trkpt lat="44.87873" lon="-107.26107">
      <ele>1180.416666667</ele>
    <time>2026-05-14T17:12:12Z</time></trkpt>
    <trkpt lat="44.8789" lon="-107.26107">
      <ele>1180.0</ele>
    <time>2026-05-14T17:12:20Z</time></trkpt>
    <trkpt lat="44.87904" lon="-107.26106">
      <ele>1180.0</ele>
    <time>2026-05-14T17:12:28Z</time></trkpt>
    <trkpt lat="44.87911" lon="-107.26098">
      <ele>1180.0</ele>
    <time>2026-05-14T17:12:32Z</time></trkpt>
    <trkpt lat="44.87918" lon="-107.26088">
      <ele>1180.0</ele>
    <time>2026-05-14T17:12:37Z</time></trkpt>
    <trkpt lat="44.87925" lon="-107.26074">
      <ele>1180.0</ele>
    <time>2026-05-14T17:12:43Z</time></trkpt>
    <trkpt lat="44.8793" lon="-107.26063">
      <ele>1180.0</ele>
    <time>2026-05-14T17:12:48Z</time></trkpt>
    <trkpt lat="44.87928" lon="-107.26047">
      <ele>1180.0</ele>
    <time>2026-05-14T17:12:54Z</time></trkpt>
    <trkpt lat="44.87934" lon="-107.26033">
      <ele>1180.0</ele>
    <time>2026-05-14T17:13:00Z</time></trkpt>
  </trkseg>
</trk>
</gpx>